"pass","lab","mix","inchikey_2d","rank"
"primary","afekta","1_1","AFBPFSWMIHJQDM",9
"primary","afekta","1_1","AGPKZVBTJJNPAG",1
"primary","afekta","1_1","AVFZOVWCLRSYKC",35
"primary","afekta","1_1","AYFVYJQAPQTCCC",1
"primary","afekta","1_1","CAHKINHBCWCHCF",2
"primary","afekta","1_1","CQOVPNPJLQNMDC",1
"primary","afekta","1_1","DCWXELXMIBXGTH",1
"primary","afekta","1_1","DJJCXFVJDGTHFX",1
"primary","afekta","1_1","DKEXFJVMVGETOO",15
"primary","afekta","1_1","DTERQYGMUDWYAZ",1
"primary","afekta","1_1","FOYHNROGBXVLLX",5
"primary","afekta","1_1","GFFGJBXGBJISGV",1
"primary","afekta","1_1","HXFOXFJUNFFYMO",1
"primary","afekta","1_1","JLTDJTHDQAWBAV",1
"primary","afekta","1_1","JMOXSQYGVIXBBZ",1
"primary","afekta","1_1","JOXIMZWYDAKGHI",1
"primary","afekta","1_1","JYPHNHPXFNEZBR",7
"primary","afekta","1_1","JZKXXXDKRQWDET",2
"primary","afekta","1_1","KDCGOANMDULRCW",1
"primary","afekta","1_1","KDXKERNSBIXSRK",1
"primary","afekta","1_1","KKEYFWRCBNTPAC",9
"primary","afekta","1_1","KNTFCRCCPLEUQZ",3
"primary","afekta","1_1","KPGXRSRHYNQIFN",4
"primary","afekta","1_1","KWIUHFFTVRNATP",1
"primary","afekta","1_1","KZSNJWFQEVHDMF",1
"primary","afekta","1_1","LDCYZAJDBXYCGN",1
"primary","afekta","1_1","LRQKBLKVPFOOQJ",6
"primary","afekta","1_1","LRTFPLFDLJYEKT",13
"primary","afekta","1_1","MOTZDAYCYVMXPC",1
"primary","afekta","1_1","NYHBQMYGNKIUIF",1
"primary","afekta","1_1","OISVCGZHLKNMSJ",1
"primary","afekta","1_1","OTCCIMWXFLJLIA",1
"primary","afekta","1_1","OUYCCCASQSFEME",1
"primary","afekta","1_1","PWKSKIMOESPYIA",1
"primary","afekta","1_1","RHGKLRLOHDJJDR",1
"primary","afekta","1_1","RNVCVTLRINQCPJ",8
"primary","afekta","1_1","ROHFNLRQFUQHCH",2
"primary","afekta","1_1","RQFCJASXJCIDSX",1
"primary","afekta","1_1","RWSXRVCMGQZWBV",1
"primary","afekta","1_1","SMEROWZSTRWXGI",1
"primary","afekta","1_1","SNDPXSYFESPGGJ",8
"primary","afekta","1_1","UFFBMTHBGFGIHF",1
"primary","afekta","1_1","UKAUYVFTDYCKQA",1
"primary","afekta","1_1","VEYYWZRYIYDQJM",2
"primary","afekta","1_1","WGQKYBSKWIADBV",13
"primary","afekta","1_1","XNGIFLGASWRNHJ",3
"primary","afekta","1_1","XUJNEKJLAYXESH",1
"primary","afekta","1_1","ZTVZLYBCZNMWCF",1
"primary","afekta","1_2","AFBPFSWMIHJQDM",9
"primary","afekta","1_2","AVFZOVWCLRSYKC",31
"primary","afekta","1_2","BKAYIFDRRZZKNF",1
"primary","afekta","1_2","CKLJMWTZIZZHCS",1
"primary","afekta","1_2","DLFVBJFMPXGRIB",13
"primary","afekta","1_2","DUUGKQCEGZLZNO",3
"primary","afekta","1_2","FDGQSTZJBFJUBT",1
"primary","afekta","1_2","FOYHNROGBXVLLX",4
"primary","afekta","1_2","FSYKKLYZXJSNPZ",1
"primary","afekta","1_2","GRSZFWQUAKGDAV",1
"primary","afekta","1_2","GSXOAOHZAIYLCY",5
"primary","afekta","1_2","HXXFSFRBOHSIMQ",1
"primary","afekta","1_2","IERHLVCPSMICTF",1
"primary","afekta","1_2","IJCKBIINTQEGLY",1
"primary","afekta","1_2","INCSQLZZXBPATR",4
"primary","afekta","1_2","JBCLFWXMTIKCCB",4
"primary","afekta","1_2","JLTDJTHDQAWBAV",1
"primary","afekta","1_2","JMOXSQYGVIXBBZ",1
"primary","afekta","1_2","JPIJQSOTBSSVTP",1
"primary","afekta","1_2","KDCGOANMDULRCW",1
"primary","afekta","1_2","KPGXRSRHYNQIFN",5
"primary","afekta","1_2","KSMRODHGGIIXDV",1
"primary","afekta","1_2","KTHDTJVBEPMMGL",1
"primary","afekta","1_2","KVQGGLZHHFGHPU",19
"primary","afekta","1_2","KWIUHFFTVRNATP",1
"primary","afekta","1_2","KZSNJWFQEVHDMF",1
"primary","afekta","1_2","LCQLHJZYVOQKHU",1
"primary","afekta","1_2","LRTFPLFDLJYEKT",9
"primary","afekta","1_2","MOTZDAYCYVMXPC",1
"primary","afekta","1_2","NBSCHQHZLSJFNQ",1
"primary","afekta","1_2","NBZBKCUXIYYUSX",3
"primary","afekta","1_2","NIDVTARKFBZMOT",1
"primary","afekta","1_2","OBETXYAYXDNJHR",22
"primary","afekta","1_2","OFCNXPDARWKPPY",16
"primary","afekta","1_2","OISVCGZHLKNMSJ",1
"primary","afekta","1_2","OKJIRPAQVSHGFK",1
"primary","afekta","1_2","OLNJUISKUQQNIM",2
"primary","afekta","1_2","OPTASPLRGRRNAP",1
"primary","afekta","1_2","OTCCIMWXFLJLIA",1
"primary","afekta","1_2","OVBPIULPVIDEAO",1
"primary","afekta","1_2","PLVPPLCLBIEYEA",1
"primary","afekta","1_2","PMZDQRJGMBOQBF",7
"primary","afekta","1_2","QIVBCDIJIAJPQS",1
"primary","afekta","1_2","QNAYBMKLOCPYGJ",3
"primary","afekta","1_2","RFMMMVDNIPUKGG",1
"primary","afekta","1_2","RNVCVTLRINQCPJ",7
"primary","afekta","1_2","UCMIRNVEIXFBKS",2
"primary","afekta","1_2","UFFBMTHBGFGIHF",1
"primary","afekta","1_2","WGQKYBSKWIADBV",14
"primary","afekta","1_2","XIGSAGMEBXLVJJ",1
"primary","afekta","1_2","XQCZBXHVTFVIFE",3
"primary","afekta","1_2","YGPSJZOEDVAXAB",1
"primary","afekta","1_3","AFBPFSWMIHJQDM",10
"primary","afekta","1_3","AVFZOVWCLRSYKC",28
"primary","afekta","1_3","AYEKOFBPNLCAJY",1
"primary","afekta","1_3","CKLJMWTZIZZHCS",1
"primary","afekta","1_3","DCXYFEDJOCDNAF",1
"primary","afekta","1_3","DKEXFJVMVGETOO",8
"primary","afekta","1_3","DOIRQSBPFJWKBE",1
"primary","afekta","1_3","DTERQYGMUDWYAZ",2
"primary","afekta","1_3","FOYHNROGBXVLLX",5
"primary","afekta","1_3","GSXOAOHZAIYLCY",1
"primary","afekta","1_3","GTZCVFVGUGFEME",2
"primary","afekta","1_3","HLKXYZVTANABHZ",1
"primary","afekta","1_3","HSCJRCZFDFQWRP",1
"primary","afekta","1_3","HXXFSFRBOHSIMQ",5
"primary","afekta","1_3","JJMDCOVWQOJGCB",19
"primary","afekta","1_3","JLTDJTHDQAWBAV",1
"primary","afekta","1_3","JMOXSQYGVIXBBZ",1
"primary","afekta","1_3","JSJWCHRYRHKBBW",6
"primary","afekta","1_3","KDCGOANMDULRCW",1
"primary","afekta","1_3","KRKNYBCHXYNGOX",2
"primary","afekta","1_3","KVQGGLZHHFGHPU",14
"primary","afekta","1_3","KWIUHFFTVRNATP",1
"primary","afekta","1_3","KZSNJWFQEVHDMF",15
"primary","afekta","1_3","LEVWYRKDKASIDU",1
"primary","afekta","1_3","LRTFPLFDLJYEKT",13
"primary","afekta","1_3","MOTZDAYCYVMXPC",1
"primary","afekta","1_3","NBSCHQHZLSJFNQ",1
"primary","afekta","1_3","NBZBKCUXIYYUSX",3
"primary","afekta","1_3","NYHBQMYGNKIUIF",1
"primary","afekta","1_3","ODBLHEXUDAPZAU",1
"primary","afekta","1_3","ODHCTXKNWHHXJC",1
"primary","afekta","1_3","ODKSFYDXXFIFQN",1
"primary","afekta","1_3","OISVCGZHLKNMSJ",1
"primary","afekta","1_3","RFMMMVDNIPUKGG",1
"primary","afekta","1_3","RNVCVTLRINQCPJ",9
"primary","afekta","1_3","SBJKKFFYIZUCET",10
"primary","afekta","1_3","SQVRNKJHWKZAKO",1
"primary","afekta","1_3","UFFBMTHBGFGIHF",1
"primary","afekta","1_3","UYTPUPDQBNUYGX",2
"primary","afekta","1_3","VEYYWZRYIYDQJM",1
"primary","afekta","1_3","WGQKYBSKWIADBV",13
"primary","afekta","1_3","WTDRDQBEARUVNC",1
"primary","afekta","1_3","YMAWOPBAYDPSLA",20
"primary","afekta","1_4","AFBPFSWMIHJQDM",8
"primary","afekta","1_4","APGLTERDKORUHK",22
"primary","afekta","1_4","BTCSSZJGUNDROE",25
"primary","afekta","1_4","BZQFBWGGLXLEPQ",1
"primary","afekta","1_4","COLNVLDHVKWLRT",9
"primary","afekta","1_4","CVSVTCORWBXHQV",1
"primary","afekta","1_4","DLFVBJFMPXGRIB",16
"primary","afekta","1_4","DOIRQSBPFJWKBE",3
"primary","afekta","1_4","DRTQHJPVMGBUCF",1
"primary","afekta","1_4","FFDGPVCHZBVARC",21
"primary","afekta","1_4","FOYHNROGBXVLLX",3
"primary","afekta","1_4","FUOOLUPWFVMBKG",23
"primary","afekta","1_4","HEBKCHPVOIAQTA",1
"primary","afekta","1_4","HOKKHZGPKSLGJE",11
"primary","afekta","1_4","HSCJRCZFDFQWRP",1
"primary","afekta","1_4","IHCCAYCGZOLTEU",1
"primary","afekta","1_4","ISAKRJDGNUQOIC",1
"primary","afekta","1_4","JBCLFWXMTIKCCB",29
"primary","afekta","1_4","JFLIEFSWGNOPJJ",1
"primary","afekta","1_4","JJIHLJJYMXLCOY",1
"primary","afekta","1_4","JLTDJTHDQAWBAV",1
"primary","afekta","1_4","JMOXSQYGVIXBBZ",1
"primary","afekta","1_4","KDCGOANMDULRCW",1
"primary","afekta","1_4","KDXKERNSBIXSRK",1
"primary","afekta","1_4","KHWCHTKSEGGWEX",1
"primary","afekta","1_4","KMXXSJLYVJEBHI",2
"primary","afekta","1_4","KRKNYBCHXYNGOX",1
"primary","afekta","1_4","KWIUHFFTVRNATP",1
"primary","afekta","1_4","LRTFPLFDLJYEKT",9
"primary","afekta","1_4","LTFMZDNNPPEQNG",1
"primary","afekta","1_4","MOTZDAYCYVMXPC",1
"primary","afekta","1_4","NTNWOCRCBQPEKQ",2
"primary","afekta","1_4","ODBLHEXUDAPZAU",2
"primary","afekta","1_4","ODHCTXKNWHHXJC",1
"primary","afekta","1_4","OIPILFWXSMYKGL",5
"primary","afekta","1_4","OISVCGZHLKNMSJ",1
"primary","afekta","1_4","QCHPKSFMDHPSNR",6
"primary","afekta","1_4","QIAFMBKCNZACKA",1
"primary","afekta","1_4","QUOGESRFPZDMMT",1
"primary","afekta","1_4","QWCKQJZIFLGMSD",28
"primary","afekta","1_4","RNVCVTLRINQCPJ",9
"primary","afekta","1_4","SMNDYUVBFMFKNZ",2
"primary","afekta","1_4","SUHOOTKUPISOBE",1
"primary","afekta","1_4","UDMBCSSLTHHNCD",2
"primary","afekta","1_4","UFFBMTHBGFGIHF",1
"primary","afekta","1_4","UZCXPYDBYUEZCV",2
"primary","afekta","1_4","VZXPDPZARILFQX",2
"primary","afekta","1_4","WGQKYBSKWIADBV",14
"primary","afekta","1_4","WHUUTDBJXJRKMK",11
"primary","afekta","1_4","XCCTYIAWTASOJW",1
"primary","afekta","1_4","YHHSONZFOIEMCP",1
"primary","afekta","1_5","AEFLONBTGZFSGQ",2
"primary","afekta","1_5","AFBPFSWMIHJQDM",11
"primary","afekta","1_5","AUNGANRZJHBGPY",1
"primary","afekta","1_5","AWUCVROLDVIAJX",1
"primary","afekta","1_5","AYFVYJQAPQTCCC",4
"primary","afekta","1_5","CAHKINHBCWCHCF",1
"primary","afekta","1_5","DBZAKQWXICEWNW",15
"primary","afekta","1_5","DFPAKSUCGFBDDF",1
"primary","afekta","1_5","DHCLVCXQIBBOPH",2
"primary","afekta","1_5","DOIRQSBPFJWKBE",1
"primary","afekta","1_5","FOYHNROGBXVLLX",6
"primary","afekta","1_5","FSYKKLYZXJSNPZ",2
"primary","afekta","1_5","GSXOAOHZAIYLCY",8
"primary","afekta","1_5","HNJBEVLQSNELDL",20
"primary","afekta","1_5","HXXFSFRBOHSIMQ",1
"primary","afekta","1_5","JLTDJTHDQAWBAV",1
"primary","afekta","1_5","JMOXSQYGVIXBBZ",2
"primary","afekta","1_5","KDCGOANMDULRCW",1
"primary","afekta","1_5","KNTFCRCCPLEUQZ",1
"primary","afekta","1_5","KPGXRSRHYNQIFN",5
"primary","afekta","1_5","KTHDTJVBEPMMGL",1
"primary","afekta","1_5","KWIUHFFTVRNATP",1
"primary","afekta","1_5","KZSNJWFQEVHDMF",17
"primary","afekta","1_5","LRTFPLFDLJYEKT",13
"primary","afekta","1_5","MTCFGRXMJLQNBG",1
"primary","afekta","1_5","NBSCHQHZLSJFNQ",3
"primary","afekta","1_5","ODHCTXKNWHHXJC",1
"primary","afekta","1_5","ODKSFYDXXFIFQN",1
"primary","afekta","1_5","OISVCGZHLKNMSJ",1
"primary","afekta","1_5","OPTASPLRGRRNAP",1
"primary","afekta","1_5","PAFZNILMFXTMIY",5
"primary","afekta","1_5","QNAYBMKLOCPYGJ",1
"primary","afekta","1_5","RNVCVTLRINQCPJ",8
"primary","afekta","1_5","SXQFCVDSOLSHOQ",15
"primary","afekta","1_5","UCMIRNVEIXFBKS",3
"primary","afekta","1_5","UFFBMTHBGFGIHF",3
"primary","afekta","1_5","UHDGCWIWMRVCDJ",1
"primary","afekta","1_5","UKAUYVFTDYCKQA",15
"primary","afekta","1_5","VZXPDPZARILFQX",14
"primary","afekta","1_5","WGQKYBSKWIADBV",13
"primary","afekta","1_5","WHUUTDBJXJRKMK",1
"primary","afekta","1_5","XQCZBXHVTFVIFE",2
"primary","afekta","1_5","XVOYSCVBGLVSOL",1
"primary","afekta","1_5","ZDXPYRJPNDTMRX",1
"primary","afekta","1_6","ACWBBAGYTKWBCD",1
"primary","afekta","1_6","AFBPFSWMIHJQDM",9
"primary","afekta","1_6","AVFZOVWCLRSYKC",21
"primary","afekta","1_6","AYFVYJQAPQTCCC",1
"primary","afekta","1_6","DOIRQSBPFJWKBE",1
"primary","afekta","1_6","FOYHNROGBXVLLX",4
"primary","afekta","1_6","HEBKCHPVOIAQTA",1
"primary","afekta","1_6","HNDVDQJCIGZPNO",1
"primary","afekta","1_6","JLTDJTHDQAWBAV",1
"primary","afekta","1_6","JMOXSQYGVIXBBZ",1
"primary","afekta","1_6","KDCGOANMDULRCW",1
"primary","afekta","1_6","KNTFCRCCPLEUQZ",2
"primary","afekta","1_6","KPGXRSRHYNQIFN",6
"primary","afekta","1_6","KWIUHFFTVRNATP",1
"primary","afekta","1_6","KZSNJWFQEVHDMF",17
"primary","afekta","1_6","LEVWYRKDKASIDU",1
"primary","afekta","1_6","MOTZDAYCYVMXPC",1
"primary","afekta","1_6","MTCFGRXMJLQNBG",1
"primary","afekta","1_6","ODHCTXKNWHHXJC",1
"primary","afekta","1_6","OISVCGZHLKNMSJ",1
"primary","afekta","1_6","QEFRNWWLZKMPFJ",1
"primary","afekta","1_6","RBNPOMFGQQGHHO",5
"primary","afekta","1_6","RNVCVTLRINQCPJ",7
"primary","afekta","1_6","SMEROWZSTRWXGI",1
"primary","afekta","1_6","SNEIUMQYRCDYCH",1
"primary","afekta","1_6","UFFBMTHBGFGIHF",7
"primary","afekta","1_6","UKAUYVFTDYCKQA",16
"primary","afekta","1_6","VVIAGPKUTFNRDU",1
"primary","afekta","1_6","WGQKYBSKWIADBV",13
"primary","afekta","2_1","AFBPFSWMIHJQDM",10
"primary","afekta","2_1","AGPKZVBTJJNPAG",1
"primary","afekta","2_1","BSYNRYMUTXBXSQ",19
"primary","afekta","2_1","CGQCWMIAEPEHNQ",1
"primary","afekta","2_1","CLFRCXCBWIQVRN",3
"primary","afekta","2_1","COLNVLDHVKWLRT",1
"primary","afekta","2_1","CUOKHACJLGPRHD",13
"primary","afekta","2_1","DOIRQSBPFJWKBE",3
"primary","afekta","2_1","DVNYTAVYBRSTGK",1
"primary","afekta","2_1","FERIUCNNQQJTOY",1
"primary","afekta","2_1","FJKROLUGYXJWQN",1
"primary","afekta","2_1","FOYHNROGBXVLLX",4
"primary","afekta","2_1","FZWGECJQACGGTI",1
"primary","afekta","2_1","GBKGJMYPQZODMI",15
"primary","afekta","2_1","HGINADPHJQTSKN",4
"primary","afekta","2_1","IBGBGRVKPALMCQ",2
"primary","afekta","2_1","IJFXRHURBJZNAO",5
"primary","afekta","2_1","JBCLFWXMTIKCCB",1
"primary","afekta","2_1","JECYUBVRTQDVAT",16
"primary","afekta","2_1","JFCQEDHGNNZCLN",6
"primary","afekta","2_1","JLTDJTHDQAWBAV",1
"primary","afekta","2_1","JMOXSQYGVIXBBZ",2
"primary","afekta","2_1","KDCGOANMDULRCW",1
"primary","afekta","2_1","KDYFGRWQOYBRFD",2
"primary","afekta","2_1","KPGXRSRHYNQIFN",7
"primary","afekta","2_1","KQNPFQTWMSNSAP",17
"primary","afekta","2_1","KWIUHFFTVRNATP",1
"primary","afekta","2_1","KZSNJWFQEVHDMF",1
"primary","afekta","2_1","LRQKBLKVPFOOQJ",9
"primary","afekta","2_1","LRSASMSXMSNRBT",1
"primary","afekta","2_1","LRTFPLFDLJYEKT",9
"primary","afekta","2_1","LUCHPKXVUGJYGU",1
"primary","afekta","2_1","MOTZDAYCYVMXPC",1
"primary","afekta","2_1","NHZMQXZHNVQTQA",1
"primary","afekta","2_1","OGHAROSJZRTIOK",8
"primary","afekta","2_1","OIRDTQYFTABQOQ",3
"primary","afekta","2_1","OISVCGZHLKNMSJ",1
"primary","afekta","2_1","PXQPEWDEAKTCGB",2
"primary","afekta","2_1","QHGUCRYDKWKLMG",6
"primary","afekta","2_1","RADKZDMFGJYCBB",1
"primary","afekta","2_1","RNVCVTLRINQCPJ",8
"primary","afekta","2_1","ROHFNLRQFUQHCH",2
"primary","afekta","2_1","UFFBMTHBGFGIHF",2
"primary","afekta","2_1","UKFXDFUAPNAMPJ",1
"primary","afekta","2_1","UYTPUPDQBNUYGX",2
"primary","afekta","2_1","VYFYYTLLBUKUHU",1
"primary","afekta","2_1","WGQKYBSKWIADBV",10
"primary","afekta","2_1","WXUAQHNMJWJLTG",2
"primary","afekta","2_1","YGSDEFSMJLZEOE",4
"primary","afekta","2_1","YKBGVTZYEHREMT",1
"primary","afekta","2_1","ZIYVHBGGAOATLY",1
"primary","afekta","2_1","ZWLPBLYKEWSWPD",3
"primary","afekta","2_1","ZXYAAVBXHKCJJB",1
"primary","afekta","2_10","AEMOLEFTQBMNLQ",1
"primary","afekta","2_10","AFBPFSWMIHJQDM",7
"primary","afekta","2_10","AGPKZVBTJJNPAG",7
"primary","afekta","2_10","AXFYFNCPONWUHW",7
"primary","afekta","2_10","BGTOWKSIORTVQH",19
"primary","afekta","2_10","BHHGXPLMPWCGHP",30
"primary","afekta","2_10","DHMQDGOQFOQNFH",1
"primary","afekta","2_10","DIVQKHQLANKJQO",1
"primary","afekta","2_10","DUUGKQCEGZLZNO",1
"primary","afekta","2_10","FOYHNROGBXVLLX",4
"primary","afekta","2_10","GJAWHXHKYYXBSV",1
"primary","afekta","2_10","HXEACLLIILLPRG",1
"primary","afekta","2_10","IHYJTAOFMMMOPX",2
"primary","afekta","2_10","IPBVNPXQWQGGJP",18
"primary","afekta","2_10","JJMDCOVWQOJGCB",14
"primary","afekta","2_10","JLTDJTHDQAWBAV",1
"primary","afekta","2_10","JMOXSQYGVIXBBZ",1
"primary","afekta","2_10","KDCGOANMDULRCW",1
"primary","afekta","2_10","KPGXRSRHYNQIFN",4
"primary","afekta","2_10","KWIUHFFTVRNATP",1
"primary","afekta","2_10","KZSNJWFQEVHDMF",7
"primary","afekta","2_10","LEHOTFFKMJEONL",1
"primary","afekta","2_10","LOIYMIARKYCTBW",1
"primary","afekta","2_10","LRTFPLFDLJYEKT",11
"primary","afekta","2_10","LVRFTAZAXQPQHI",1
"primary","afekta","2_10","LZCLXQDLBQLTDK",15
"primary","afekta","2_10","MBIQENSCDNJOIY",2
"primary","afekta","2_10","MOTZDAYCYVMXPC",1
"primary","afekta","2_10","NGEWQZIDQIYUNV",1
"primary","afekta","2_10","OFOBLEOULBTSOW",1
"primary","afekta","2_10","OISVCGZHLKNMSJ",1
"primary","afekta","2_10","ONIBWKKTOPOVIA",1
"primary","afekta","2_10","PAFZNILMFXTMIY",25
"primary","afekta","2_10","PKZJLOCLABXVMC",13
"primary","afekta","2_10","PMMYEEVYMWASQN",1
"primary","afekta","2_10","PMZDQRJGMBOQBF",11
"primary","afekta","2_10","PVNIIMVLHYAWGP",2
"primary","afekta","2_10","QUKGYYKBILRGFE",10
"primary","afekta","2_10","RNVCVTLRINQCPJ",7
"primary","afekta","2_10","ROHFNLRQFUQHCH",1
"primary","afekta","2_10","SIOXPEMLGUPBBT",1
"primary","afekta","2_10","TWBYWOBDOCUKOW",1
"primary","afekta","2_10","UFFBMTHBGFGIHF",2
"primary","afekta","2_10","WGQKYBSKWIADBV",12
"primary","afekta","2_10","WJJMNDUMQPNECX",6
"primary","afekta","2_10","ZGXJTSGNIOSYLO",9
"primary","afekta","2_10","ZRQXMKMBBMNNQC",1
"primary","afekta","2_10","ZRSNZINYAWTAHE",14
"primary","afekta","2_2","AFBPFSWMIHJQDM",9
"primary","afekta","2_2","ASWBNKHCZGQVJV",1
"primary","afekta","2_2","AUYYCJSJGJYCDS",1
"primary","afekta","2_2","BOLQJTPHPSDZHR",1
"primary","afekta","2_2","BVWTXUYLKBHMOX",10
"primary","afekta","2_2","CBQJSKKFNMDLON",1
"primary","afekta","2_2","CERQOIWHTDAKMF",1
"primary","afekta","2_2","COLNVLDHVKWLRT",1
"primary","afekta","2_2","DCXYFEDJOCDNAF",5
"primary","afekta","2_2","DKMROQRQHGEIOW",9
"primary","afekta","2_2","DOIRQSBPFJWKBE",1
"primary","afekta","2_2","DTUQWGWMVIHBKE",5
"primary","afekta","2_2","DWRXFEITVBNRMK",4
"primary","afekta","2_2","DZGWFCGJZKJUFP",1
"primary","afekta","2_2","FFEARJCKVFRZRR",1
"primary","afekta","2_2","FOYHNROGBXVLLX",5
"primary","afekta","2_2","FXLOVSHXALFLKQ",2
"primary","afekta","2_2","GBKGJMYPQZODMI",2
"primary","afekta","2_2","GNMSLDIYJOSUSW",1
"primary","afekta","2_2","HCZHHEIFKROPDY",1
"primary","afekta","2_2","HGINADPHJQTSKN",16
"primary","afekta","2_2","HXNFUBHNUDHIGC",1
"primary","afekta","2_2","IGMNYECMUMZDDF",14
"primary","afekta","2_2","IIGNZLVHOZEOPV",7
"primary","afekta","2_2","IPBVNPXQWQGGJP",11
"primary","afekta","2_2","IZZIWIAOVZOBLF",1
"primary","afekta","2_2","JECYUBVRTQDVAT",18
"primary","afekta","2_2","JFCQEDHGNNZCLN",1
"primary","afekta","2_2","JLPJFSCQKHRSQR",19
"primary","afekta","2_2","JLTDJTHDQAWBAV",1
"primary","afekta","2_2","JMOXSQYGVIXBBZ",1
"primary","afekta","2_2","JSJWCHRYRHKBBW",1
"primary","afekta","2_2","JTEJPPKMYBDEMY",1
"primary","afekta","2_2","JZRWCGZRTZMZEH",1
"primary","afekta","2_2","KDCGOANMDULRCW",1
"primary","afekta","2_2","KKSDGJDHHZEWEP",1
"primary","afekta","2_2","KPGXRSRHYNQIFN",5
"primary","afekta","2_2","KTHADMDGDNYQRX",18
"primary","afekta","2_2","KWIUHFFTVRNATP",1
"primary","afekta","2_2","KWOLFJPFCHCOCG",8
"primary","afekta","2_2","KZSNJWFQEVHDMF",14
"primary","afekta","2_2","LDHQCZJRKDOVOX",2
"primary","afekta","2_2","LRFVTYWOQMYALW",1
"primary","afekta","2_2","LRTFPLFDLJYEKT",14
"primary","afekta","2_2","LUJMEECXHPYQOF",19
"primary","afekta","2_2","MOTZDAYCYVMXPC",1
"primary","afekta","2_2","NGSWKAQJJWESNS",2
"primary","afekta","2_2","ODHCTXKNWHHXJC",1
"primary","afekta","2_2","OIPILFWXSMYKGL",9
"primary","afekta","2_2","OISVCGZHLKNMSJ",1
"primary","afekta","2_2","OMFXVFTZEKFJBZ",1
"primary","afekta","2_2","ONIBWKKTOPOVIA",1
"primary","afekta","2_2","PETRWTHZSKVLRE",2
"primary","afekta","2_2","PHOQVHQSTUBQQK",1
"primary","afekta","2_2","QRMZSPFSDQBLIX",1
"primary","afekta","2_2","RGHNJXZEOKUKBD",1
"primary","afekta","2_2","RNVCVTLRINQCPJ",10
"primary","afekta","2_2","SMEROWZSTRWXGI",1
"primary","afekta","2_2","SXZYCXMUPBBULW",2
"primary","afekta","2_2","TUHVEAJXIMEOSA",1
"primary","afekta","2_2","UDSFAEKRVUSQDD",1
"primary","afekta","2_2","UFFBMTHBGFGIHF",1
"primary","afekta","2_2","UKFXDFUAPNAMPJ",3
"primary","afekta","2_2","UQTZMGFTRHFAAM",1
"primary","afekta","2_2","WGQKYBSKWIADBV",13
"primary","afekta","2_2","WKOLLVMJNQIZCI",3
"primary","afekta","2_2","WUAXWQRULBZETB",6
"primary","afekta","2_2","WXUAQHNMJWJLTG",7
"primary","afekta","2_2","YBJHBAHKTGYVGT",1
"primary","afekta","2_2","ZYGHJZDHTFUPRJ",4
"primary","afekta","2_2","ZZVUWRFHKOJYTH",8
"primary","afekta","2_3","AEFLONBTGZFSGQ",1
"primary","afekta","2_3","AFBPFSWMIHJQDM",10
"primary","afekta","2_3","AGPKZVBTJJNPAG",2
"primary","afekta","2_3","AXFYFNCPONWUHW",5
"primary","afekta","2_3","BLHCMGRVFXRYRN",1
"primary","afekta","2_3","BRARRAHGNDUELT",14
"primary","afekta","2_3","BRRSNXCXLSVPFC",2
"primary","afekta","2_3","CCVYRRGZDBSHFU",2
"primary","afekta","2_3","DZTHIGRZJZPRDV",1
"primary","afekta","2_3","FDGQSTZJBFJUBT",1
"primary","afekta","2_3","FOYHNROGBXVLLX",5
"primary","afekta","2_3","FVMDYYGIDFPZAX",3
"primary","afekta","2_3","FYGDTMLNYKFZSV",14
"primary","afekta","2_3","HNEGQIOMVPPMNR",3
"primary","afekta","2_3","IAOZJIPTCAWIRG",8
"primary","afekta","2_3","ISAKRJDGNUQOIC",1
"primary","afekta","2_3","IWYDHOAUDWTVEP",1
"primary","afekta","2_3","JDTWZSUNGHMMJM",2
"primary","afekta","2_3","JFLIEFSWGNOPJJ",7
"primary","afekta","2_3","JKLRIMRKZBSSED",1
"primary","afekta","2_3","JLTDJTHDQAWBAV",1
"primary","afekta","2_3","JMOXSQYGVIXBBZ",1
"primary","afekta","2_3","KDCGOANMDULRCW",1
"primary","afekta","2_3","KPGXRSRHYNQIFN",6
"primary","afekta","2_3","KWIUHFFTVRNATP",1
"primary","afekta","2_3","LNTHITQWFMADLM",1
"primary","afekta","2_3","LRQKBLKVPFOOQJ",16
"primary","afekta","2_3","LRTFPLFDLJYEKT",12
"primary","afekta","2_3","LVHBHZANLOWSRM",1
"primary","afekta","2_3","LVRFTAZAXQPQHI",1
"primary","afekta","2_3","MBIQENSCDNJOIY",2
"primary","afekta","2_3","MOTZDAYCYVMXPC",1
"primary","afekta","2_3","MUPFEKGTMRGPLJ",1
"primary","afekta","2_3","MVAWJSIDNICKHF",1
"primary","afekta","2_3","NGEWQZIDQIYUNV",1
"primary","afekta","2_3","OFCNXPDARWKPPY",16
"primary","afekta","2_3","OISVCGZHLKNMSJ",1
"primary","afekta","2_3","ONFOSYPQQXJWGS",1
"primary","afekta","2_3","ONIBWKKTOPOVIA",1
"primary","afekta","2_3","PRJKNHOMHKJCEJ",1
"primary","afekta","2_3","QAFBDRSXXHEXGB",3
"primary","afekta","2_3","QWIZNVHXZXRPDR",7
"primary","afekta","2_3","QZAYGJVTTNCVMB",1
"primary","afekta","2_3","RNVCVTLRINQCPJ",10
"primary","afekta","2_3","ROHFNLRQFUQHCH",1
"primary","afekta","2_3","RWQNBRDOKXIBIV",17
"primary","afekta","2_3","SMEROWZSTRWXGI",1
"primary","afekta","2_3","UCTWMZQNUQWSLP",1
"primary","afekta","2_3","UFFBMTHBGFGIHF",1
"primary","afekta","2_3","VGONTNSXDCQUGY",1
"primary","afekta","2_3","WGQKYBSKWIADBV",12
"primary","afekta","2_3","WXCMHFPAUCOJIG",14
"primary","afekta","2_3","WXNXCEHXYPACJF",1
"primary","afekta","2_3","XQXPVVBIMDBYFF",4
"primary","afekta","2_3","YHGNXQAFNHCBTK",5
"primary","afekta","2_3","ZDXPYRJPNDTMRX",2
"primary","afekta","2_4","AFBPFSWMIHJQDM",10
"primary","afekta","2_4","DDRJAANPRJIHGJ",1
"primary","afekta","2_4","DKMROQRQHGEIOW",10
"primary","afekta","2_4","DLFVBJFMPXGRIB",8
"primary","afekta","2_4","DOIRQSBPFJWKBE",3
"primary","afekta","2_4","DRLFMBDRBRZALE",1
"primary","afekta","2_4","FOYHNROGBXVLLX",6
"primary","afekta","2_4","GFFGJBXGBJISGV",1
"primary","afekta","2_4","HNEGQIOMVPPMNR",1
"primary","afekta","2_4","IHCCAYCGZOLTEU",10
"primary","afekta","2_4","JFCQEDHGNNZCLN",1
"primary","afekta","2_4","JLSKPBDKNIXMBS",1
"primary","afekta","2_4","JLTDJTHDQAWBAV",1
"primary","afekta","2_4","JMOXSQYGVIXBBZ",2
"primary","afekta","2_4","JTEJPPKMYBDEMY",1
"primary","afekta","2_4","JYGXADMDTFJGBT",1
"primary","afekta","2_4","KDCGOANMDULRCW",1
"primary","afekta","2_4","KIWQWJKWBHZMDT",2
"primary","afekta","2_4","KPGXRSRHYNQIFN",1
"primary","afekta","2_4","KWIUHFFTVRNATP",1
"primary","afekta","2_4","KZSNJWFQEVHDMF",10
"primary","afekta","2_4","LJUQGASMPRMWIW",1
"primary","afekta","2_4","LRTFPLFDLJYEKT",11
"primary","afekta","2_4","LVHBHZANLOWSRM",1
"primary","afekta","2_4","MOTZDAYCYVMXPC",1
"primary","afekta","2_4","MVAWJSIDNICKHF",19
"primary","afekta","2_4","NMHMNPHRMNGLLB",1
"primary","afekta","2_4","OGHAROSJZRTIOK",13
"primary","afekta","2_4","OISVCGZHLKNMSJ",1
"primary","afekta","2_4","OLXZPDWKRNYJJZ",1
"primary","afekta","2_4","OVRNDRQMDRJTHS",1
"primary","afekta","2_4","PHIQHXFUZVPYII",1
"primary","afekta","2_4","QVWAEZJXDYOKEH",5
"primary","afekta","2_4","RNVCVTLRINQCPJ",6
"primary","afekta","2_4","SGNZYJXNUURYCH",10
"primary","afekta","2_4","SMEROWZSTRWXGI",1
"primary","afekta","2_4","SMNDYUVBFMFKNZ",12
"primary","afekta","2_4","TUHVEAJXIMEOSA",1
"primary","afekta","2_4","UDSFAEKRVUSQDD",1
"primary","afekta","2_4","UFFBMTHBGFGIHF",1
"primary","afekta","2_4","UKFXDFUAPNAMPJ",5
"primary","afekta","2_4","WGQKYBSKWIADBV",12
"primary","afekta","2_4","WXUAQHNMJWJLTG",2
"primary","afekta","2_4","YFTGOBNOJKXZJC",1
"primary","afekta","2_4","ZFAHNWWNDFHPOH",1
"primary","afekta","2_4","ZHMMPVANGNPCBW",13
"primary","afekta","2_5","AFBPFSWMIHJQDM",11
"primary","afekta","2_5","ASWBNKHCZGQVJV",3
"primary","afekta","2_5","BEJNERDRQOWKJM",7
"primary","afekta","2_5","CLFRCXCBWIQVRN",8
"primary","afekta","2_5","DCXYFEDJOCDNAF",6
"primary","afekta","2_5","DUUGKQCEGZLZNO",1
"primary","afekta","2_5","DWRXFEITVBNRMK",1
"primary","afekta","2_5","FBZONXHGGPHHIY",1
"primary","afekta","2_5","FDGQSTZJBFJUBT",1
"primary","afekta","2_5","FJKROLUGYXJWQN",2
"primary","afekta","2_5","FOYHNROGBXVLLX",3
"primary","afekta","2_5","HAPOVYFOVVWLRS",7
"primary","afekta","2_5","HUDBDWIQSIGUDI",7
"primary","afekta","2_5","HXACOUQIXZGNBF",20
"primary","afekta","2_5","IHYJTAOFMMMOPX",1
"primary","afekta","2_5","IJFXRHURBJZNAO",3
"primary","afekta","2_5","JDTWZSUNGHMMJM",2
"primary","afekta","2_5","JJMDCOVWQOJGCB",2
"primary","afekta","2_5","JLTDJTHDQAWBAV",2
"primary","afekta","2_5","JMOXSQYGVIXBBZ",1
"primary","afekta","2_5","JSJWCHRYRHKBBW",1
"primary","afekta","2_5","JTEDVYBZBROSJT",1
"primary","afekta","2_5","KDCGOANMDULRCW",1
"primary","afekta","2_5","KPGXRSRHYNQIFN",6
"primary","afekta","2_5","KTHDTJVBEPMMGL",20
"primary","afekta","2_5","KWIUHFFTVRNATP",1
"primary","afekta","2_5","KZSNJWFQEVHDMF",4
"primary","afekta","2_5","LRTFPLFDLJYEKT",17
"primary","afekta","2_5","MOTZDAYCYVMXPC",1
"primary","afekta","2_5","NHZMQXZHNVQTQA",1
"primary","afekta","2_5","ODHCTXKNWHHXJC",1
"primary","afekta","2_5","OFCNXPDARWKPPY",9
"primary","afekta","2_5","OISVCGZHLKNMSJ",1
"primary","afekta","2_5","OJUGVDODNPJEEC",2
"primary","afekta","2_5","PCSKKIUURRTAEM",1
"primary","afekta","2_5","PMMYEEVYMWASQN",1
"primary","afekta","2_5","PPBRXRYQALVLMV",1
"primary","afekta","2_5","PVNIIMVLHYAWGP",2
"primary","afekta","2_5","RADKZDMFGJYCBB",1
"primary","afekta","2_5","RBNPOMFGQQGHHO",1
"primary","afekta","2_5","RNVCVTLRINQCPJ",10
"primary","afekta","2_5","RWQNBRDOKXIBIV",1
"primary","afekta","2_5","SEOVTRFCIGRIMH",12
"primary","afekta","2_5","SIOXPEMLGUPBBT",1
"primary","afekta","2_5","SNDPXSYFESPGGJ",1
"primary","afekta","2_5","TWBYWOBDOCUKOW",3
"primary","afekta","2_5","TXXHDPDFNKHHGW",8
"primary","afekta","2_5","UBQKCCHYAOITMY",1
"primary","afekta","2_5","UFFBMTHBGFGIHF",1
"primary","afekta","2_5","UGQMRVRMYYASKQ",1
"primary","afekta","2_5","WBYWAXJHAXSJNI",11
"primary","afekta","2_5","WGQKYBSKWIADBV",13
"primary","afekta","2_5","WXNXCEHXYPACJF",8
"primary","afekta","2_5","YGSDEFSMJLZEOE",1
"primary","afekta","2_5","YMAWOPBAYDPSLA",10
"primary","afekta","2_5","ZGXJTSGNIOSYLO",3
"primary","afekta","2_5","ZRQXMKMBBMNNQC",14
"primary","afekta","2_6","AFBPFSWMIHJQDM",9
"primary","afekta","2_6","AFENDNXGAFYKQO",2
"primary","afekta","2_6","BEJNERDRQOWKJM",5
"primary","afekta","2_6","BSYNRYMUTXBXSQ",17
"primary","afekta","2_6","BWLBGMIXKSTLSX",1
"primary","afekta","2_6","CBQJSKKFNMDLON",8
"primary","afekta","2_6","CFFZDZCDUFSOFZ",17
"primary","afekta","2_6","DHMQDGOQFOQNFH",1
"primary","afekta","2_6","DLFVBJFMPXGRIB",10
"primary","afekta","2_6","DUHQIGLHYXLKAE",1
"primary","afekta","2_6","FCCDDURTIIUXBY",1
"primary","afekta","2_6","FOYHNROGBXVLLX",4
"primary","afekta","2_6","FUZZWVXGSFPDMH",12
"primary","afekta","2_6","GNMSLDIYJOSUSW",1
"primary","afekta","2_6","HCZHHEIFKROPDY",1
"primary","afekta","2_6","HGINADPHJQTSKN",9
"primary","afekta","2_6","HNJBEVLQSNELDL",16
"primary","afekta","2_6","HUDBDWIQSIGUDI",7
"primary","afekta","2_6","HVAMZGADVCBITI",13
"primary","afekta","2_6","HXNFUBHNUDHIGC",5
"primary","afekta","2_6","IAVREABSGIHHMO",2
"primary","afekta","2_6","IGIDLTISMCAULB",4
"primary","afekta","2_6","IGMNYECMUMZDDF",2
"primary","afekta","2_6","IWUCXVSUMQZMFG",2
"primary","afekta","2_6","IZZIWIAOVZOBLF",1
"primary","afekta","2_6","JDBGXEHEIRGOBU",1
"primary","afekta","2_6","JFCQEDHGNNZCLN",5
"primary","afekta","2_6","JHIVVAPYMSGYDF",11
"primary","afekta","2_6","JJMDCOVWQOJGCB",1
"primary","afekta","2_6","JLTDJTHDQAWBAV",1
"primary","afekta","2_6","JMOXSQYGVIXBBZ",1
"primary","afekta","2_6","JTEDVYBZBROSJT",1
"primary","afekta","2_6","JYVXNLLUYHCIIH",3
"primary","afekta","2_6","KDCGOANMDULRCW",1
"primary","afekta","2_6","KKADPXVIOXHVKN",1
"primary","afekta","2_6","KPGXRSRHYNQIFN",1
"primary","afekta","2_6","KVQGGLZHHFGHPU",16
"primary","afekta","2_6","KWIUHFFTVRNATP",1
"primary","afekta","2_6","KZSNJWFQEVHDMF",17
"primary","afekta","2_6","LPEKGGXMPWTOCB",6
"primary","afekta","2_6","LRFVTYWOQMYALW",1
"primary","afekta","2_6","LRTFPLFDLJYEKT",16
"primary","afekta","2_6","LVRFTAZAXQPQHI",5
"primary","afekta","2_6","MOTZDAYCYVMXPC",1
"primary","afekta","2_6","NRSCPTLHWVWLLH",4
"primary","afekta","2_6","OISVCGZHLKNMSJ",1
"primary","afekta","2_6","OXQGTIUCKGYOAA",2
"primary","afekta","2_6","PCSKKIUURRTAEM",3
"primary","afekta","2_6","PVNIIMVLHYAWGP",2
"primary","afekta","2_6","QAIPRVGONGVQAS",3
"primary","afekta","2_6","RGHHSNMVTDWUBI",1
"primary","afekta","2_6","RNVCVTLRINQCPJ",4
"primary","afekta","2_6","SIOXPEMLGUPBBT",3
"primary","afekta","2_6","SMQUZDBALVYZAC",6
"primary","afekta","2_6","SYEOWUNSTUDKGM",1
"primary","afekta","2_6","TWBYWOBDOCUKOW",1
"primary","afekta","2_6","TXXHDPDFNKHHGW",13
"primary","afekta","2_6","UBORTCNDUKBEOP",1
"primary","afekta","2_6","UFFBMTHBGFGIHF",4
"primary","afekta","2_6","UKFXDFUAPNAMPJ",1
"primary","afekta","2_6","UOBSVARXACCLLH",13
"primary","afekta","2_6","UTYVDVLMYQPLQB",1
"primary","afekta","2_6","UYTPUPDQBNUYGX",1
"primary","afekta","2_6","VZIRCHXYMBFNFD",6
"primary","afekta","2_6","WGQKYBSKWIADBV",13
"primary","afekta","2_6","WLJVNTCWHIRURA",5
"primary","afekta","2_6","WPYMKLBDIGXBTP",1
"primary","afekta","2_6","WSWCOQWTEOXDQX",3
"primary","afekta","2_6","WXUAQHNMJWJLTG",2
"primary","afekta","2_6","XHCADAYNFIFUHF",1
"primary","afekta","2_6","XUWHAWMETYGRKB",6
"primary","afekta","2_6","YOEBAVRJHRCKRE",2
"primary","afekta","2_7","AFBPFSWMIHJQDM",7
"primary","afekta","2_7","AGPKZVBTJJNPAG",1
"primary","afekta","2_7","AVFZOVWCLRSYKC",36
"primary","afekta","2_7","CCVYRRGZDBSHFU",12
"primary","afekta","2_7","CKOMXBHMKXXTNW",1
"primary","afekta","2_7","DRLFMBDRBRZALE",1
"primary","afekta","2_7","DUHQIGLHYXLKAE",1
"primary","afekta","2_7","FOYHNROGBXVLLX",3
"primary","afekta","2_7","FSASIHFSFGAIJM",2
"primary","afekta","2_7","FVMDYYGIDFPZAX",4
"primary","afekta","2_7","HVRZYSHVZOELOH",13
"primary","afekta","2_7","HXACOUQIXZGNBF",1
"primary","afekta","2_7","IJCKBIINTQEGLY",1
"primary","afekta","2_7","INCSQLZZXBPATR",9
"primary","afekta","2_7","JDTWZSUNGHMMJM",1
"primary","afekta","2_7","JFLIEFSWGNOPJJ",21
"primary","afekta","2_7","JJMDCOVWQOJGCB",15
"primary","afekta","2_7","JLTDJTHDQAWBAV",1
"primary","afekta","2_7","JMOXSQYGVIXBBZ",2
"primary","afekta","2_7","KDCGOANMDULRCW",1
"primary","afekta","2_7","KPGXRSRHYNQIFN",5
"primary","afekta","2_7","KVQGGLZHHFGHPU",12
"primary","afekta","2_7","KWIUHFFTVRNATP",1
"primary","afekta","2_7","KZSNJWFQEVHDMF",13
"primary","afekta","2_7","LRQKBLKVPFOOQJ",2
"primary","afekta","2_7","LRTFPLFDLJYEKT",15
"primary","afekta","2_7","OISVCGZHLKNMSJ",1
"primary","afekta","2_7","OPTASPLRGRRNAP",1
"primary","afekta","2_7","OVRNDRQMDRJTHS",1
"primary","afekta","2_7","PHIQHXFUZVPYII",1
"primary","afekta","2_7","QCHPKSFMDHPSNR",10
"primary","afekta","2_7","QPHLRCUCFDXGLY",9
"primary","afekta","2_7","RNVCVTLRINQCPJ",6
"primary","afekta","2_7","ROHFNLRQFUQHCH",2
"primary","afekta","2_7","SLXKOJJOQWFEFD",4
"primary","afekta","2_7","SMEROWZSTRWXGI",1
"primary","afekta","2_7","SULYEHHGGXARJS",6
"primary","afekta","2_7","SYEOWUNSTUDKGM",3
"primary","afekta","2_7","UFAHZIUFPNSHSL",1
"primary","afekta","2_7","UFFBMTHBGFGIHF",1
"primary","afekta","2_7","UZCXPYDBYUEZCV",1
"primary","afekta","2_7","UZTFMUBKZQVKLK",1
"primary","afekta","2_7","WGQKYBSKWIADBV",14
"primary","afekta","2_7","WLJVNTCWHIRURA",18
"primary","afekta","2_7","WXNXCEHXYPACJF",1
"primary","afekta","2_7","XQCZBXHVTFVIFE",3
"primary","afekta","2_7","XQXPVVBIMDBYFF",5
"primary","afekta","2_7","YBJHBAHKTGYVGT",5
"primary","afekta","2_7","YPTJKHVBDCRKNF",10
"primary","afekta","2_7","YTFVRYKNXDADBI",1
"primary","afekta","2_8","AFBPFSWMIHJQDM",8
"primary","afekta","2_8","AGPKZVBTJJNPAG",1
"primary","afekta","2_8","BJEPYKJPYRNKOW",1
"primary","afekta","2_8","CFFZDZCDUFSOFZ",1
"primary","afekta","2_8","CKTSBUTUHBMZGZ",1
"primary","afekta","2_8","CQRYARSYNCAZFO",8
"primary","afekta","2_8","DTUQWGWMVIHBKE",5
"primary","afekta","2_8","FBTSQILOGYXGMD",1
"primary","afekta","2_8","FOYHNROGBXVLLX",7
"primary","afekta","2_8","FXLOVSHXALFLKQ",4
"primary","afekta","2_8","GJAWHXHKYYXBSV",11
"primary","afekta","2_8","HNEGQIOMVPPMNR",1
"primary","afekta","2_8","IAVREABSGIHHMO",2
"primary","afekta","2_8","IGMNYECMUMZDDF",2
"primary","afekta","2_8","IHCCAYCGZOLTEU",11
"primary","afekta","2_8","IQFYYKKMVGJFEH",1
"primary","afekta","2_8","JLTDJTHDQAWBAV",1
"primary","afekta","2_8","JMOXSQYGVIXBBZ",1
"primary","afekta","2_8","JYPHNHPXFNEZBR",1
"primary","afekta","2_8","JZKXXXDKRQWDET",7
"primary","afekta","2_8","KDCGOANMDULRCW",1
"primary","afekta","2_8","KKSDGJDHHZEWEP",3
"primary","afekta","2_8","KLIDCXVFHGNTTM",19
"primary","afekta","2_8","KPGXRSRHYNQIFN",5
"primary","afekta","2_8","KWIUHFFTVRNATP",1
"primary","afekta","2_8","KWOLFJPFCHCOCG",1
"primary","afekta","2_8","KZSNJWFQEVHDMF",1
"primary","afekta","2_8","LRQKBLKVPFOOQJ",5
"primary","afekta","2_8","LRTFPLFDLJYEKT",16
"primary","afekta","2_8","LVHBHZANLOWSRM",2
"primary","afekta","2_8","MOTZDAYCYVMXPC",1
"primary","afekta","2_8","NGSWKAQJJWESNS",6
"primary","afekta","2_8","NYPYHUZRZVSYKL",1
"primary","afekta","2_8","OISVCGZHLKNMSJ",1
"primary","afekta","2_8","OKVJCVWFVRATSG",1
"primary","afekta","2_8","OPTASPLRGRRNAP",1
"primary","afekta","2_8","OUYCCCASQSFEME",3
"primary","afekta","2_8","RGHHSNMVTDWUBI",1
"primary","afekta","2_8","RNVCVTLRINQCPJ",10
"primary","afekta","2_8","ROHFNLRQFUQHCH",2
"primary","afekta","2_8","RWQNBRDOKXIBIV",1
"primary","afekta","2_8","SMNDYUVBFMFKNZ",14
"primary","afekta","2_8","SMQUZDBALVYZAC",4
"primary","afekta","2_8","SNDPXSYFESPGGJ",15
"primary","afekta","2_8","SOYKEARSMXGVTM",1
"primary","afekta","2_8","SUMDYPCJJOFFON",1
"primary","afekta","2_8","UFFBMTHBGFGIHF",7
"primary","afekta","2_8","VZIRCHXYMBFNFD",11
"primary","afekta","2_8","WGQKYBSKWIADBV",12
"primary","afekta","2_8","WJJMNDUMQPNECX",20
"primary","afekta","2_8","WPYMKLBDIGXBTP",14
"primary","afekta","2_8","XQCZBXHVTFVIFE",3
"primary","afekta","2_8","XQDNFAMOIPNVES",4
"primary","afekta","2_8","YHXHKYRQLYQUIH",5
"primary","afekta","2_8","ZBCATMYQYDCTIZ",2
"primary","afekta","2_8","ZHSOTLOTTDYIIK",1
"primary","afekta","2_9","AFBPFSWMIHJQDM",10
"primary","afekta","2_9","AGPKZVBTJJNPAG",1
"primary","afekta","2_9","ALRHLSYJTWAHJZ",9
"primary","afekta","2_9","AVFZOVWCLRSYKC",32
"primary","afekta","2_9","CCVYRRGZDBSHFU",9
"primary","afekta","2_9","CFFZDZCDUFSOFZ",2
"primary","afekta","2_9","CQRYARSYNCAZFO",10
"primary","afekta","2_9","DBZAKQWXICEWNW",20
"primary","afekta","2_9","DFPAKSUCGFBDDF",1
"primary","afekta","2_9","FEWJPZIEWOKRBE",1
"primary","afekta","2_9","FFEARJCKVFRZRR",1
"primary","afekta","2_9","FOYHNROGBXVLLX",6
"primary","afekta","2_9","FVMDYYGIDFPZAX",12
"primary","afekta","2_9","IAVREABSGIHHMO",10
"primary","afekta","2_9","IGMNYECMUMZDDF",1
"primary","afekta","2_9","INGSNVSERUZOAK",1
"primary","afekta","2_9","JDTWZSUNGHMMJM",2
"primary","afekta","2_9","JLTDJTHDQAWBAV",1
"primary","afekta","2_9","JMOXSQYGVIXBBZ",1
"primary","afekta","2_9","JVTAAEKCZFNVCJ",1
"primary","afekta","2_9","JVTZFYYHCGSXJV",4
"primary","afekta","2_9","KDCGOANMDULRCW",1
"primary","afekta","2_9","KWIUHFFTVRNATP",1
"primary","afekta","2_9","KZNQNBZMBZJQJO",1
"primary","afekta","2_9","KZSNJWFQEVHDMF",14
"primary","afekta","2_9","LHGVFZTZFXWLCP",1
"primary","afekta","2_9","LRQKBLKVPFOOQJ",8
"primary","afekta","2_9","LRTFPLFDLJYEKT",16
"primary","afekta","2_9","LTFHNKUKQYVHDX",2
"primary","afekta","2_9","LXNHXLLTXMVWPM",3
"primary","afekta","2_9","MBIZFBDREVRUHY",1
"primary","afekta","2_9","MNQZXJOMYWMBOU",2
"primary","afekta","2_9","MOTZDAYCYVMXPC",1
"primary","afekta","2_9","MWOOGOJBHIARFG",1
"primary","afekta","2_9","OISVCGZHLKNMSJ",1
"primary","afekta","2_9","OKVJCVWFVRATSG",9
"primary","afekta","2_9","OLXZPDWKRNYJJZ",1
"primary","afekta","2_9","ONIBWKKTOPOVIA",1
"primary","afekta","2_9","OSWPMRLSEDHDFF",10
"primary","afekta","2_9","OVBPIULPVIDEAO",2
"primary","afekta","2_9","PKZJLOCLABXVMC",5
"primary","afekta","2_9","PVNIIMVLHYAWGP",1
"primary","afekta","2_9","QYPPJABKJHAVHS",1
"primary","afekta","2_9","RGHHSNMVTDWUBI",14
"primary","afekta","2_9","RNVCVTLRINQCPJ",7
"primary","afekta","2_9","ROHFNLRQFUQHCH",2
"primary","afekta","2_9","RWQNBRDOKXIBIV",1
"primary","afekta","2_9","RXKJFZQQPQGTFL",10
"primary","afekta","2_9","SFLSHLFXELFNJZ",1
"primary","afekta","2_9","SIOXPEMLGUPBBT",3
"primary","afekta","2_9","SMQUZDBALVYZAC",11
"primary","afekta","2_9","TWBYWOBDOCUKOW",2
"primary","afekta","2_9","UFFBMTHBGFGIHF",3
"primary","afekta","2_9","UFIVEPVSAGBUSI",1
"primary","afekta","2_9","UJVLDDZCTMKXJK",27
"primary","afekta","2_9","VZCYOOQTPOCHFL",1
"primary","afekta","2_9","VZIRCHXYMBFNFD",5
"primary","afekta","2_9","WGQKYBSKWIADBV",11
"primary","afekta","2_9","WPYMKLBDIGXBTP",17
"primary","afekta","2_9","WXNXCEHXYPACJF",1
"primary","afekta","2_9","XNCRUNXWPDJHGV",17
"primary","afekta","2_9","XOAAWQZATWQOTB",1
"primary","afekta","2_9","XUYPXLNMDZIRQH",1
"primary","afekta","2_9","YHXHKYRQLYQUIH",11
"primary","afekta","2_9","ZBCATMYQYDCTIZ",8
"primary","afekta","2_9","ZRSNZINYAWTAHE",2
"primary","afekta","3_1","AFBPFSWMIHJQDM",9
"primary","afekta","3_1","AWDRATDZQPNJFN",2
"primary","afekta","3_1","BHTRKEVKTKCXOH",1
"primary","afekta","3_1","DGABKXLVXPYZII",6
"primary","afekta","3_1","DLFVBJFMPXGRIB",9
"primary","afekta","3_1","DXNCZXXFRKPEPY",2
"primary","afekta","3_1","FJLGEFLZQAZZCD",1
"primary","afekta","3_1","FOYHNROGBXVLLX",4
"primary","afekta","3_1","HQHCYKULIHKCEB",1
"primary","afekta","3_1","JIRKNEAMPYVPTD",3
"primary","afekta","3_1","JJMDCOVWQOJGCB",12
"primary","afekta","3_1","JLTDJTHDQAWBAV",1
"primary","afekta","3_1","JMOXSQYGVIXBBZ",1
"primary","afekta","3_1","KDCGOANMDULRCW",1
"primary","afekta","3_1","KPGXRSRHYNQIFN",4
"primary","afekta","3_1","KVQGGLZHHFGHPU",20
"primary","afekta","3_1","KWIUHFFTVRNATP",1
"primary","afekta","3_1","KXGVEGMKQFWNSR",1
"primary","afekta","3_1","KZSNJWFQEVHDMF",10
"primary","afekta","3_1","LRTFPLFDLJYEKT",8
"primary","afekta","3_1","LWBHHRRTOZQPDM",1
"primary","afekta","3_1","MOTZDAYCYVMXPC",1
"primary","afekta","3_1","NEZDNQCXEZDCBI",1
"primary","afekta","3_1","OBKXEAXTFZPCHS",1
"primary","afekta","3_1","OFJWFSNDPCAWDK",20
"primary","afekta","3_1","OISVCGZHLKNMSJ",1
"primary","afekta","3_1","PAFZNILMFXTMIY",30
"primary","afekta","3_1","RNVCVTLRINQCPJ",9
"primary","afekta","3_1","RUDATBOHQWOJDD",3
"primary","afekta","3_1","SMEROWZSTRWXGI",2
"primary","afekta","3_1","SMWDFEZZVXVKRB",2
"primary","afekta","3_1","UFFBMTHBGFGIHF",1
"primary","afekta","3_1","WGQKYBSKWIADBV",11
"primary","afekta","3_1","XUIIKFGFIJCVMT",1
"primary","afekta","3_2","AFBPFSWMIHJQDM",8
"primary","afekta","3_2","AWDRATDZQPNJFN",2
"primary","afekta","3_2","BHQCQFFYRZLCQQ",1
"primary","afekta","3_2","BHTRKEVKTKCXOH",1
"primary","afekta","3_2","CITHEXJVPOWHKC",1
"primary","afekta","3_2","DGABKXLVXPYZII",2
"primary","afekta","3_2","DLFVBJFMPXGRIB",8
"primary","afekta","3_2","FOYHNROGBXVLLX",6
"primary","afekta","3_2","JLTDJTHDQAWBAV",1
"primary","afekta","3_2","JMOXSQYGVIXBBZ",1
"primary","afekta","3_2","JOXIMZWYDAKGHI",1
"primary","afekta","3_2","KDCGOANMDULRCW",1
"primary","afekta","3_2","KPGXRSRHYNQIFN",5
"primary","afekta","3_2","KWIUHFFTVRNATP",1
"primary","afekta","3_2","KXGVEGMKQFWNSR",4
"primary","afekta","3_2","KZSNJWFQEVHDMF",17
"primary","afekta","3_2","LEGGANXCVQPIAI",21
"primary","afekta","3_2","LRTFPLFDLJYEKT",8
"primary","afekta","3_2","NCYCYZXNIZJOKI",1
"primary","afekta","3_2","OISVCGZHLKNMSJ",1
"primary","afekta","3_2","PAFZNILMFXTMIY",39
"primary","afekta","3_2","PSQYTAPXSHCGMF",12
"primary","afekta","3_2","QQHJDPROMQRDLA",1
"primary","afekta","3_2","RNVCVTLRINQCPJ",7
"primary","afekta","3_2","RUDATBOHQWOJDD",1
"primary","afekta","3_2","SHGAZHPCJJPHSC",3
"primary","afekta","3_2","SMWDFEZZVXVKRB",2
"primary","afekta","3_2","UFFBMTHBGFGIHF",1
"primary","afekta","3_2","WBWWGRHZICKQGZ",1
"primary","afekta","3_2","WGQKYBSKWIADBV",11
"primary","afekta","3_2","WZKXBGJNNCGHIC",1
"primary","afekta","3_3","AFBPFSWMIHJQDM",10
"primary","afekta","3_3","AGBQKNBQESQNJD",1
"primary","afekta","3_3","AVFZOVWCLRSYKC",38
"primary","afekta","3_3","CITHEXJVPOWHKC",1
"primary","afekta","3_3","DNXHEGUUPJUMQT",1
"primary","afekta","3_3","FOYHNROGBXVLLX",4
"primary","afekta","3_3","GHMLBKRAJCXXBS",15
"primary","afekta","3_3","JJMDCOVWQOJGCB",15
"primary","afekta","3_3","JKRDADVRIYVCCY",1
"primary","afekta","3_3","JLTDJTHDQAWBAV",1
"primary","afekta","3_3","JMOXSQYGVIXBBZ",1
"primary","afekta","3_3","KDCGOANMDULRCW",1
"primary","afekta","3_3","KPGXRSRHYNQIFN",5
"primary","afekta","3_3","KWIUHFFTVRNATP",1
"primary","afekta","3_3","LRTFPLFDLJYEKT",20
"primary","afekta","3_3","NKOUWLLFHNBUDW",1
"primary","afekta","3_3","OISVCGZHLKNMSJ",1
"primary","afekta","3_3","QIGBRXMKCJKVMJ",13
"primary","afekta","3_3","RJKFOVLPORLFTN",1
"primary","afekta","3_3","RNVCVTLRINQCPJ",8
"primary","afekta","3_3","UFFBMTHBGFGIHF",1
"primary","afekta","3_3","WGQKYBSKWIADBV",13
"primary","afekta","3_3","YCIMNLLNPGFGHC",14
"primary","afekta","3_3","ZDQWESQEGGJUCH",2
"primary","sirius_full_all_labs_all_mixtures.csv","sirius_full_all_labs_all_mixtures","ACWBBAGYTKWBCD",4
"primary","sirius_full_all_labs_all_mixtures.csv","sirius_full_all_labs_all_mixtures","AEFLONBTGZFSGQ",24
"primary","sirius_full_all_labs_all_mixtures.csv","sirius_full_all_labs_all_mixtures","AFBPFSWMIHJQDM",14
"primary","sirius_full_all_labs_all_mixtures.csv","sirius_full_all_labs_all_mixtures","AGPKZVBTJJNPAG",29
"primary","sirius_full_all_labs_all_mixtures.csv","sirius_full_all_labs_all_mixtures","AHLPHDHHMVZTML",1
"primary","sirius_full_all_labs_all_mixtures.csv","sirius_full_all_labs_all_mixtures","AIONOLUJZLIMTK",1
"primary","sirius_full_all_labs_all_mixtures.csv","sirius_full_all_labs_all_mixtures","ALHUZKCOMYUFRB",7
"primary","sirius_full_all_labs_all_mixtures.csv","sirius_full_all_labs_all_mixtures","APGLTERDKORUHK",62
"primary","sirius_full_all_labs_all_mixtures.csv","sirius_full_all_labs_all_mixtures","ASWBNKHCZGQVJV",1
"primary","sirius_full_all_labs_all_mixtures.csv","sirius_full_all_labs_all_mixtures","AVFZOVWCLRSYKC",48
"primary","sirius_full_all_labs_all_mixtures.csv","sirius_full_all_labs_all_mixtures","AYEKOFBPNLCAJY",1
"primary","sirius_full_all_labs_all_mixtures.csv","sirius_full_all_labs_all_mixtures","AYFVYJQAPQTCCC",1
"primary","sirius_full_all_labs_all_mixtures.csv","sirius_full_all_labs_all_mixtures","BAWFJGJZGIEFAR",3
"primary","sirius_full_all_labs_all_mixtures.csv","sirius_full_all_labs_all_mixtures","BBZCPUCZKLTAJQ",1
"primary","sirius_full_all_labs_all_mixtures.csv","sirius_full_all_labs_all_mixtures","BDJRBEYXGGNYIS",1
"primary","sirius_full_all_labs_all_mixtures.csv","sirius_full_all_labs_all_mixtures","BHHGXPLMPWCGHP",13
"primary","sirius_full_all_labs_all_mixtures.csv","sirius_full_all_labs_all_mixtures","BJJQJLOZWBZEGA",8
"primary","sirius_full_all_labs_all_mixtures.csv","sirius_full_all_labs_all_mixtures","BKAYIFDRRZZKNF",1
"primary","sirius_full_all_labs_all_mixtures.csv","sirius_full_all_labs_all_mixtures","BOPGDPNILDQYTO",1
"primary","sirius_full_all_labs_all_mixtures.csv","sirius_full_all_labs_all_mixtures","BPYKTIZUTYGOLE",5
"primary","sirius_full_all_labs_all_mixtures.csv","sirius_full_all_labs_all_mixtures","BTCSSZJGUNDROE",27
"primary","sirius_full_all_labs_all_mixtures.csv","sirius_full_all_labs_all_mixtures","BXWNKGSJHAJOGX",3
"primary","sirius_full_all_labs_all_mixtures.csv","sirius_full_all_labs_all_mixtures","BZQFBWGGLXLEPQ",1
"primary","sirius_full_all_labs_all_mixtures.csv","sirius_full_all_labs_all_mixtures","CAHKINHBCWCHCF",3
"primary","sirius_full_all_labs_all_mixtures.csv","sirius_full_all_labs_all_mixtures","CGQCWMIAEPEHNQ",1
"primary","sirius_full_all_labs_all_mixtures.csv","sirius_full_all_labs_all_mixtures","CHTHALBTIRVDBM",3
"primary","sirius_full_all_labs_all_mixtures.csv","sirius_full_all_labs_all_mixtures","CKLJMWTZIZZHCS",1
"primary","sirius_full_all_labs_all_mixtures.csv","sirius_full_all_labs_all_mixtures","COLNVLDHVKWLRT",36
"primary","sirius_full_all_labs_all_mixtures.csv","sirius_full_all_labs_all_mixtures","CQOVPNPJLQNMDC",1
"primary","sirius_full_all_labs_all_mixtures.csv","sirius_full_all_labs_all_mixtures","CVSVTCORWBXHQV",1
"primary","sirius_full_all_labs_all_mixtures.csv","sirius_full_all_labs_all_mixtures","CZMRCDWAGMRECN",6
"primary","sirius_full_all_labs_all_mixtures.csv","sirius_full_all_labs_all_mixtures","DCWXELXMIBXGTH",1
"primary","sirius_full_all_labs_all_mixtures.csv","sirius_full_all_labs_all_mixtures","DCXYFEDJOCDNAF",1
"primary","sirius_full_all_labs_all_mixtures.csv","sirius_full_all_labs_all_mixtures","DDRJAANPRJIHGJ",60
"primary","sirius_full_all_labs_all_mixtures.csv","sirius_full_all_labs_all_mixtures","DFPAKSUCGFBDDF",1
"primary","sirius_full_all_labs_all_mixtures.csv","sirius_full_all_labs_all_mixtures","DJJCXFVJDGTHFX",1
"primary","sirius_full_all_labs_all_mixtures.csv","sirius_full_all_labs_all_mixtures","DKEXFJVMVGETOO",12
"primary","sirius_full_all_labs_all_mixtures.csv","sirius_full_all_labs_all_mixtures","DLFVBJFMPXGRIB",24
"primary","sirius_full_all_labs_all_mixtures.csv","sirius_full_all_labs_all_mixtures","DOIRQSBPFJWKBE",1
"primary","sirius_full_all_labs_all_mixtures.csv","sirius_full_all_labs_all_mixtures","DOOTYTYQINUNNV",1
"primary","sirius_full_all_labs_all_mixtures.csv","sirius_full_all_labs_all_mixtures","DRTQHJPVMGBUCF",1
"primary","sirius_full_all_labs_all_mixtures.csv","sirius_full_all_labs_all_mixtures","DTERQYGMUDWYAZ",1
"primary","sirius_full_all_labs_all_mixtures.csv","sirius_full_all_labs_all_mixtures","DTOSIQBPPRVQHS",3
"primary","sirius_full_all_labs_all_mixtures.csv","sirius_full_all_labs_all_mixtures","DUUGKQCEGZLZNO",3
"primary","sirius_full_all_labs_all_mixtures.csv","sirius_full_all_labs_all_mixtures","DXNCZXXFRKPEPY",1
"primary","sirius_full_all_labs_all_mixtures.csv","sirius_full_all_labs_all_mixtures","DZTHIGRZJZPRDV",8
"primary","sirius_full_all_labs_all_mixtures.csv","sirius_full_all_labs_all_mixtures","FBUKVWPVBMHYJY",8
"primary","sirius_full_all_labs_all_mixtures.csv","sirius_full_all_labs_all_mixtures","FDGQSTZJBFJUBT",1
"primary","sirius_full_all_labs_all_mixtures.csv","sirius_full_all_labs_all_mixtures","FFDGPVCHZBVARC",4
"primary","sirius_full_all_labs_all_mixtures.csv","sirius_full_all_labs_all_mixtures","FFFHZYDWPBMWHY",1
"primary","sirius_full_all_labs_all_mixtures.csv","sirius_full_all_labs_all_mixtures","FOIPWTMKYXWFGC",1
"primary","sirius_full_all_labs_all_mixtures.csv","sirius_full_all_labs_all_mixtures","FOYHNROGBXVLLX",6
"primary","sirius_full_all_labs_all_mixtures.csv","sirius_full_all_labs_all_mixtures","FSYKKLYZXJSNPZ",4
"primary","sirius_full_all_labs_all_mixtures.csv","sirius_full_all_labs_all_mixtures","FUOOLUPWFVMBKG",7
"primary","sirius_full_all_labs_all_mixtures.csv","sirius_full_all_labs_all_mixtures","FYGDTMLNYKFZSV",1
"primary","sirius_full_all_labs_all_mixtures.csv","sirius_full_all_labs_all_mixtures","GBKGJMYPQZODMI",3
"primary","sirius_full_all_labs_all_mixtures.csv","sirius_full_all_labs_all_mixtures","GFFGJBXGBJISGV",1
"primary","sirius_full_all_labs_all_mixtures.csv","sirius_full_all_labs_all_mixtures","GHCZAUBVMUEKKP",1
"primary","sirius_full_all_labs_all_mixtures.csv","sirius_full_all_labs_all_mixtures","GOKKOFHHJFGZHW",4
"primary","sirius_full_all_labs_all_mixtures.csv","sirius_full_all_labs_all_mixtures","GRSZFWQUAKGDAV",1
"primary","sirius_full_all_labs_all_mixtures.csv","sirius_full_all_labs_all_mixtures","GSXOAOHZAIYLCY",1
"primary","sirius_full_all_labs_all_mixtures.csv","sirius_full_all_labs_all_mixtures","GTZCVFVGUGFEME",1
"primary","sirius_full_all_labs_all_mixtures.csv","sirius_full_all_labs_all_mixtures","GUBGYTABKSRVRQ",3
"primary","sirius_full_all_labs_all_mixtures.csv","sirius_full_all_labs_all_mixtures","GYCKQBWUSACYIF",2
"primary","sirius_full_all_labs_all_mixtures.csv","sirius_full_all_labs_all_mixtures","HDTRYLNUVZCQOY",4
"primary","sirius_full_all_labs_all_mixtures.csv","sirius_full_all_labs_all_mixtures","HEBKCHPVOIAQTA",1
"primary","sirius_full_all_labs_all_mixtures.csv","sirius_full_all_labs_all_mixtures","HIGQPQRQIQDZMP",12
"primary","sirius_full_all_labs_all_mixtures.csv","sirius_full_all_labs_all_mixtures","HLKXYZVTANABHZ",1
"primary","sirius_full_all_labs_all_mixtures.csv","sirius_full_all_labs_all_mixtures","HNDVDQJCIGZPNO",1
"primary","sirius_full_all_labs_all_mixtures.csv","sirius_full_all_labs_all_mixtures","HOKKHZGPKSLGJE",9
"primary","sirius_full_all_labs_all_mixtures.csv","sirius_full_all_labs_all_mixtures","HQHCYKULIHKCEB",14
"primary","sirius_full_all_labs_all_mixtures.csv","sirius_full_all_labs_all_mixtures","HSCJRCZFDFQWRP",1
"primary","sirius_full_all_labs_all_mixtures.csv","sirius_full_all_labs_all_mixtures","HVAMZGADVCBITI",25
"primary","sirius_full_all_labs_all_mixtures.csv","sirius_full_all_labs_all_mixtures","HXEACLLIILLPRG",1
"primary","sirius_full_all_labs_all_mixtures.csv","sirius_full_all_labs_all_mixtures","HXFOXFJUNFFYMO",1
"primary","sirius_full_all_labs_all_mixtures.csv","sirius_full_all_labs_all_mixtures","HXXFSFRBOHSIMQ",1
"primary","sirius_full_all_labs_all_mixtures.csv","sirius_full_all_labs_all_mixtures","IAVREABSGIHHMO",11
"primary","sirius_full_all_labs_all_mixtures.csv","sirius_full_all_labs_all_mixtures","IDIDJDIHTAOVLG",3
"primary","sirius_full_all_labs_all_mixtures.csv","sirius_full_all_labs_all_mixtures","IERHLVCPSMICTF",1
"primary","sirius_full_all_labs_all_mixtures.csv","sirius_full_all_labs_all_mixtures","IHCCAYCGZOLTEU",1
"primary","sirius_full_all_labs_all_mixtures.csv","sirius_full_all_labs_all_mixtures","IJCKBIINTQEGLY",1
"primary","sirius_full_all_labs_all_mixtures.csv","sirius_full_all_labs_all_mixtures","INCSQLZZXBPATR",15
"primary","sirius_full_all_labs_all_mixtures.csv","sirius_full_all_labs_all_mixtures","IPCSVZSSVZVIGE",1
"primary","sirius_full_all_labs_all_mixtures.csv","sirius_full_all_labs_all_mixtures","IQFYYKKMVGJFEH",3
"primary","sirius_full_all_labs_all_mixtures.csv","sirius_full_all_labs_all_mixtures","ISAKRJDGNUQOIC",1
"primary","sirius_full_all_labs_all_mixtures.csv","sirius_full_all_labs_all_mixtures","IVYPNXXAYMYVSP",22
"primary","sirius_full_all_labs_all_mixtures.csv","sirius_full_all_labs_all_mixtures","IWDCLRJOBJJRNH",1
"primary","sirius_full_all_labs_all_mixtures.csv","sirius_full_all_labs_all_mixtures","JBCLFWXMTIKCCB",9
"primary","sirius_full_all_labs_all_mixtures.csv","sirius_full_all_labs_all_mixtures","JCQLYHFGKNRPGE",12
"primary","sirius_full_all_labs_all_mixtures.csv","sirius_full_all_labs_all_mixtures","JFLIEFSWGNOPJJ",1
"primary","sirius_full_all_labs_all_mixtures.csv","sirius_full_all_labs_all_mixtures","JJIHLJJYMXLCOY",1
"primary","sirius_full_all_labs_all_mixtures.csv","sirius_full_all_labs_all_mixtures","JJMDCOVWQOJGCB",15
"primary","sirius_full_all_labs_all_mixtures.csv","sirius_full_all_labs_all_mixtures","JLTDJTHDQAWBAV",1
"primary","sirius_full_all_labs_all_mixtures.csv","sirius_full_all_labs_all_mixtures","JMOXSQYGVIXBBZ",2
"primary","sirius_full_all_labs_all_mixtures.csv","sirius_full_all_labs_all_mixtures","JOXIMZWYDAKGHI",1
"primary","sirius_full_all_labs_all_mixtures.csv","sirius_full_all_labs_all_mixtures","JPIJQSOTBSSVTP",1
"primary","sirius_full_all_labs_all_mixtures.csv","sirius_full_all_labs_all_mixtures","JSJWCHRYRHKBBW",1
"primary","sirius_full_all_labs_all_mixtures.csv","sirius_full_all_labs_all_mixtures","JYPHNHPXFNEZBR",4
"primary","sirius_full_all_labs_all_mixtures.csv","sirius_full_all_labs_all_mixtures","JZKXXXDKRQWDET",2
"primary","sirius_full_all_labs_all_mixtures.csv","sirius_full_all_labs_all_mixtures","KDCGOANMDULRCW",1
"primary","sirius_full_all_labs_all_mixtures.csv","sirius_full_all_labs_all_mixtures","KDXKERNSBIXSRK",1
"primary","sirius_full_all_labs_all_mixtures.csv","sirius_full_all_labs_all_mixtures","KHWCHTKSEGGWEX",1
"primary","sirius_full_all_labs_all_mixtures.csv","sirius_full_all_labs_all_mixtures","KKEYFWRCBNTPAC",10
"primary","sirius_full_all_labs_all_mixtures.csv","sirius_full_all_labs_all_mixtures","KKSDGJDHHZEWEP",4
"primary","sirius_full_all_labs_all_mixtures.csv","sirius_full_all_labs_all_mixtures","KMAKOBLIOCQGJP",20
"primary","sirius_full_all_labs_all_mixtures.csv","sirius_full_all_labs_all_mixtures","KMXXSJLYVJEBHI",9
"primary","sirius_full_all_labs_all_mixtures.csv","sirius_full_all_labs_all_mixtures","KNTFCRCCPLEUQZ",2
"primary","sirius_full_all_labs_all_mixtures.csv","sirius_full_all_labs_all_mixtures","KPGXRSRHYNQIFN",5
"primary","sirius_full_all_labs_all_mixtures.csv","sirius_full_all_labs_all_mixtures","KRKNYBCHXYNGOX",1
"primary","sirius_full_all_labs_all_mixtures.csv","sirius_full_all_labs_all_mixtures","KSMRODHGGIIXDV",1
"primary","sirius_full_all_labs_all_mixtures.csv","sirius_full_all_labs_all_mixtures","KTHDTJVBEPMMGL",1
"primary","sirius_full_all_labs_all_mixtures.csv","sirius_full_all_labs_all_mixtures","KVQGGLZHHFGHPU",88
"primary","sirius_full_all_labs_all_mixtures.csv","sirius_full_all_labs_all_mixtures","KWIUHFFTVRNATP",1
"primary","sirius_full_all_labs_all_mixtures.csv","sirius_full_all_labs_all_mixtures","KZNQNBZMBZJQJO",20
"primary","sirius_full_all_labs_all_mixtures.csv","sirius_full_all_labs_all_mixtures","KZSNJWFQEVHDMF",1
"primary","sirius_full_all_labs_all_mixtures.csv","sirius_full_all_labs_all_mixtures","LCQLHJZYVOQKHU",1
"primary","sirius_full_all_labs_all_mixtures.csv","sirius_full_all_labs_all_mixtures","LDCYZAJDBXYCGN",1
"primary","sirius_full_all_labs_all_mixtures.csv","sirius_full_all_labs_all_mixtures","LEGGANXCVQPIAI",10
"primary","sirius_full_all_labs_all_mixtures.csv","sirius_full_all_labs_all_mixtures","LEVWYRKDKASIDU",1
"primary","sirius_full_all_labs_all_mixtures.csv","sirius_full_all_labs_all_mixtures","LRQKBLKVPFOOQJ",47
"primary","sirius_full_all_labs_all_mixtures.csv","sirius_full_all_labs_all_mixtures","LRTFPLFDLJYEKT",13
"primary","sirius_full_all_labs_all_mixtures.csv","sirius_full_all_labs_all_mixtures","LTFMZDNNPPEQNG",1
"primary","sirius_full_all_labs_all_mixtures.csv","sirius_full_all_labs_all_mixtures","LXNHXLLTXMVWPM",17
"primary","sirius_full_all_labs_all_mixtures.csv","sirius_full_all_labs_all_mixtures","MOTZDAYCYVMXPC",1
"primary","sirius_full_all_labs_all_mixtures.csv","sirius_full_all_labs_all_mixtures","NBSCHQHZLSJFNQ",1
"primary","sirius_full_all_labs_all_mixtures.csv","sirius_full_all_labs_all_mixtures","NBZBKCUXIYYUSX",5
"primary","sirius_full_all_labs_all_mixtures.csv","sirius_full_all_labs_all_mixtures","NEUSVAOJNUQRTM",2
"primary","sirius_full_all_labs_all_mixtures.csv","sirius_full_all_labs_all_mixtures","NGSWKAQJJWESNS",1
"primary","sirius_full_all_labs_all_mixtures.csv","sirius_full_all_labs_all_mixtures","NHTGHBARYWONDQ",96
"primary","sirius_full_all_labs_all_mixtures.csv","sirius_full_all_labs_all_mixtures","NIDVTARKFBZMOT",1
"primary","sirius_full_all_labs_all_mixtures.csv","sirius_full_all_labs_all_mixtures","NTNWOCRCBQPEKQ",2
"primary","sirius_full_all_labs_all_mixtures.csv","sirius_full_all_labs_all_mixtures","NYHBQMYGNKIUIF",1
"primary","sirius_full_all_labs_all_mixtures.csv","sirius_full_all_labs_all_mixtures","NYOXRYYXRWJDKP",14
"primary","sirius_full_all_labs_all_mixtures.csv","sirius_full_all_labs_all_mixtures","OBETXYAYXDNJHR",25
"primary","sirius_full_all_labs_all_mixtures.csv","sirius_full_all_labs_all_mixtures","ODBLHEXUDAPZAU",1
"primary","sirius_full_all_labs_all_mixtures.csv","sirius_full_all_labs_all_mixtures","ODHCTXKNWHHXJC",1
"primary","sirius_full_all_labs_all_mixtures.csv","sirius_full_all_labs_all_mixtures","ODKSFYDXXFIFQN",1
"primary","sirius_full_all_labs_all_mixtures.csv","sirius_full_all_labs_all_mixtures","OFCNXPDARWKPPY",21
"primary","sirius_full_all_labs_all_mixtures.csv","sirius_full_all_labs_all_mixtures","OGHAROSJZRTIOK",18
"primary","sirius_full_all_labs_all_mixtures.csv","sirius_full_all_labs_all_mixtures","OIPILFWXSMYKGL",29
"primary","sirius_full_all_labs_all_mixtures.csv","sirius_full_all_labs_all_mixtures","OISVCGZHLKNMSJ",1
"primary","sirius_full_all_labs_all_mixtures.csv","sirius_full_all_labs_all_mixtures","OKJIRPAQVSHGFK",1
"primary","sirius_full_all_labs_all_mixtures.csv","sirius_full_all_labs_all_mixtures","OLNJUISKUQQNIM",2
"primary","sirius_full_all_labs_all_mixtures.csv","sirius_full_all_labs_all_mixtures","OLXZPDWKRNYJJZ",25
"primary","sirius_full_all_labs_all_mixtures.csv","sirius_full_all_labs_all_mixtures","OPTASPLRGRRNAP",1
"primary","sirius_full_all_labs_all_mixtures.csv","sirius_full_all_labs_all_mixtures","OSMAJVWUIUORGC",9
"primary","sirius_full_all_labs_all_mixtures.csv","sirius_full_all_labs_all_mixtures","OTCCIMWXFLJLIA",1
"primary","sirius_full_all_labs_all_mixtures.csv","sirius_full_all_labs_all_mixtures","OUYCCCASQSFEME",1
"primary","sirius_full_all_labs_all_mixtures.csv","sirius_full_all_labs_all_mixtures","OVBPIULPVIDEAO",1
"primary","sirius_full_all_labs_all_mixtures.csv","sirius_full_all_labs_all_mixtures","OVRNDRQMDRJTHS",1
"primary","sirius_full_all_labs_all_mixtures.csv","sirius_full_all_labs_all_mixtures","PCDQPRRSZKQHHS",1
"primary","sirius_full_all_labs_all_mixtures.csv","sirius_full_all_labs_all_mixtures","PGAVKCOVUIYSFO",1
"primary","sirius_full_all_labs_all_mixtures.csv","sirius_full_all_labs_all_mixtures","PLVPPLCLBIEYEA",1
"primary","sirius_full_all_labs_all_mixtures.csv","sirius_full_all_labs_all_mixtures","PMMYEEVYMWASQN",24
"primary","sirius_full_all_labs_all_mixtures.csv","sirius_full_all_labs_all_mixtures","PMZDQRJGMBOQBF",1
"primary","sirius_full_all_labs_all_mixtures.csv","sirius_full_all_labs_all_mixtures","PSQYTAPXSHCGMF",19
"primary","sirius_full_all_labs_all_mixtures.csv","sirius_full_all_labs_all_mixtures","PVXPPJIGRGXGCY",13
"primary","sirius_full_all_labs_all_mixtures.csv","sirius_full_all_labs_all_mixtures","PWKSKIMOESPYIA",1
"primary","sirius_full_all_labs_all_mixtures.csv","sirius_full_all_labs_all_mixtures","PXQPEWDEAKTCGB",2
"primary","sirius_full_all_labs_all_mixtures.csv","sirius_full_all_labs_all_mixtures","PYGXAGIECVVIOZ",1
"primary","sirius_full_all_labs_all_mixtures.csv","sirius_full_all_labs_all_mixtures","QCHPKSFMDHPSNR",6
"primary","sirius_full_all_labs_all_mixtures.csv","sirius_full_all_labs_all_mixtures","QIAFMBKCNZACKA",1
"primary","sirius_full_all_labs_all_mixtures.csv","sirius_full_all_labs_all_mixtures","QIVBCDIJIAJPQS",1
"primary","sirius_full_all_labs_all_mixtures.csv","sirius_full_all_labs_all_mixtures","QNAYBMKLOCPYGJ",9
"primary","sirius_full_all_labs_all_mixtures.csv","sirius_full_all_labs_all_mixtures","QRMZSPFSDQBLIX",11
"primary","sirius_full_all_labs_all_mixtures.csv","sirius_full_all_labs_all_mixtures","QUOGESRFPZDMMT",1
"primary","sirius_full_all_labs_all_mixtures.csv","sirius_full_all_labs_all_mixtures","QWCKQJZIFLGMSD",14
"primary","sirius_full_all_labs_all_mixtures.csv","sirius_full_all_labs_all_mixtures","QWVGKYWNOKOFNN",3
"primary","sirius_full_all_labs_all_mixtures.csv","sirius_full_all_labs_all_mixtures","QYSXJUFSXHHAJI",11
"primary","sirius_full_all_labs_all_mixtures.csv","sirius_full_all_labs_all_mixtures","RADKZDMFGJYCBB",1
"primary","sirius_full_all_labs_all_mixtures.csv","sirius_full_all_labs_all_mixtures","RDOXTESZEPMUJZ",11
"primary","sirius_full_all_labs_all_mixtures.csv","sirius_full_all_labs_all_mixtures","RFMMMVDNIPUKGG",1
"primary","sirius_full_all_labs_all_mixtures.csv","sirius_full_all_labs_all_mixtures","RGHHSNMVTDWUBI",1
"primary","sirius_full_all_labs_all_mixtures.csv","sirius_full_all_labs_all_mixtures","RHGKLRLOHDJJDR",1
"primary","sirius_full_all_labs_all_mixtures.csv","sirius_full_all_labs_all_mixtures","RLSSMJSEOOYNOY",2
"primary","sirius_full_all_labs_all_mixtures.csv","sirius_full_all_labs_all_mixtures","RNVCVTLRINQCPJ",10
"primary","sirius_full_all_labs_all_mixtures.csv","sirius_full_all_labs_all_mixtures","ROHFNLRQFUQHCH",43
"primary","sirius_full_all_labs_all_mixtures.csv","sirius_full_all_labs_all_mixtures","RQFCJASXJCIDSX",1
"primary","sirius_full_all_labs_all_mixtures.csv","sirius_full_all_labs_all_mixtures","RSTKLPZEZYGQPY",4
"primary","sirius_full_all_labs_all_mixtures.csv","sirius_full_all_labs_all_mixtures","RWSXRVCMGQZWBV",1
"primary","sirius_full_all_labs_all_mixtures.csv","sirius_full_all_labs_all_mixtures","RZVAJINKPMORJF",14
"primary","sirius_full_all_labs_all_mixtures.csv","sirius_full_all_labs_all_mixtures","SBJKKFFYIZUCET",16
"primary","sirius_full_all_labs_all_mixtures.csv","sirius_full_all_labs_all_mixtures","SIKJAQJRHWYJAI",1
"primary","sirius_full_all_labs_all_mixtures.csv","sirius_full_all_labs_all_mixtures","SMEROWZSTRWXGI",1
"primary","sirius_full_all_labs_all_mixtures.csv","sirius_full_all_labs_all_mixtures","SMNDYUVBFMFKNZ",2
"primary","sirius_full_all_labs_all_mixtures.csv","sirius_full_all_labs_all_mixtures","SMQUZDBALVYZAC",7
"primary","sirius_full_all_labs_all_mixtures.csv","sirius_full_all_labs_all_mixtures","SNDPXSYFESPGGJ",10
"primary","sirius_full_all_labs_all_mixtures.csv","sirius_full_all_labs_all_mixtures","SQVRNKJHWKZAKO",1
"primary","sirius_full_all_labs_all_mixtures.csv","sirius_full_all_labs_all_mixtures","SUHOOTKUPISOBE",1
"primary","sirius_full_all_labs_all_mixtures.csv","sirius_full_all_labs_all_mixtures","TUHVEAJXIMEOSA",14
"primary","sirius_full_all_labs_all_mixtures.csv","sirius_full_all_labs_all_mixtures","TYEYBOSBBBHJIV",18
"primary","sirius_full_all_labs_all_mixtures.csv","sirius_full_all_labs_all_mixtures","UCMIRNVEIXFBKS",5
"primary","sirius_full_all_labs_all_mixtures.csv","sirius_full_all_labs_all_mixtures","UCTLRSWJYQTBFZ",15
"primary","sirius_full_all_labs_all_mixtures.csv","sirius_full_all_labs_all_mixtures","UDMBCSSLTHHNCD",2
"primary","sirius_full_all_labs_all_mixtures.csv","sirius_full_all_labs_all_mixtures","UFFBMTHBGFGIHF",1
"primary","sirius_full_all_labs_all_mixtures.csv","sirius_full_all_labs_all_mixtures","UHDGCWIWMRVCDJ",4
"primary","sirius_full_all_labs_all_mixtures.csv","sirius_full_all_labs_all_mixtures","UIERETOOQGIECD",3
"primary","sirius_full_all_labs_all_mixtures.csv","sirius_full_all_labs_all_mixtures","UKAUYVFTDYCKQA",1
"primary","sirius_full_all_labs_all_mixtures.csv","sirius_full_all_labs_all_mixtures","UWKAYLJWKGQEPM",6
"primary","sirius_full_all_labs_all_mixtures.csv","sirius_full_all_labs_all_mixtures","UYTPUPDQBNUYGX",1
"primary","sirius_full_all_labs_all_mixtures.csv","sirius_full_all_labs_all_mixtures","UZCXPYDBYUEZCV",2
"primary","sirius_full_all_labs_all_mixtures.csv","sirius_full_all_labs_all_mixtures","UZTFMUBKZQVKLK",1
"primary","sirius_full_all_labs_all_mixtures.csv","sirius_full_all_labs_all_mixtures","VEYYWZRYIYDQJM",1
"primary","sirius_full_all_labs_all_mixtures.csv","sirius_full_all_labs_all_mixtures","VZIRCHXYMBFNFD",2
"primary","sirius_full_all_labs_all_mixtures.csv","sirius_full_all_labs_all_mixtures","VZXPDPZARILFQX",2
"primary","sirius_full_all_labs_all_mixtures.csv","sirius_full_all_labs_all_mixtures","WGQKYBSKWIADBV",20
"primary","sirius_full_all_labs_all_mixtures.csv","sirius_full_all_labs_all_mixtures","WHUUTDBJXJRKMK",1
"primary","sirius_full_all_labs_all_mixtures.csv","sirius_full_all_labs_all_mixtures","WPYMKLBDIGXBTP",17
"primary","sirius_full_all_labs_all_mixtures.csv","sirius_full_all_labs_all_mixtures","WRMNZCZEMHIOCP",16
"primary","sirius_full_all_labs_all_mixtures.csv","sirius_full_all_labs_all_mixtures","WTDRDQBEARUVNC",1
"primary","sirius_full_all_labs_all_mixtures.csv","sirius_full_all_labs_all_mixtures","WVDDGKGOMKODPV",2
"primary","sirius_full_all_labs_all_mixtures.csv","sirius_full_all_labs_all_mixtures","WVULKSPCQVQLCU",2
"primary","sirius_full_all_labs_all_mixtures.csv","sirius_full_all_labs_all_mixtures","XCCTYIAWTASOJW",1
"primary","sirius_full_all_labs_all_mixtures.csv","sirius_full_all_labs_all_mixtures","XHMJOUIAFHJHBW",1
"primary","sirius_full_all_labs_all_mixtures.csv","sirius_full_all_labs_all_mixtures","XIGSAGMEBXLVJJ",1
"primary","sirius_full_all_labs_all_mixtures.csv","sirius_full_all_labs_all_mixtures","XKUKSGPZAADMRA",1
"primary","sirius_full_all_labs_all_mixtures.csv","sirius_full_all_labs_all_mixtures","XNGIFLGASWRNHJ",1
"primary","sirius_full_all_labs_all_mixtures.csv","sirius_full_all_labs_all_mixtures","XQCZBXHVTFVIFE",13
"primary","sirius_full_all_labs_all_mixtures.csv","sirius_full_all_labs_all_mixtures","XTWYTFMLZFPYCI",1
"primary","sirius_full_all_labs_all_mixtures.csv","sirius_full_all_labs_all_mixtures","XUJNEKJLAYXESH",1
"primary","sirius_full_all_labs_all_mixtures.csv","sirius_full_all_labs_all_mixtures","XUYPXLNMDZIRQH",1
"primary","sirius_full_all_labs_all_mixtures.csv","sirius_full_all_labs_all_mixtures","YGPSJZOEDVAXAB",1
"primary","sirius_full_all_labs_all_mixtures.csv","sirius_full_all_labs_all_mixtures","YHHSONZFOIEMCP",1
"primary","sirius_full_all_labs_all_mixtures.csv","sirius_full_all_labs_all_mixtures","YMAWOPBAYDPSLA",11
"primary","sirius_full_all_labs_all_mixtures.csv","sirius_full_all_labs_all_mixtures","YPZRWBKMTBYPTK",1
"primary","sirius_full_all_labs_all_mixtures.csv","sirius_full_all_labs_all_mixtures","YSNWHRKJEKWJNY",18
"primary","sirius_full_all_labs_all_mixtures.csv","sirius_full_all_labs_all_mixtures","YYPNJNDODFVZLE",16
"primary","sirius_full_all_labs_all_mixtures.csv","sirius_full_all_labs_all_mixtures","ZBCBWPMODOFKDW",1
"primary","sirius_full_all_labs_all_mixtures.csv","sirius_full_all_labs_all_mixtures","ZDXPYRJPNDTMRX",1
"primary","sirius_full_all_labs_all_mixtures.csv","sirius_full_all_labs_all_mixtures","ZGXJTSGNIOSYLO",52
"primary","sirius_full_all_labs_all_mixtures.csv","sirius_full_all_labs_all_mixtures","ZOAMBXDOGPRZLP",8
"primary","sirius_full_all_labs_all_mixtures.csv","sirius_full_all_labs_all_mixtures","ZTVZLYBCZNMWCF",1
"primary","sirius_full_all_labs_all_mixtures.csv","sirius_full_all_labs_all_mixtures","ZXYAAVBXHKCJJB",1
"primary","cembio","1_1","AYFVYJQAPQTCCC",1
"primary","cembio","1_1","CAHKINHBCWCHCF",18
"primary","cembio","1_1","CQOVPNPJLQNMDC",1
"primary","cembio","1_1","DCWXELXMIBXGTH",1
"primary","cembio","1_1","DJJCXFVJDGTHFX",1
"primary","cembio","1_1","DKEXFJVMVGETOO",6
"primary","cembio","1_1","DTERQYGMUDWYAZ",1
"primary","cembio","1_1","HXFOXFJUNFFYMO",2
"primary","cembio","1_1","JJMDCOVWQOJGCB",14
"primary","cembio","1_1","JMOXSQYGVIXBBZ",2
"primary","cembio","1_1","KDXKERNSBIXSRK",1
"primary","cembio","1_1","KNTFCRCCPLEUQZ",2
"primary","cembio","1_1","KWIUHFFTVRNATP",1
"primary","cembio","1_1","KZSNJWFQEVHDMF",2
"primary","cembio","1_1","LDCYZAJDBXYCGN",1
"primary","cembio","1_1","OVRNDRQMDRJTHS",1
"primary","cembio","1_1","PWKSKIMOESPYIA",1
"primary","cembio","1_1","RHGKLRLOHDJJDR",1
"primary","cembio","1_1","RQFCJASXJCIDSX",1
"primary","cembio","1_1","RWSXRVCMGQZWBV",1
"primary","cembio","1_1","UKAUYVFTDYCKQA",1
"primary","cembio","1_1","VEYYWZRYIYDQJM",1
"primary","cembio","1_1","XHMJOUIAFHJHBW",1
"primary","cembio","1_1","ZTVZLYBCZNMWCF",1
"primary","cembio","1_2","BAWFJGJZGIEFAR",1
"primary","cembio","1_2","BKAYIFDRRZZKNF",1
"primary","cembio","1_2","DTERQYGMUDWYAZ",1
"primary","cembio","1_2","FFDGPVCHZBVARC",1
"primary","cembio","1_2","FUOOLUPWFVMBKG",3
"primary","cembio","1_2","GRSZFWQUAKGDAV",1
"primary","cembio","1_2","IERHLVCPSMICTF",1
"primary","cembio","1_2","KSMRODHGGIIXDV",1
"primary","cembio","1_2","KTHDTJVBEPMMGL",1
"primary","cembio","1_2","LCQLHJZYVOQKHU",1
"primary","cembio","1_2","NIDVTARKFBZMOT",1
"primary","cembio","1_2","OTCCIMWXFLJLIA",1
"primary","cembio","1_2","OVBPIULPVIDEAO",1
"primary","cembio","1_2","PMMYEEVYMWASQN",4
"primary","cembio","1_2","QCHPKSFMDHPSNR",5
"primary","cembio","1_2","QIVBCDIJIAJPQS",1
"primary","cembio","1_2","QWCKQJZIFLGMSD",17
"primary","cembio","1_2","RWSXRVCMGQZWBV",3
"primary","cembio","1_2","UZCXPYDBYUEZCV",8
"primary","cembio","1_2","VEYYWZRYIYDQJM",8
"primary","cembio","1_2","XIGSAGMEBXLVJJ",1
"primary","cembio","1_2","YGPSJZOEDVAXAB",1
"primary","cembio","1_2","ZGXJTSGNIOSYLO",32
"primary","cembio","1_3","AHLPHDHHMVZTML",1
"primary","cembio","1_3","DCXYFEDJOCDNAF",1
"primary","cembio","1_3","DKEXFJVMVGETOO",4
"primary","cembio","1_3","DTERQYGMUDWYAZ",1
"primary","cembio","1_3","FFDGPVCHZBVARC",2
"primary","cembio","1_3","FUOOLUPWFVMBKG",2
"primary","cembio","1_3","GSXOAOHZAIYLCY",7
"primary","cembio","1_3","HLKXYZVTANABHZ",1
"primary","cembio","1_3","HSCJRCZFDFQWRP",1
"primary","cembio","1_3","HXXFSFRBOHSIMQ",2
"primary","cembio","1_3","JSJWCHRYRHKBBW",1
"primary","cembio","1_3","KRKNYBCHXYNGOX",1
"primary","cembio","1_3","NBSCHQHZLSJFNQ",1
"primary","cembio","1_3","NYHBQMYGNKIUIF",1
"primary","cembio","1_3","ODBLHEXUDAPZAU",1
"primary","cembio","1_3","ODKSFYDXXFIFQN",1
"primary","cembio","1_3","QCHPKSFMDHPSNR",5
"primary","cembio","1_3","QWCKQJZIFLGMSD",6
"primary","cembio","1_3","RFMMMVDNIPUKGG",1
"primary","cembio","1_3","SQVRNKJHWKZAKO",1
"primary","cembio","1_3","UZCXPYDBYUEZCV",10
"primary","cembio","1_3","VEYYWZRYIYDQJM",1
"primary","cembio","1_3","WTDRDQBEARUVNC",1
"primary","cembio","1_3","XCCTYIAWTASOJW",1
"primary","cembio","1_3","XUJNEKJLAYXESH",1
"primary","cembio","1_3","YMAWOPBAYDPSLA",2
"primary","cembio","1_4","BTCSSZJGUNDROE",14
"primary","cembio","1_4","BZQFBWGGLXLEPQ",1
"primary","cembio","1_4","CVSVTCORWBXHQV",1
"primary","cembio","1_4","DRTQHJPVMGBUCF",1
"primary","cembio","1_4","FUOOLUPWFVMBKG",10
"primary","cembio","1_4","HEBKCHPVOIAQTA",1
"primary","cembio","1_4","HOKKHZGPKSLGJE",5
"primary","cembio","1_4","HSCJRCZFDFQWRP",1
"primary","cembio","1_4","JFLIEFSWGNOPJJ",1
"primary","cembio","1_4","JJIHLJJYMXLCOY",1
"primary","cembio","1_4","KDXKERNSBIXSRK",1
"primary","cembio","1_4","KHWCHTKSEGGWEX",1
"primary","cembio","1_4","KMXXSJLYVJEBHI",2
"primary","cembio","1_4","KRKNYBCHXYNGOX",1
"primary","cembio","1_4","LTFMZDNNPPEQNG",1
"primary","cembio","1_4","NTNWOCRCBQPEKQ",1
"primary","cembio","1_4","ODBLHEXUDAPZAU",2
"primary","cembio","1_4","QCHPKSFMDHPSNR",1
"primary","cembio","1_4","QUOGESRFPZDMMT",1
"primary","cembio","1_4","QWCKQJZIFLGMSD",12
"primary","cembio","1_4","SUHOOTKUPISOBE",1
"primary","cembio","1_4","UDMBCSSLTHHNCD",1
"primary","cembio","1_4","UZCXPYDBYUEZCV",8
"primary","cembio","1_4","VZXPDPZARILFQX",1
"primary","cembio","1_4","WHUUTDBJXJRKMK",1
"primary","cembio","1_4","YPZRWBKMTBYPTK",1
"primary","cembio","1_5","AEFLONBTGZFSGQ",3
"primary","cembio","1_5","AWUCVROLDVIAJX",1
"primary","cembio","1_5","AYFVYJQAPQTCCC",1
"primary","cembio","1_5","CAHKINHBCWCHCF",1
"primary","cembio","1_5","CKLJMWTZIZZHCS",1
"primary","cembio","1_5","DHCLVCXQIBBOPH",2
"primary","cembio","1_5","GSXOAOHZAIYLCY",14
"primary","cembio","1_5","HOKKHZGPKSLGJE",4
"primary","cembio","1_5","HXXFSFRBOHSIMQ",4
"primary","cembio","1_5","JJIHLJJYMXLCOY",15
"primary","cembio","1_5","KNTFCRCCPLEUQZ",1
"primary","cembio","1_5","KTHDTJVBEPMMGL",1
"primary","cembio","1_5","LEVWYRKDKASIDU",1
"primary","cembio","1_5","MTCFGRXMJLQNBG",1
"primary","cembio","1_5","NBSCHQHZLSJFNQ",1
"primary","cembio","1_5","NBZBKCUXIYYUSX",2
"primary","cembio","1_5","ODKSFYDXXFIFQN",1
"primary","cembio","1_5","PECYZEOJVXMISF",1
"primary","cembio","1_5","PMMYEEVYMWASQN",18
"primary","cembio","1_5","SNPLKNRPJHDVJA",18
"primary","cembio","1_5","UHDGCWIWMRVCDJ",1
"primary","cembio","1_5","VYAMLSCELQQRAE",19
"primary","cembio","1_5","VZXPDPZARILFQX",3
"primary","cembio","1_5","WHUUTDBJXJRKMK",1
"primary","cembio","1_5","XVOYSCVBGLVSOL",1
"primary","cembio","1_5","ZDXPYRJPNDTMRX",1
"primary","cembio","1_5","ZGXJTSGNIOSYLO",3
"primary","cembio","1_6","ACWBBAGYTKWBCD",1
"primary","cembio","1_6","AYFVYJQAPQTCCC",1
"primary","cembio","1_6","DCWXELXMIBXGTH",1
"primary","cembio","1_6","HEBKCHPVOIAQTA",1
"primary","cembio","1_6","HNDVDQJCIGZPNO",1
"primary","cembio","1_6","KNTFCRCCPLEUQZ",6
"primary","cembio","1_6","MTCFGRXMJLQNBG",1
"primary","cembio","1_6","QEFRNWWLZKMPFJ",1
"primary","cembio","1_6","SNEIUMQYRCDYCH",1
"primary","cembio","1_6","UKAUYVFTDYCKQA",20
"primary","cembio","1_6","VVIAGPKUTFNRDU",4
"primary","cembio","2_1","AGPKZVBTJJNPAG",1
"primary","cembio","2_1","CGQCWMIAEPEHNQ",1
"primary","cembio","2_1","COLNVLDHVKWLRT",1
"primary","cembio","2_1","DVNYTAVYBRSTGK",1
"primary","cembio","2_1","HGINADPHJQTSKN",4
"primary","cembio","2_1","HXNFUBHNUDHIGC",2
"primary","cembio","2_1","JBCLFWXMTIKCCB",1
"primary","cembio","2_1","JFCQEDHGNNZCLN",2
"primary","cembio","2_1","JMSVCTWVEWCHDZ",15
"primary","cembio","2_1","KDYFGRWQOYBRFD",1
"primary","cembio","2_1","LRFVTYWOQMYALW",1
"primary","cembio","2_1","LRQKBLKVPFOOQJ",4
"primary","cembio","2_1","LUCHPKXVUGJYGU",1
"primary","cembio","2_1","MAYCICSNZYXLHB",11
"primary","cembio","2_1","NHZMQXZHNVQTQA",1
"primary","cembio","2_1","OIRDTQYFTABQOQ",2
"primary","cembio","2_1","PXQPEWDEAKTCGB",2
"primary","cembio","2_1","QHGUCRYDKWKLMG",6
"primary","cembio","2_1","ROHFNLRQFUQHCH",1
"primary","cembio","2_1","SLXKOJJOQWFEFD",20
"primary","cembio","2_1","UKFXDFUAPNAMPJ",1
"primary","cembio","2_1","VYFYYTLLBUKUHU",1
"primary","cembio","2_1","WXUAQHNMJWJLTG",2
"primary","cembio","2_1","YKBGVTZYEHREMT",1
"primary","cembio","2_1","ZIYVHBGGAOATLY",1
"primary","cembio","2_1","ZXYAAVBXHKCJJB",1
"primary","cembio","2_10","BEBCJVAWIBVWNZ",2
"primary","cembio","2_10","DIVQKHQLANKJQO",4
"primary","cembio","2_10","DUUGKQCEGZLZNO",1
"primary","cembio","2_10","GJAWHXHKYYXBSV",1
"primary","cembio","2_10","HXEACLLIILLPRG",1
"primary","cembio","2_10","IHYJTAOFMMMOPX",6
"primary","cembio","2_10","ISAKRJDGNUQOIC",6
"primary","cembio","2_10","LEHOTFFKMJEONL",1
"primary","cembio","2_10","LOIYMIARKYCTBW",1
"primary","cembio","2_10","LVRFTAZAXQPQHI",2
"primary","cembio","2_10","MBIQENSCDNJOIY",7
"primary","cembio","2_10","NGEWQZIDQIYUNV",4
"primary","cembio","2_10","PMMYEEVYMWASQN",1
"primary","cembio","2_10","WJJMNDUMQPNECX",6
"primary","cembio","2_10","XLTJXJJMUFDQEZ",18
"primary","cembio","2_10","ZGXJTSGNIOSYLO",12
"primary","cembio","2_10","ZRQXMKMBBMNNQC",1
"primary","cembio","2_2","AUYYCJSJGJYCDS",1
"primary","cembio","2_2","BVWTXUYLKBHMOX",17
"primary","cembio","2_2","CBQJSKKFNMDLON",1
"primary","cembio","2_2","DUHQIGLHYXLKAE",1
"primary","cembio","2_2","DZGWFCGJZKJUFP",1
"primary","cembio","2_2","FFEARJCKVFRZRR",1
"primary","cembio","2_2","GNMSLDIYJOSUSW",1
"primary","cembio","2_2","HCZHHEIFKROPDY",2
"primary","cembio","2_2","HGINADPHJQTSKN",16
"primary","cembio","2_2","HXNFUBHNUDHIGC",1
"primary","cembio","2_2","IGMNYECMUMZDDF",10
"primary","cembio","2_2","IZZIWIAOVZOBLF",1
"primary","cembio","2_2","JFCQEDHGNNZCLN",1
"primary","cembio","2_2","JMOXSQYGVIXBBZ",2
"primary","cembio","2_2","KKSDGJDHHZEWEP",1
"primary","cembio","2_2","KWIUHFFTVRNATP",1
"primary","cembio","2_2","LRFVTYWOQMYALW",2
"primary","cembio","2_2","NGSWKAQJJWESNS",3
"primary","cembio","2_2","ODHCTXKNWHHXJC",1
"primary","cembio","2_2","OMFXVFTZEKFJBZ",1
"primary","cembio","2_2","PKLPQOJFHFGVBS",11
"primary","cembio","2_2","QRMZSPFSDQBLIX",10
"primary","cembio","2_2","SYEOWUNSTUDKGM",4
"primary","cembio","2_2","TYEYBOSBBBHJIV",1
"primary","cembio","2_2","UKFXDFUAPNAMPJ",4
"primary","cembio","2_2","UQTZMGFTRHFAAM",1
"primary","cembio","2_2","VVNCNSJFMMFHPL",11
"primary","cembio","2_2","WKOLLVMJNQIZCI",5
"primary","cembio","2_2","WLJVNTCWHIRURA",7
"primary","cembio","2_2","WXUAQHNMJWJLTG",7
"primary","cembio","2_2","YBJHBAHKTGYVGT",1
"primary","cembio","2_3","AEFLONBTGZFSGQ",1
"primary","cembio","2_3","AXFYFNCPONWUHW",2
"primary","cembio","2_3","BJEPYKJPYRNKOW",1
"primary","cembio","2_3","BLHCMGRVFXRYRN",1
"primary","cembio","2_3","BRARRAHGNDUELT",5
"primary","cembio","2_3","BRRSNXCXLSVPFC",2
"primary","cembio","2_3","BTCSSZJGUNDROE",3
"primary","cembio","2_3","BTJIUGUIPKRLHP",20
"primary","cembio","2_3","CCVYRRGZDBSHFU",4
"primary","cembio","2_3","DZTHIGRZJZPRDV",1
"primary","cembio","2_3","FFDGPVCHZBVARC",7
"primary","cembio","2_3","FUOOLUPWFVMBKG",2
"primary","cembio","2_3","FVMDYYGIDFPZAX",2
"primary","cembio","2_3","JDTWZSUNGHMMJM",1
"primary","cembio","2_3","JKLRIMRKZBSSED",1
"primary","cembio","2_3","JOXIMZWYDAKGHI",1
"primary","cembio","2_3","LDCRTTXIJACKKU",11
"primary","cembio","2_3","LNTHITQWFMADLM",1
"primary","cembio","2_3","LTFHNKUKQYVHDX",15
"primary","cembio","2_3","LZCLXQDLBQLTDK",9
"primary","cembio","2_3","MBIQENSCDNJOIY",13
"primary","cembio","2_3","MVAWJSIDNICKHF",1
"primary","cembio","2_3","MXHRCPNRJAMMIM",1
"primary","cembio","2_3","NGEWQZIDQIYUNV",1
"primary","cembio","2_3","ONFOSYPQQXJWGS",1
"primary","cembio","2_3","ONIBWKKTOPOVIA",1
"primary","cembio","2_3","PECYZEOJVXMISF",1
"primary","cembio","2_3","PRJKNHOMHKJCEJ",1
"primary","cembio","2_3","QAFBDRSXXHEXGB",3
"primary","cembio","2_3","QCHPKSFMDHPSNR",1
"primary","cembio","2_3","QWCKQJZIFLGMSD",4
"primary","cembio","2_3","QZAYGJVTTNCVMB",1
"primary","cembio","2_3","RWQNBRDOKXIBIV",1
"primary","cembio","2_3","UCTWMZQNUQWSLP",1
"primary","cembio","2_3","UZCXPYDBYUEZCV",4
"primary","cembio","2_3","VGONTNSXDCQUGY",1
"primary","cembio","2_3","VYAMLSCELQQRAE",19
"primary","cembio","2_3","WXNXCEHXYPACJF",2
"primary","cembio","2_3","XQXPVVBIMDBYFF",5
"primary","cembio","2_3","YHGNXQAFNHCBTK",6
"primary","cembio","2_3","ZDXPYRJPNDTMRX",1
"primary","cembio","2_4","ASWBNKHCZGQVJV",3
"primary","cembio","2_4","CIWBSHSKHKDKBQ",2
"primary","cembio","2_4","DDRJAANPRJIHGJ",4
"primary","cembio","2_4","DKMROQRQHGEIOW",9
"primary","cembio","2_4","HGINADPHJQTSKN",15
"primary","cembio","2_4","HNEGQIOMVPPMNR",2
"primary","cembio","2_4","HVRZYSHVZOELOH",5
"primary","cembio","2_4","JACRWUWPXAESPB",9
"primary","cembio","2_4","JFCQEDHGNNZCLN",2
"primary","cembio","2_4","JLSKPBDKNIXMBS",1
"primary","cembio","2_4","JTEJPPKMYBDEMY",1
"primary","cembio","2_4","JYGXADMDTFJGBT",1
"primary","cembio","2_4","KIWQWJKWBHZMDT",3
"primary","cembio","2_4","KQTIIICEAUMSDG",13
"primary","cembio","2_4","LJUQGASMPRMWIW",1
"primary","cembio","2_4","LVHBHZANLOWSRM",1
"primary","cembio","2_4","NMHMNPHRMNGLLB",7
"primary","cembio","2_4","OIRDTQYFTABQOQ",1
"primary","cembio","2_4","OLXZPDWKRNYJJZ",1
"primary","cembio","2_4","OVRNDRQMDRJTHS",2
"primary","cembio","2_4","PHIQHXFUZVPYII",1
"primary","cembio","2_4","QVWAEZJXDYOKEH",16
"primary","cembio","2_4","TUHVEAJXIMEOSA",1
"primary","cembio","2_4","UDSFAEKRVUSQDD",11
"primary","cembio","2_4","UKFXDFUAPNAMPJ",3
"primary","cembio","2_4","UYUXSRADSPPKRZ",1
"primary","cembio","2_4","VOXXWSYKYCBWHO",3
"primary","cembio","2_4","WXUAQHNMJWJLTG",1
"primary","cembio","2_4","YFTGOBNOJKXZJC",1
"primary","cembio","2_4","YKBGVTZYEHREMT",4
"primary","cembio","2_4","ZHMMPVANGNPCBW",14
"primary","cembio","2_5","BEJNERDRQOWKJM",7
"primary","cembio","2_5","BHHGXPLMPWCGHP",1
"primary","cembio","2_5","BVQVLAIMHVDZEL",13
"primary","cembio","2_5","CLFRCXCBWIQVRN",7
"primary","cembio","2_5","DCXYFEDJOCDNAF",11
"primary","cembio","2_5","DVNYTAVYBRSTGK",15
"primary","cembio","2_5","FBZONXHGGPHHIY",1
"primary","cembio","2_5","FDGQSTZJBFJUBT",1
"primary","cembio","2_5","FJKROLUGYXJWQN",4
"primary","cembio","2_5","HMFHBZSHGGEWLO",2
"primary","cembio","2_5","IHYJTAOFMMMOPX",1
"primary","cembio","2_5","IJFXRHURBJZNAO",11
"primary","cembio","2_5","JLTDJTHDQAWBAV",14
"primary","cembio","2_5","JSJWCHRYRHKBBW",1
"primary","cembio","2_5","KTHDTJVBEPMMGL",10
"primary","cembio","2_5","LUSZGTFNYDARNI",16
"primary","cembio","2_5","MUBZPKHOEPUJKR",1
"primary","cembio","2_5","ODHCTXKNWHHXJC",1
"primary","cembio","2_5","OFCNXPDARWKPPY",8
"primary","cembio","2_5","OJUGVDODNPJEEC",5
"primary","cembio","2_5","PCSKKIUURRTAEM",1
"primary","cembio","2_5","PMMYEEVYMWASQN",1
"primary","cembio","2_5","PVNIIMVLHYAWGP",2
"primary","cembio","2_5","RADKZDMFGJYCBB",1
"primary","cembio","2_5","RBNPOMFGQQGHHO",1
"primary","cembio","2_5","RFMMMVDNIPUKGG",5
"primary","cembio","2_5","RGHNJXZEOKUKBD",1
"primary","cembio","2_5","RQEUFEKYXDPUSK",2
"primary","cembio","2_5","SIOXPEMLGUPBBT",1
"primary","cembio","2_5","SRBFZHDQGSBBOR",1
"primary","cembio","2_5","TWBYWOBDOCUKOW",2
"primary","cembio","2_5","TXXHDPDFNKHHGW",1
"primary","cembio","2_5","UBQKCCHYAOITMY",1
"primary","cembio","2_5","UFFBMTHBGFGIHF",1
"primary","cembio","2_5","UGQMRVRMYYASKQ",1
"primary","cembio","2_5","WBYWAXJHAXSJNI",5
"primary","cembio","2_5","YGSDEFSMJLZEOE",1
"primary","cembio","2_5","YMAWOPBAYDPSLA",1
"primary","cembio","2_5","ZGXJTSGNIOSYLO",1
"primary","cembio","2_5","ZRQXMKMBBMNNQC",5
"primary","cembio","2_6","AFENDNXGAFYKQO",1
"primary","cembio","2_6","ALRHLSYJTWAHJZ",3
"primary","cembio","2_6","BKAJNAXTPSGJCU",2
"primary","cembio","2_6","BSYNRYMUTXBXSQ",2
"primary","cembio","2_6","BWLBGMIXKSTLSX",2
"primary","cembio","2_6","DUHQIGLHYXLKAE",2
"primary","cembio","2_6","FCCDDURTIIUXBY",1
"primary","cembio","2_6","FSVCELGFZIQNCK",17
"primary","cembio","2_6","HNJBEVLQSNELDL",3
"primary","cembio","2_6","IYXGSMUGOJNHAZ",22
"primary","cembio","2_6","JDBGXEHEIRGOBU",1
"primary","cembio","2_6","JMOXSQYGVIXBBZ",2
"primary","cembio","2_6","JVQYSWDUAOAHFM",6
"primary","cembio","2_6","JVTAAEKCZFNVCJ",8
"primary","cembio","2_6","JYVXNLLUYHCIIH",2
"primary","cembio","2_6","KKADPXVIOXHVKN",1
"primary","cembio","2_6","KPGXRSRHYNQIFN",1
"primary","cembio","2_6","KVQGGLZHHFGHPU",18
"primary","cembio","2_6","KWIUHFFTVRNATP",1
"primary","cembio","2_6","KZSNJWFQEVHDMF",8
"primary","cembio","2_6","LPEKGGXMPWTOCB",10
"primary","cembio","2_6","MNQZXJOMYWMBOU",1
"primary","cembio","2_6","NRSCPTLHWVWLLH",7
"primary","cembio","2_6","PVNIIMVLHYAWGP",1
"primary","cembio","2_6","RXKJFZQQPQGTFL",4
"primary","cembio","2_6","SIOXPEMLGUPBBT",3
"primary","cembio","2_6","SNDPXSYFESPGGJ",4
"primary","cembio","2_6","SYEOWUNSTUDKGM",1
"primary","cembio","2_6","TWBYWOBDOCUKOW",1
"primary","cembio","2_6","UBORTCNDUKBEOP",1
"primary","cembio","2_6","UOBSVARXACCLLH",10
"primary","cembio","2_6","UTYVDVLMYQPLQB",1
"primary","cembio","2_6","UYTPUPDQBNUYGX",1
"primary","cembio","2_6","WHBMMWSBFZVSSR",15
"primary","cembio","2_6","WLJVNTCWHIRURA",4
"primary","cembio","2_6","YOEBAVRJHRCKRE",2
"primary","cembio","2_6","YSIKHBWUBSFBRZ",15
"primary","cembio","2_7","BTCSSZJGUNDROE",4
"primary","cembio","2_7","CCVYRRGZDBSHFU",2
"primary","cembio","2_7","CKOMXBHMKXXTNW",1
"primary","cembio","2_7","DRLFMBDRBRZALE",1
"primary","cembio","2_7","DUHQIGLHYXLKAE",1
"primary","cembio","2_7","FFDGPVCHZBVARC",5
"primary","cembio","2_7","FSASIHFSFGAIJM",2
"primary","cembio","2_7","FSYKKLYZXJSNPZ",3
"primary","cembio","2_7","FUOOLUPWFVMBKG",11
"primary","cembio","2_7","FVMDYYGIDFPZAX",1
"primary","cembio","2_7","HVRZYSHVZOELOH",19
"primary","cembio","2_7","HXACOUQIXZGNBF",1
"primary","cembio","2_7","HZAXFHJVJLSVMW",2
"primary","cembio","2_7","IJCKBIINTQEGLY",1
"primary","cembio","2_7","INCSQLZZXBPATR",1
"primary","cembio","2_7","IWYDHOAUDWTVEP",5
"primary","cembio","2_7","IYXGSMUGOJNHAZ",16
"primary","cembio","2_7","JDTWZSUNGHMMJM",1
"primary","cembio","2_7","KDYFGRWQOYBRFD",1
"primary","cembio","2_7","OIRDTQYFTABQOQ",1
"primary","cembio","2_7","OVRNDRQMDRJTHS",1
"primary","cembio","2_7","QCHPKSFMDHPSNR",3
"primary","cembio","2_7","QNAYBMKLOCPYGJ",2
"primary","cembio","2_7","QWCKQJZIFLGMSD",20
"primary","cembio","2_7","RADKZDMFGJYCBB",1
"primary","cembio","2_7","SYEOWUNSTUDKGM",7
"primary","cembio","2_7","UCMIRNVEIXFBKS",1
"primary","cembio","2_7","UFAHZIUFPNSHSL",1
"primary","cembio","2_7","UZCXPYDBYUEZCV",1
"primary","cembio","2_7","UZTFMUBKZQVKLK",1
"primary","cembio","2_7","WXNXCEHXYPACJF",2
"primary","cembio","2_7","XQXPVVBIMDBYFF",3
"primary","cembio","2_7","YKBGVTZYEHREMT",3
"primary","cembio","2_7","YPTJKHVBDCRKNF",8
"primary","cembio","2_7","YTFVRYKNXDADBI",23
"primary","cembio","2_7","ZIYVHBGGAOATLY",4
"primary","cembio","2_8","ALRHLSYJTWAHJZ",7
"primary","cembio","2_8","BTCSSZJGUNDROE",18
"primary","cembio","2_8","CCVYRRGZDBSHFU",2
"primary","cembio","2_8","DUHQIGLHYXLKAE",4
"primary","cembio","2_8","FFDGPVCHZBVARC",3
"primary","cembio","2_8","FUOOLUPWFVMBKG",8
"primary","cembio","2_8","FVMDYYGIDFPZAX",1
"primary","cembio","2_8","HZAXFHJVJLSVMW",1
"primary","cembio","2_8","IJCKBIINTQEGLY",35
"primary","cembio","2_8","INCSQLZZXBPATR",32
"primary","cembio","2_8","IWYDHOAUDWTVEP",9
"primary","cembio","2_8","IYXGSMUGOJNHAZ",12
"primary","cembio","2_8","JDTWZSUNGHMMJM",1
"primary","cembio","2_8","JVTAAEKCZFNVCJ",1
"primary","cembio","2_8","KDYFGRWQOYBRFD",1
"primary","cembio","2_8","LTFHNKUKQYVHDX",15
"primary","cembio","2_8","MNQZXJOMYWMBOU",5
"primary","cembio","2_8","OIRDTQYFTABQOQ",2
"primary","cembio","2_8","QCHPKSFMDHPSNR",1
"primary","cembio","2_8","QWCKQJZIFLGMSD",11
"primary","cembio","2_8","RADKZDMFGJYCBB",5
"primary","cembio","2_8","RXKJFZQQPQGTFL",10
"primary","cembio","2_8","SYEOWUNSTUDKGM",9
"primary","cembio","2_8","UFAHZIUFPNSHSL",3
"primary","cembio","2_8","UZCXPYDBYUEZCV",2
"primary","cembio","2_8","UZTFMUBKZQVKLK",16
"primary","cembio","2_8","WLDWSGZHNBANIO",22
"primary","cembio","2_8","WLJVNTCWHIRURA",8
"primary","cembio","2_8","WXNXCEHXYPACJF",2
"primary","cembio","2_8","XQXPVVBIMDBYFF",5
"primary","cembio","2_8","YKBGVTZYEHREMT",3
"primary","cembio","2_8","ZFRKQXVRDFCRJG",19
"primary","cembio","2_8","ZIYVHBGGAOATLY",16
"primary","cembio","2_9","AGPKZVBTJJNPAG",1
"primary","cembio","2_9","ALRHLSYJTWAHJZ",8
"primary","cembio","2_9","CFFZDZCDUFSOFZ",1
"primary","cembio","2_9","CGQCWMIAEPEHNQ",1
"primary","cembio","2_9","DBZAKQWXICEWNW",16
"primary","cembio","2_9","DFPAKSUCGFBDDF",1
"primary","cembio","2_9","IGMNYECMUMZDDF",1
"primary","cembio","2_9","INGSNVSERUZOAK",1
"primary","cembio","2_9","JMSVCTWVEWCHDZ",11
"primary","cembio","2_9","JVTAAEKCZFNVCJ",1
"primary","cembio","2_9","KZNQNBZMBZJQJO",1
"primary","cembio","2_9","LTFHNKUKQYVHDX",8
"primary","cembio","2_9","LVRFTAZAXQPQHI",10
"primary","cembio","2_9","LXNHXLLTXMVWPM",1
"primary","cembio","2_9","MJVAVZPDRWSRRC",13
"primary","cembio","2_9","MNQZXJOMYWMBOU",2
"primary","cembio","2_9","MWOOGOJBHIARFG",11
"primary","cembio","2_9","ONIBWKKTOPOVIA",1
"primary","cembio","2_9","OQOCQBJWOCRPQY",1
"primary","cembio","2_9","PECYZEOJVXMISF",1
"primary","cembio","2_9","PKLPQOJFHFGVBS",11
"primary","cembio","2_9","PRJKNHOMHKJCEJ",4
"primary","cembio","2_9","PVNIIMVLHYAWGP",1
"primary","cembio","2_9","QAFBDRSXXHEXGB",3
"primary","cembio","2_9","QYPPJABKJHAVHS",1
"primary","cembio","2_9","ROHFNLRQFUQHCH",1
"primary","cembio","2_9","RWQNBRDOKXIBIV",1
"primary","cembio","2_9","RXKJFZQQPQGTFL",8
"primary","cembio","2_9","SFLSHLFXELFNJZ",1
"primary","cembio","2_9","SIOXPEMLGUPBBT",1
"primary","cembio","2_9","TWBYWOBDOCUKOW",1
"primary","cembio","2_9","UFIVEPVSAGBUSI",1
"primary","cembio","2_9","VZCYOOQTPOCHFL",1
"primary","cembio","2_9","XOAAWQZATWQOTB",1
"primary","cembio","2_9","XUYPXLNMDZIRQH",1
"primary","cembio","2_9","YHXHKYRQLYQUIH",14
"primary","cembio","3_1","FJLGEFLZQAZZCD",1
"primary","cembio","3_1","LWBHHRRTOZQPDM",1
"primary","cembio","3_1","NIJJYAXOARWZEE",2
"primary","cembio","3_1","OBETXYAYXDNJHR",8
"primary","cembio","3_1","XUIIKFGFIJCVMT",1
"primary","cembio","3_2","AWDRATDZQPNJFN",2
"primary","cembio","3_2","BHQCQFFYRZLCQQ",1
"primary","cembio","3_2","BHTRKEVKTKCXOH",1
"primary","cembio","3_2","DGABKXLVXPYZII",10
"primary","cembio","3_2","IPCSVZSSVZVIGE",1
"primary","cembio","3_2","KXGVEGMKQFWNSR",3
"primary","cembio","3_2","NCYCYZXNIZJOKI",1
"primary","cembio","3_2","NYOXRYYXRWJDKP",2
"primary","cembio","3_2","QQHJDPROMQRDLA",2
"primary","cembio","3_2","QYSXJUFSXHHAJI",8
"primary","cembio","3_2","RUDATBOHQWOJDD",1
"primary","cembio","3_2","UCTLRSWJYQTBFZ",9
"primary","cembio","3_2","VBICKXHEKHSIBG",6
"primary","cembio","3_2","WBWWGRHZICKQGZ",1
"primary","cembio","3_2","WZKXBGJNNCGHIC",1
"primary","cembio","3_3","AGBQKNBQESQNJD",4
"primary","cembio","3_3","BPYKTIZUTYGOLE",1
"primary","cembio","3_3","DGABKXLVXPYZII",6
"primary","cembio","3_3","GOEMGAFJFRBGGG",7
"primary","cembio","3_3","JKRDADVRIYVCCY",5
"primary","cembio","3_3","KXGVEGMKQFWNSR",3
"primary","cembio","3_3","RJKFOVLPORLFTN",1
"primary","cembio","3_3","RUDATBOHQWOJDD",1
"primary","hmgu","1_1","ACWBBAGYTKWBCD",4
"primary","hmgu","1_1","ASWBNKHCZGQVJV",1
"primary","hmgu","1_1","AYFVYJQAPQTCCC",10
"primary","hmgu","1_1","BBZCPUCZKLTAJQ",1
"primary","hmgu","1_1","BDJRBEYXGGNYIS",1
"primary","hmgu","1_1","BPYKTIZUTYGOLE",5
"primary","hmgu","1_1","CAHKINHBCWCHCF",2
"primary","hmgu","1_1","CQOVPNPJLQNMDC",1
"primary","hmgu","1_1","CZMRCDWAGMRECN",7
"primary","hmgu","1_1","DCWXELXMIBXGTH",1
"primary","hmgu","1_1","DJJCXFVJDGTHFX",1
"primary","hmgu","1_1","DKEXFJVMVGETOO",5
"primary","hmgu","1_1","DOIRQSBPFJWKBE",5
"primary","hmgu","1_1","DTERQYGMUDWYAZ",1
"primary","hmgu","1_1","FBUKVWPVBMHYJY",8
"primary","hmgu","1_1","FFFHZYDWPBMWHY",1
"primary","hmgu","1_1","FOIPWTMKYXWFGC",1
"primary","hmgu","1_1","GBKGJMYPQZODMI",3
"primary","hmgu","1_1","GFFGJBXGBJISGV",1
"primary","hmgu","1_1","GHCZAUBVMUEKKP",1
"primary","hmgu","1_1","GOKKOFHHJFGZHW",4
"primary","hmgu","1_1","GUBGYTABKSRVRQ",1
"primary","hmgu","1_1","GYCKQBWUSACYIF",2
"primary","hmgu","1_1","HDTRYLNUVZCQOY",3
"primary","hmgu","1_1","HNDVDQJCIGZPNO",1
"primary","hmgu","1_1","HQHCYKULIHKCEB",17
"primary","hmgu","1_1","HXEACLLIILLPRG",1
"primary","hmgu","1_1","HXFOXFJUNFFYMO",1
"primary","hmgu","1_1","IAVREABSGIHHMO",11
"primary","hmgu","1_1","IDIDJDIHTAOVLG",3
"primary","hmgu","1_1","IERHLVCPSMICTF",1
"primary","hmgu","1_1","IPCSVZSSVZVIGE",1
"primary","hmgu","1_1","IWDCLRJOBJJRNH",1
"primary","hmgu","1_1","JCQLYHFGKNRPGE",7
"primary","hmgu","1_1","JLTDJTHDQAWBAV",1
"primary","hmgu","1_1","JOXIMZWYDAKGHI",1
"primary","hmgu","1_1","JYPHNHPXFNEZBR",4
"primary","hmgu","1_1","JZKXXXDKRQWDET",2
"primary","hmgu","1_1","KDXKERNSBIXSRK",1
"primary","hmgu","1_1","KKSDGJDHHZEWEP",4
"primary","hmgu","1_1","KMAKOBLIOCQGJP",20
"primary","hmgu","1_1","KNTFCRCCPLEUQZ",9
"primary","hmgu","1_1","KRKNYBCHXYNGOX",1
"primary","hmgu","1_1","KZSNJWFQEVHDMF",1
"primary","hmgu","1_1","LDCYZAJDBXYCGN",1
"primary","hmgu","1_1","LEGGANXCVQPIAI",10
"primary","hmgu","1_1","MOTZDAYCYVMXPC",1
"primary","hmgu","1_1","NEUSVAOJNUQRTM",2
"primary","hmgu","1_1","NGSWKAQJJWESNS",1
"primary","hmgu","1_1","NYHBQMYGNKIUIF",1
"primary","hmgu","1_1","ODBLHEXUDAPZAU",2
"primary","hmgu","1_1","OLNJUISKUQQNIM",9
"primary","hmgu","1_1","OSMAJVWUIUORGC",9
"primary","hmgu","1_1","OTCCIMWXFLJLIA",1
"primary","hmgu","1_1","OUYCCCASQSFEME",1
"primary","hmgu","1_1","OVRNDRQMDRJTHS",1
"primary","hmgu","1_1","PCDQPRRSZKQHHS",1
"primary","hmgu","1_1","PMZDQRJGMBOQBF",2
"primary","hmgu","1_1","PVXPPJIGRGXGCY",5
"primary","hmgu","1_1","PWKSKIMOESPYIA",1
"primary","hmgu","1_1","PYGXAGIECVVIOZ",1
"primary","hmgu","1_1","QRMZSPFSDQBLIX",11
"primary","hmgu","1_1","QWVGKYWNOKOFNN",3
"primary","hmgu","1_1","RADKZDMFGJYCBB",1
"primary","hmgu","1_1","RDOXTESZEPMUJZ",11
"primary","hmgu","1_1","RGHHSNMVTDWUBI",1
"primary","hmgu","1_1","RHGKLRLOHDJJDR",1
"primary","hmgu","1_1","RLSSMJSEOOYNOY",2
"primary","hmgu","1_1","RQFCJASXJCIDSX",1
"primary","hmgu","1_1","RSTKLPZEZYGQPY",4
"primary","hmgu","1_1","RWSXRVCMGQZWBV",1
"primary","hmgu","1_1","SIKJAQJRHWYJAI",1
"primary","hmgu","1_1","SMQUZDBALVYZAC",7
"primary","hmgu","1_1","SNDPXSYFESPGGJ",10
"primary","hmgu","1_1","TUHVEAJXIMEOSA",14
"primary","hmgu","1_1","TYEYBOSBBBHJIV",18
"primary","hmgu","1_1","UFFBMTHBGFGIHF",10
"primary","hmgu","1_1","UIERETOOQGIECD",3
"primary","hmgu","1_1","UKAUYVFTDYCKQA",1
"primary","hmgu","1_1","UYTPUPDQBNUYGX",1
"primary","hmgu","1_1","VEYYWZRYIYDQJM",1
"primary","hmgu","1_1","VZIRCHXYMBFNFD",2
"primary","hmgu","1_1","WPYMKLBDIGXBTP",17
"primary","hmgu","1_1","WRMNZCZEMHIOCP",16
"primary","hmgu","1_1","WVDDGKGOMKODPV",1
"primary","hmgu","1_1","WVULKSPCQVQLCU",3
"primary","hmgu","1_1","XHMJOUIAFHJHBW",1
"primary","hmgu","1_1","XKUKSGPZAADMRA",1
"primary","hmgu","1_1","XUJNEKJLAYXESH",1
"primary","hmgu","1_1","YPZRWBKMTBYPTK",1
"primary","hmgu","1_1","YYPNJNDODFVZLE",16
"primary","hmgu","1_1","ZBCBWPMODOFKDW",1
"primary","hmgu","1_1","ZOAMBXDOGPRZLP",7
"primary","hmgu","1_1","ZTVZLYBCZNMWCF",1
"primary","hmgu","1_2","AEFLONBTGZFSGQ",3
"primary","hmgu","1_2","AIONOLUJZLIMTK",1
"primary","hmgu","1_2","ASWBNKHCZGQVJV",2
"primary","hmgu","1_2","BBZCPUCZKLTAJQ",8
"primary","hmgu","1_2","BDJRBEYXGGNYIS",1
"primary","hmgu","1_2","BHHGXPLMPWCGHP",12
"primary","hmgu","1_2","BJJQJLOZWBZEGA",10
"primary","hmgu","1_2","BKAYIFDRRZZKNF",1
"primary","hmgu","1_2","BOPGDPNILDQYTO",1
"primary","hmgu","1_2","CKLJMWTZIZZHCS",1
"primary","hmgu","1_2","CQOVPNPJLQNMDC",2
"primary","hmgu","1_2","DFPAKSUCGFBDDF",1
"primary","hmgu","1_2","DOIRQSBPFJWKBE",5
"primary","hmgu","1_2","DTOSIQBPPRVQHS",14
"primary","hmgu","1_2","DUUGKQCEGZLZNO",3
"primary","hmgu","1_2","FDGQSTZJBFJUBT",1
"primary","hmgu","1_2","GHCZAUBVMUEKKP",1
"primary","hmgu","1_2","GRSZFWQUAKGDAV",1
"primary","hmgu","1_2","GSXOAOHZAIYLCY",10
"primary","hmgu","1_2","GYCKQBWUSACYIF",9
"primary","hmgu","1_2","HIGQPQRQIQDZMP",12
"primary","hmgu","1_2","HNDVDQJCIGZPNO",1
"primary","hmgu","1_2","HXXFSFRBOHSIMQ",1
"primary","hmgu","1_2","IAVREABSGIHHMO",9
"primary","hmgu","1_2","IERHLVCPSMICTF",1
"primary","hmgu","1_2","IJCKBIINTQEGLY",1
"primary","hmgu","1_2","INCSQLZZXBPATR",15
"primary","hmgu","1_2","IPCSVZSSVZVIGE",2
"primary","hmgu","1_2","IQFYYKKMVGJFEH",2
"primary","hmgu","1_2","IVYPNXXAYMYVSP",2
"primary","hmgu","1_2","JLTDJTHDQAWBAV",1
"primary","hmgu","1_2","JPIJQSOTBSSVTP",1
"primary","hmgu","1_2","KKEYFWRCBNTPAC",10
"primary","hmgu","1_2","KKSDGJDHHZEWEP",14
"primary","hmgu","1_2","KSMRODHGGIIXDV",1
"primary","hmgu","1_2","KZNQNBZMBZJQJO",4
"primary","hmgu","1_2","LCQLHJZYVOQKHU",1
"primary","hmgu","1_2","LXNHXLLTXMVWPM",8
"primary","hmgu","1_2","MOTZDAYCYVMXPC",1
"primary","hmgu","1_2","NBSCHQHZLSJFNQ",4
"primary","hmgu","1_2","NBZBKCUXIYYUSX",3
"primary","hmgu","1_2","NEUSVAOJNUQRTM",2
"primary","hmgu","1_2","NIDVTARKFBZMOT",1
"primary","hmgu","1_2","ODHCTXKNWHHXJC",1
"primary","hmgu","1_2","OFCNXPDARWKPPY",17
"primary","hmgu","1_2","OGHAROSJZRTIOK",18
"primary","hmgu","1_2","OLNJUISKUQQNIM",2
"primary","hmgu","1_2","OPTASPLRGRRNAP",1
"primary","hmgu","1_2","OSMAJVWUIUORGC",12
"primary","hmgu","1_2","OTCCIMWXFLJLIA",1
"primary","hmgu","1_2","OVBPIULPVIDEAO",1
"primary","hmgu","1_2","PLVPPLCLBIEYEA",1
"primary","hmgu","1_2","PMZDQRJGMBOQBF",1
"primary","hmgu","1_2","PYGXAGIECVVIOZ",1
"primary","hmgu","1_2","QIVBCDIJIAJPQS",1
"primary","hmgu","1_2","RFMMMVDNIPUKGG",1
"primary","hmgu","1_2","RGHHSNMVTDWUBI",1
"primary","hmgu","1_2","SIKJAQJRHWYJAI",1
"primary","hmgu","1_2","SMQUZDBALVYZAC",7
"primary","hmgu","1_2","UFFBMTHBGFGIHF",9
"primary","hmgu","1_2","UZTFMUBKZQVKLK",1
"primary","hmgu","1_2","VZIRCHXYMBFNFD",3
"primary","hmgu","1_2","VZXPDPZARILFQX",16
"primary","hmgu","1_2","WHUUTDBJXJRKMK",1
"primary","hmgu","1_2","WPYMKLBDIGXBTP",17
"primary","hmgu","1_2","WRMNZCZEMHIOCP",20
"primary","hmgu","1_2","WVULKSPCQVQLCU",2
"primary","hmgu","1_2","XIGSAGMEBXLVJJ",1
"primary","hmgu","1_2","XKUKSGPZAADMRA",6
"primary","hmgu","1_2","XNGIFLGASWRNHJ",1
"primary","hmgu","1_2","XQCZBXHVTFVIFE",2
"primary","hmgu","1_2","XUYPXLNMDZIRQH",1
"primary","hmgu","1_2","YGPSJZOEDVAXAB",1
"primary","hmgu","1_2","YSNWHRKJEKWJNY",17
"primary","hmgu","1_2","ZBCBWPMODOFKDW",1
"primary","hmgu","1_2","ZDXPYRJPNDTMRX",1
"primary","hmgu","1_3","ALHUZKCOMYUFRB",16
"primary","hmgu","1_3","ASWBNKHCZGQVJV",1
"primary","hmgu","1_3","AYEKOFBPNLCAJY",1
"primary","hmgu","1_3","BJJQJLOZWBZEGA",8
"primary","hmgu","1_3","CHTHALBTIRVDBM",3
"primary","hmgu","1_3","CKLJMWTZIZZHCS",1
"primary","hmgu","1_3","CZMRCDWAGMRECN",6
"primary","hmgu","1_3","DJJCXFVJDGTHFX",1
"primary","hmgu","1_3","DKEXFJVMVGETOO",8
"primary","hmgu","1_3","DOIRQSBPFJWKBE",3
"primary","hmgu","1_3","DOOTYTYQINUNNV",1
"primary","hmgu","1_3","DTERQYGMUDWYAZ",2
"primary","hmgu","1_3","DTOSIQBPPRVQHS",3
"primary","hmgu","1_3","FYGDTMLNYKFZSV",1
"primary","hmgu","1_3","GHCZAUBVMUEKKP",1
"primary","hmgu","1_3","GSXOAOHZAIYLCY",6
"primary","hmgu","1_3","GTZCVFVGUGFEME",3
"primary","hmgu","1_3","GUBGYTABKSRVRQ",3
"primary","hmgu","1_3","GYCKQBWUSACYIF",18
"primary","hmgu","1_3","HDTRYLNUVZCQOY",4
"primary","hmgu","1_3","HIGQPQRQIQDZMP",19
"primary","hmgu","1_3","HLKXYZVTANABHZ",1
"primary","hmgu","1_3","HOKKHZGPKSLGJE",9
"primary","hmgu","1_3","HQHCYKULIHKCEB",16
"primary","hmgu","1_3","HSCJRCZFDFQWRP",1
"primary","hmgu","1_3","HVAMZGADVCBITI",11
"primary","hmgu","1_3","HXXFSFRBOHSIMQ",2
"primary","hmgu","1_3","IAVREABSGIHHMO",32
"primary","hmgu","1_3","IPCSVZSSVZVIGE",1
"primary","hmgu","1_3","JCQLYHFGKNRPGE",12
"primary","hmgu","1_3","JLTDJTHDQAWBAV",1
"primary","hmgu","1_3","KKSDGJDHHZEWEP",20
"primary","hmgu","1_3","KRKNYBCHXYNGOX",2
"primary","hmgu","1_3","LEVWYRKDKASIDU",1
"primary","hmgu","1_3","MOTZDAYCYVMXPC",1
"primary","hmgu","1_3","NBSCHQHZLSJFNQ",1
"primary","hmgu","1_3","NBZBKCUXIYYUSX",5
"primary","hmgu","1_3","NEUSVAOJNUQRTM",2
"primary","hmgu","1_3","NIDVTARKFBZMOT",1
"primary","hmgu","1_3","NYHBQMYGNKIUIF",1
"primary","hmgu","1_3","ODBLHEXUDAPZAU",1
"primary","hmgu","1_3","ODHCTXKNWHHXJC",1
"primary","hmgu","1_3","ODKSFYDXXFIFQN",1
"primary","hmgu","1_3","OLXZPDWKRNYJJZ",13
"primary","hmgu","1_3","PGAVKCOVUIYSFO",1
"primary","hmgu","1_3","PSQYTAPXSHCGMF",19
"primary","hmgu","1_3","PVXPPJIGRGXGCY",15
"primary","hmgu","1_3","PYGXAGIECVVIOZ",1
"primary","hmgu","1_3","RFMMMVDNIPUKGG",1
"primary","hmgu","1_3","RGHHSNMVTDWUBI",15
"primary","hmgu","1_3","RZVAJINKPMORJF",9
"primary","hmgu","1_3","SBJKKFFYIZUCET",10
"primary","hmgu","1_3","SIKJAQJRHWYJAI",1
"primary","hmgu","1_3","SMQUZDBALVYZAC",30
"primary","hmgu","1_3","SQVRNKJHWKZAKO",1
"primary","hmgu","1_3","UFFBMTHBGFGIHF",9
"primary","hmgu","1_3","UHDGCWIWMRVCDJ",4
"primary","hmgu","1_3","UIERETOOQGIECD",9
"primary","hmgu","1_3","UWKAYLJWKGQEPM",6
"primary","hmgu","1_3","UYTPUPDQBNUYGX",1
"primary","hmgu","1_3","UZTFMUBKZQVKLK",1
"primary","hmgu","1_3","VEYYWZRYIYDQJM",1
"primary","hmgu","1_3","VZIRCHXYMBFNFD",23
"primary","hmgu","1_3","VZXPDPZARILFQX",4
"primary","hmgu","1_3","WHUUTDBJXJRKMK",1
"primary","hmgu","1_3","WPYMKLBDIGXBTP",37
"primary","hmgu","1_3","WTDRDQBEARUVNC",1
"primary","hmgu","1_3","WVULKSPCQVQLCU",2
"primary","hmgu","1_3","XCCTYIAWTASOJW",1
"primary","hmgu","1_3","XKUKSGPZAADMRA",14
"primary","hmgu","1_3","YYPNJNDODFVZLE",12
"primary","hmgu","1_3","ZBCBWPMODOFKDW",1
"primary","hmgu","1_4","AEFLONBTGZFSGQ",3
"primary","hmgu","1_4","ALHUZKCOMYUFRB",7
"primary","hmgu","1_4","ASWBNKHCZGQVJV",2
"primary","hmgu","1_4","BDJRBEYXGGNYIS",1
"primary","hmgu","1_4","BXWNKGSJHAJOGX",3
"primary","hmgu","1_4","BZQFBWGGLXLEPQ",1
"primary","hmgu","1_4","CGQCWMIAEPEHNQ",1
"primary","hmgu","1_4","CVSVTCORWBXHQV",1
"primary","hmgu","1_4","DDRJAANPRJIHGJ",1
"primary","hmgu","1_4","DJJCXFVJDGTHFX",1
"primary","hmgu","1_4","DOIRQSBPFJWKBE",5
"primary","hmgu","1_4","DRTQHJPVMGBUCF",1
"primary","hmgu","1_4","DXNCZXXFRKPEPY",1
"primary","hmgu","1_4","DZTHIGRZJZPRDV",7
"primary","hmgu","1_4","FFDGPVCHZBVARC",11
"primary","hmgu","1_4","GFFGJBXGBJISGV",1
"primary","hmgu","1_4","GHCZAUBVMUEKKP",2
"primary","hmgu","1_4","GTZCVFVGUGFEME",1
"primary","hmgu","1_4","GYCKQBWUSACYIF",3
"primary","hmgu","1_4","HEBKCHPVOIAQTA",1
"primary","hmgu","1_4","HOKKHZGPKSLGJE",12
"primary","hmgu","1_4","HQHCYKULIHKCEB",14
"primary","hmgu","1_4","HSCJRCZFDFQWRP",1
"primary","hmgu","1_4","HXEACLLIILLPRG",1
"primary","hmgu","1_4","IAVREABSGIHHMO",8
"primary","hmgu","1_4","IPCSVZSSVZVIGE",1
"primary","hmgu","1_4","ISAKRJDGNUQOIC",1
"primary","hmgu","1_4","JFLIEFSWGNOPJJ",1
"primary","hmgu","1_4","JJIHLJJYMXLCOY",1
"primary","hmgu","1_4","JLTDJTHDQAWBAV",1
"primary","hmgu","1_4","KDXKERNSBIXSRK",1
"primary","hmgu","1_4","KHWCHTKSEGGWEX",1
"primary","hmgu","1_4","KKEYFWRCBNTPAC",10
"primary","hmgu","1_4","KKSDGJDHHZEWEP",11
"primary","hmgu","1_4","KMXXSJLYVJEBHI",2
"primary","hmgu","1_4","KRKNYBCHXYNGOX",1
"primary","hmgu","1_4","LTFMZDNNPPEQNG",1
"primary","hmgu","1_4","MAYCICSNZYXLHB",1
"primary","hmgu","1_4","MOTZDAYCYVMXPC",1
"primary","hmgu","1_4","NEUSVAOJNUQRTM",2
"primary","hmgu","1_4","NTNWOCRCBQPEKQ",2
"primary","hmgu","1_4","NYOXRYYXRWJDKP",14
"primary","hmgu","1_4","ODBLHEXUDAPZAU",2
"primary","hmgu","1_4","ODHCTXKNWHHXJC",1
"primary","hmgu","1_4","OIRDTQYFTABQOQ",8
"primary","hmgu","1_4","OKJIRPAQVSHGFK",1
"primary","hmgu","1_4","OSMAJVWUIUORGC",15
"primary","hmgu","1_4","PXQPEWDEAKTCGB",2
"primary","hmgu","1_4","PYGXAGIECVVIOZ",1
"primary","hmgu","1_4","QCHPKSFMDHPSNR",15
"primary","hmgu","1_4","QIAFMBKCNZACKA",1
"primary","hmgu","1_4","QRMZSPFSDQBLIX",15
"primary","hmgu","1_4","QUOGESRFPZDMMT",1
"primary","hmgu","1_4","QYSXJUFSXHHAJI",11
"primary","hmgu","1_4","RGHHSNMVTDWUBI",1
"primary","hmgu","1_4","SBJKKFFYIZUCET",8
"primary","hmgu","1_4","SIKJAQJRHWYJAI",1
"primary","hmgu","1_4","SMQUZDBALVYZAC",7
"primary","hmgu","1_4","SUHOOTKUPISOBE",1
"primary","hmgu","1_4","UCTLRSWJYQTBFZ",15
"primary","hmgu","1_4","UDMBCSSLTHHNCD",6
"primary","hmgu","1_4","UFFBMTHBGFGIHF",10
"primary","hmgu","1_4","UYTPUPDQBNUYGX",1
"primary","hmgu","1_4","UZCXPYDBYUEZCV",8
"primary","hmgu","1_4","VYAMLSCELQQRAE",7
"primary","hmgu","1_4","VZIRCHXYMBFNFD",5
"primary","hmgu","1_4","VZXPDPZARILFQX",2
"primary","hmgu","1_4","WHUUTDBJXJRKMK",13
"primary","hmgu","1_4","WPYMKLBDIGXBTP",17
"primary","hmgu","1_4","WRMNZCZEMHIOCP",17
"primary","hmgu","1_4","WVULKSPCQVQLCU",3
"primary","hmgu","1_4","XCCTYIAWTASOJW",1
"primary","hmgu","1_4","XKUKSGPZAADMRA",15
"primary","hmgu","1_4","XNGIFLGASWRNHJ",1
"primary","hmgu","1_4","XTWYTFMLZFPYCI",1
"primary","hmgu","1_4","YHHSONZFOIEMCP",1
"primary","hmgu","1_4","YKBGVTZYEHREMT",1
"primary","hmgu","1_4","YPZRWBKMTBYPTK",1
"primary","hmgu","1_4","ZDXPYRJPNDTMRX",1
"primary","hmgu","1_4","ZXYAAVBXHKCJJB",1
"primary","hmgu","1_5","AEFLONBTGZFSGQ",2
"primary","hmgu","1_5","AHLPHDHHMVZTML",1
"primary","hmgu","1_5","ALHUZKCOMYUFRB",5
"primary","hmgu","1_5","ASWBNKHCZGQVJV",1
"primary","hmgu","1_5","AUNGANRZJHBGPY",1
"primary","hmgu","1_5","AYFVYJQAPQTCCC",19
"primary","hmgu","1_5","BDJRBEYXGGNYIS",1
"primary","hmgu","1_5","BTNMPGBKDVTSJY",37
"primary","hmgu","1_5","BXWNKGSJHAJOGX",7
"primary","hmgu","1_5","CAHKINHBCWCHCF",1
"primary","hmgu","1_5","CBQJSKKFNMDLON",1
"primary","hmgu","1_5","CKLJMWTZIZZHCS",1
"primary","hmgu","1_5","DBZAKQWXICEWNW",20
"primary","hmgu","1_5","DFPAKSUCGFBDDF",1
"primary","hmgu","1_5","FVTCRASFADXXNN",1
"primary","hmgu","1_5","GBKGJMYPQZODMI",20
"primary","hmgu","1_5","GHCZAUBVMUEKKP",1
"primary","hmgu","1_5","GSXOAOHZAIYLCY",10
"primary","hmgu","1_5","GYCKQBWUSACYIF",24
"primary","hmgu","1_5","HKEAFJYKMMKDOR",5
"primary","hmgu","1_5","HOKKHZGPKSLGJE",12
"primary","hmgu","1_5","HQHCYKULIHKCEB",15
"primary","hmgu","1_5","HXDOZKJGKXYMEW",16
"primary","hmgu","1_5","HXXFSFRBOHSIMQ",1
"primary","hmgu","1_5","IAVREABSGIHHMO",11
"primary","hmgu","1_5","IPCSVZSSVZVIGE",1
"primary","hmgu","1_5","JECYUBVRTQDVAT",32
"primary","hmgu","1_5","JJYWRQLLQAKNAD",2
"primary","hmgu","1_5","JLTDJTHDQAWBAV",1
"primary","hmgu","1_5","JMOXSQYGVIXBBZ",2
"primary","hmgu","1_5","JYPHNHPXFNEZBR",3
"primary","hmgu","1_5","JZKXXXDKRQWDET",2
"primary","hmgu","1_5","KKSDGJDHHZEWEP",2
"primary","hmgu","1_5","KNTFCRCCPLEUQZ",1
"primary","hmgu","1_5","KRKNYBCHXYNGOX",1
"primary","hmgu","1_5","KWIUHFFTVRNATP",1
"primary","hmgu","1_5","KZSNJWFQEVHDMF",33
"primary","hmgu","1_5","LEVWYRKDKASIDU",1
"primary","hmgu","1_5","MOTZDAYCYVMXPC",1
"primary","hmgu","1_5","MTCFGRXMJLQNBG",1
"primary","hmgu","1_5","NBSCHQHZLSJFNQ",3
"primary","hmgu","1_5","NBZBKCUXIYYUSX",4
"primary","hmgu","1_5","NEUSVAOJNUQRTM",2
"primary","hmgu","1_5","NGSWKAQJJWESNS",1
"primary","hmgu","1_5","NRSCPTLHWVWLLH",6
"primary","hmgu","1_5","ODBLHEXUDAPZAU",2
"primary","hmgu","1_5","ODHCTXKNWHHXJC",1
"primary","hmgu","1_5","ODKSFYDXXFIFQN",1
"primary","hmgu","1_5","OPTASPLRGRRNAP",1
"primary","hmgu","1_5","OUYCCCASQSFEME",1
"primary","hmgu","1_5","PAFZNILMFXTMIY",4
"primary","hmgu","1_5","PECYZEOJVXMISF",1
"primary","hmgu","1_5","PYGXAGIECVVIOZ",1
"primary","hmgu","1_5","QEVHRUUCFGRFIF",1
"primary","hmgu","1_5","RGHHSNMVTDWUBI",1
"primary","hmgu","1_5","RQFCJASXJCIDSX",1
"primary","hmgu","1_5","RYYVLZVUVIJVGH",3
"primary","hmgu","1_5","SIKJAQJRHWYJAI",1
"primary","hmgu","1_5","SMQUZDBALVYZAC",10
"primary","hmgu","1_5","SXYIRMFQILZOAM",20
"primary","hmgu","1_5","TUHVEAJXIMEOSA",11
"primary","hmgu","1_5","UFFBMTHBGFGIHF",9
"primary","hmgu","1_5","UHDGCWIWMRVCDJ",1
"primary","hmgu","1_5","UTYVDVLMYQPLQB",13
"primary","hmgu","1_5","VYAMLSCELQQRAE",8
"primary","hmgu","1_5","VZIRCHXYMBFNFD",3
"primary","hmgu","1_5","VZXPDPZARILFQX",11
"primary","hmgu","1_5","WHUUTDBJXJRKMK",1
"primary","hmgu","1_5","WPYMKLBDIGXBTP",17
"primary","hmgu","1_5","WVULKSPCQVQLCU",2
"primary","hmgu","1_5","XKMLYUALXHKNFT",1
"primary","hmgu","1_5","XKUKSGPZAADMRA",2
"primary","hmgu","1_5","XOAAWQZATWQOTB",1
"primary","hmgu","1_5","XPCTZQVDEJYUGT",6
"primary","hmgu","1_5","XQCZBXHVTFVIFE",2
"primary","hmgu","1_5","XTWYTFMLZFPYCI",1
"primary","hmgu","1_5","XVOYSCVBGLVSOL",1
"primary","hmgu","1_5","ZAYHVCMSTBRABG",2
"primary","hmgu","1_5","ZDXPYRJPNDTMRX",1
"primary","hmgu","1_6","ACWBBAGYTKWBCD",1
"primary","hmgu","1_6","ASWBNKHCZGQVJV",1
"primary","hmgu","1_6","AYFVYJQAPQTCCC",1
"primary","hmgu","1_6","DOIRQSBPFJWKBE",1
"primary","hmgu","1_6","GBKGJMYPQZODMI",31
"primary","hmgu","1_6","GHCZAUBVMUEKKP",3
"primary","hmgu","1_6","GNMSLDIYJOSUSW",3
"primary","hmgu","1_6","GRSZFWQUAKGDAV",1
"primary","hmgu","1_6","GYCKQBWUSACYIF",3
"primary","hmgu","1_6","HAEJPQIATWHALX",1
"primary","hmgu","1_6","HEBKCHPVOIAQTA",1
"primary","hmgu","1_6","HNDVDQJCIGZPNO",1
"primary","hmgu","1_6","HQHCYKULIHKCEB",15
"primary","hmgu","1_6","IAVREABSGIHHMO",10
"primary","hmgu","1_6","IPCSVZSSVZVIGE",1
"primary","hmgu","1_6","JJYWRQLLQAKNAD",1
"primary","hmgu","1_6","JLTDJTHDQAWBAV",1
"primary","hmgu","1_6","JYPHNHPXFNEZBR",4
"primary","hmgu","1_6","JZKXXXDKRQWDET",2
"primary","hmgu","1_6","KKSDGJDHHZEWEP",13
"primary","hmgu","1_6","KNTFCRCCPLEUQZ",6
"primary","hmgu","1_6","KYWIYKKSMDLRDC",20
"primary","hmgu","1_6","LEVWYRKDKASIDU",1
"primary","hmgu","1_6","LOIYMIARKYCTBW",1
"primary","hmgu","1_6","MOTZDAYCYVMXPC",1
"primary","hmgu","1_6","MTCFGRXMJLQNBG",1
"primary","hmgu","1_6","NEHNMFOYXAPHSD",11
"primary","hmgu","1_6","ODHCTXKNWHHXJC",1
"primary","hmgu","1_6","ODKSFYDXXFIFQN",1
"primary","hmgu","1_6","OUYCCCASQSFEME",1
"primary","hmgu","1_6","QEFRNWWLZKMPFJ",1
"primary","hmgu","1_6","RGHHSNMVTDWUBI",1
"primary","hmgu","1_6","RIKMMFOAQPJVMX",2
"primary","hmgu","1_6","SIKJAQJRHWYJAI",1
"primary","hmgu","1_6","SMQUZDBALVYZAC",6
"primary","hmgu","1_6","SNEIUMQYRCDYCH",1
"primary","hmgu","1_6","TXFPEBPIARQUIG",36
"primary","hmgu","1_6","UFFBMTHBGFGIHF",10
"primary","hmgu","1_6","UKAUYVFTDYCKQA",20
"primary","hmgu","1_6","VVIAGPKUTFNRDU",1
"primary","hmgu","1_6","VZIRCHXYMBFNFD",2
"primary","hmgu","1_6","VZXPDPZARILFQX",20
"primary","hmgu","1_6","WHUUTDBJXJRKMK",1
"primary","hmgu","1_6","WPYMKLBDIGXBTP",17
"primary","hmgu","1_6","WRMNZCZEMHIOCP",18
"primary","hmgu","1_6","WVULKSPCQVQLCU",4
"primary","hmgu","1_6","XKUKSGPZAADMRA",4
"primary","hmgu","2_1","ASWBNKHCZGQVJV",2
"primary","hmgu","2_1","AUNGANRZJHBGPY",2
"primary","hmgu","2_1","AVFZOVWCLRSYKC",2
"primary","hmgu","2_1","BDJRBEYXGGNYIS",1
"primary","hmgu","2_1","BSYNRYMUTXBXSQ",19
"primary","hmgu","2_1","BVQVLAIMHVDZEL",14
"primary","hmgu","2_1","CCVYRRGZDBSHFU",19
"primary","hmgu","2_1","CGQCWMIAEPEHNQ",1
"primary","hmgu","2_1","CHLICZRVGGXEOD",34
"primary","hmgu","2_1","CHTHALBTIRVDBM",1
"primary","hmgu","2_1","CLFRCXCBWIQVRN",7
"primary","hmgu","2_1","COLNVLDHVKWLRT",1
"primary","hmgu","2_1","CQRYARSYNCAZFO",3
"primary","hmgu","2_1","CRIGTVCBMUKRSL",13
"primary","hmgu","2_1","CZMRCDWAGMRECN",4
"primary","hmgu","2_1","DTFKRVXLBCAIOZ",40
"primary","hmgu","2_1","DTUQWGWMVIHBKE",5
"primary","hmgu","2_1","DVNYTAVYBRSTGK",1
"primary","hmgu","2_1","FERIUCNNQQJTOY",1
"primary","hmgu","2_1","FJKROLUGYXJWQN",5
"primary","hmgu","2_1","FVMDYYGIDFPZAX",21
"primary","hmgu","2_1","FXLOVSHXALFLKQ",3
"primary","hmgu","2_1","FZWGECJQACGGTI",1
"primary","hmgu","2_1","GBKGJMYPQZODMI",1
"primary","hmgu","2_1","GHCZAUBVMUEKKP",2
"primary","hmgu","2_1","GOKKOFHHJFGZHW",5
"primary","hmgu","2_1","GSNUFIFRDBKVIE",20
"primary","hmgu","2_1","GUBGYTABKSRVRQ",3
"primary","hmgu","2_1","GYCKQBWUSACYIF",16
"primary","hmgu","2_1","HDTRYLNUVZCQOY",2
"primary","hmgu","2_1","HGINADPHJQTSKN",8
"primary","hmgu","2_1","HIGQPQRQIQDZMP",9
"primary","hmgu","2_1","HLPIHRDZBHXTFJ",22
"primary","hmgu","2_1","HXNFUBHNUDHIGC",2
"primary","hmgu","2_1","IAVREABSGIHHMO",12
"primary","hmgu","2_1","IBGBGRVKPALMCQ",1
"primary","hmgu","2_1","ILUJQPXNXACGAN",5
"primary","hmgu","2_1","IPBVNPXQWQGGJP",19
"primary","hmgu","2_1","IPCSVZSSVZVIGE",1
"primary","hmgu","2_1","IWYDHOAUDWTVEP",1
"primary","hmgu","2_1","JBCLFWXMTIKCCB",1
"primary","hmgu","2_1","JCQLYHFGKNRPGE",12
"primary","hmgu","2_1","JECYUBVRTQDVAT",7
"primary","hmgu","2_1","JFCQEDHGNNZCLN",6
"primary","hmgu","2_1","JLTDJTHDQAWBAV",1
"primary","hmgu","2_1","JVTZFYYHCGSXJV",5
"primary","hmgu","2_1","KDYFGRWQOYBRFD",2
"primary","hmgu","2_1","KKADPXVIOXHVKN",19
"primary","hmgu","2_1","KKSDGJDHHZEWEP",16
"primary","hmgu","2_1","KQNPFQTWMSNSAP",3
"primary","hmgu","2_1","KRKNYBCHXYNGOX",1
"primary","hmgu","2_1","KWOLFJPFCHCOCG",4
"primary","hmgu","2_1","LEGGANXCVQPIAI",19
"primary","hmgu","2_1","LRFVTYWOQMYALW",1
"primary","hmgu","2_1","LRSASMSXMSNRBT",1
"primary","hmgu","2_1","LTFHNKUKQYVHDX",12
"primary","hmgu","2_1","LUCHPKXVUGJYGU",1
"primary","hmgu","2_1","LUJMEECXHPYQOF",6
"primary","hmgu","2_1","MAYCICSNZYXLHB",1
"primary","hmgu","2_1","MOTZDAYCYVMXPC",1
"primary","hmgu","2_1","MWOOGOJBHIARFG",1
"primary","hmgu","2_1","NGHOLYJTSCBCGC",3
"primary","hmgu","2_1","NHZMQXZHNVQTQA",1
"primary","hmgu","2_1","ODBLHEXUDAPZAU",2
"primary","hmgu","2_1","OGHAROSJZRTIOK",5
"primary","hmgu","2_1","OIRDTQYFTABQOQ",3
"primary","hmgu","2_1","OKVJCVWFVRATSG",1
"primary","hmgu","2_1","OSMAJVWUIUORGC",18
"primary","hmgu","2_1","PPBRXRYQALVLMV",1
"primary","hmgu","2_1","PSQYTAPXSHCGMF",29
"primary","hmgu","2_1","PVXPPJIGRGXGCY",6
"primary","hmgu","2_1","PXQPEWDEAKTCGB",2
"primary","hmgu","2_1","PYGXAGIECVVIOZ",1
"primary","hmgu","2_1","QEVHRUUCFGRFIF",1
"primary","hmgu","2_1","QHGUCRYDKWKLMG",15
"primary","hmgu","2_1","RADKZDMFGJYCBB",1
"primary","hmgu","2_1","RGHHSNMVTDWUBI",10
"primary","hmgu","2_1","RWYFZABPLDFELM",1
"primary","hmgu","2_1","SGNZYJXNUURYCH",3
"primary","hmgu","2_1","SHZGCJCMOBCMKK",35
"primary","hmgu","2_1","SIKJAQJRHWYJAI",1
"primary","hmgu","2_1","SMQUZDBALVYZAC",13
"primary","hmgu","2_1","SPIUTQOUKAMGCX",61
"primary","hmgu","2_1","TUHVEAJXIMEOSA",4
"primary","hmgu","2_1","TXFPEBPIARQUIG",9
"primary","hmgu","2_1","UFFBMTHBGFGIHF",10
"primary","hmgu","2_1","UKFXDFUAPNAMPJ",1
"primary","hmgu","2_1","UWKAYLJWKGQEPM",18
"primary","hmgu","2_1","UYWQUFXKFGHYNT",16
"primary","hmgu","2_1","VMUXSMXIQBNMGZ",3
"primary","hmgu","2_1","VRYALKFFQXWPIH",32
"primary","hmgu","2_1","VYFYYTLLBUKUHU",1
"primary","hmgu","2_1","VZIRCHXYMBFNFD",5
"primary","hmgu","2_1","WAPNOHKVXSQRPX",38
"primary","hmgu","2_1","WBYWAXJHAXSJNI",9
"primary","hmgu","2_1","WPYMKLBDIGXBTP",17
"primary","hmgu","2_1","WRMNZCZEMHIOCP",37
"primary","hmgu","2_1","WVULKSPCQVQLCU",3
"primary","hmgu","2_1","WXUAQHNMJWJLTG",3
"primary","hmgu","2_1","XKUKSGPZAADMRA",36
"primary","hmgu","2_1","XPCTZQVDEJYUGT",7
"primary","hmgu","2_1","XQXPVVBIMDBYFF",9
"primary","hmgu","2_1","YKBGVTZYEHREMT",1
"primary","hmgu","2_1","ZBCATMYQYDCTIZ",11
"primary","hmgu","2_1","ZIYVHBGGAOATLY",1
"primary","hmgu","2_1","ZWLPBLYKEWSWPD",4
"primary","hmgu","2_1","ZXYAAVBXHKCJJB",1
"primary","hmgu","2_10","ACWBBAGYTKWBCD",17
"primary","hmgu","2_10","ASWBNKHCZGQVJV",1
"primary","hmgu","2_10","AUYYCJSJGJYCDS",1
"primary","hmgu","2_10","BDJRBEYXGGNYIS",1
"primary","hmgu","2_10","BTNMPGBKDVTSJY",5
"primary","hmgu","2_10","BVWTXUYLKBHMOX",10
"primary","hmgu","2_10","BXWNKGSJHAJOGX",10
"primary","hmgu","2_10","CBQJSKKFNMDLON",1
"primary","hmgu","2_10","COLNVLDHVKWLRT",1
"primary","hmgu","2_10","CQRYARSYNCAZFO",14
"primary","hmgu","2_10","CZPWVGJYEJSRLH",1
"primary","hmgu","2_10","DAUAQNGYDSHRET",1
"primary","hmgu","2_10","DCXYFEDJOCDNAF",19
"primary","hmgu","2_10","DOIRQSBPFJWKBE",2
"primary","hmgu","2_10","DTUQWGWMVIHBKE",1
"primary","hmgu","2_10","DUHQIGLHYXLKAE",1
"primary","hmgu","2_10","FFEARJCKVFRZRR",1
"primary","hmgu","2_10","FXLOVSHXALFLKQ",2
"primary","hmgu","2_10","GBKGJMYPQZODMI",35
"primary","hmgu","2_10","GHCZAUBVMUEKKP",1
"primary","hmgu","2_10","GNMSLDIYJOSUSW",1
"primary","hmgu","2_10","HCUARRIEZVDMPT",2
"primary","hmgu","2_10","HCZHHEIFKROPDY",1
"primary","hmgu","2_10","HGINADPHJQTSKN",15
"primary","hmgu","2_10","HIGQPQRQIQDZMP",1
"primary","hmgu","2_10","HNEGQIOMVPPMNR",2
"primary","hmgu","2_10","HQHCYKULIHKCEB",10
"primary","hmgu","2_10","HXNFUBHNUDHIGC",1
"primary","hmgu","2_10","IAVREABSGIHHMO",5
"primary","hmgu","2_10","IGMNYECMUMZDDF",12
"primary","hmgu","2_10","IPBVNPXQWQGGJP",18
"primary","hmgu","2_10","IPCSVZSSVZVIGE",1
"primary","hmgu","2_10","IZZIWIAOVZOBLF",1
"primary","hmgu","2_10","JACRWUWPXAESPB",12
"primary","hmgu","2_10","JFCQEDHGNNZCLN",1
"primary","hmgu","2_10","JJYWRQLLQAKNAD",7
"primary","hmgu","2_10","JLTDJTHDQAWBAV",1
"primary","hmgu","2_10","JSJWCHRYRHKBBW",2
"primary","hmgu","2_10","JYGXADMDTFJGBT",1
"primary","hmgu","2_10","JYPHNHPXFNEZBR",5
"primary","hmgu","2_10","JZKXXXDKRQWDET",2
"primary","hmgu","2_10","JZRWCGZRTZMZEH",1
"primary","hmgu","2_10","KKSDGJDHHZEWEP",1
"primary","hmgu","2_10","KMAKOBLIOCQGJP",1
"primary","hmgu","2_10","KRKNYBCHXYNGOX",1
"primary","hmgu","2_10","KTHADMDGDNYQRX",14
"primary","hmgu","2_10","KWOLFJPFCHCOCG",6
"primary","hmgu","2_10","LEGPZHPSIPPYIO",17
"primary","hmgu","2_10","LHGVFZTZFXWLCP",3
"primary","hmgu","2_10","LJUQGASMPRMWIW",1
"primary","hmgu","2_10","LRFVTYWOQMYALW",2
"primary","hmgu","2_10","LVHBHZANLOWSRM",6
"primary","hmgu","2_10","LWBHHRRTOZQPDM",1
"primary","hmgu","2_10","MBIZFBDREVRUHY",6
"primary","hmgu","2_10","MMKRHZKQPFCLLS",19
"primary","hmgu","2_10","MOTZDAYCYVMXPC",1
"primary","hmgu","2_10","NEUSVAOJNUQRTM",2
"primary","hmgu","2_10","NGSWKAQJJWESNS",2
"primary","hmgu","2_10","NMHMNPHRMNGLLB",1
"primary","hmgu","2_10","NYOXRYYXRWJDKP",6
"primary","hmgu","2_10","NYPYHUZRZVSYKL",1
"primary","hmgu","2_10","ODBLHEXUDAPZAU",2
"primary","hmgu","2_10","ODHCTXKNWHHXJC",1
"primary","hmgu","2_10","OKVJCVWFVRATSG",12
"primary","hmgu","2_10","OMFXVFTZEKFJBZ",1
"primary","hmgu","2_10","ONIBWKKTOPOVIA",1
"primary","hmgu","2_10","OUYCCCASQSFEME",1
"primary","hmgu","2_10","PHIQHXFUZVPYII",1
"primary","hmgu","2_10","PHOQVHQSTUBQQK",2
"primary","hmgu","2_10","PKZJLOCLABXVMC",6
"primary","hmgu","2_10","PYGXAGIECVVIOZ",1
"primary","hmgu","2_10","QRMZSPFSDQBLIX",1
"primary","hmgu","2_10","QVWAEZJXDYOKEH",5
"primary","hmgu","2_10","QYSXJUFSXHHAJI",1
"primary","hmgu","2_10","RGHHSNMVTDWUBI",2
"primary","hmgu","2_10","RGHNJXZEOKUKBD",1
"primary","hmgu","2_10","SIKJAQJRHWYJAI",1
"primary","hmgu","2_10","SMQUZDBALVYZAC",4
"primary","hmgu","2_10","SXZYCXMUPBBULW",1
"primary","hmgu","2_10","SYEOWUNSTUDKGM",14
"primary","hmgu","2_10","TUHVEAJXIMEOSA",1
"primary","hmgu","2_10","UCTLRSWJYQTBFZ",3
"primary","hmgu","2_10","UFFBMTHBGFGIHF",10
"primary","hmgu","2_10","UHDGCWIWMRVCDJ",25
"primary","hmgu","2_10","UIERETOOQGIECD",4
"primary","hmgu","2_10","UKFXDFUAPNAMPJ",6
"primary","hmgu","2_10","UQTZMGFTRHFAAM",1
"primary","hmgu","2_10","UYWQUFXKFGHYNT",32
"primary","hmgu","2_10","VVNCNSJFMMFHPL",18
"primary","hmgu","2_10","VZIRCHXYMBFNFD",3
"primary","hmgu","2_10","WKOLLVMJNQIZCI",3
"primary","hmgu","2_10","WLJVNTCWHIRURA",23
"primary","hmgu","2_10","WPYMKLBDIGXBTP",9
"primary","hmgu","2_10","WRMNZCZEMHIOCP",15
"primary","hmgu","2_10","WVULKSPCQVQLCU",3
"primary","hmgu","2_10","WXUAQHNMJWJLTG",8
"primary","hmgu","2_10","XPCTZQVDEJYUGT",7
"primary","hmgu","2_10","XUIIKFGFIJCVMT",1
"primary","hmgu","2_10","YBJHBAHKTGYVGT",1
"primary","hmgu","2_10","YMAWOPBAYDPSLA",16
"primary","hmgu","2_10","YYPNJNDODFVZLE",18
"primary","hmgu","2_10","ZBCATMYQYDCTIZ",6
"primary","hmgu","2_10","ZHMMPVANGNPCBW",8
"primary","hmgu","2_10","ZHSOTLOTTDYIIK",1
"primary","hmgu","2_10","ZRSNZINYAWTAHE",5
"primary","hmgu","2_10","ZWLPBLYKEWSWPD",2
"primary","hmgu","2_10","ZYGHJZDHTFUPRJ",1
"primary","hmgu","2_10","ZZVUWRFHKOJYTH",10
"primary","hmgu","2_2","AEFLONBTGZFSGQ",1
"primary","hmgu","2_2","ALHUZKCOMYUFRB",6
"primary","hmgu","2_2","ASWBNKHCZGQVJV",1
"primary","hmgu","2_2","AVFZOVWCLRSYKC",17
"primary","hmgu","2_2","BDJRBEYXGGNYIS",1
"primary","hmgu","2_2","BLHCMGRVFXRYRN",2
"primary","hmgu","2_2","BRARRAHGNDUELT",10
"primary","hmgu","2_2","BRRSNXCXLSVPFC",2
"primary","hmgu","2_2","BXWNKGSJHAJOGX",12
"primary","hmgu","2_2","CCVYRRGZDBSHFU",6
"primary","hmgu","2_2","CDOSHBSSFJOMGT",7
"primary","hmgu","2_2","CIWBSHSKHKDKBQ",1
"primary","hmgu","2_2","CRIGTVCBMUKRSL",6
"primary","hmgu","2_2","DOIRQSBPFJWKBE",5
"primary","hmgu","2_2","DUHQIGLHYXLKAE",3
"primary","hmgu","2_2","DZTHIGRZJZPRDV",1
"primary","hmgu","2_2","FDGQSTZJBFJUBT",1
"primary","hmgu","2_2","FVMDYYGIDFPZAX",7
"primary","hmgu","2_2","FYGDTMLNYKFZSV",18
"primary","hmgu","2_2","GBKGJMYPQZODMI",7
"primary","hmgu","2_2","GHCZAUBVMUEKKP",1
"primary","hmgu","2_2","GLZPCOQZEFWAFX",8
"primary","hmgu","2_2","GYCKQBWUSACYIF",6
"primary","hmgu","2_2","HCUARRIEZVDMPT",13
"primary","hmgu","2_2","HMFHBZSHGGEWLO",7
"primary","hmgu","2_2","HQHCYKULIHKCEB",17
"primary","hmgu","2_2","HUDBDWIQSIGUDI",5
"primary","hmgu","2_2","IAOZJIPTCAWIRG",32
"primary","hmgu","2_2","IAVREABSGIHHMO",8
"primary","hmgu","2_2","IERHLVCPSMICTF",1
"primary","hmgu","2_2","ILUJQPXNXACGAN",9
"primary","hmgu","2_2","IPCSVZSSVZVIGE",2
"primary","hmgu","2_2","IQFYYKKMVGJFEH",6
"primary","hmgu","2_2","ISAKRJDGNUQOIC",1
"primary","hmgu","2_2","IWYDHOAUDWTVEP",1
"primary","hmgu","2_2","JDTWZSUNGHMMJM",1
"primary","hmgu","2_2","JFLIEFSWGNOPJJ",9
"primary","hmgu","2_2","JKLRIMRKZBSSED",1
"primary","hmgu","2_2","JLTDJTHDQAWBAV",1
"primary","hmgu","2_2","JTEDVYBZBROSJT",1
"primary","hmgu","2_2","KKSDGJDHHZEWEP",9
"primary","hmgu","2_2","KMAKOBLIOCQGJP",2
"primary","hmgu","2_2","KQTIIICEAUMSDG",7
"primary","hmgu","2_2","KRKNYBCHXYNGOX",1
"primary","hmgu","2_2","LNTHITQWFMADLM",1
"primary","hmgu","2_2","LUYISICIYVKBTA",40
"primary","hmgu","2_2","MOTZDAYCYVMXPC",1
"primary","hmgu","2_2","MUPFEKGTMRGPLJ",2
"primary","hmgu","2_2","MVAWJSIDNICKHF",1
"primary","hmgu","2_2","MXHRCPNRJAMMIM",1
"primary","hmgu","2_2","NEUSVAOJNUQRTM",2
"primary","hmgu","2_2","NGSWKAQJJWESNS",11
"primary","hmgu","2_2","ODBLHEXUDAPZAU",3
"primary","hmgu","2_2","OFCNXPDARWKPPY",5
"primary","hmgu","2_2","OLNJUISKUQQNIM",8
"primary","hmgu","2_2","ONFOSYPQQXJWGS",1
"primary","hmgu","2_2","PHIQHXFUZVPYII",39
"primary","hmgu","2_2","PLVPPLCLBIEYEA",1
"primary","hmgu","2_2","PMZDQRJGMBOQBF",5
"primary","hmgu","2_2","PRJKNHOMHKJCEJ",7
"primary","hmgu","2_2","PSQYTAPXSHCGMF",9
"primary","hmgu","2_2","PYGXAGIECVVIOZ",1
"primary","hmgu","2_2","QAFBDRSXXHEXGB",10
"primary","hmgu","2_2","QCDYQQDYXPDABM",3
"primary","hmgu","2_2","QIVBCDIJIAJPQS",1
"primary","hmgu","2_2","QRMZSPFSDQBLIX",12
"primary","hmgu","2_2","QWIZNVHXZXRPDR",1
"primary","hmgu","2_2","QZAYGJVTTNCVMB",1
"primary","hmgu","2_2","RGHHSNMVTDWUBI",9
"primary","hmgu","2_2","SIKJAQJRHWYJAI",1
"primary","hmgu","2_2","SMQUZDBALVYZAC",7
"primary","hmgu","2_2","SMWDFEZZVXVKRB",2
"primary","hmgu","2_2","SRBFZHDQGSBBOR",5
"primary","hmgu","2_2","SYEOWUNSTUDKGM",1
"primary","hmgu","2_2","UBQKCCHYAOITMY",2
"primary","hmgu","2_2","UCTWMZQNUQWSLP",1
"primary","hmgu","2_2","UFFBMTHBGFGIHF",10
"primary","hmgu","2_2","UOBSVARXACCLLH",18
"primary","hmgu","2_2","UYUXSRADSPPKRZ",2
"primary","hmgu","2_2","VGONTNSXDCQUGY",1
"primary","hmgu","2_2","VZIRCHXYMBFNFD",4
"primary","hmgu","2_2","WLJVNTCWHIRURA",6
"primary","hmgu","2_2","WPYMKLBDIGXBTP",15
"primary","hmgu","2_2","WQGWDDDVZFFDIG",1
"primary","hmgu","2_2","WRMNZCZEMHIOCP",18
"primary","hmgu","2_2","WVULKSPCQVQLCU",4
"primary","hmgu","2_2","WXNXCEHXYPACJF",1
"primary","hmgu","2_2","XHCADAYNFIFUHF",1
"primary","hmgu","2_2","XKUKSGPZAADMRA",3
"primary","hmgu","2_2","XPCTZQVDEJYUGT",3
"primary","hmgu","2_2","XQXPVVBIMDBYFF",8
"primary","hmgu","2_2","ZBCBWPMODOFKDW",1
"primary","hmgu","2_2","ZDXPYRJPNDTMRX",3
"primary","hmgu","2_2","ZOAMBXDOGPRZLP",7
"primary","hmgu","2_3","ASWBNKHCZGQVJV",1
"primary","hmgu","2_3","BDJRBEYXGGNYIS",1
"primary","hmgu","2_3","BRRSNXCXLSVPFC",11
"primary","hmgu","2_3","BTCSSZJGUNDROE",1
"primary","hmgu","2_3","BVQVLAIMHVDZEL",14
"primary","hmgu","2_3","CQLOYHZZZCWHSG",2
"primary","hmgu","2_3","DOIRQSBPFJWKBE",5
"primary","hmgu","2_3","DTBNBXWJWCWCIK",6
"primary","hmgu","2_3","DXNCZXXFRKPEPY",1
"primary","hmgu","2_3","FFDGPVCHZBVARC",17
"primary","hmgu","2_3","FNYLWPVRPXGIIP",2
"primary","hmgu","2_3","FUOOLUPWFVMBKG",10
"primary","hmgu","2_3","GBKGJMYPQZODMI",1
"primary","hmgu","2_3","GFFGJBXGBJISGV",1
"primary","hmgu","2_3","GHCZAUBVMUEKKP",1
"primary","hmgu","2_3","GHMLBKRAJCXXBS",17
"primary","hmgu","2_3","GSNUFIFRDBKVIE",1
"primary","hmgu","2_3","GYCKQBWUSACYIF",3
"primary","hmgu","2_3","HGINADPHJQTSKN",14
"primary","hmgu","2_3","HLPIHRDZBHXTFJ",4
"primary","hmgu","2_3","HNEGQIOMVPPMNR",2
"primary","hmgu","2_3","HVAMZGADVCBITI",14
"primary","hmgu","2_3","HXDOZKJGKXYMEW",3
"primary","hmgu","2_3","IAVREABSGIHHMO",11
"primary","hmgu","2_3","IHCCAYCGZOLTEU",9
"primary","hmgu","2_3","IPCSVZSSVZVIGE",1
"primary","hmgu","2_3","JACRWUWPXAESPB",7
"primary","hmgu","2_3","JECYUBVRTQDVAT",12
"primary","hmgu","2_3","JFCQEDHGNNZCLN",3
"primary","hmgu","2_3","JLSKPBDKNIXMBS",1
"primary","hmgu","2_3","JLTDJTHDQAWBAV",1
"primary","hmgu","2_3","JTEJPPKMYBDEMY",1
"primary","hmgu","2_3","JYGXADMDTFJGBT",1
"primary","hmgu","2_3","KIWQWJKWBHZMDT",1
"primary","hmgu","2_3","KKEYFWRCBNTPAC",11
"primary","hmgu","2_3","KKSDGJDHHZEWEP",4
"primary","hmgu","2_3","KPGXRSRHYNQIFN",2
"primary","hmgu","2_3","KRKNYBCHXYNGOX",1
"primary","hmgu","2_3","LCQLHJZYVOQKHU",2
"primary","hmgu","2_3","LJUQGASMPRMWIW",1
"primary","hmgu","2_3","LNTHITQWFMADLM",6
"primary","hmgu","2_3","LUJMEECXHPYQOF",17
"primary","hmgu","2_3","LUYISICIYVKBTA",11
"primary","hmgu","2_3","LVHBHZANLOWSRM",1
"primary","hmgu","2_3","LWBHHRRTOZQPDM",1
"primary","hmgu","2_3","NEUSVAOJNUQRTM",2
"primary","hmgu","2_3","NGSWKAQJJWESNS",3
"primary","hmgu","2_3","NMHMNPHRMNGLLB",1
"primary","hmgu","2_3","ODBLHEXUDAPZAU",2
"primary","hmgu","2_3","OGHAROSJZRTIOK",10
"primary","hmgu","2_3","OIRDTQYFTABQOQ",1
"primary","hmgu","2_3","OLXZPDWKRNYJJZ",1
"primary","hmgu","2_3","OVRNDRQMDRJTHS",1
"primary","hmgu","2_3","OYIFNHCXNCRBQI",1
"primary","hmgu","2_3","PHIQHXFUZVPYII",1
"primary","hmgu","2_3","PYGXAGIECVVIOZ",1
"primary","hmgu","2_3","QCHPKSFMDHPSNR",3
"primary","hmgu","2_3","QIGBRXMKCJKVMJ",15
"primary","hmgu","2_3","QIVBCDIJIAJPQS",1
"primary","hmgu","2_3","QRMZSPFSDQBLIX",10
"primary","hmgu","2_3","QVWAEZJXDYOKEH",11
"primary","hmgu","2_3","QWCKQJZIFLGMSD",20
"primary","hmgu","2_3","RADKZDMFGJYCBB",1
"primary","hmgu","2_3","RGHHSNMVTDWUBI",14
"primary","hmgu","2_3","RUVINXPYWBROJD",4
"primary","hmgu","2_3","SGNZYJXNUURYCH",4
"primary","hmgu","2_3","SIKJAQJRHWYJAI",1
"primary","hmgu","2_3","SMNDYUVBFMFKNZ",13
"primary","hmgu","2_3","SMQUZDBALVYZAC",12
"primary","hmgu","2_3","SMWDFEZZVXVKRB",2
"primary","hmgu","2_3","SPIUTQOUKAMGCX",37
"primary","hmgu","2_3","TUHVEAJXIMEOSA",1
"primary","hmgu","2_3","TXFPEBPIARQUIG",7
"primary","hmgu","2_3","UFFBMTHBGFGIHF",9
"primary","hmgu","2_3","UIERETOOQGIECD",1
"primary","hmgu","2_3","UKFXDFUAPNAMPJ",2
"primary","hmgu","2_3","UZCXPYDBYUEZCV",9
"primary","hmgu","2_3","VMUXSMXIQBNMGZ",2
"primary","hmgu","2_3","VOXXWSYKYCBWHO",13
"primary","hmgu","2_3","VZIRCHXYMBFNFD",7
"primary","hmgu","2_3","WAPNOHKVXSQRPX",15
"primary","hmgu","2_3","WBYWAXJHAXSJNI",13
"primary","hmgu","2_3","WPYMKLBDIGXBTP",6
"primary","hmgu","2_3","WRMNZCZEMHIOCP",10
"primary","hmgu","2_3","WVULKSPCQVQLCU",4
"primary","hmgu","2_3","WXUAQHNMJWJLTG",1
"primary","hmgu","2_3","XNGIFLGASWRNHJ",1
"primary","hmgu","2_3","YCIMNLLNPGFGHC",10
"primary","hmgu","2_3","YFTGOBNOJKXZJC",1
"primary","hmgu","2_3","YKBGVTZYEHREMT",2
"primary","hmgu","2_3","YYPNJNDODFVZLE",4
"primary","hmgu","2_3","ZFAHNWWNDFHPOH",3
"primary","hmgu","2_3","ZFRKQXVRDFCRJG",2
"primary","hmgu","2_3","ZHMMPVANGNPCBW",2
"primary","hmgu","2_3","ZTVZLYBCZNMWCF",1
"primary","hmgu","2_4","ASWBNKHCZGQVJV",1
"primary","hmgu","2_4","BEJNERDRQOWKJM",6
"primary","hmgu","2_4","BHHGXPLMPWCGHP",1
"primary","hmgu","2_4","BVQVLAIMHVDZEL",19
"primary","hmgu","2_4","CLFRCXCBWIQVRN",5
"primary","hmgu","2_4","DOOTYTYQINUNNV",1
"primary","hmgu","2_4","DTUQWGWMVIHBKE",5
"primary","hmgu","2_4","DUUGKQCEGZLZNO",1
"primary","hmgu","2_4","DWRXFEITVBNRMK",1
"primary","hmgu","2_4","FBZONXHGGPHHIY",1
"primary","hmgu","2_4","FDGQSTZJBFJUBT",1
"primary","hmgu","2_4","FJKROLUGYXJWQN",1
"primary","hmgu","2_4","FXLOVSHXALFLKQ",2
"primary","hmgu","2_4","GHCZAUBVMUEKKP",16
"primary","hmgu","2_4","GYCKQBWUSACYIF",14
"primary","hmgu","2_4","HAPOVYFOVVWLRS",8
"primary","hmgu","2_4","HCFRWBBJISAZNK",32
"primary","hmgu","2_4","HCUARRIEZVDMPT",2
"primary","hmgu","2_4","HCZHHEIFKROPDY",3
"primary","hmgu","2_4","HQHCYKULIHKCEB",16
"primary","hmgu","2_4","HUDBDWIQSIGUDI",25
"primary","hmgu","2_4","HXACOUQIXZGNBF",1
"primary","hmgu","2_4","IAVREABSGIHHMO",11
"primary","hmgu","2_4","IBGBGRVKPALMCQ",8
"primary","hmgu","2_4","IHYJTAOFMMMOPX",1
"primary","hmgu","2_4","IJFXRHURBJZNAO",3
"primary","hmgu","2_4","INGSNVSERUZOAK",3
"primary","hmgu","2_4","IPCSVZSSVZVIGE",1
"primary","hmgu","2_4","ISWSIDIOOBJBQZ",1
"primary","hmgu","2_4","IVYPNXXAYMYVSP",1
"primary","hmgu","2_4","JLTDJTHDQAWBAV",10
"primary","hmgu","2_4","JTEDVYBZBROSJT",17
"primary","hmgu","2_4","KKSDGJDHHZEWEP",12
"primary","hmgu","2_4","KMAKOBLIOCQGJP",1
"primary","hmgu","2_4","KRKNYBCHXYNGOX",1
"primary","hmgu","2_4","KWOLFJPFCHCOCG",2
"primary","hmgu","2_4","KXDAEFPNCMNJSK",10
"primary","hmgu","2_4","MOTZDAYCYVMXPC",1
"primary","hmgu","2_4","NEUSVAOJNUQRTM",2
"primary","hmgu","2_4","NYHBQMYGNKIUIF",1
"primary","hmgu","2_4","ODBLHEXUDAPZAU",2
"primary","hmgu","2_4","ODHCTXKNWHHXJC",1
"primary","hmgu","2_4","OFCNXPDARWKPPY",16
"primary","hmgu","2_4","OLNJUISKUQQNIM",3
"primary","hmgu","2_4","PAYRUJLWNCNPSJ",1
"primary","hmgu","2_4","PCSKKIUURRTAEM",1
"primary","hmgu","2_4","PMMYEEVYMWASQN",1
"primary","hmgu","2_4","PMZDQRJGMBOQBF",1
"primary","hmgu","2_4","PPBRXRYQALVLMV",1
"primary","hmgu","2_4","PVNIIMVLHYAWGP",2
"primary","hmgu","2_4","PYGXAGIECVVIOZ",1
"primary","hmgu","2_4","RADKZDMFGJYCBB",1
"primary","hmgu","2_4","RBNPOMFGQQGHHO",1
"primary","hmgu","2_4","RGHHSNMVTDWUBI",3
"primary","hmgu","2_4","RGHNJXZEOKUKBD",1
"primary","hmgu","2_4","RQEUFEKYXDPUSK",2
"primary","hmgu","2_4","RWQNBRDOKXIBIV",1
"primary","hmgu","2_4","SEOVTRFCIGRIMH",13
"primary","hmgu","2_4","SIKJAQJRHWYJAI",1
"primary","hmgu","2_4","SIOXPEMLGUPBBT",1
"primary","hmgu","2_4","SMQUZDBALVYZAC",9
"primary","hmgu","2_4","TUHVEAJXIMEOSA",10
"primary","hmgu","2_4","TWBYWOBDOCUKOW",1
"primary","hmgu","2_4","TXXHDPDFNKHHGW",8
"primary","hmgu","2_4","UBQKCCHYAOITMY",1
"primary","hmgu","2_4","UFFBMTHBGFGIHF",1
"primary","hmgu","2_4","UGQMRVRMYYASKQ",1
"primary","hmgu","2_4","VZIRCHXYMBFNFD",2
"primary","hmgu","2_4","VZXPDPZARILFQX",18
"primary","hmgu","2_4","WHUUTDBJXJRKMK",1
"primary","hmgu","2_4","WPYMKLBDIGXBTP",19
"primary","hmgu","2_4","WRMNZCZEMHIOCP",20
"primary","hmgu","2_4","WVULKSPCQVQLCU",42
"primary","hmgu","2_4","XKUKSGPZAADMRA",2
"primary","hmgu","2_4","YGSDEFSMJLZEOE",1
"primary","hmgu","2_4","ZGXJTSGNIOSYLO",3
"primary","hmgu","2_4","ZRQXMKMBBMNNQC",12
"primary","hmgu","2_5","AFENDNXGAFYKQO",1
"primary","hmgu","2_5","ASOSVCXGWPDUGN",20
"primary","hmgu","2_5","ASWBNKHCZGQVJV",1
"primary","hmgu","2_5","AUYYCJSJGJYCDS",1
"primary","hmgu","2_5","BBZCPUCZKLTAJQ",1
"primary","hmgu","2_5","BSYNRYMUTXBXSQ",17
"primary","hmgu","2_5","BVWTXUYLKBHMOX",33
"primary","hmgu","2_5","BWLBGMIXKSTLSX",2
"primary","hmgu","2_5","BXWNKGSJHAJOGX",11
"primary","hmgu","2_5","CBQJSKKFNMDLON",1
"primary","hmgu","2_5","CCVYRRGZDBSHFU",2
"primary","hmgu","2_5","CDAISMWEOUEBRE",11
"primary","hmgu","2_5","COLNVLDHVKWLRT",1
"primary","hmgu","2_5","CZMRCDWAGMRECN",1
"primary","hmgu","2_5","DOIRQSBPFJWKBE",1
"primary","hmgu","2_5","DSCFFEYYQKSRSV",3
"primary","hmgu","2_5","DTOSIQBPPRVQHS",23
"primary","hmgu","2_5","DTUQWGWMVIHBKE",10
"primary","hmgu","2_5","DUHQIGLHYXLKAE",3
"primary","hmgu","2_5","FAQJJMHZNSSFSM",1
"primary","hmgu","2_5","FCCDDURTIIUXBY",1
"primary","hmgu","2_5","FVMDYYGIDFPZAX",3
"primary","hmgu","2_5","FXLOVSHXALFLKQ",9
"primary","hmgu","2_5","GBKGJMYPQZODMI",16
"primary","hmgu","2_5","GHCZAUBVMUEKKP",3
"primary","hmgu","2_5","GUBGYTABKSRVRQ",11
"primary","hmgu","2_5","GYCKQBWUSACYIF",6
"primary","hmgu","2_5","HCUARRIEZVDMPT",1
"primary","hmgu","2_5","HCZHHEIFKROPDY",1
"primary","hmgu","2_5","HDTRYLNUVZCQOY",7
"primary","hmgu","2_5","HOVAGTYPODGVJG",14
"primary","hmgu","2_5","HQHCYKULIHKCEB",15
"primary","hmgu","2_5","HUDBDWIQSIGUDI",6
"primary","hmgu","2_5","HVAMZGADVCBITI",4
"primary","hmgu","2_5","HVRZYSHVZOELOH",12
"primary","hmgu","2_5","HXNFUBHNUDHIGC",2
"primary","hmgu","2_5","HYYBABOKPJLUIN",40
"primary","hmgu","2_5","IAVREABSGIHHMO",2
"primary","hmgu","2_5","ILEDWLMCKZNDJK",1
"primary","hmgu","2_5","IPBVNPXQWQGGJP",17
"primary","hmgu","2_5","IPCSVZSSVZVIGE",2
"primary","hmgu","2_5","IRSCQMHQWWYFCW",3
"primary","hmgu","2_5","ISWSIDIOOBJBQZ",1
"primary","hmgu","2_5","IZZIWIAOVZOBLF",2
"primary","hmgu","2_5","JCQLYHFGKNRPGE",3
"primary","hmgu","2_5","JDBGXEHEIRGOBU",1
"primary","hmgu","2_5","JJMDCOVWQOJGCB",2
"primary","hmgu","2_5","JMOXSQYGVIXBBZ",12
"primary","hmgu","2_5","JOXIMZWYDAKGHI",2
"primary","hmgu","2_5","JTEDVYBZBROSJT",1
"primary","hmgu","2_5","JYVXNLLUYHCIIH",2
"primary","hmgu","2_5","JZRWCGZRTZMZEH",1
"primary","hmgu","2_5","KCDXJAYRVLXPFO",40
"primary","hmgu","2_5","KKADPXVIOXHVKN",6
"primary","hmgu","2_5","KKSDGJDHHZEWEP",1
"primary","hmgu","2_5","KMAKOBLIOCQGJP",2
"primary","hmgu","2_5","KPGXRSRHYNQIFN",1
"primary","hmgu","2_5","KRKNYBCHXYNGOX",1
"primary","hmgu","2_5","KVQGGLZHHFGHPU",17
"primary","hmgu","2_5","KWOLFJPFCHCOCG",8
"primary","hmgu","2_5","LKDRXBCSQODPBY",2
"primary","hmgu","2_5","LPEKGGXMPWTOCB",9
"primary","hmgu","2_5","LRFVTYWOQMYALW",1
"primary","hmgu","2_5","LTFHNKUKQYVHDX",20
"primary","hmgu","2_5","LUYISICIYVKBTA",13
"primary","hmgu","2_5","LVRFTAZAXQPQHI",3
"primary","hmgu","2_5","MFYSYFVPBJMHGN",6
"primary","hmgu","2_5","NDAUXUAQIAJITI",1
"primary","hmgu","2_5","NEUSVAOJNUQRTM",2
"primary","hmgu","2_5","NGSWKAQJJWESNS",3
"primary","hmgu","2_5","NHUHCSRWZMLRLA",5
"primary","hmgu","2_5","NRSCPTLHWVWLLH",4
"primary","hmgu","2_5","NYHBQMYGNKIUIF",15
"primary","hmgu","2_5","ODBLHEXUDAPZAU",2
"primary","hmgu","2_5","OIGNJSKKLXVSLS",16
"primary","hmgu","2_5","OJUGVDODNPJEEC",24
"primary","hmgu","2_5","OMFXVFTZEKFJBZ",1
"primary","hmgu","2_5","PKZJLOCLABXVMC",3
"primary","hmgu","2_5","PVNIIMVLHYAWGP",1
"primary","hmgu","2_5","PVXPPJIGRGXGCY",2
"primary","hmgu","2_5","PYGXAGIECVVIOZ",1
"primary","hmgu","2_5","QLNJFJADRCOGBJ",24
"primary","hmgu","2_5","QQHJDPROMQRDLA",5
"primary","hmgu","2_5","RFSUNEUAIZKAJO",5
"primary","hmgu","2_5","RGHHSNMVTDWUBI",1
"primary","hmgu","2_5","RGHNJXZEOKUKBD",1
"primary","hmgu","2_5","RWSXRVCMGQZWBV",1
"primary","hmgu","2_5","SIKJAQJRHWYJAI",1
"primary","hmgu","2_5","SIOXPEMLGUPBBT",3
"primary","hmgu","2_5","SMQUZDBALVYZAC",3
"primary","hmgu","2_5","SMWDFEZZVXVKRB",2
"primary","hmgu","2_5","SYEOWUNSTUDKGM",1
"primary","hmgu","2_5","TWBYWOBDOCUKOW",2
"primary","hmgu","2_5","TYEYBOSBBBHJIV",1
"primary","hmgu","2_5","UBORTCNDUKBEOP",1
"primary","hmgu","2_5","UBQKCCHYAOITMY",6
"primary","hmgu","2_5","UFFBMTHBGFGIHF",15
"primary","hmgu","2_5","UIERETOOQGIECD",19
"primary","hmgu","2_5","UOBSVARXACCLLH",12
"primary","hmgu","2_5","UTYVDVLMYQPLQB",1
"primary","hmgu","2_5","UYTPUPDQBNUYGX",1
"primary","hmgu","2_5","VZIRCHXYMBFNFD",4
"primary","hmgu","2_5","WHBMMWSBFZVSSR",11
"primary","hmgu","2_5","WKOLLVMJNQIZCI",20
"primary","hmgu","2_5","WLJVNTCWHIRURA",2
"primary","hmgu","2_5","WPYMKLBDIGXBTP",1
"primary","hmgu","2_5","WQZGKKKJIJFFOK",4
"primary","hmgu","2_5","WSWCOQWTEOXDQX",1
"primary","hmgu","2_5","WVULKSPCQVQLCU",4
"primary","hmgu","2_5","XHCADAYNFIFUHF",1
"primary","hmgu","2_5","XKUKSGPZAADMRA",4
"primary","hmgu","2_5","XQXPVVBIMDBYFF",1
"primary","hmgu","2_5","XUWHAWMETYGRKB",20
"primary","hmgu","2_5","YBJHBAHKTGYVGT",1
"primary","hmgu","2_5","YOEBAVRJHRCKRE",3
"primary","hmgu","2_5","YSAVZVORKRDODB",7
"primary","hmgu","2_5","ZBCBWPMODOFKDW",1
"primary","hmgu","2_5","ZFRKQXVRDFCRJG",2
"primary","hmgu","2_5","ZJJXGWJIGJFDTL",9
"primary","hmgu","2_5","ZMXDDKWLCZADIW",14
"primary","hmgu","2_5","ZRSNZINYAWTAHE",2
"primary","hmgu","2_5","ZYGHJZDHTFUPRJ",2
"primary","hmgu","2_6","AGPKZVBTJJNPAG",1
"primary","hmgu","2_6","APQPRKLAWCIJEK",1
"primary","hmgu","2_6","ASWBNKHCZGQVJV",2
"primary","hmgu","2_6","AVFZOVWCLRSYKC",9
"primary","hmgu","2_6","BJJQJLOZWBZEGA",9
"primary","hmgu","2_6","BTCSSZJGUNDROE",15
"primary","hmgu","2_6","CCVYRRGZDBSHFU",7
"primary","hmgu","2_6","CDAWCLOXVUBKRW",6
"primary","hmgu","2_6","CKOMXBHMKXXTNW",1
"primary","hmgu","2_6","DRLFMBDRBRZALE",1
"primary","hmgu","2_6","DUHQIGLHYXLKAE",1
"primary","hmgu","2_6","FFDGPVCHZBVARC",13
"primary","hmgu","2_6","FSASIHFSFGAIJM",3
"primary","hmgu","2_6","FSYKKLYZXJSNPZ",9
"primary","hmgu","2_6","FTZILAQGHINQQR",11
"primary","hmgu","2_6","FVMDYYGIDFPZAX",5
"primary","hmgu","2_6","GHCZAUBVMUEKKP",13
"primary","hmgu","2_6","GOLXRNDWAUTYKT",20
"primary","hmgu","2_6","GUBGYTABKSRVRQ",18
"primary","hmgu","2_6","GYCKQBWUSACYIF",2
"primary","hmgu","2_6","HJCMDXDYPOUFDY",11
"primary","hmgu","2_6","HQHCYKULIHKCEB",8
"primary","hmgu","2_6","HUDBDWIQSIGUDI",5
"primary","hmgu","2_6","HXACOUQIXZGNBF",1
"primary","hmgu","2_6","IAVREABSGIHHMO",2
"primary","hmgu","2_6","IJCKBIINTQEGLY",1
"primary","hmgu","2_6","INCSQLZZXBPATR",7
"primary","hmgu","2_6","IPCSVZSSVZVIGE",1
"primary","hmgu","2_6","IWDCLRJOBJJRNH",3
"primary","hmgu","2_6","IYXGSMUGOJNHAZ",18
"primary","hmgu","2_6","JARKCYVAAOWBJS",12
"primary","hmgu","2_6","JCQLYHFGKNRPGE",14
"primary","hmgu","2_6","JDTWZSUNGHMMJM",1
"primary","hmgu","2_6","JFLIEFSWGNOPJJ",10
"primary","hmgu","2_6","JLTDJTHDQAWBAV",1
"primary","hmgu","2_6","KDCGOANMDULRCW",1
"primary","hmgu","2_6","KDYFGRWQOYBRFD",1
"primary","hmgu","2_6","KKSDGJDHHZEWEP",13
"primary","hmgu","2_6","KKVZAVRSVHUSPL",10
"primary","hmgu","2_6","KTHADMDGDNYQRX",11
"primary","hmgu","2_6","LEGPZHPSIPPYIO",19
"primary","hmgu","2_6","LRQKBLKVPFOOQJ",4
"primary","hmgu","2_6","LUYISICIYVKBTA",9
"primary","hmgu","2_6","NEUSVAOJNUQRTM",2
"primary","hmgu","2_6","OIRDTQYFTABQOQ",1
"primary","hmgu","2_6","OLNJUISKUQQNIM",19
"primary","hmgu","2_6","OOCCDEMITAIZTP",16
"primary","hmgu","2_6","OPTASPLRGRRNAP",1
"primary","hmgu","2_6","OSMAJVWUIUORGC",15
"primary","hmgu","2_6","OVRNDRQMDRJTHS",1
"primary","hmgu","2_6","PHIQHXFUZVPYII",1
"primary","hmgu","2_6","PLIKAWJENQZMHA",1
"primary","hmgu","2_6","PMZDQRJGMBOQBF",10
"primary","hmgu","2_6","PYGXAGIECVVIOZ",1
"primary","hmgu","2_6","QCHPKSFMDHPSNR",5
"primary","hmgu","2_6","QIRNGVVZBINFMX",5
"primary","hmgu","2_6","QNAYBMKLOCPYGJ",4
"primary","hmgu","2_6","QQHJDPROMQRDLA",14
"primary","hmgu","2_6","QRMZSPFSDQBLIX",18
"primary","hmgu","2_6","QWVGKYWNOKOFNN",2
"primary","hmgu","2_6","RDHQFKQIGNGIED",1
"primary","hmgu","2_6","RDOXTESZEPMUJZ",14
"primary","hmgu","2_6","RGHHSNMVTDWUBI",3
"primary","hmgu","2_6","RINCXYDBBGOEEQ",1
"primary","hmgu","2_6","RLSSMJSEOOYNOY",1
"primary","hmgu","2_6","ROHFNLRQFUQHCH",2
"primary","hmgu","2_6","RULSWEULPANCDV",2
"primary","hmgu","2_6","SIKJAQJRHWYJAI",1
"primary","hmgu","2_6","SMQUZDBALVYZAC",6
"primary","hmgu","2_6","SMWDFEZZVXVKRB",3
"primary","hmgu","2_6","SULYEHHGGXARJS",8
"primary","hmgu","2_6","UCMIRNVEIXFBKS",1
"primary","hmgu","2_6","UCQUAMAQHHEXGD",10
"primary","hmgu","2_6","UFAHZIUFPNSHSL",1
"primary","hmgu","2_6","UFFBMTHBGFGIHF",8
"primary","hmgu","2_6","UGQMRVRMYYASKQ",17
"primary","hmgu","2_6","UZCXPYDBYUEZCV",1
"primary","hmgu","2_6","UZTFMUBKZQVKLK",1
"primary","hmgu","2_6","VVIAGPKUTFNRDU",4
"primary","hmgu","2_6","VZIRCHXYMBFNFD",8
"primary","hmgu","2_6","WIGIZIANZCJQQY",1
"primary","hmgu","2_6","WLDWSGZHNBANIO",6
"primary","hmgu","2_6","WLJVNTCWHIRURA",9
"primary","hmgu","2_6","WPYMKLBDIGXBTP",10
"primary","hmgu","2_6","WRMNZCZEMHIOCP",40
"primary","hmgu","2_6","WVDDGKGOMKODPV",5
"primary","hmgu","2_6","WVULKSPCQVQLCU",32
"primary","hmgu","2_6","WXNXCEHXYPACJF",1
"primary","hmgu","2_6","XKUKSGPZAADMRA",4
"primary","hmgu","2_6","XQCZBXHVTFVIFE",2
"primary","hmgu","2_6","YBJHBAHKTGYVGT",4
"primary","hmgu","2_6","YKBGVTZYEHREMT",3
"primary","hmgu","2_6","YPTJKHVBDCRKNF",2
"primary","hmgu","2_6","YTFVRYKNXDADBI",1
"primary","hmgu","2_6","ZFBNNSOJNZBLLS",34
"primary","hmgu","2_6","ZIYVHBGGAOATLY",3
"primary","hmgu","2_6","ZYGHJZDHTFUPRJ",1
"primary","hmgu","2_7","AGPKZVBTJJNPAG",1
"primary","hmgu","2_7","ASWBNKHCZGQVJV",1
"primary","hmgu","2_7","AUYYCJSJGJYCDS",1
"primary","hmgu","2_7","AVFZOVWCLRSYKC",12
"primary","hmgu","2_7","BDJRBEYXGGNYIS",1
"primary","hmgu","2_7","BJEPYKJPYRNKOW",1
"primary","hmgu","2_7","BRRSNXCXLSVPFC",14
"primary","hmgu","2_7","BVWTXUYLKBHMOX",16
"primary","hmgu","2_7","CDAISMWEOUEBRE",6
"primary","hmgu","2_7","CFFZDZCDUFSOFZ",1
"primary","hmgu","2_7","CKTSBUTUHBMZGZ",1
"primary","hmgu","2_7","CQRYARSYNCAZFO",8
"primary","hmgu","2_7","DAUAQNGYDSHRET",14
"primary","hmgu","2_7","DOIRQSBPFJWKBE",6
"primary","hmgu","2_7","DTOSIQBPPRVQHS",14
"primary","hmgu","2_7","DTUQWGWMVIHBKE",3
"primary","hmgu","2_7","DXNCZXXFRKPEPY",1
"primary","hmgu","2_7","FBTSQILOGYXGMD",1
"primary","hmgu","2_7","FSVCELGFZIQNCK",1
"primary","hmgu","2_7","FXLOVSHXALFLKQ",1
"primary","hmgu","2_7","GJAWHXHKYYXBSV",16
"primary","hmgu","2_7","GYCKQBWUSACYIF",3
"primary","hmgu","2_7","HQHCYKULIHKCEB",18
"primary","hmgu","2_7","IAVREABSGIHHMO",1
"primary","hmgu","2_7","IGMNYECMUMZDDF",2
"primary","hmgu","2_7","IHCCAYCGZOLTEU",12
"primary","hmgu","2_7","IPCSVZSSVZVIGE",1
"primary","hmgu","2_7","IQFYYKKMVGJFEH",1
"primary","hmgu","2_7","JYPHNHPXFNEZBR",4
"primary","hmgu","2_7","JZKXXXDKRQWDET",2
"primary","hmgu","2_7","KCDXJAYRVLXPFO",19
"primary","hmgu","2_7","KKSDGJDHHZEWEP",3
"primary","hmgu","2_7","KRKNYBCHXYNGOX",1
"primary","hmgu","2_7","KWOLFJPFCHCOCG",8
"primary","hmgu","2_7","LKDRXBCSQODPBY",5
"primary","hmgu","2_7","LNTHITQWFMADLM",17
"primary","hmgu","2_7","LRQKBLKVPFOOQJ",5
"primary","hmgu","2_7","MMKRHZKQPFCLLS",16
"primary","hmgu","2_7","MOTZDAYCYVMXPC",1
"primary","hmgu","2_7","NEUSVAOJNUQRTM",2
"primary","hmgu","2_7","NGSWKAQJJWESNS",1
"primary","hmgu","2_7","NYPYHUZRZVSYKL",1
"primary","hmgu","2_7","ODBLHEXUDAPZAU",2
"primary","hmgu","2_7","OKVJCVWFVRATSG",1
"primary","hmgu","2_7","OPTASPLRGRRNAP",1
"primary","hmgu","2_7","OUYCCCASQSFEME",1
"primary","hmgu","2_7","PYGXAGIECVVIOZ",1
"primary","hmgu","2_7","QEVHRUUCFGRFIF",1
"primary","hmgu","2_7","QRMZSPFSDQBLIX",1
"primary","hmgu","2_7","RFSUNEUAIZKAJO",9
"primary","hmgu","2_7","RGHHSNMVTDWUBI",1
"primary","hmgu","2_7","ROHFNLRQFUQHCH",3
"primary","hmgu","2_7","RWQNBRDOKXIBIV",1
"primary","hmgu","2_7","SHZGCJCMOBCMKK",1
"primary","hmgu","2_7","SIKJAQJRHWYJAI",1
"primary","hmgu","2_7","SMNDYUVBFMFKNZ",15
"primary","hmgu","2_7","SMQUZDBALVYZAC",5
"primary","hmgu","2_7","SOYKEARSMXGVTM",1
"primary","hmgu","2_7","SUMDYPCJJOFFON",1
"primary","hmgu","2_7","TUHVEAJXIMEOSA",10
"primary","hmgu","2_7","UQTZMGFTRHFAAM",1
"primary","hmgu","2_7","VRYALKFFQXWPIH",12
"primary","hmgu","2_7","VZIRCHXYMBFNFD",2
"primary","hmgu","2_7","WJJMNDUMQPNECX",13
"primary","hmgu","2_7","WPYMKLBDIGXBTP",1
"primary","hmgu","2_7","WQZGKKKJIJFFOK",4
"primary","hmgu","2_7","WRMNZCZEMHIOCP",19
"primary","hmgu","2_7","XKUKSGPZAADMRA",9
"primary","hmgu","2_7","XLTJXJJMUFDQEZ",16
"primary","hmgu","2_7","XQCZBXHVTFVIFE",2
"primary","hmgu","2_7","XUIIKFGFIJCVMT",1
"primary","hmgu","2_7","YHXHKYRQLYQUIH",11
"primary","hmgu","2_7","ZBCATMYQYDCTIZ",2
"primary","hmgu","2_7","ZHSOTLOTTDYIIK",1
"primary","hmgu","2_7","ZYGHJZDHTFUPRJ",2
"primary","hmgu","2_8","AGPKZVBTJJNPAG",1
"primary","hmgu","2_8","ALHUZKCOMYUFRB",3
"primary","hmgu","2_8","ALRHLSYJTWAHJZ",15
"primary","hmgu","2_8","ASWBNKHCZGQVJV",1
"primary","hmgu","2_8","BDJRBEYXGGNYIS",1
"primary","hmgu","2_8","BJJQJLOZWBZEGA",11
"primary","hmgu","2_8","CFFZDZCDUFSOFZ",2
"primary","hmgu","2_8","CQRYARSYNCAZFO",7
"primary","hmgu","2_8","DKNWSYNQZKUICI",9
"primary","hmgu","2_8","DOIRQSBPFJWKBE",5
"primary","hmgu","2_8","DOOTYTYQINUNNV",1
"primary","hmgu","2_8","FEWJPZIEWOKRBE",1
"primary","hmgu","2_8","FFEARJCKVFRZRR",1
"primary","hmgu","2_8","GHCZAUBVMUEKKP",1
"primary","hmgu","2_8","HQHCYKULIHKCEB",14
"primary","hmgu","2_8","IAVREABSGIHHMO",1
"primary","hmgu","2_8","IGMNYECMUMZDDF",1
"primary","hmgu","2_8","IIGNZLVHOZEOPV",11
"primary","hmgu","2_8","INGSNVSERUZOAK",1
"primary","hmgu","2_8","IPCSVZSSVZVIGE",3
"primary","hmgu","2_8","IWDCLRJOBJJRNH",13
"primary","hmgu","2_8","IZZIWIAOVZOBLF",5
"primary","hmgu","2_8","JDTWZSUNGHMMJM",3
"primary","hmgu","2_8","JLTDJTHDQAWBAV",1
"primary","hmgu","2_8","JVTAAEKCZFNVCJ",1
"primary","hmgu","2_8","JVTZFYYHCGSXJV",6
"primary","hmgu","2_8","JYPHNHPXFNEZBR",15
"primary","hmgu","2_8","JZKXXXDKRQWDET",2
"primary","hmgu","2_8","KKSDGJDHHZEWEP",12
"primary","hmgu","2_8","KRKNYBCHXYNGOX",1
"primary","hmgu","2_8","KZNQNBZMBZJQJO",1
"primary","hmgu","2_8","LHGVFZTZFXWLCP",1
"primary","hmgu","2_8","LRQKBLKVPFOOQJ",4
"primary","hmgu","2_8","LTFHNKUKQYVHDX",7
"primary","hmgu","2_8","LUCHPKXVUGJYGU",25
"primary","hmgu","2_8","LXNHXLLTXMVWPM",9
"primary","hmgu","2_8","MBIZFBDREVRUHY",1
"primary","hmgu","2_8","MNQZXJOMYWMBOU",3
"primary","hmgu","2_8","MOTZDAYCYVMXPC",1
"primary","hmgu","2_8","MWOOGOJBHIARFG",1
"primary","hmgu","2_8","NEUSVAOJNUQRTM",2
"primary","hmgu","2_8","NGSWKAQJJWESNS",14
"primary","hmgu","2_8","NIDVTARKFBZMOT",22
"primary","hmgu","2_8","ODBLHEXUDAPZAU",2
"primary","hmgu","2_8","OJUGVDODNPJEEC",3
"primary","hmgu","2_8","OKVJCVWFVRATSG",3
"primary","hmgu","2_8","OUYCCCASQSFEME",14
"primary","hmgu","2_8","OVBPIULPVIDEAO",1
"primary","hmgu","2_8","PSQYTAPXSHCGMF",18
"primary","hmgu","2_8","PVNIIMVLHYAWGP",1
"primary","hmgu","2_8","PYGXAGIECVVIOZ",1
"primary","hmgu","2_8","QEVHRUUCFGRFIF",2
"primary","hmgu","2_8","QRMZSPFSDQBLIX",4
"primary","hmgu","2_8","QWVGKYWNOKOFNN",15
"primary","hmgu","2_8","QYPPJABKJHAVHS",1
"primary","hmgu","2_8","RDOXTESZEPMUJZ",16
"primary","hmgu","2_8","RGHHSNMVTDWUBI",1
"primary","hmgu","2_8","RLSSMJSEOOYNOY",12
"primary","hmgu","2_8","ROHFNLRQFUQHCH",1
"primary","hmgu","2_8","RWQNBRDOKXIBIV",1
"primary","hmgu","2_8","RXKJFZQQPQGTFL",9
"primary","hmgu","2_8","SFLSHLFXELFNJZ",1
"primary","hmgu","2_8","SIKJAQJRHWYJAI",1
"primary","hmgu","2_8","SIOXPEMLGUPBBT",3
"primary","hmgu","2_8","SMQUZDBALVYZAC",2
"primary","hmgu","2_8","TWBYWOBDOCUKOW",2
"primary","hmgu","2_8","UFFBMTHBGFGIHF",9
"primary","hmgu","2_8","UFIVEPVSAGBUSI",1
"primary","hmgu","2_8","UYWQUFXKFGHYNT",10
"primary","hmgu","2_8","VZIRCHXYMBFNFD",4
"primary","hmgu","2_8","WPYMKLBDIGXBTP",1
"primary","hmgu","2_8","WRMNZCZEMHIOCP",18
"primary","hmgu","2_8","WUADCCWRTIWANL",2
"primary","hmgu","2_8","WVDDGKGOMKODPV",14
"primary","hmgu","2_8","WVULKSPCQVQLCU",2
"primary","hmgu","2_8","WXNXCEHXYPACJF",1
"primary","hmgu","2_8","XKUKSGPZAADMRA",12
"primary","hmgu","2_8","XOAAWQZATWQOTB",1
"primary","hmgu","2_8","XUYPXLNMDZIRQH",1
"primary","hmgu","2_8","YCCILVSKPBXVIP",6
"primary","hmgu","2_8","YFTGOBNOJKXZJC",5
"primary","hmgu","2_8","YHXHKYRQLYQUIH",9
"primary","hmgu","2_8","ZBCATMYQYDCTIZ",1
"primary","hmgu","2_8","ZBCBWPMODOFKDW",1
"primary","hmgu","2_8","ZHSOTLOTTDYIIK",1
"primary","hmgu","2_8","ZRSNZINYAWTAHE",4
"primary","hmgu","2_8","ZWLPBLYKEWSWPD",17
"primary","hmgu","2_9","AEFLONBTGZFSGQ",4
"primary","hmgu","2_9","AEMOLEFTQBMNLQ",4
"primary","hmgu","2_9","ASWBNKHCZGQVJV",1
"primary","hmgu","2_9","BDJRBEYXGGNYIS",1
"primary","hmgu","2_9","BJJQJLOZWBZEGA",6
"primary","hmgu","2_9","CDOSHBSSFJOMGT",6
"primary","hmgu","2_9","CIWBSHSKHKDKBQ",15
"primary","hmgu","2_9","CZMRCDWAGMRECN",1
"primary","hmgu","2_9","DIVQKHQLANKJQO",1
"primary","hmgu","2_9","DTOSIQBPPRVQHS",15
"primary","hmgu","2_9","DUUGKQCEGZLZNO",1
"primary","hmgu","2_9","FBZONXHGGPHHIY",2
"primary","hmgu","2_9","GBKGJMYPQZODMI",4
"primary","hmgu","2_9","GJAWHXHKYYXBSV",1
"primary","hmgu","2_9","GLZPCOQZEFWAFX",7
"primary","hmgu","2_9","GUBGYTABKSRVRQ",8
"primary","hmgu","2_9","GYCKQBWUSACYIF",6
"primary","hmgu","2_9","HCUARRIEZVDMPT",13
"primary","hmgu","2_9","HCZHHEIFKROPDY",8
"primary","hmgu","2_9","HDTRYLNUVZCQOY",4
"primary","hmgu","2_9","HLKXYZVTANABHZ",3
"primary","hmgu","2_9","HXEACLLIILLPRG",4
"primary","hmgu","2_9","IAVREABSGIHHMO",12
"primary","hmgu","2_9","IPBVNPXQWQGGJP",4
"primary","hmgu","2_9","IPCSVZSSVZVIGE",1
"primary","hmgu","2_9","ISAKRJDGNUQOIC",1
"primary","hmgu","2_9","IVYPNXXAYMYVSP",1
"primary","hmgu","2_9","JCQLYHFGKNRPGE",2
"primary","hmgu","2_9","JLTDJTHDQAWBAV",1
"primary","hmgu","2_9","KKSDGJDHHZEWEP",16
"primary","hmgu","2_9","KMAKOBLIOCQGJP",6
"primary","hmgu","2_9","KQTIIICEAUMSDG",18
"primary","hmgu","2_9","KRKNYBCHXYNGOX",1
"primary","hmgu","2_9","KSMRODHGGIIXDV",1
"primary","hmgu","2_9","LEHOTFFKMJEONL",1
"primary","hmgu","2_9","LOIYMIARKYCTBW",1
"primary","hmgu","2_9","LVRFTAZAXQPQHI",1
"primary","hmgu","2_9","NEUSVAOJNUQRTM",2
"primary","hmgu","2_9","NGSWKAQJJWESNS",33
"primary","hmgu","2_9","NKOUWLLFHNBUDW",15
"primary","hmgu","2_9","ODBLHEXUDAPZAU",2
"primary","hmgu","2_9","OIRDTQYFTABQOQ",11
"primary","hmgu","2_9","OSMAJVWUIUORGC",15
"primary","hmgu","2_9","PKZJLOCLABXVMC",19
"primary","hmgu","2_9","PMMYEEVYMWASQN",1
"primary","hmgu","2_9","PMZDQRJGMBOQBF",25
"primary","hmgu","2_9","PSQYTAPXSHCGMF",19
"primary","hmgu","2_9","PVNIIMVLHYAWGP",1
"primary","hmgu","2_9","PVXPPJIGRGXGCY",5
"primary","hmgu","2_9","PYGXAGIECVVIOZ",1
"primary","hmgu","2_9","QQHJDPROMQRDLA",18
"primary","hmgu","2_9","QUKGYYKBILRGFE",6
"primary","hmgu","2_9","QYSXJUFSXHHAJI",8
"primary","hmgu","2_9","RADKZDMFGJYCBB",13
"primary","hmgu","2_9","RGHHSNMVTDWUBI",9
"primary","hmgu","2_9","SERLAGPUMNYUCK",3
"primary","hmgu","2_9","SIOXPEMLGUPBBT",2
"primary","hmgu","2_9","SMQUZDBALVYZAC",6
"primary","hmgu","2_9","TVIDDXQYHWJXFK",1
"primary","hmgu","2_9","TWBYWOBDOCUKOW",3
"primary","hmgu","2_9","UBQKCCHYAOITMY",4
"primary","hmgu","2_9","UCTLRSWJYQTBFZ",16
"primary","hmgu","2_9","UFFBMTHBGFGIHF",10
"primary","hmgu","2_9","UYUXSRADSPPKRZ",1
"primary","hmgu","2_9","VGONTNSXDCQUGY",28
"primary","hmgu","2_9","VQHSOMBJVWLPSR",2
"primary","hmgu","2_9","VZIRCHXYMBFNFD",1
"primary","hmgu","2_9","WJJMNDUMQPNECX",6
"primary","hmgu","2_9","WPYMKLBDIGXBTP",19
"primary","hmgu","2_9","XKUKSGPZAADMRA",25
"primary","hmgu","2_9","XNLICIUVMPYHGG",5
"primary","hmgu","2_9","XPCTZQVDEJYUGT",6
"primary","hmgu","2_9","YGHRJJRRZDOVPD",2
"primary","hmgu","2_9","YKBGVTZYEHREMT",5
"primary","hmgu","2_9","YRCWQPVGYLYSOX",18
"primary","hmgu","2_9","ZDXPYRJPNDTMRX",6
"primary","hmgu","2_9","ZGXJTSGNIOSYLO",9
"primary","hmgu","2_9","ZRQXMKMBBMNNQC",1
"primary","hmgu","2_9","ZRSNZINYAWTAHE",13
"primary","hmgu","2_9","ZWLPBLYKEWSWPD",9
"primary","hmgu","3_1","AHOUBRCZNHFOSL",35
"primary","hmgu","3_1","ASWBNKHCZGQVJV",1
"primary","hmgu","3_1","AUYYCJSJGJYCDS",1
"primary","hmgu","3_1","AWDRATDZQPNJFN",2
"primary","hmgu","3_1","BHTRKEVKTKCXOH",1
"primary","hmgu","3_1","BXWNKGSJHAJOGX",16
"primary","hmgu","3_1","CHLICZRVGGXEOD",15
"primary","hmgu","3_1","CNVZJPUDSLNTQU",16
"primary","hmgu","3_1","DOIRQSBPFJWKBE",1
"primary","hmgu","3_1","DXNCZXXFRKPEPY",1
"primary","hmgu","3_1","FJLGEFLZQAZZCD",1
"primary","hmgu","3_1","FSVCELGFZIQNCK",1
"primary","hmgu","3_1","GBKGJMYPQZODMI",9
"primary","hmgu","3_1","GHCZAUBVMUEKKP",8
"primary","hmgu","3_1","GYCKQBWUSACYIF",9
"primary","hmgu","3_1","HQHCYKULIHKCEB",1
"primary","hmgu","3_1","HXDOZKJGKXYMEW",19
"primary","hmgu","3_1","IAVREABSGIHHMO",32
"primary","hmgu","3_1","IPCSVZSSVZVIGE",1
"primary","hmgu","3_1","JIRKNEAMPYVPTD",4
"primary","hmgu","3_1","KKSDGJDHHZEWEP",11
"primary","hmgu","3_1","KRKNYBCHXYNGOX",1
"primary","hmgu","3_1","LWBHHRRTOZQPDM",1
"primary","hmgu","3_1","MAYCICSNZYXLHB",1
"primary","hmgu","3_1","MOTZDAYCYVMXPC",1
"primary","hmgu","3_1","MYYIAHXIVFADCU",18
"primary","hmgu","3_1","NAACPBBQTFFYQB",7
"primary","hmgu","3_1","NIJJYAXOARWZEE",2
"primary","hmgu","3_1","NKBWMBRPILTCRD",13
"primary","hmgu","3_1","NKOUWLLFHNBUDW",14
"primary","hmgu","3_1","NYOXRYYXRWJDKP",20
"primary","hmgu","3_1","NYPYHUZRZVSYKL",1
"primary","hmgu","3_1","OBETXYAYXDNJHR",1
"primary","hmgu","3_1","OBKXEAXTFZPCHS",1
"primary","hmgu","3_1","ODBLHEXUDAPZAU",2
"primary","hmgu","3_1","PJHKBYALYHRYSK",7
"primary","hmgu","3_1","PYGXAGIECVVIOZ",1
"primary","hmgu","3_1","QEVHRUUCFGRFIF",1
"primary","hmgu","3_1","QIQXTHQIDYTFRH",1
"primary","hmgu","3_1","QQHJDPROMQRDLA",1
"primary","hmgu","3_1","QYSXJUFSXHHAJI",1
"primary","hmgu","3_1","RGHHSNMVTDWUBI",30
"primary","hmgu","3_1","RGLYKWWBQGJZGM",22
"primary","hmgu","3_1","SIKJAQJRHWYJAI",1
"primary","hmgu","3_1","SMQUZDBALVYZAC",31
"primary","hmgu","3_1","SMWDFEZZVXVKRB",2
"primary","hmgu","3_1","TUHVEAJXIMEOSA",10
"primary","hmgu","3_1","TVIDDXQYHWJXFK",1
"primary","hmgu","3_1","UCTLRSWJYQTBFZ",3
"primary","hmgu","3_1","UIERETOOQGIECD",16
"primary","hmgu","3_1","VOXZDWNPVJITMN",1
"primary","hmgu","3_1","VZIRCHXYMBFNFD",17
"primary","hmgu","3_1","WBWWGRHZICKQGZ",1
"primary","hmgu","3_1","WPYMKLBDIGXBTP",37
"primary","hmgu","3_1","WVULKSPCQVQLCU",46
"primary","hmgu","3_1","XKUKSGPZAADMRA",25
"primary","hmgu","3_1","XUIIKFGFIJCVMT",1
"primary","hmgu","3_1","ZBCBWPMODOFKDW",1
"primary","hmgu","3_1","ZDQWESQEGGJUCH",15
"primary","hmgu","3_1","ZQPPMHVWECSIRJ",2
"primary","hmgu","3_2","ASWBNKHCZGQVJV",1
"primary","hmgu","3_2","BDJRBEYXGGNYIS",1
"primary","hmgu","3_2","BHQCQFFYRZLCQQ",1
"primary","hmgu","3_2","CITHEXJVPOWHKC",19
"primary","hmgu","3_2","CKTSBUTUHBMZGZ",21
"primary","hmgu","3_2","CRIGTVCBMUKRSL",2
"primary","hmgu","3_2","DGABKXLVXPYZII",6
"primary","hmgu","3_2","DNXHEGUUPJUMQT",1
"primary","hmgu","3_2","DOIRQSBPFJWKBE",1
"primary","hmgu","3_2","DTOSIQBPPRVQHS",39
"primary","hmgu","3_2","DXNCZXXFRKPEPY",1
"primary","hmgu","3_2","FSVCELGFZIQNCK",1
"primary","hmgu","3_2","GISVICWQYMUPJF",3
"primary","hmgu","3_2","GNKZMNRKLCTJAY",2
"primary","hmgu","3_2","GYCKQBWUSACYIF",1
"primary","hmgu","3_2","HQHCYKULIHKCEB",16
"primary","hmgu","3_2","HSDSKVWQTONQBJ",8
"primary","hmgu","3_2","IPCSVZSSVZVIGE",2
"primary","hmgu","3_2","ISYWECDDZWTKFF",14
"primary","hmgu","3_2","JLTDJTHDQAWBAV",1
"primary","hmgu","3_2","JOXIMZWYDAKGHI",1
"primary","hmgu","3_2","KKSDGJDHHZEWEP",2
"primary","hmgu","3_2","KRKNYBCHXYNGOX",1
"primary","hmgu","3_2","KXGVEGMKQFWNSR",2
"primary","hmgu","3_2","KYWIYKKSMDLRDC",36
"primary","hmgu","3_2","LCQLHJZYVOQKHU",1
"primary","hmgu","3_2","MMKRHZKQPFCLLS",19
"primary","hmgu","3_2","MOTZDAYCYVMXPC",1
"primary","hmgu","3_2","NCYCYZXNIZJOKI",1
"primary","hmgu","3_2","NEUSVAOJNUQRTM",2
"primary","hmgu","3_2","NGSWKAQJJWESNS",9
"primary","hmgu","3_2","NZGWDASTMWDZIW",19
"primary","hmgu","3_2","ODBLHEXUDAPZAU",2
"primary","hmgu","3_2","ORNBQBCIOKFOEO",1
"primary","hmgu","3_2","PSQYTAPXSHCGMF",10
"primary","hmgu","3_2","PYGXAGIECVVIOZ",5
"primary","hmgu","3_2","QIQXTHQIDYTFRH",1
"primary","hmgu","3_2","QNGNSVIICDLXHT",20
"primary","hmgu","3_2","QQHJDPROMQRDLA",1
"primary","hmgu","3_2","RUDATBOHQWOJDD",1
"primary","hmgu","3_2","SHGAZHPCJJPHSC",1
"primary","hmgu","3_2","SIKJAQJRHWYJAI",1
"primary","hmgu","3_2","SMWDFEZZVXVKRB",2
"primary","hmgu","3_2","UFFBMTHBGFGIHF",8
"primary","hmgu","3_2","VBICKXHEKHSIBG",1
"primary","hmgu","3_2","WBWWGRHZICKQGZ",1
"primary","hmgu","3_2","WRMNZCZEMHIOCP",16
"primary","hmgu","3_2","WTTJVINHCBCLGX",12
"primary","hmgu","3_2","WZKXBGJNNCGHIC",1
"primary","hmgu","3_2","XKUKSGPZAADMRA",15
"primary","hmgu","3_2","XUFXOAAUWZOOIT",2
"primary","hmgu","3_2","XUIIKFGFIJCVMT",1
"primary","hmgu","3_2","YGCZTXZTJXYWCO",17
"primary","hmgu","3_2","ZBCBWPMODOFKDW",1
"primary","hmgu","3_2","ZGIGZINMAOQWLX",3
"primary","hmgu","3_3","AGBQKNBQESQNJD",1
"primary","hmgu","3_3","ASWBNKHCZGQVJV",2
"primary","hmgu","3_3","BDJRBEYXGGNYIS",1
"primary","hmgu","3_3","BFPYWIDHMRZLRN",19
"primary","hmgu","3_3","BXWNKGSJHAJOGX",9
"primary","hmgu","3_3","CATSNJVOTSVZJV",12
"primary","hmgu","3_3","CNVZJPUDSLNTQU",13
"primary","hmgu","3_3","DNXHEGUUPJUMQT",1
"primary","hmgu","3_3","DOIRQSBPFJWKBE",6
"primary","hmgu","3_3","DXNCZXXFRKPEPY",1
"primary","hmgu","3_3","FJLGEFLZQAZZCD",1
"primary","hmgu","3_3","FSVCELGFZIQNCK",1
"primary","hmgu","3_3","FWKQNCXZGNBPFD",14
"primary","hmgu","3_3","FXHGMKSSBGDXIY",14
"primary","hmgu","3_3","GHCZAUBVMUEKKP",1
"primary","hmgu","3_3","GHMLBKRAJCXXBS",15
"primary","hmgu","3_3","HCXVJBMSMIARIN",9
"primary","hmgu","3_3","HQHCYKULIHKCEB",15
"primary","hmgu","3_3","IPCSVZSSVZVIGE",1
"primary","hmgu","3_3","JKRDADVRIYVCCY",1
"primary","hmgu","3_3","JLTDJTHDQAWBAV",1
"primary","hmgu","3_3","KCXVZYZYPLLWCC",1
"primary","hmgu","3_3","KJPRLNWUNMBNBZ",12
"primary","hmgu","3_3","KKEYFWRCBNTPAC",16
"primary","hmgu","3_3","KKSDGJDHHZEWEP",7
"primary","hmgu","3_3","KRKNYBCHXYNGOX",1
"primary","hmgu","3_3","MOTZDAYCYVMXPC",1
"primary","hmgu","3_3","NCYCYZXNIZJOKI",2
"primary","hmgu","3_3","NEUSVAOJNUQRTM",2
"primary","hmgu","3_3","NGSWKAQJJWESNS",9
"primary","hmgu","3_3","NKOUWLLFHNBUDW",7
"primary","hmgu","3_3","NOPFSRXAKWQILS",17
"primary","hmgu","3_3","ODBLHEXUDAPZAU",2
"primary","hmgu","3_3","ORNBQBCIOKFOEO",18
"primary","hmgu","3_3","OSMAJVWUIUORGC",18
"primary","hmgu","3_3","PROQIPRRNZUXQM",1
"primary","hmgu","3_3","QIGBRXMKCJKVMJ",14
"primary","hmgu","3_3","QPUYECUOLPXSFR",6
"primary","hmgu","3_3","QQHJDPROMQRDLA",15
"primary","hmgu","3_3","RJKFOVLPORLFTN",1
"primary","hmgu","3_3","SIKJAQJRHWYJAI",1
"primary","hmgu","3_3","UFFBMTHBGFGIHF",8
"primary","hmgu","3_3","UKMSUNONTOPOIO",1
"primary","hmgu","3_3","WQLVFSAGQJTQCK",19
"primary","hmgu","3_3","WVULKSPCQVQLCU",2
"primary","hmgu","3_3","XKUKSGPZAADMRA",8
"primary","hmgu","3_3","XNGIFLGASWRNHJ",2
"primary","hmgu","3_3","XUIIKFGFIJCVMT",1
"primary","hmgu","3_3","YCIMNLLNPGFGHC",13
"primary","hmgu","3_3","YHGNXQAFNHCBTK",30
"primary","hmgu","3_3","YJCJVMMDTBEITC",2
"primary","hmgu","3_3","ZBCBWPMODOFKDW",1
"primary","hmgu","3_3","ZDPHROOEEOARMN",1
"primary","hmgu","3_3","ZDQWESQEGGJUCH",9
"primary","hmgu","3_3","ZQPPMHVWECSIRJ",1
"primary","icl","1_1","BDJRBEYXGGNYIS",3
"primary","icl","1_1","CQOVPNPJLQNMDC",2
"primary","icl","1_1","DJJCXFVJDGTHFX",1
"primary","icl","1_1","GFFGJBXGBJISGV",1
"primary","icl","1_1","LDCYZAJDBXYCGN",1
"primary","icl","1_1","MOTZDAYCYVMXPC",1
"primary","icl","1_1","PWKSKIMOESPYIA",2
"primary","icl","1_1","RQFCJASXJCIDSX",1
"primary","icl","1_1","RWSXRVCMGQZWBV",1
"primary","icl","1_2","BDJRBEYXGGNYIS",1
"primary","icl","1_2","FDGQSTZJBFJUBT",1
"primary","icl","1_2","GSXOAOHZAIYLCY",11
"primary","icl","1_2","HXXFSFRBOHSIMQ",2
"primary","icl","1_2","JPIJQSOTBSSVTP",1
"primary","icl","1_2","KTHDTJVBEPMMGL",1
"primary","icl","1_2","NBSCHQHZLSJFNQ",1
"primary","icl","1_2","NHTGHBARYWONDQ",9
"primary","icl","1_2","NIDVTARKFBZMOT",1
"primary","icl","1_2","OFCNXPDARWKPPY",16
"primary","icl","1_2","OTCCIMWXFLJLIA",1
"primary","icl","1_2","OVBPIULPVIDEAO",1
"primary","icl","1_2","PMMYEEVYMWASQN",17
"primary","icl","1_2","PMZDQRJGMBOQBF",1
"primary","icl","1_2","QIVBCDIJIAJPQS",1
"primary","icl","1_2","RFMMMVDNIPUKGG",1
"primary","icl","1_2","RWSXRVCMGQZWBV",1
"primary","icl","1_2","YGPSJZOEDVAXAB",1
"primary","icl","1_3","DKEXFJVMVGETOO",16
"primary","icl","1_3","DTERQYGMUDWYAZ",2
"primary","icl","1_3","NYHBQMYGNKIUIF",1
"primary","icl","1_3","ODKSFYDXXFIFQN",1
"primary","icl","1_3","RFMMMVDNIPUKGG",1
"primary","icl","1_3","VEYYWZRYIYDQJM",1
"primary","icl","1_3","WTDRDQBEARUVNC",1
"primary","icl","1_3","XCCTYIAWTASOJW",1
"primary","icl","1_4","AEFLONBTGZFSGQ",18
"primary","icl","1_4","CVSVTCORWBXHQV",1
"primary","icl","1_4","HSCJRCZFDFQWRP",1
"primary","icl","1_4","JFLIEFSWGNOPJJ",1
"primary","icl","1_4","KMXXSJLYVJEBHI",3
"primary","icl","1_4","KRKNYBCHXYNGOX",1
"primary","icl","1_4","LTFMZDNNPPEQNG",1
"primary","icl","1_4","MOTZDAYCYVMXPC",1
"primary","icl","1_4","NTNWOCRCBQPEKQ",2
"primary","icl","1_4","ODBLHEXUDAPZAU",2
"primary","icl","1_4","ODKSFYDXXFIFQN",9
"primary","icl","1_4","QUOGESRFPZDMMT",1
"primary","icl","1_4","UDMBCSSLTHHNCD",6
"primary","icl","1_4","VYAMLSCELQQRAE",12
"primary","icl","1_4","XTWYTFMLZFPYCI",1
"primary","icl","1_4","YPZRWBKMTBYPTK",1
"primary","icl","1_4","ZDXPYRJPNDTMRX",4
"primary","icl","1_5","CAHKINHBCWCHCF",1
"primary","icl","1_5","FVTCRASFADXXNN",1
"primary","icl","1_5","JZKXXXDKRQWDET",1
"primary","icl","1_5","KKSDGJDHHZEWEP",1
"primary","icl","1_5","KTHDTJVBEPMMGL",1
"primary","icl","1_5","MOTZDAYCYVMXPC",1
"primary","icl","1_5","NGSWKAQJJWESNS",3
"primary","icl","1_5","ODKSFYDXXFIFQN",1
"primary","icl","1_5","OPTASPLRGRRNAP",15
"primary","icl","1_5","OUYCCCASQSFEME",9
"primary","icl","1_5","UHDGCWIWMRVCDJ",1
"primary","icl","1_5","XQCZBXHVTFVIFE",14
"primary","icl","1_5","XVOYSCVBGLVSOL",1
"primary","icl","1_6","ACWBBAGYTKWBCD",1
"primary","icl","1_6","DXNCZXXFRKPEPY",3
"primary","icl","1_6","FZWGECJQACGGTI",3
"primary","icl","1_6","HNDVDQJCIGZPNO",1
"primary","icl","1_6","MOTZDAYCYVMXPC",1
"primary","icl","1_6","SNEIUMQYRCDYCH",1
"primary","icl","1_6","VVIAGPKUTFNRDU",1
"primary","icl","2_1","BTNMPGBKDVTSJY",4
"primary","icl","2_1","BVQVLAIMHVDZEL",8
"primary","icl","2_1","CGQCWMIAEPEHNQ",1
"primary","icl","2_1","COLNVLDHVKWLRT",1
"primary","icl","2_1","DCXYFEDJOCDNAF",3
"primary","icl","2_1","DVNYTAVYBRSTGK",1
"primary","icl","2_1","GBKGJMYPQZODMI",11
"primary","icl","2_1","IPBVNPXQWQGGJP",8
"primary","icl","2_1","JBCLFWXMTIKCCB",1
"primary","icl","2_1","JSJWCHRYRHKBBW",12
"primary","icl","2_1","KKSDGJDHHZEWEP",5
"primary","icl","2_1","NGSWKAQJJWESNS",1
"primary","icl","2_1","NHZMQXZHNVQTQA",1
"primary","icl","2_1","WBYWAXJHAXSJNI",1
"primary","icl","2_10","DCXYFEDJOCDNAF",34
"primary","icl","2_10","DUUGKQCEGZLZNO",1
"primary","icl","2_10","DZGWFCGJZKJUFP",6
"primary","icl","2_10","FBTSQILOGYXGMD",1
"primary","icl","2_10","HXEACLLIILLPRG",1
"primary","icl","2_10","JSJWCHRYRHKBBW",23
"primary","icl","2_10","LEHOTFFKMJEONL",1
"primary","icl","2_10","LVRFTAZAXQPQHI",1
"primary","icl","2_10","PMMYEEVYMWASQN",1
"primary","icl","2_10","YMAWOPBAYDPSLA",38
"primary","icl","2_10","YRCWQPVGYLYSOX",9
"primary","icl","2_10","ZGXJTSGNIOSYLO",6
"primary","icl","2_10","ZRQXMKMBBMNNQC",1
"primary","icl","2_2","AUYYCJSJGJYCDS",1
"primary","icl","2_2","BVWTXUYLKBHMOX",15
"primary","icl","2_2","CBQJSKKFNMDLON",1
"primary","icl","2_2","DCXYFEDJOCDNAF",10
"primary","icl","2_2","DXNCZXXFRKPEPY",5
"primary","icl","2_2","GNMSLDIYJOSUSW",1
"primary","icl","2_2","IZZIWIAOVZOBLF",1
"primary","icl","2_2","JSJWCHRYRHKBBW",3
"primary","icl","2_2","KKSDGJDHHZEWEP",2
"primary","icl","2_2","NEUSVAOJNUQRTM",2
"primary","icl","2_2","NGSWKAQJJWESNS",1
"primary","icl","2_2","OMFXVFTZEKFJBZ",1
"primary","icl","2_2","QRMZSPFSDQBLIX",1
"primary","icl","2_2","UQTZMGFTRHFAAM",1
"primary","icl","2_2","WKOLLVMJNQIZCI",3
"primary","icl","2_2","YBJHBAHKTGYVGT",1
"primary","icl","2_2","YMAWOPBAYDPSLA",13
"primary","icl","2_3","AEFLONBTGZFSGQ",1
"primary","icl","2_3","AXFYFNCPONWUHW",5
"primary","icl","2_3","BKBZFJRHYSCZQA",4
"primary","icl","2_3","BLHCMGRVFXRYRN",1
"primary","icl","2_3","BRARRAHGNDUELT",15
"primary","icl","2_3","BRRSNXCXLSVPFC",2
"primary","icl","2_3","DZTHIGRZJZPRDV",1
"primary","icl","2_3","HCUARRIEZVDMPT",14
"primary","icl","2_3","JDTWZSUNGHMMJM",2
"primary","icl","2_3","JFLIEFSWGNOPJJ",18
"primary","icl","2_3","KKEYFWRCBNTPAC",2
"primary","icl","2_3","LNTHITQWFMADLM",1
"primary","icl","2_3","MBIQENSCDNJOIY",1
"primary","icl","2_3","MOTZDAYCYVMXPC",1
"primary","icl","2_3","MVAWJSIDNICKHF",1
"primary","icl","2_3","NGEWQZIDQIYUNV",2
"primary","icl","2_3","NHTGHBARYWONDQ",30
"primary","icl","2_3","QCDYQQDYXPDABM",3
"primary","icl","2_3","WQGWDDDVZFFDIG",1
"primary","icl","2_3","WXNXCEHXYPACJF",1
"primary","icl","2_3","XNGIFLGASWRNHJ",3
"primary","icl","2_3","XPCTZQVDEJYUGT",18
"primary","icl","2_3","ZDXPYRJPNDTMRX",2
"primary","icl","2_4","ASWBNKHCZGQVJV",1
"primary","icl","2_4","FINHMKGKINIASC",3
"primary","icl","2_4","GZXXANJCCWGCSV",1
"primary","icl","2_4","HGINADPHJQTSKN",14
"primary","icl","2_4","JACRWUWPXAESPB",8
"primary","icl","2_4","JFCQEDHGNNZCLN",4
"primary","icl","2_4","JTEJPPKMYBDEMY",1
"primary","icl","2_4","KJPRLNWUNMBNBZ",22
"primary","icl","2_4","LEGPZHPSIPPYIO",20
"primary","icl","2_4","LJUQGASMPRMWIW",1
"primary","icl","2_4","NMHMNPHRMNGLLB",19
"primary","icl","2_4","ODKSFYDXXFIFQN",33
"primary","icl","2_4","OLXZPDWKRNYJJZ",1
"primary","icl","2_4","PHIQHXFUZVPYII",1
"primary","icl","2_4","SIKJAQJRHWYJAI",2
"primary","icl","2_4","TUHVEAJXIMEOSA",1
"primary","icl","2_4","UKFXDFUAPNAMPJ",1
"primary","icl","2_4","VOXXWSYKYCBWHO",6
"primary","icl","2_4","WXUAQHNMJWJLTG",2
"primary","icl","2_4","YFTGOBNOJKXZJC",3
"primary","icl","2_4","ZHMMPVANGNPCBW",1
"primary","icl","2_5","BEJNERDRQOWKJM",10
"primary","icl","2_5","CLFRCXCBWIQVRN",5
"primary","icl","2_5","FBZONXHGGPHHIY",1
"primary","icl","2_5","FDGQSTZJBFJUBT",1
"primary","icl","2_5","FINHMKGKINIASC",3
"primary","icl","2_5","FJKROLUGYXJWQN",2
"primary","icl","2_5","IHYJTAOFMMMOPX",1
"primary","icl","2_5","IJFXRHURBJZNAO",3
"primary","icl","2_5","JYPHNHPXFNEZBR",14
"primary","icl","2_5","OFCNXPDARWKPPY",5
"primary","icl","2_5","OJUGVDODNPJEEC",7
"primary","icl","2_5","OLNJUISKUQQNIM",3
"primary","icl","2_5","PCSKKIUURRTAEM",1
"primary","icl","2_5","PMMYEEVYMWASQN",1
"primary","icl","2_5","PMZDQRJGMBOQBF",1
"primary","icl","2_5","SIKJAQJRHWYJAI",6
"primary","icl","2_5","TXXHDPDFNKHHGW",2
"primary","icl","2_5","UGQMRVRMYYASKQ",1
"primary","icl","2_5","WBYWAXJHAXSJNI",16
"primary","icl","2_5","YGSDEFSMJLZEOE",1
"primary","icl","2_5","ZGXJTSGNIOSYLO",4
"primary","icl","2_6","BSYNRYMUTXBXSQ",4
"primary","icl","2_6","CCVYRRGZDBSHFU",1
"primary","icl","2_6","DATAGRPVKZEWHA",20
"primary","icl","2_6","DUHQIGLHYXLKAE",5
"primary","icl","2_6","FAQJJMHZNSSFSM",3
"primary","icl","2_6","FBTSQILOGYXGMD",1
"primary","icl","2_6","FCCDDURTIIUXBY",5
"primary","icl","2_6","FVMDYYGIDFPZAX",2
"primary","icl","2_6","HUDBDWIQSIGUDI",3
"primary","icl","2_6","IZZIWIAOVZOBLF",1
"primary","icl","2_6","JDBGXEHEIRGOBU",4
"primary","icl","2_6","JTEDVYBZBROSJT",4
"primary","icl","2_6","KKADPXVIOXHVKN",1
"primary","icl","2_6","NRSCPTLHWVWLLH",3
"primary","icl","2_6","PMZDQRJGMBOQBF",8
"primary","icl","2_6","PNMUAGGSDZXTHX",12
"primary","icl","2_6","PVNIIMVLHYAWGP",1
"primary","icl","2_6","QAIPRVGONGVQAS",1
"primary","icl","2_6","RGGSNNCJGLQIPG",11
"primary","icl","2_6","RSTKLPZEZYGQPY",17
"primary","icl","2_6","SIKJAQJRHWYJAI",1
"primary","icl","2_6","SIOXPEMLGUPBBT",3
"primary","icl","2_6","STKYPAFSDFAEPH",14
"primary","icl","2_6","SYEOWUNSTUDKGM",1
"primary","icl","2_6","TWBYWOBDOCUKOW",2
"primary","icl","2_6","UBORTCNDUKBEOP",1
"primary","icl","2_6","UCQUAMAQHHEXGD",13
"primary","icl","2_6","UOBSVARXACCLLH",15
"primary","icl","2_6","UTYVDVLMYQPLQB",1
"primary","icl","2_6","UYTPUPDQBNUYGX",3
"primary","icl","2_6","WKOLLVMJNQIZCI",4
"primary","icl","2_6","WLDWSGZHNBANIO",14
"primary","icl","2_6","WLJVNTCWHIRURA",2
"primary","icl","2_6","XHCADAYNFIFUHF",1
"primary","icl","2_6","XQXPVVBIMDBYFF",5
"primary","icl","2_6","YOEBAVRJHRCKRE",2
"primary","icl","2_6","YPTJKHVBDCRKNF",15
"primary","icl","2_7","CKOMXBHMKXXTNW",1
"primary","icl","2_7","DKNWSYNQZKUICI",10
"primary","icl","2_7","DRLFMBDRBRZALE",1
"primary","icl","2_7","FINHMKGKINIASC",8
"primary","icl","2_7","FSASIHFSFGAIJM",2
"primary","icl","2_7","GZXXANJCCWGCSV",2
"primary","icl","2_7","HXACOUQIXZGNBF",1
"primary","icl","2_7","IJCKBIINTQEGLY",1
"primary","icl","2_7","INCSQLZZXBPATR",7
"primary","icl","2_7","JDTWZSUNGHMMJM",2
"primary","icl","2_7","OPTASPLRGRRNAP",1
"primary","icl","2_7","UFAHZIUFPNSHSL",1
"primary","icl","2_7","UZTFMUBKZQVKLK",1
"primary","icl","2_7","WXNXCEHXYPACJF",1
"primary","icl","2_7","XQCZBXHVTFVIFE",2
"primary","icl","2_7","YTFVRYKNXDADBI",2
"primary","icl","2_7","ZFAHNWWNDFHPOH",5
"primary","icl","2_8","BJEPYKJPYRNKOW",1
"primary","icl","2_8","CFFZDZCDUFSOFZ",4
"primary","icl","2_8","CKTSBUTUHBMZGZ",40
"primary","icl","2_8","FBTSQILOGYXGMD",1
"primary","icl","2_8","FINHMKGKINIASC",1
"primary","icl","2_8","GZXXANJCCWGCSV",3
"primary","icl","2_8","IGMNYECMUMZDDF",2
"primary","icl","2_8","IQFYYKKMVGJFEH",1
"primary","icl","2_8","JYPHNHPXFNEZBR",2
"primary","icl","2_8","JZKXXXDKRQWDET",3
"primary","icl","2_8","NEUSVAOJNUQRTM",2
"primary","icl","2_8","NYPYHUZRZVSYKL",1
"primary","icl","2_8","OPTASPLRGRRNAP",1
"primary","icl","2_8","OUYCCCASQSFEME",1
"primary","icl","2_8","QYPPJABKJHAVHS",1
"primary","icl","2_8","SOYKEARSMXGVTM",1
"primary","icl","2_8","SUMDYPCJJOFFON",1
"primary","icl","2_8","XQCZBXHVTFVIFE",2
"primary","icl","2_8","YHXHKYRQLYQUIH",1
"primary","icl","2_8","ZHSOTLOTTDYIIK",1
"primary","icl","2_9","CQRYARSYNCAZFO",7
"primary","icl","2_9","DFPAKSUCGFBDDF",1
"primary","icl","2_9","IAVREABSGIHHMO",5
"primary","icl","2_9","INGSNVSERUZOAK",1
"primary","icl","2_9","ITECRQOOEQWFPE",15
"primary","icl","2_9","JDTWZSUNGHMMJM",2
"primary","icl","2_9","JVTZFYYHCGSXJV",19
"primary","icl","2_9","KZNQNBZMBZJQJO",2
"primary","icl","2_9","LHGVFZTZFXWLCP",17
"primary","icl","2_9","LTFHNKUKQYVHDX",5
"primary","icl","2_9","LXNHXLLTXMVWPM",5
"primary","icl","2_9","MWOOGOJBHIARFG",3
"primary","icl","2_9","OKVJCVWFVRATSG",4
"primary","icl","2_9","ORHBXUUXSCNDEV",1
"primary","icl","2_9","PVNIIMVLHYAWGP",1
"primary","icl","2_9","QRMZSPFSDQBLIX",1
"primary","icl","2_9","QYPPJABKJHAVHS",1
"primary","icl","2_9","RGHHSNMVTDWUBI",1
"primary","icl","2_9","RWQNBRDOKXIBIV",2
"primary","icl","2_9","SFLSHLFXELFNJZ",1
"primary","icl","2_9","SIOXPEMLGUPBBT",3
"primary","icl","2_9","SMQUZDBALVYZAC",11
"primary","icl","2_9","TWBYWOBDOCUKOW",2
"primary","icl","2_9","UFIVEPVSAGBUSI",1
"primary","icl","2_9","VXIXUWQIVKSKSA",11
"primary","icl","2_9","VZIRCHXYMBFNFD",9
"primary","icl","2_9","WPYMKLBDIGXBTP",14
"primary","icl","2_9","WXNXCEHXYPACJF",1
"primary","icl","2_9","XOAAWQZATWQOTB",1
"primary","icl","2_9","XUYPXLNMDZIRQH",1
"primary","icl","2_9","ZBCATMYQYDCTIZ",3
"primary","icl","3_1","AWDRATDZQPNJFN",2
"primary","icl","3_1","BHTRKEVKTKCXOH",1
"primary","icl","3_1","CITHEXJVPOWHKC",1
"primary","icl","3_1","FJLGEFLZQAZZCD",1
"primary","icl","3_1","LWBHHRRTOZQPDM",16
"primary","icl","3_1","SMWDFEZZVXVKRB",2
"primary","icl","3_1","UBORTCNDUKBEOP",30
"primary","icl","3_1","XUIIKFGFIJCVMT",1
"primary","icl","3_2","CITHEXJVPOWHKC",1
"primary","icl","3_2","NCYCYZXNIZJOKI",22
"primary","icl","3_2","WBWWGRHZICKQGZ",1
"primary","icl","3_2","YXVSKJDFNJFXAJ",16
"primary","icl","3_3","CITHEXJVPOWHKC",1
"primary","icl","3_3","NKOUWLLFHNBUDW",18
"primary","icl","3_3","RJKFOVLPORLFTN",1
"richest","afekta","1_1","AFBPFSWMIHJQDM",2
"richest","afekta","1_1","AGPKZVBTJJNPAG",1
"richest","afekta","1_1","AVFZOVWCLRSYKC",36
"richest","afekta","1_1","AYFVYJQAPQTCCC",18
"richest","afekta","1_1","CAHKINHBCWCHCF",5
"richest","afekta","1_1","CQOVPNPJLQNMDC",1
"richest","afekta","1_1","DCWXELXMIBXGTH",1
"richest","afekta","1_1","DJJCXFVJDGTHFX",1
"richest","afekta","1_1","DTERQYGMUDWYAZ",1
"richest","afekta","1_1","FOYHNROGBXVLLX",3
"richest","afekta","1_1","HXFOXFJUNFFYMO",1
"richest","afekta","1_1","JJMDCOVWQOJGCB",12
"richest","afekta","1_1","JLTDJTHDQAWBAV",1
"richest","afekta","1_1","JMOXSQYGVIXBBZ",1
"richest","afekta","1_1","JOXIMZWYDAKGHI",1
"richest","afekta","1_1","JYPHNHPXFNEZBR",5
"richest","afekta","1_1","JZKXXXDKRQWDET",1
"richest","afekta","1_1","KDCGOANMDULRCW",1
"richest","afekta","1_1","KDXKERNSBIXSRK",1
"richest","afekta","1_1","KKEYFWRCBNTPAC",1
"richest","afekta","1_1","KNTFCRCCPLEUQZ",15
"richest","afekta","1_1","KPGXRSRHYNQIFN",9
"richest","afekta","1_1","KWIUHFFTVRNATP",1
"richest","afekta","1_1","KZSNJWFQEVHDMF",1
"richest","afekta","1_1","LDCYZAJDBXYCGN",1
"richest","afekta","1_1","LRQKBLKVPFOOQJ",7
"richest","afekta","1_1","LRTFPLFDLJYEKT",8
"richest","afekta","1_1","NYHBQMYGNKIUIF",1
"richest","afekta","1_1","OISVCGZHLKNMSJ",1
"richest","afekta","1_1","OTCCIMWXFLJLIA",1
"richest","afekta","1_1","OUYCCCASQSFEME",2
"richest","afekta","1_1","PWKSKIMOESPYIA",1
"richest","afekta","1_1","RHGKLRLOHDJJDR",1
"richest","afekta","1_1","RNVCVTLRINQCPJ",1
"richest","afekta","1_1","ROHFNLRQFUQHCH",2
"richest","afekta","1_1","RQFCJASXJCIDSX",1
"richest","afekta","1_1","RSTKLPZEZYGQPY",9
"richest","afekta","1_1","RWSXRVCMGQZWBV",1
"richest","afekta","1_1","SMEROWZSTRWXGI",1
"richest","afekta","1_1","SNDPXSYFESPGGJ",10
"richest","afekta","1_1","UFFBMTHBGFGIHF",1
"richest","afekta","1_1","UKAUYVFTDYCKQA",1
"richest","afekta","1_1","VEYYWZRYIYDQJM",2
"richest","afekta","1_1","WGQKYBSKWIADBV",9
"richest","afekta","1_1","XNGIFLGASWRNHJ",2
"richest","afekta","1_1","XUJNEKJLAYXESH",1
"richest","afekta","1_1","ZTVZLYBCZNMWCF",1
"richest","afekta","1_2","AFBPFSWMIHJQDM",1
"richest","afekta","1_2","BAWFJGJZGIEFAR",1
"richest","afekta","1_2","BHHGXPLMPWCGHP",19
"richest","afekta","1_2","BKAYIFDRRZZKNF",1
"richest","afekta","1_2","BOPGDPNILDQYTO",1
"richest","afekta","1_2","CKLJMWTZIZZHCS",1
"richest","afekta","1_2","CVSVTCORWBXHQV",2
"richest","afekta","1_2","DLFVBJFMPXGRIB",3
"richest","afekta","1_2","DUUGKQCEGZLZNO",2
"richest","afekta","1_2","FDGQSTZJBFJUBT",1
"richest","afekta","1_2","FOYHNROGBXVLLX",3
"richest","afekta","1_2","GRSZFWQUAKGDAV",1
"richest","afekta","1_2","GSXOAOHZAIYLCY",10
"richest","afekta","1_2","HXXFSFRBOHSIMQ",1
"richest","afekta","1_2","IERHLVCPSMICTF",1
"richest","afekta","1_2","IJCKBIINTQEGLY",1
"richest","afekta","1_2","INCSQLZZXBPATR",8
"richest","afekta","1_2","JLTDJTHDQAWBAV",1
"richest","afekta","1_2","JMOXSQYGVIXBBZ",1
"richest","afekta","1_2","JPIJQSOTBSSVTP",1
"richest","afekta","1_2","KMXXSJLYVJEBHI",13
"richest","afekta","1_2","KPGXRSRHYNQIFN",7
"richest","afekta","1_2","KSMRODHGGIIXDV",1
"richest","afekta","1_2","KTHDTJVBEPMMGL",1
"richest","afekta","1_2","KVQGGLZHHFGHPU",11
"richest","afekta","1_2","KWIUHFFTVRNATP",1
"richest","afekta","1_2","KZSNJWFQEVHDMF",5
"richest","afekta","1_2","LCQLHJZYVOQKHU",1
"richest","afekta","1_2","LRTFPLFDLJYEKT",2
"richest","afekta","1_2","MOTZDAYCYVMXPC",1
"richest","afekta","1_2","NBSCHQHZLSJFNQ",4
"richest","afekta","1_2","NBZBKCUXIYYUSX",3
"richest","afekta","1_2","NIDVTARKFBZMOT",1
"richest","afekta","1_2","OFCNXPDARWKPPY",14
"richest","afekta","1_2","OISVCGZHLKNMSJ",1
"richest","afekta","1_2","OKJIRPAQVSHGFK",1
"richest","afekta","1_2","OLNJUISKUQQNIM",1
"richest","afekta","1_2","OPTASPLRGRRNAP",1
"richest","afekta","1_2","OTCCIMWXFLJLIA",1
"richest","afekta","1_2","OVBPIULPVIDEAO",1
"richest","afekta","1_2","PLVPPLCLBIEYEA",1
"richest","afekta","1_2","PMMYEEVYMWASQN",6
"richest","afekta","1_2","PMZDQRJGMBOQBF",2
"richest","afekta","1_2","QIVBCDIJIAJPQS",1
"richest","afekta","1_2","RFMMMVDNIPUKGG",1
"richest","afekta","1_2","RNVCVTLRINQCPJ",2
"richest","afekta","1_2","UFFBMTHBGFGIHF",1
"richest","afekta","1_2","UZTFMUBKZQVKLK",15
"richest","afekta","1_2","WGQKYBSKWIADBV",10
"richest","afekta","1_2","XIGSAGMEBXLVJJ",1
"richest","afekta","1_2","XQCZBXHVTFVIFE",2
"richest","afekta","1_2","YGPSJZOEDVAXAB",1
"richest","afekta","1_2","ZGXJTSGNIOSYLO",2
"richest","afekta","1_3","AFBPFSWMIHJQDM",2
"richest","afekta","1_3","AYEKOFBPNLCAJY",1
"richest","afekta","1_3","CKLJMWTZIZZHCS",1
"richest","afekta","1_3","DKEXFJVMVGETOO",2
"richest","afekta","1_3","DOIRQSBPFJWKBE",1
"richest","afekta","1_3","DTERQYGMUDWYAZ",1
"richest","afekta","1_3","FOYHNROGBXVLLX",3
"richest","afekta","1_3","GSXOAOHZAIYLCY",1
"richest","afekta","1_3","GTZCVFVGUGFEME",2
"richest","afekta","1_3","HLKXYZVTANABHZ",1
"richest","afekta","1_3","HSCJRCZFDFQWRP",1
"richest","afekta","1_3","HXXFSFRBOHSIMQ",5
"richest","afekta","1_3","JJMDCOVWQOJGCB",11
"richest","afekta","1_3","JLTDJTHDQAWBAV",1
"richest","afekta","1_3","JMOXSQYGVIXBBZ",1
"richest","afekta","1_3","KRKNYBCHXYNGOX",8
"richest","afekta","1_3","KVQGGLZHHFGHPU",13
"richest","afekta","1_3","KWIUHFFTVRNATP",1
"richest","afekta","1_3","KZSNJWFQEVHDMF",8
"richest","afekta","1_3","LRTFPLFDLJYEKT",7
"richest","afekta","1_3","MOTZDAYCYVMXPC",1
"richest","afekta","1_3","NBSCHQHZLSJFNQ",1
"richest","afekta","1_3","NBZBKCUXIYYUSX",2
"richest","afekta","1_3","NYHBQMYGNKIUIF",1
"richest","afekta","1_3","ODBLHEXUDAPZAU",4
"richest","afekta","1_3","ODHCTXKNWHHXJC",18
"richest","afekta","1_3","ODKSFYDXXFIFQN",1
"richest","afekta","1_3","OISVCGZHLKNMSJ",1
"richest","afekta","1_3","RFMMMVDNIPUKGG",1
"richest","afekta","1_3","RNVCVTLRINQCPJ",3
"richest","afekta","1_3","SQVRNKJHWKZAKO",1
"richest","afekta","1_3","UFFBMTHBGFGIHF",1
"richest","afekta","1_3","UYTPUPDQBNUYGX",4
"richest","afekta","1_3","VEYYWZRYIYDQJM",1
"richest","afekta","1_3","WGQKYBSKWIADBV",10
"richest","afekta","1_3","WTDRDQBEARUVNC",1
"richest","afekta","1_4","AFBPFSWMIHJQDM",1
"richest","afekta","1_4","APGLTERDKORUHK",10
"richest","afekta","1_4","BZQFBWGGLXLEPQ",1
"richest","afekta","1_4","CVSVTCORWBXHQV",1
"richest","afekta","1_4","DLFVBJFMPXGRIB",4
"richest","afekta","1_4","DRTQHJPVMGBUCF",1
"richest","afekta","1_4","FOYHNROGBXVLLX",4
"richest","afekta","1_4","HEBKCHPVOIAQTA",1
"richest","afekta","1_4","HOKKHZGPKSLGJE",7
"richest","afekta","1_4","HSCJRCZFDFQWRP",1
"richest","afekta","1_4","ISAKRJDGNUQOIC",1
"richest","afekta","1_4","JFLIEFSWGNOPJJ",1
"richest","afekta","1_4","JJIHLJJYMXLCOY",1
"richest","afekta","1_4","JJMDCOVWQOJGCB",12
"richest","afekta","1_4","JLTDJTHDQAWBAV",1
"richest","afekta","1_4","JMOXSQYGVIXBBZ",1
"richest","afekta","1_4","KDXKERNSBIXSRK",1
"richest","afekta","1_4","KHWCHTKSEGGWEX",1
"richest","afekta","1_4","KMXXSJLYVJEBHI",5
"richest","afekta","1_4","KPGXRSRHYNQIFN",5
"richest","afekta","1_4","KRKNYBCHXYNGOX",1
"richest","afekta","1_4","KWIUHFFTVRNATP",1
"richest","afekta","1_4","KZSNJWFQEVHDMF",13
"richest","afekta","1_4","LRTFPLFDLJYEKT",5
"richest","afekta","1_4","LTFMZDNNPPEQNG",1
"richest","afekta","1_4","NTNWOCRCBQPEKQ",3
"richest","afekta","1_4","ODBLHEXUDAPZAU",3
"richest","afekta","1_4","OIPILFWXSMYKGL",2
"richest","afekta","1_4","OISVCGZHLKNMSJ",1
"richest","afekta","1_4","QIAFMBKCNZACKA",1
"richest","afekta","1_4","QUOGESRFPZDMMT",1
"richest","afekta","1_4","RNVCVTLRINQCPJ",2
"richest","afekta","1_4","SUHOOTKUPISOBE",1
"richest","afekta","1_4","UDMBCSSLTHHNCD",1
"richest","afekta","1_4","UFFBMTHBGFGIHF",1
"richest","afekta","1_4","UYTPUPDQBNUYGX",3
"richest","afekta","1_4","VZXPDPZARILFQX",1
"richest","afekta","1_4","WGQKYBSKWIADBV",11
"richest","afekta","1_4","WHUUTDBJXJRKMK",8
"richest","afekta","1_4","YHHSONZFOIEMCP",1
"richest","afekta","1_5","AEFLONBTGZFSGQ",3
"richest","afekta","1_5","AFBPFSWMIHJQDM",1
"richest","afekta","1_5","AUNGANRZJHBGPY",1
"richest","afekta","1_5","AVFZOVWCLRSYKC",40
"richest","afekta","1_5","AWUCVROLDVIAJX",1
"richest","afekta","1_5","AYFVYJQAPQTCCC",16
"richest","afekta","1_5","CAHKINHBCWCHCF",1
"richest","afekta","1_5","DFPAKSUCGFBDDF",2
"richest","afekta","1_5","DHCLVCXQIBBOPH",2
"richest","afekta","1_5","DOIRQSBPFJWKBE",2
"richest","afekta","1_5","FOYHNROGBXVLLX",4
"richest","afekta","1_5","FSYKKLYZXJSNPZ",2
"richest","afekta","1_5","GSXOAOHZAIYLCY",10
"richest","afekta","1_5","HOKKHZGPKSLGJE",8
"richest","afekta","1_5","HXXFSFRBOHSIMQ",1
"richest","afekta","1_5","JLTDJTHDQAWBAV",1
"richest","afekta","1_5","JMOXSQYGVIXBBZ",1
"richest","afekta","1_5","KNTFCRCCPLEUQZ",1
"richest","afekta","1_5","KPGXRSRHYNQIFN",6
"richest","afekta","1_5","KTHDTJVBEPMMGL",1
"richest","afekta","1_5","KWIUHFFTVRNATP",1
"richest","afekta","1_5","KZSNJWFQEVHDMF",18
"richest","afekta","1_5","LRTFPLFDLJYEKT",2
"richest","afekta","1_5","NBSCHQHZLSJFNQ",4
"richest","afekta","1_5","ODKSFYDXXFIFQN",1
"richest","afekta","1_5","OISVCGZHLKNMSJ",1
"richest","afekta","1_5","OPTASPLRGRRNAP",1
"richest","afekta","1_5","PAFZNILMFXTMIY",11
"richest","afekta","1_5","PMMYEEVYMWASQN",19
"richest","afekta","1_5","QNAYBMKLOCPYGJ",1
"richest","afekta","1_5","RNVCVTLRINQCPJ",8
"richest","afekta","1_5","SXQFCVDSOLSHOQ",11
"richest","afekta","1_5","UCMIRNVEIXFBKS",3
"richest","afekta","1_5","UFFBMTHBGFGIHF",1
"richest","afekta","1_5","UHDGCWIWMRVCDJ",1
"richest","afekta","1_5","VZXPDPZARILFQX",4
"richest","afekta","1_5","WGQKYBSKWIADBV",14
"richest","afekta","1_5","WHUUTDBJXJRKMK",1
"richest","afekta","1_5","XQCZBXHVTFVIFE",2
"richest","afekta","1_5","XVOYSCVBGLVSOL",1
"richest","afekta","1_5","ZDXPYRJPNDTMRX",1
"richest","afekta","1_5","ZGXJTSGNIOSYLO",4
"richest","afekta","1_6","ACWBBAGYTKWBCD",1
"richest","afekta","1_6","AFBPFSWMIHJQDM",2
"richest","afekta","1_6","AYFVYJQAPQTCCC",1
"richest","afekta","1_6","DOIRQSBPFJWKBE",1
"richest","afekta","1_6","FOYHNROGBXVLLX",5
"richest","afekta","1_6","HEBKCHPVOIAQTA",1
"richest","afekta","1_6","HNDVDQJCIGZPNO",1
"richest","afekta","1_6","JJMDCOVWQOJGCB",9
"richest","afekta","1_6","JLTDJTHDQAWBAV",1
"richest","afekta","1_6","JMOXSQYGVIXBBZ",2
"richest","afekta","1_6","KNTFCRCCPLEUQZ",4
"richest","afekta","1_6","KPGXRSRHYNQIFN",7
"richest","afekta","1_6","KWIUHFFTVRNATP",1
"richest","afekta","1_6","KZSNJWFQEVHDMF",2
"richest","afekta","1_6","LEVWYRKDKASIDU",1
"richest","afekta","1_6","LRTFPLFDLJYEKT",9
"richest","afekta","1_6","MTCFGRXMJLQNBG",1
"richest","afekta","1_6","OISVCGZHLKNMSJ",1
"richest","afekta","1_6","RNVCVTLRINQCPJ",1
"richest","afekta","1_6","SNEIUMQYRCDYCH",1
"richest","afekta","1_6","UFFBMTHBGFGIHF",1
"richest","afekta","1_6","UKAUYVFTDYCKQA",2
"richest","afekta","1_6","VVIAGPKUTFNRDU",1
"richest","afekta","1_6","WGQKYBSKWIADBV",11
"richest","afekta","2_1","AFBPFSWMIHJQDM",2
"richest","afekta","2_1","BSYNRYMUTXBXSQ",17
"richest","afekta","2_1","CGQCWMIAEPEHNQ",1
"richest","afekta","2_1","COLNVLDHVKWLRT",1
"richest","afekta","2_1","DOIRQSBPFJWKBE",1
"richest","afekta","2_1","DVNYTAVYBRSTGK",1
"richest","afekta","2_1","FERIUCNNQQJTOY",1
"richest","afekta","2_1","FOYHNROGBXVLLX",3
"richest","afekta","2_1","FZWGECJQACGGTI",1
"richest","afekta","2_1","GBKGJMYPQZODMI",6
"richest","afekta","2_1","HGINADPHJQTSKN",4
"richest","afekta","2_1","HXNFUBHNUDHIGC",3
"richest","afekta","2_1","IPBVNPXQWQGGJP",3
"richest","afekta","2_1","JBCLFWXMTIKCCB",1
"richest","afekta","2_1","JECYUBVRTQDVAT",5
"richest","afekta","2_1","JFCQEDHGNNZCLN",10
"richest","afekta","2_1","JJMDCOVWQOJGCB",15
"richest","afekta","2_1","JLTDJTHDQAWBAV",1
"richest","afekta","2_1","JMOXSQYGVIXBBZ",1
"richest","afekta","2_1","JMSVCTWVEWCHDZ",20
"richest","afekta","2_1","KPGXRSRHYNQIFN",3
"richest","afekta","2_1","KQNPFQTWMSNSAP",2
"richest","afekta","2_1","KVQGGLZHHFGHPU",11
"richest","afekta","2_1","KWIUHFFTVRNATP",1
"richest","afekta","2_1","KZSNJWFQEVHDMF",6
"richest","afekta","2_1","LRFVTYWOQMYALW",1
"richest","afekta","2_1","LRSASMSXMSNRBT",1
"richest","afekta","2_1","LRTFPLFDLJYEKT",3
"richest","afekta","2_1","LUCHPKXVUGJYGU",1
"richest","afekta","2_1","LUJMEECXHPYQOF",19
"richest","afekta","2_1","NHZMQXZHNVQTQA",1
"richest","afekta","2_1","OGHAROSJZRTIOK",5
"richest","afekta","2_1","OIRDTQYFTABQOQ",2
"richest","afekta","2_1","OISVCGZHLKNMSJ",1
"richest","afekta","2_1","PKZJLOCLABXVMC",8
"richest","afekta","2_1","PXQPEWDEAKTCGB",2
"richest","afekta","2_1","QHGUCRYDKWKLMG",4
"richest","afekta","2_1","RADKZDMFGJYCBB",1
"richest","afekta","2_1","RNVCVTLRINQCPJ",1
"richest","afekta","2_1","SNDPXSYFESPGGJ",9
"richest","afekta","2_1","UFFBMTHBGFGIHF",2
"richest","afekta","2_1","UKFXDFUAPNAMPJ",1
"richest","afekta","2_1","UYTPUPDQBNUYGX",3
"richest","afekta","2_1","VYFYYTLLBUKUHU",1
"richest","afekta","2_1","WGQKYBSKWIADBV",10
"richest","afekta","2_1","WXUAQHNMJWJLTG",3
"richest","afekta","2_1","YKBGVTZYEHREMT",1
"richest","afekta","2_1","ZXYAAVBXHKCJJB",1
"richest","afekta","2_10","AEMOLEFTQBMNLQ",1
"richest","afekta","2_10","AFBPFSWMIHJQDM",1
"richest","afekta","2_10","AGPKZVBTJJNPAG",2
"richest","afekta","2_10","DHMQDGOQFOQNFH",1
"richest","afekta","2_10","DUUGKQCEGZLZNO",1
"richest","afekta","2_10","FOYHNROGBXVLLX",5
"richest","afekta","2_10","GJAWHXHKYYXBSV",1
"richest","afekta","2_10","HXACOUQIXZGNBF",15
"richest","afekta","2_10","HXEACLLIILLPRG",1
"richest","afekta","2_10","IHYJTAOFMMMOPX",4
"richest","afekta","2_10","JJMDCOVWQOJGCB",11
"richest","afekta","2_10","JLTDJTHDQAWBAV",1
"richest","afekta","2_10","JMOXSQYGVIXBBZ",1
"richest","afekta","2_10","KPGXRSRHYNQIFN",14
"richest","afekta","2_10","KVQGGLZHHFGHPU",17
"richest","afekta","2_10","KWIUHFFTVRNATP",1
"richest","afekta","2_10","KZSNJWFQEVHDMF",3
"richest","afekta","2_10","LEHOTFFKMJEONL",1
"richest","afekta","2_10","LOIYMIARKYCTBW",1
"richest","afekta","2_10","LRTFPLFDLJYEKT",2
"richest","afekta","2_10","LVRFTAZAXQPQHI",1
"richest","afekta","2_10","OISVCGZHLKNMSJ",1
"richest","afekta","2_10","OLNJUISKUQQNIM",10
"richest","afekta","2_10","ONIBWKKTOPOVIA",1
"richest","afekta","2_10","PAFZNILMFXTMIY",34
"richest","afekta","2_10","PMMYEEVYMWASQN",1
"richest","afekta","2_10","PMZDQRJGMBOQBF",17
"richest","afekta","2_10","RNVCVTLRINQCPJ",2
"richest","afekta","2_10","ROHFNLRQFUQHCH",1
"richest","afekta","2_10","UFFBMTHBGFGIHF",1
"richest","afekta","2_10","WGQKYBSKWIADBV",10
"richest","afekta","2_10","WJJMNDUMQPNECX",6
"richest","afekta","2_10","YRCWQPVGYLYSOX",3
"richest","afekta","2_10","ZGXJTSGNIOSYLO",8
"richest","afekta","2_10","ZRQXMKMBBMNNQC",2
"richest","afekta","2_2","AFBPFSWMIHJQDM",1
"richest","afekta","2_2","ASWBNKHCZGQVJV",1
"richest","afekta","2_2","AUYYCJSJGJYCDS",1
"richest","afekta","2_2","AVFZOVWCLRSYKC",17
"richest","afekta","2_2","BOLQJTPHPSDZHR",1
"richest","afekta","2_2","CBQJSKKFNMDLON",1
"richest","afekta","2_2","CERQOIWHTDAKMF",1
"richest","afekta","2_2","CFFZDZCDUFSOFZ",7
"richest","afekta","2_2","DKMROQRQHGEIOW",7
"richest","afekta","2_2","DOIRQSBPFJWKBE",1
"richest","afekta","2_2","DTUQWGWMVIHBKE",11
"richest","afekta","2_2","DWRXFEITVBNRMK",3
"richest","afekta","2_2","DZGWFCGJZKJUFP",2
"richest","afekta","2_2","FFEARJCKVFRZRR",1
"richest","afekta","2_2","FOYHNROGBXVLLX",5
"richest","afekta","2_2","FXLOVSHXALFLKQ",13
"richest","afekta","2_2","GBKGJMYPQZODMI",3
"richest","afekta","2_2","GNMSLDIYJOSUSW",1
"richest","afekta","2_2","HCZHHEIFKROPDY",1
"richest","afekta","2_2","HXNFUBHNUDHIGC",1
"richest","afekta","2_2","IGMNYECMUMZDDF",1
"richest","afekta","2_2","IZZIWIAOVZOBLF",1
"richest","afekta","2_2","JJMDCOVWQOJGCB",20
"richest","afekta","2_2","JLPJFSCQKHRSQR",20
"richest","afekta","2_2","JLTDJTHDQAWBAV",1
"richest","afekta","2_2","JMOXSQYGVIXBBZ",1
"richest","afekta","2_2","JTEJPPKMYBDEMY",1
"richest","afekta","2_2","JZRWCGZRTZMZEH",1
"richest","afekta","2_2","KDCGOANMDULRCW",1
"richest","afekta","2_2","KKSDGJDHHZEWEP",1
"richest","afekta","2_2","KPGXRSRHYNQIFN",5
"richest","afekta","2_2","KTHADMDGDNYQRX",33
"richest","afekta","2_2","KWIUHFFTVRNATP",1
"richest","afekta","2_2","KWOLFJPFCHCOCG",10
"richest","afekta","2_2","LDHQCZJRKDOVOX",2
"richest","afekta","2_2","LRFVTYWOQMYALW",1
"richest","afekta","2_2","LRTFPLFDLJYEKT",7
"richest","afekta","2_2","NGSWKAQJJWESNS",3
"richest","afekta","2_2","ODHCTXKNWHHXJC",2
"richest","afekta","2_2","OISVCGZHLKNMSJ",1
"richest","afekta","2_2","OMFXVFTZEKFJBZ",1
"richest","afekta","2_2","ONIBWKKTOPOVIA",1
"richest","afekta","2_2","PHOQVHQSTUBQQK",1
"richest","afekta","2_2","QRMZSPFSDQBLIX",1
"richest","afekta","2_2","RGHNJXZEOKUKBD",1
"richest","afekta","2_2","RNVCVTLRINQCPJ",2
"richest","afekta","2_2","SXZYCXMUPBBULW",2
"richest","afekta","2_2","TUHVEAJXIMEOSA",1
"richest","afekta","2_2","UDSFAEKRVUSQDD",34
"richest","afekta","2_2","UFFBMTHBGFGIHF",1
"richest","afekta","2_2","UQTZMGFTRHFAAM",1
"richest","afekta","2_2","WGQKYBSKWIADBV",11
"richest","afekta","2_2","WKOLLVMJNQIZCI",4
"richest","afekta","2_2","WUAXWQRULBZETB",6
"richest","afekta","2_2","YBJHBAHKTGYVGT",1
"richest","afekta","2_2","ZWLPBLYKEWSWPD",4
"richest","afekta","2_3","AEFLONBTGZFSGQ",2
"richest","afekta","2_3","AFBPFSWMIHJQDM",1
"richest","afekta","2_3","AGPKZVBTJJNPAG",2
"richest","afekta","2_3","AVFZOVWCLRSYKC",37
"richest","afekta","2_3","BLHCMGRVFXRYRN",1
"richest","afekta","2_3","BRARRAHGNDUELT",13
"richest","afekta","2_3","BRRSNXCXLSVPFC",2
"richest","afekta","2_3","DZTHIGRZJZPRDV",1
"richest","afekta","2_3","FDGQSTZJBFJUBT",1
"richest","afekta","2_3","FOYHNROGBXVLLX",5
"richest","afekta","2_3","FYGDTMLNYKFZSV",14
"richest","afekta","2_3","IAOZJIPTCAWIRG",26
"richest","afekta","2_3","ISAKRJDGNUQOIC",1
"richest","afekta","2_3","IWDCLRJOBJJRNH",2
"richest","afekta","2_3","JDTWZSUNGHMMJM",1
"richest","afekta","2_3","JFLIEFSWGNOPJJ",9
"richest","afekta","2_3","JKLRIMRKZBSSED",1
"richest","afekta","2_3","JLTDJTHDQAWBAV",1
"richest","afekta","2_3","JMOXSQYGVIXBBZ",1
"richest","afekta","2_3","KPGXRSRHYNQIFN",9
"richest","afekta","2_3","KWIUHFFTVRNATP",1
"richest","afekta","2_3","KZSNJWFQEVHDMF",9
"richest","afekta","2_3","LDCRTTXIJACKKU",16
"richest","afekta","2_3","LNTHITQWFMADLM",1
"richest","afekta","2_3","LRQKBLKVPFOOQJ",14
"richest","afekta","2_3","LRTFPLFDLJYEKT",3
"richest","afekta","2_3","MUPFEKGTMRGPLJ",1
"richest","afekta","2_3","MVAWJSIDNICKHF",1
"richest","afekta","2_3","OFCNXPDARWKPPY",16
"richest","afekta","2_3","OISVCGZHLKNMSJ",1
"richest","afekta","2_3","ONFOSYPQQXJWGS",1
"richest","afekta","2_3","ONIBWKKTOPOVIA",1
"richest","afekta","2_3","PRJKNHOMHKJCEJ",1
"richest","afekta","2_3","QAFBDRSXXHEXGB",3
"richest","afekta","2_3","QWIZNVHXZXRPDR",5
"richest","afekta","2_3","QWVGKYWNOKOFNN",3
"richest","afekta","2_3","QZAYGJVTTNCVMB",1
"richest","afekta","2_3","RDOXTESZEPMUJZ",14
"richest","afekta","2_3","RLSSMJSEOOYNOY",5
"richest","afekta","2_3","RNVCVTLRINQCPJ",2
"richest","afekta","2_3","ROHFNLRQFUQHCH",1
"richest","afekta","2_3","RWQNBRDOKXIBIV",18
"richest","afekta","2_3","UCTWMZQNUQWSLP",1
"richest","afekta","2_3","UFFBMTHBGFGIHF",1
"richest","afekta","2_3","VGONTNSXDCQUGY",1
"richest","afekta","2_3","WGQKYBSKWIADBV",11
"richest","afekta","2_3","WVDDGKGOMKODPV",1
"richest","afekta","2_3","WXNXCEHXYPACJF",1
"richest","afekta","2_3","XXRCUYVCPSWGCC",20
"richest","afekta","2_3","YHGNXQAFNHCBTK",6
"richest","afekta","2_3","ZDXPYRJPNDTMRX",1
"richest","afekta","2_4","AFBPFSWMIHJQDM",1
"richest","afekta","2_4","ASWBNKHCZGQVJV",1
"richest","afekta","2_4","AVFZOVWCLRSYKC",36
"richest","afekta","2_4","BHHGXPLMPWCGHP",11
"richest","afekta","2_4","DDRJAANPRJIHGJ",1
"richest","afekta","2_4","DLFVBJFMPXGRIB",2
"richest","afekta","2_4","DOIRQSBPFJWKBE",1
"richest","afekta","2_4","FFEARJCKVFRZRR",1
"richest","afekta","2_4","FOYHNROGBXVLLX",2
"richest","afekta","2_4","GFFGJBXGBJISGV",1
"richest","afekta","2_4","HNEGQIOMVPPMNR",3
"richest","afekta","2_4","IHCCAYCGZOLTEU",10
"richest","afekta","2_4","JLSKPBDKNIXMBS",1
"richest","afekta","2_4","JLTDJTHDQAWBAV",4
"richest","afekta","2_4","JMOXSQYGVIXBBZ",1
"richest","afekta","2_4","JTEJPPKMYBDEMY",1
"richest","afekta","2_4","JYGXADMDTFJGBT",1
"richest","afekta","2_4","KIWQWJKWBHZMDT",1
"richest","afekta","2_4","KPGXRSRHYNQIFN",7
"richest","afekta","2_4","KWIUHFFTVRNATP",1
"richest","afekta","2_4","KZSNJWFQEVHDMF",7
"richest","afekta","2_4","LJUQGASMPRMWIW",1
"richest","afekta","2_4","LRTFPLFDLJYEKT",6
"richest","afekta","2_4","LVHBHZANLOWSRM",2
"richest","afekta","2_4","MVAWJSIDNICKHF",6
"richest","afekta","2_4","NMHMNPHRMNGLLB",1
"richest","afekta","2_4","OISVCGZHLKNMSJ",1
"richest","afekta","2_4","OLXZPDWKRNYJJZ",1
"richest","afekta","2_4","OVRNDRQMDRJTHS",2
"richest","afekta","2_4","PHIQHXFUZVPYII",1
"richest","afekta","2_4","QIVBCDIJIAJPQS",8
"richest","afekta","2_4","QVWAEZJXDYOKEH",5
"richest","afekta","2_4","RNVCVTLRINQCPJ",5
"richest","afekta","2_4","RQEUFEKYXDPUSK",19
"richest","afekta","2_4","SGNZYJXNUURYCH",12
"richest","afekta","2_4","SMNDYUVBFMFKNZ",11
"richest","afekta","2_4","TUHVEAJXIMEOSA",1
"richest","afekta","2_4","UDSFAEKRVUSQDD",12
"richest","afekta","2_4","UFFBMTHBGFGIHF",3
"richest","afekta","2_4","VOXXWSYKYCBWHO",19
"richest","afekta","2_4","VVNCNSJFMMFHPL",19
"richest","afekta","2_4","WGQKYBSKWIADBV",13
"richest","afekta","2_4","XUYPXLNMDZIRQH",6
"richest","afekta","2_4","YFTGOBNOJKXZJC",1
"richest","afekta","2_4","ZFAHNWWNDFHPOH",1
"richest","afekta","2_4","ZHMMPVANGNPCBW",14
"richest","afekta","2_5","AFBPFSWMIHJQDM",1
"richest","afekta","2_5","BEJNERDRQOWKJM",7
"richest","afekta","2_5","BHHGXPLMPWCGHP",17
"richest","afekta","2_5","BVQVLAIMHVDZEL",24
"richest","afekta","2_5","CLFRCXCBWIQVRN",7
"richest","afekta","2_5","DUUGKQCEGZLZNO",1
"richest","afekta","2_5","DWRXFEITVBNRMK",1
"richest","afekta","2_5","FBZONXHGGPHHIY",1
"richest","afekta","2_5","FDGQSTZJBFJUBT",1
"richest","afekta","2_5","FJKROLUGYXJWQN",5
"richest","afekta","2_5","FOYHNROGBXVLLX",2
"richest","afekta","2_5","HAPOVYFOVVWLRS",18
"richest","afekta","2_5","HCUARRIEZVDMPT",5
"richest","afekta","2_5","HXACOUQIXZGNBF",1
"richest","afekta","2_5","IBGBGRVKPALMCQ",19
"richest","afekta","2_5","IHYJTAOFMMMOPX",1
"richest","afekta","2_5","IJFXRHURBJZNAO",3
"richest","afekta","2_5","JJMDCOVWQOJGCB",9
"richest","afekta","2_5","JLTDJTHDQAWBAV",1
"richest","afekta","2_5","JMOXSQYGVIXBBZ",1
"richest","afekta","2_5","JSJWCHRYRHKBBW",1
"richest","afekta","2_5","JTEDVYBZBROSJT",9
"richest","afekta","2_5","KMAKOBLIOCQGJP",1
"richest","afekta","2_5","KPGXRSRHYNQIFN",5
"richest","afekta","2_5","KWIUHFFTVRNATP",1
"richest","afekta","2_5","LRTFPLFDLJYEKT",9
"richest","afekta","2_5","MOTZDAYCYVMXPC",1
"richest","afekta","2_5","NHZMQXZHNVQTQA",1
"richest","afekta","2_5","ODHCTXKNWHHXJC",1
"richest","afekta","2_5","OFCNXPDARWKPPY",9
"richest","afekta","2_5","OISVCGZHLKNMSJ",1
"richest","afekta","2_5","OJUGVDODNPJEEC",4
"richest","afekta","2_5","PCSKKIUURRTAEM",1
"richest","afekta","2_5","PMMYEEVYMWASQN",11
"richest","afekta","2_5","PPBRXRYQALVLMV",9
"richest","afekta","2_5","PVNIIMVLHYAWGP",2
"richest","afekta","2_5","RADKZDMFGJYCBB",1
"richest","afekta","2_5","RNVCVTLRINQCPJ",1
"richest","afekta","2_5","RWQNBRDOKXIBIV",1
"richest","afekta","2_5","SIOXPEMLGUPBBT",1
"richest","afekta","2_5","TWBYWOBDOCUKOW",3
"richest","afekta","2_5","TXXHDPDFNKHHGW",2
"richest","afekta","2_5","UBQKCCHYAOITMY",1
"richest","afekta","2_5","UFFBMTHBGFGIHF",1
"richest","afekta","2_5","UGQMRVRMYYASKQ",1
"richest","afekta","2_5","WBYWAXJHAXSJNI",2
"richest","afekta","2_5","WGQKYBSKWIADBV",10
"richest","afekta","2_5","YGSDEFSMJLZEOE",1
"richest","afekta","2_5","YMAWOPBAYDPSLA",14
"richest","afekta","2_5","ZGXJTSGNIOSYLO",1
"richest","afekta","2_5","ZRQXMKMBBMNNQC",9
"richest","afekta","2_6","AFBPFSWMIHJQDM",2
"richest","afekta","2_6","AVFZOVWCLRSYKC",40
"richest","afekta","2_6","BSYNRYMUTXBXSQ",11
"richest","afekta","2_6","CBQJSKKFNMDLON",4
"richest","afekta","2_6","CFFZDZCDUFSOFZ",19
"richest","afekta","2_6","DLFVBJFMPXGRIB",3
"richest","afekta","2_6","DUHQIGLHYXLKAE",1
"richest","afekta","2_6","FCCDDURTIIUXBY",1
"richest","afekta","2_6","FOYHNROGBXVLLX",6
"richest","afekta","2_6","GNMSLDIYJOSUSW",1
"richest","afekta","2_6","HCZHHEIFKROPDY",1
"richest","afekta","2_6","HNJBEVLQSNELDL",17
"richest","afekta","2_6","HUDBDWIQSIGUDI",5
"richest","afekta","2_6","HVAMZGADVCBITI",6
"richest","afekta","2_6","HXNFUBHNUDHIGC",2
"richest","afekta","2_6","IAVREABSGIHHMO",3
"richest","afekta","2_6","IGMNYECMUMZDDF",2
"richest","afekta","2_6","IZZIWIAOVZOBLF",1
"richest","afekta","2_6","JDBGXEHEIRGOBU",1
"richest","afekta","2_6","JHIVVAPYMSGYDF",12
"richest","afekta","2_6","JJMDCOVWQOJGCB",1
"richest","afekta","2_6","JLTDJTHDQAWBAV",1
"richest","afekta","2_6","JMOXSQYGVIXBBZ",1
"richest","afekta","2_6","JTEDVYBZBROSJT",1
"richest","afekta","2_6","JYVXNLLUYHCIIH",3
"richest","afekta","2_6","KKADPXVIOXHVKN",1
"richest","afekta","2_6","KPGXRSRHYNQIFN",1
"richest","afekta","2_6","KVQGGLZHHFGHPU",11
"richest","afekta","2_6","KWIUHFFTVRNATP",1
"richest","afekta","2_6","LRFVTYWOQMYALW",1
"richest","afekta","2_6","LRTFPLFDLJYEKT",5
"richest","afekta","2_6","MBBZMMPHUWSWHV",35
"richest","afekta","2_6","NRSCPTLHWVWLLH",4
"richest","afekta","2_6","OISVCGZHLKNMSJ",1
"richest","afekta","2_6","PVNIIMVLHYAWGP",2
"richest","afekta","2_6","RGHHSNMVTDWUBI",2
"richest","afekta","2_6","RNVCVTLRINQCPJ",1
"richest","afekta","2_6","SIOXPEMLGUPBBT",3
"richest","afekta","2_6","SMQUZDBALVYZAC",5
"richest","afekta","2_6","SYEOWUNSTUDKGM",1
"richest","afekta","2_6","TWBYWOBDOCUKOW",1
"richest","afekta","2_6","TYEYBOSBBBHJIV",3
"richest","afekta","2_6","UBORTCNDUKBEOP",1
"richest","afekta","2_6","UFFBMTHBGFGIHF",1
"richest","afekta","2_6","UIERETOOQGIECD",19
"richest","afekta","2_6","UOBSVARXACCLLH",16
"richest","afekta","2_6","UTYVDVLMYQPLQB",1
"richest","afekta","2_6","UYTPUPDQBNUYGX",1
"richest","afekta","2_6","VZIRCHXYMBFNFD",10
"richest","afekta","2_6","WGQKYBSKWIADBV",1
"richest","afekta","2_6","WLJVNTCWHIRURA",4
"richest","afekta","2_6","WPYMKLBDIGXBTP",1
"richest","afekta","2_6","WSWCOQWTEOXDQX",1
"richest","afekta","2_6","XHCADAYNFIFUHF",1
"richest","afekta","2_6","YOEBAVRJHRCKRE",2
"richest","afekta","2_7","AFBPFSWMIHJQDM",1
"richest","afekta","2_7","BHHGXPLMPWCGHP",19
"richest","afekta","2_7","BTCSSZJGUNDROE",17
"richest","afekta","2_7","CKOMXBHMKXXTNW",1
"richest","afekta","2_7","DRLFMBDRBRZALE",1
"richest","afekta","2_7","DUHQIGLHYXLKAE",1
"richest","afekta","2_7","FFDGPVCHZBVARC",15
"richest","afekta","2_7","FOYHNROGBXVLLX",5
"richest","afekta","2_7","FSASIHFSFGAIJM",3
"richest","afekta","2_7","HJJPJSXJAXAIPN",6
"richest","afekta","2_7","HNJBEVLQSNELDL",13
"richest","afekta","2_7","HXACOUQIXZGNBF",1
"richest","afekta","2_7","IJCKBIINTQEGLY",3
"richest","afekta","2_7","INCSQLZZXBPATR",3
"richest","afekta","2_7","IYXGSMUGOJNHAZ",12
"richest","afekta","2_7","JDTWZSUNGHMMJM",1
"richest","afekta","2_7","JFLIEFSWGNOPJJ",14
"richest","afekta","2_7","JJMDCOVWQOJGCB",11
"richest","afekta","2_7","JLTDJTHDQAWBAV",1
"richest","afekta","2_7","JMOXSQYGVIXBBZ",1
"richest","afekta","2_7","KPGXRSRHYNQIFN",3
"richest","afekta","2_7","KVQGGLZHHFGHPU",15
"richest","afekta","2_7","KWIUHFFTVRNATP",1
"richest","afekta","2_7","KZSNJWFQEVHDMF",16
"richest","afekta","2_7","LRTFPLFDLJYEKT",7
"richest","afekta","2_7","OISVCGZHLKNMSJ",1
"richest","afekta","2_7","OPTASPLRGRRNAP",1
"richest","afekta","2_7","OVRNDRQMDRJTHS",1
"richest","afekta","2_7","PHIQHXFUZVPYII",1
"richest","afekta","2_7","QCHPKSFMDHPSNR",6
"richest","afekta","2_7","RNVCVTLRINQCPJ",1
"richest","afekta","2_7","SMEROWZSTRWXGI",1
"richest","afekta","2_7","SYEOWUNSTUDKGM",3
"richest","afekta","2_7","UFAHZIUFPNSHSL",1
"richest","afekta","2_7","UFFBMTHBGFGIHF",1
"richest","afekta","2_7","UOBSVARXACCLLH",17
"richest","afekta","2_7","UZCXPYDBYUEZCV",1
"richest","afekta","2_7","UZTFMUBKZQVKLK",1
"richest","afekta","2_7","WGQKYBSKWIADBV",10
"richest","afekta","2_7","WXNXCEHXYPACJF",1
"richest","afekta","2_7","XQCZBXHVTFVIFE",2
"richest","afekta","2_7","YBJHBAHKTGYVGT",3
"richest","afekta","2_7","YTFVRYKNXDADBI",1
"richest","afekta","2_8","AFBPFSWMIHJQDM",2
"richest","afekta","2_8","AGPKZVBTJJNPAG",3
"richest","afekta","2_8","BJEPYKJPYRNKOW",1
"richest","afekta","2_8","CKTSBUTUHBMZGZ",1
"richest","afekta","2_8","CQRYARSYNCAZFO",6
"richest","afekta","2_8","DTUQWGWMVIHBKE",3
"richest","afekta","2_8","FBTSQILOGYXGMD",1
"richest","afekta","2_8","FOYHNROGBXVLLX",4
"richest","afekta","2_8","FXLOVSHXALFLKQ",5
"richest","afekta","2_8","HNEGQIOMVPPMNR",2
"richest","afekta","2_8","IAVREABSGIHHMO",2
"richest","afekta","2_8","IGMNYECMUMZDDF",9
"richest","afekta","2_8","IHCCAYCGZOLTEU",9
"richest","afekta","2_8","IQFYYKKMVGJFEH",1
"richest","afekta","2_8","JLTDJTHDQAWBAV",1
"richest","afekta","2_8","JMOXSQYGVIXBBZ",1
"richest","afekta","2_8","JYPHNHPXFNEZBR",3
"richest","afekta","2_8","JZKXXXDKRQWDET",5
"richest","afekta","2_8","KKSDGJDHHZEWEP",4
"richest","afekta","2_8","KPGXRSRHYNQIFN",6
"richest","afekta","2_8","KVQGGLZHHFGHPU",14
"richest","afekta","2_8","KWIUHFFTVRNATP",1
"richest","afekta","2_8","KWOLFJPFCHCOCG",1
"richest","afekta","2_8","KZSNJWFQEVHDMF",1
"richest","afekta","2_8","LHGVFZTZFXWLCP",16
"richest","afekta","2_8","LRTFPLFDLJYEKT",7
"richest","afekta","2_8","LVHBHZANLOWSRM",1
"richest","afekta","2_8","NGSWKAQJJWESNS",2
"richest","afekta","2_8","NYPYHUZRZVSYKL",1
"richest","afekta","2_8","OISVCGZHLKNMSJ",1
"richest","afekta","2_8","OKVJCVWFVRATSG",1
"richest","afekta","2_8","OPTASPLRGRRNAP",1
"richest","afekta","2_8","OUYCCCASQSFEME",8
"richest","afekta","2_8","PKLPQOJFHFGVBS",13
"richest","afekta","2_8","RGHHSNMVTDWUBI",3
"richest","afekta","2_8","RNVCVTLRINQCPJ",9
"richest","afekta","2_8","ROHFNLRQFUQHCH",17
"richest","afekta","2_8","RWQNBRDOKXIBIV",1
"richest","afekta","2_8","SMNDYUVBFMFKNZ",8
"richest","afekta","2_8","SMQUZDBALVYZAC",8
"richest","afekta","2_8","SOYKEARSMXGVTM",1
"richest","afekta","2_8","SUMDYPCJJOFFON",1
"richest","afekta","2_8","UFFBMTHBGFGIHF",3
"richest","afekta","2_8","VZIRCHXYMBFNFD",9
"richest","afekta","2_8","WGQKYBSKWIADBV",10
"richest","afekta","2_8","WPYMKLBDIGXBTP",1
"richest","afekta","2_8","XQCZBXHVTFVIFE",2
"richest","afekta","2_8","ZBCATMYQYDCTIZ",3
"richest","afekta","2_8","ZHSOTLOTTDYIIK",1
"richest","afekta","2_9","AFBPFSWMIHJQDM",1
"richest","afekta","2_9","AGPKZVBTJJNPAG",1
"richest","afekta","2_9","ALRHLSYJTWAHJZ",8
"richest","afekta","2_9","AVFZOVWCLRSYKC",30
"richest","afekta","2_9","CCVYRRGZDBSHFU",13
"richest","afekta","2_9","CFFZDZCDUFSOFZ",1
"richest","afekta","2_9","DBZAKQWXICEWNW",19
"richest","afekta","2_9","DFPAKSUCGFBDDF",1
"richest","afekta","2_9","FEWJPZIEWOKRBE",1
"richest","afekta","2_9","FFEARJCKVFRZRR",1
"richest","afekta","2_9","FOYHNROGBXVLLX",3
"richest","afekta","2_9","IAVREABSGIHHMO",11
"richest","afekta","2_9","IGMNYECMUMZDDF",2
"richest","afekta","2_9","INGSNVSERUZOAK",1
"richest","afekta","2_9","JLTDJTHDQAWBAV",1
"richest","afekta","2_9","JMOXSQYGVIXBBZ",1
"richest","afekta","2_9","JVTAAEKCZFNVCJ",1
"richest","afekta","2_9","JVTZFYYHCGSXJV",4
"richest","afekta","2_9","KPGXRSRHYNQIFN",3
"richest","afekta","2_9","KWIUHFFTVRNATP",1
"richest","afekta","2_9","KZNQNBZMBZJQJO",1
"richest","afekta","2_9","KZSNJWFQEVHDMF",8
"richest","afekta","2_9","LRQKBLKVPFOOQJ",8
"richest","afekta","2_9","LRTFPLFDLJYEKT",8
"richest","afekta","2_9","LTFHNKUKQYVHDX",2
"richest","afekta","2_9","LXNHXLLTXMVWPM",5
"richest","afekta","2_9","MBIZFBDREVRUHY",20
"richest","afekta","2_9","MNQZXJOMYWMBOU",3
"richest","afekta","2_9","MOTZDAYCYVMXPC",1
"richest","afekta","2_9","MWOOGOJBHIARFG",1
"richest","afekta","2_9","OISVCGZHLKNMSJ",1
"richest","afekta","2_9","OLXZPDWKRNYJJZ",9
"richest","afekta","2_9","ONIBWKKTOPOVIA",1
"richest","afekta","2_9","OVBPIULPVIDEAO",1
"richest","afekta","2_9","PVNIIMVLHYAWGP",1
"richest","afekta","2_9","QRMZSPFSDQBLIX",8
"richest","afekta","2_9","QYPPJABKJHAVHS",1
"richest","afekta","2_9","RGHHSNMVTDWUBI",12
"richest","afekta","2_9","RNVCVTLRINQCPJ",1
"richest","afekta","2_9","ROHFNLRQFUQHCH",2
"richest","afekta","2_9","RWQNBRDOKXIBIV",1
"richest","afekta","2_9","RXKJFZQQPQGTFL",9
"richest","afekta","2_9","SFLSHLFXELFNJZ",1
"richest","afekta","2_9","SIOXPEMLGUPBBT",3
"richest","afekta","2_9","SMQUZDBALVYZAC",9
"richest","afekta","2_9","TWBYWOBDOCUKOW",2
"richest","afekta","2_9","UCQUAMAQHHEXGD",21
"richest","afekta","2_9","UFFBMTHBGFGIHF",1
"richest","afekta","2_9","UFIVEPVSAGBUSI",1
"richest","afekta","2_9","VZIRCHXYMBFNFD",1
"richest","afekta","2_9","WGQKYBSKWIADBV",12
"richest","afekta","2_9","WPYMKLBDIGXBTP",17
"richest","afekta","2_9","XNCRUNXWPDJHGV",14
"richest","afekta","2_9","XUYPXLNMDZIRQH",1
"richest","afekta","2_9","YHXHKYRQLYQUIH",12
"richest","afekta","3_1","AFBPFSWMIHJQDM",7
"richest","afekta","3_1","AWDRATDZQPNJFN",2
"richest","afekta","3_1","BHTRKEVKTKCXOH",1
"richest","afekta","3_1","DGABKXLVXPYZII",2
"richest","afekta","3_1","DLFVBJFMPXGRIB",11
"richest","afekta","3_1","FJLGEFLZQAZZCD",1
"richest","afekta","3_1","FOYHNROGBXVLLX",5
"richest","afekta","3_1","JJMDCOVWQOJGCB",14
"richest","afekta","3_1","JLTDJTHDQAWBAV",1
"richest","afekta","3_1","JMOXSQYGVIXBBZ",1
"richest","afekta","3_1","KDCGOANMDULRCW",1
"richest","afekta","3_1","KPGXRSRHYNQIFN",37
"richest","afekta","3_1","KVQGGLZHHFGHPU",19
"richest","afekta","3_1","KWIUHFFTVRNATP",1
"richest","afekta","3_1","KXGVEGMKQFWNSR",4
"richest","afekta","3_1","LRTFPLFDLJYEKT",2
"richest","afekta","3_1","LWBHHRRTOZQPDM",1
"richest","afekta","3_1","NEZDNQCXEZDCBI",1
"richest","afekta","3_1","OISVCGZHLKNMSJ",1
"richest","afekta","3_1","RNVCVTLRINQCPJ",6
"richest","afekta","3_1","RUDATBOHQWOJDD",1
"richest","afekta","3_1","SMWDFEZZVXVKRB",5
"richest","afekta","3_1","UFFBMTHBGFGIHF",1
"richest","afekta","3_1","WGQKYBSKWIADBV",10
"richest","afekta","3_1","XUIIKFGFIJCVMT",1
"richest","afekta","3_2","AFBPFSWMIHJQDM",7
"richest","afekta","3_2","BHQCQFFYRZLCQQ",1
"richest","afekta","3_2","BXWNKGSJHAJOGX",10
"richest","afekta","3_2","CITHEXJVPOWHKC",1
"richest","afekta","3_2","DGABKXLVXPYZII",2
"richest","afekta","3_2","DLFVBJFMPXGRIB",14
"richest","afekta","3_2","FOYHNROGBXVLLX",4
"richest","afekta","3_2","JEJLGIQLPYYGEE",1
"richest","afekta","3_2","JJMDCOVWQOJGCB",18
"richest","afekta","3_2","JLTDJTHDQAWBAV",1
"richest","afekta","3_2","JMOXSQYGVIXBBZ",1
"richest","afekta","3_2","KPGXRSRHYNQIFN",10
"richest","afekta","3_2","KVQGGLZHHFGHPU",19
"richest","afekta","3_2","KWIUHFFTVRNATP",1
"richest","afekta","3_2","KXGVEGMKQFWNSR",4
"richest","afekta","3_2","KZSNJWFQEVHDMF",12
"richest","afekta","3_2","LRTFPLFDLJYEKT",2
"richest","afekta","3_2","NCYCYZXNIZJOKI",1
"richest","afekta","3_2","OISVCGZHLKNMSJ",1
"richest","afekta","3_2","ORNBQBCIOKFOEO",6
"richest","afekta","3_2","PAFZNILMFXTMIY",9
"richest","afekta","3_2","QQHJDPROMQRDLA",1
"richest","afekta","3_2","RNVCVTLRINQCPJ",7
"richest","afekta","3_2","RUDATBOHQWOJDD",1
"richest","afekta","3_2","SMWDFEZZVXVKRB",2
"richest","afekta","3_2","UFFBMTHBGFGIHF",1
"richest","afekta","3_2","WBWWGRHZICKQGZ",1
"richest","afekta","3_2","WGQKYBSKWIADBV",12
"richest","afekta","3_2","WZKXBGJNNCGHIC",1
"richest","afekta","3_2","XNCRUNXWPDJHGV",20
"richest","afekta","3_3","AFBPFSWMIHJQDM",1
"richest","afekta","3_3","AGBQKNBQESQNJD",1
"richest","afekta","3_3","CITHEXJVPOWHKC",1
"richest","afekta","3_3","FOYHNROGBXVLLX",4
"richest","afekta","3_3","GHMLBKRAJCXXBS",16
"richest","afekta","3_3","INAXVXBDKKUCGI",18
"richest","afekta","3_3","JLTDJTHDQAWBAV",1
"richest","afekta","3_3","JMOXSQYGVIXBBZ",1
"richest","afekta","3_3","KPGXRSRHYNQIFN",7
"richest","afekta","3_3","KWIUHFFTVRNATP",1
"richest","afekta","3_3","KZSNJWFQEVHDMF",5
"richest","afekta","3_3","LRTFPLFDLJYEKT",9
"richest","afekta","3_3","NKOUWLLFHNBUDW",1
"richest","afekta","3_3","OISVCGZHLKNMSJ",1
"richest","afekta","3_3","QIGBRXMKCJKVMJ",13
"richest","afekta","3_3","RJKFOVLPORLFTN",1
"richest","afekta","3_3","RNVCVTLRINQCPJ",2
"richest","afekta","3_3","TVIDDXQYHWJXFK",14
"richest","afekta","3_3","UFFBMTHBGFGIHF",1
"richest","afekta","3_3","WGQKYBSKWIADBV",13
"richest","afekta","3_3","YCIMNLLNPGFGHC",14
"richest","afekta","3_3","ZDQWESQEGGJUCH",3
"richest","cembio","1_1","AYFVYJQAPQTCCC",2
"richest","cembio","1_1","CAHKINHBCWCHCF",32
"richest","cembio","1_1","CQOVPNPJLQNMDC",1
"richest","cembio","1_1","DCWXELXMIBXGTH",1
"richest","cembio","1_1","DJJCXFVJDGTHFX",1
"richest","cembio","1_1","DKEXFJVMVGETOO",5
"richest","cembio","1_1","DTERQYGMUDWYAZ",1
"richest","cembio","1_1","GUBGYTABKSRVRQ",8
"richest","cembio","1_1","HDTRYLNUVZCQOY",10
"richest","cembio","1_1","HXFOXFJUNFFYMO",8
"richest","cembio","1_1","JMOXSQYGVIXBBZ",2
"richest","cembio","1_1","KDXKERNSBIXSRK",1
"richest","cembio","1_1","KNTFCRCCPLEUQZ",1
"richest","cembio","1_1","KWIUHFFTVRNATP",1
"richest","cembio","1_1","KZSNJWFQEVHDMF",1
"richest","cembio","1_1","LDCYZAJDBXYCGN",1
"richest","cembio","1_1","OVRNDRQMDRJTHS",2
"richest","cembio","1_1","PWKSKIMOESPYIA",1
"richest","cembio","1_1","RHGKLRLOHDJJDR",1
"richest","cembio","1_1","RQFCJASXJCIDSX",1
"richest","cembio","1_1","RULSWEULPANCDV",6
"richest","cembio","1_1","RWSXRVCMGQZWBV",1
"richest","cembio","1_1","UKAUYVFTDYCKQA",1
"richest","cembio","1_1","VEYYWZRYIYDQJM",3
"richest","cembio","1_1","XHMJOUIAFHJHBW",1
"richest","cembio","1_1","ZTVZLYBCZNMWCF",1
"richest","cembio","1_2","BAWFJGJZGIEFAR",1
"richest","cembio","1_2","BKAYIFDRRZZKNF",1
"richest","cembio","1_2","DTERQYGMUDWYAZ",1
"richest","cembio","1_2","FFDGPVCHZBVARC",1
"richest","cembio","1_2","FUOOLUPWFVMBKG",4
"richest","cembio","1_2","IERHLVCPSMICTF",1
"richest","cembio","1_2","KSMRODHGGIIXDV",3
"richest","cembio","1_2","KTHDTJVBEPMMGL",1
"richest","cembio","1_2","LCQLHJZYVOQKHU",1
"richest","cembio","1_2","NIDVTARKFBZMOT",1
"richest","cembio","1_2","OTCCIMWXFLJLIA",1
"richest","cembio","1_2","QCHPKSFMDHPSNR",7
"richest","cembio","1_2","UZCXPYDBYUEZCV",6
"richest","cembio","1_2","VEYYWZRYIYDQJM",3
"richest","cembio","1_2","XIGSAGMEBXLVJJ",1
"richest","cembio","1_2","YGPSJZOEDVAXAB",1
"richest","cembio","1_3","AHLPHDHHMVZTML",1
"richest","cembio","1_3","DCXYFEDJOCDNAF",5
"richest","cembio","1_3","DKEXFJVMVGETOO",3
"richest","cembio","1_3","DTERQYGMUDWYAZ",1
"richest","cembio","1_3","FFDGPVCHZBVARC",2
"richest","cembio","1_3","FUOOLUPWFVMBKG",3
"richest","cembio","1_3","FYGDTMLNYKFZSV",1
"richest","cembio","1_3","GSXOAOHZAIYLCY",11
"richest","cembio","1_3","HLKXYZVTANABHZ",1
"richest","cembio","1_3","HSCJRCZFDFQWRP",1
"richest","cembio","1_3","HXXFSFRBOHSIMQ",3
"richest","cembio","1_3","JSJWCHRYRHKBBW",12
"richest","cembio","1_3","KRKNYBCHXYNGOX",2
"richest","cembio","1_3","NBSCHQHZLSJFNQ",1
"richest","cembio","1_3","NYHBQMYGNKIUIF",1
"richest","cembio","1_3","ODBLHEXUDAPZAU",1
"richest","cembio","1_3","ODKSFYDXXFIFQN",1
"richest","cembio","1_3","QCHPKSFMDHPSNR",6
"richest","cembio","1_3","RFMMMVDNIPUKGG",1
"richest","cembio","1_3","SQVRNKJHWKZAKO",1
"richest","cembio","1_3","UZCXPYDBYUEZCV",10
"richest","cembio","1_3","VEYYWZRYIYDQJM",1
"richest","cembio","1_3","WTDRDQBEARUVNC",1
"richest","cembio","1_3","XCCTYIAWTASOJW",1
"richest","cembio","1_3","XUJNEKJLAYXESH",1
"richest","cembio","1_3","YMAWOPBAYDPSLA",11
"richest","cembio","1_4","BZQFBWGGLXLEPQ",1
"richest","cembio","1_4","CVSVTCORWBXHQV",1
"richest","cembio","1_4","DRTQHJPVMGBUCF",1
"richest","cembio","1_4","HEBKCHPVOIAQTA",1
"richest","cembio","1_4","HOKKHZGPKSLGJE",7
"richest","cembio","1_4","HSCJRCZFDFQWRP",1
"richest","cembio","1_4","JJIHLJJYMXLCOY",13
"richest","cembio","1_4","KDXKERNSBIXSRK",1
"richest","cembio","1_4","KHWCHTKSEGGWEX",1
"richest","cembio","1_4","KMXXSJLYVJEBHI",8
"richest","cembio","1_4","KRKNYBCHXYNGOX",1
"richest","cembio","1_4","LTFMZDNNPPEQNG",1
"richest","cembio","1_4","NTNWOCRCBQPEKQ",1
"richest","cembio","1_4","ODBLHEXUDAPZAU",2
"richest","cembio","1_4","QUOGESRFPZDMMT",1
"richest","cembio","1_4","UDMBCSSLTHHNCD",1
"richest","cembio","1_4","VZXPDPZARILFQX",2
"richest","cembio","1_4","WHUUTDBJXJRKMK",1
"richest","cembio","1_4","YPZRWBKMTBYPTK",1
"richest","cembio","1_5","AEFLONBTGZFSGQ",1
"richest","cembio","1_5","AWUCVROLDVIAJX",1
"richest","cembio","1_5","AYFVYJQAPQTCCC",1
"richest","cembio","1_5","CAHKINHBCWCHCF",1
"richest","cembio","1_5","CKLJMWTZIZZHCS",1
"richest","cembio","1_5","DHCLVCXQIBBOPH",1
"richest","cembio","1_5","FAQJJMHZNSSFSM",8
"richest","cembio","1_5","GSXOAOHZAIYLCY",29
"richest","cembio","1_5","HOKKHZGPKSLGJE",3
"richest","cembio","1_5","HXXFSFRBOHSIMQ",1
"richest","cembio","1_5","JJIHLJJYMXLCOY",17
"richest","cembio","1_5","KNTFCRCCPLEUQZ",1
"richest","cembio","1_5","KTHDTJVBEPMMGL",1
"richest","cembio","1_5","LEVWYRKDKASIDU",1
"richest","cembio","1_5","MTCFGRXMJLQNBG",1
"richest","cembio","1_5","NBSCHQHZLSJFNQ",2
"richest","cembio","1_5","NBZBKCUXIYYUSX",2
"richest","cembio","1_5","ODKSFYDXXFIFQN",1
"richest","cembio","1_5","PECYZEOJVXMISF",1
"richest","cembio","1_5","SNPLKNRPJHDVJA",4
"richest","cembio","1_5","UHDGCWIWMRVCDJ",1
"richest","cembio","1_5","VZXPDPZARILFQX",4
"richest","cembio","1_5","WHUUTDBJXJRKMK",1
"richest","cembio","1_5","XVOYSCVBGLVSOL",1
"richest","cembio","1_5","ZDXPYRJPNDTMRX",1
"richest","cembio","1_5","ZGXJTSGNIOSYLO",2
"richest","cembio","1_6","ACWBBAGYTKWBCD",2
"richest","cembio","1_6","AYFVYJQAPQTCCC",1
"richest","cembio","1_6","HEBKCHPVOIAQTA",1
"richest","cembio","1_6","KNTFCRCCPLEUQZ",8
"richest","cembio","1_6","QEFRNWWLZKMPFJ",1
"richest","cembio","1_6","SNEIUMQYRCDYCH",2
"richest","cembio","1_6","VVIAGPKUTFNRDU",3
"richest","cembio","2_1","AGPKZVBTJJNPAG",1
"richest","cembio","2_1","CGQCWMIAEPEHNQ",1
"richest","cembio","2_1","COLNVLDHVKWLRT",1
"richest","cembio","2_1","DVNYTAVYBRSTGK",1
"richest","cembio","2_1","HGINADPHJQTSKN",7
"richest","cembio","2_1","HXNFUBHNUDHIGC",2
"richest","cembio","2_1","JBCLFWXMTIKCCB",1
"richest","cembio","2_1","JFCQEDHGNNZCLN",1
"richest","cembio","2_1","JMSVCTWVEWCHDZ",13
"richest","cembio","2_1","KDYFGRWQOYBRFD",2
"richest","cembio","2_1","LRFVTYWOQMYALW",1
"richest","cembio","2_1","LUCHPKXVUGJYGU",1
"richest","cembio","2_1","NHZMQXZHNVQTQA",1
"richest","cembio","2_1","OIRDTQYFTABQOQ",1
"richest","cembio","2_1","PXQPEWDEAKTCGB",2
"richest","cembio","2_1","QHGUCRYDKWKLMG",5
"richest","cembio","2_1","ROHFNLRQFUQHCH",2
"richest","cembio","2_1","SLXKOJJOQWFEFD",10
"richest","cembio","2_1","UKFXDFUAPNAMPJ",1
"richest","cembio","2_1","VYFYYTLLBUKUHU",17
"richest","cembio","2_1","WXUAQHNMJWJLTG",3
"richest","cembio","2_1","YKBGVTZYEHREMT",1
"richest","cembio","2_1","ZIYVHBGGAOATLY",1
"richest","cembio","2_1","ZXYAAVBXHKCJJB",1
"richest","cembio","2_10","CDAISMWEOUEBRE",20
"richest","cembio","2_10","DUUGKQCEGZLZNO",11
"richest","cembio","2_10","GJAWHXHKYYXBSV",3
"richest","cembio","2_10","HXEACLLIILLPRG",1
"richest","cembio","2_10","IHYJTAOFMMMOPX",8
"richest","cembio","2_10","LKDRXBCSQODPBY",2
"richest","cembio","2_10","LOIYMIARKYCTBW",1
"richest","cembio","2_10","LVRFTAZAXQPQHI",7
"richest","cembio","2_10","RFSUNEUAIZKAJO",3
"richest","cembio","2_10","WJJMNDUMQPNECX",6
"richest","cembio","2_10","WQZGKKKJIJFFOK",1
"richest","cembio","2_10","YAPQBXQYLJRXSA",5
"richest","cembio","2_10","ZFXYFBGIUFBOJW",8
"richest","cembio","2_10","ZRQXMKMBBMNNQC",1
"richest","cembio","2_2","CBQJSKKFNMDLON",1
"richest","cembio","2_2","CFFZDZCDUFSOFZ",4
"richest","cembio","2_2","DUHQIGLHYXLKAE",1
"richest","cembio","2_2","HCZHHEIFKROPDY",2
"richest","cembio","2_2","IGMNYECMUMZDDF",1
"richest","cembio","2_2","IYXGSMUGOJNHAZ",11
"richest","cembio","2_2","JMOXSQYGVIXBBZ",2
"richest","cembio","2_2","KKSDGJDHHZEWEP",1
"richest","cembio","2_2","KWIUHFFTVRNATP",1
"richest","cembio","2_2","ODHCTXKNWHHXJC",1
"richest","cembio","2_2","WLJVNTCWHIRURA",2
"richest","cembio","2_2","YBJHBAHKTGYVGT",4
"richest","cembio","2_3","AEFLONBTGZFSGQ",1
"richest","cembio","2_3","BLHCMGRVFXRYRN",2
"richest","cembio","2_3","BRARRAHGNDUELT",10
"richest","cembio","2_3","BRRSNXCXLSVPFC",1
"richest","cembio","2_3","DZTHIGRZJZPRDV",7
"richest","cembio","2_3","FFDGPVCHZBVARC",1
"richest","cembio","2_3","FUOOLUPWFVMBKG",13
"richest","cembio","2_3","JKLRIMRKZBSSED",1
"richest","cembio","2_3","JOXIMZWYDAKGHI",1
"richest","cembio","2_3","LDCRTTXIJACKKU",9
"richest","cembio","2_3","LNTHITQWFMADLM",1
"richest","cembio","2_3","MVAWJSIDNICKHF",5
"richest","cembio","2_3","MXHRCPNRJAMMIM",1
"richest","cembio","2_3","NGEWQZIDQIYUNV",22
"richest","cembio","2_3","ONFOSYPQQXJWGS",1
"richest","cembio","2_3","ONIBWKKTOPOVIA",1
"richest","cembio","2_3","PECYZEOJVXMISF",1
"richest","cembio","2_3","PRJKNHOMHKJCEJ",1
"richest","cembio","2_3","QAFBDRSXXHEXGB",3
"richest","cembio","2_3","QCHPKSFMDHPSNR",11
"richest","cembio","2_3","QZAYGJVTTNCVMB",1
"richest","cembio","2_3","RWQNBRDOKXIBIV",1
"richest","cembio","2_3","UCTWMZQNUQWSLP",1
"richest","cembio","2_3","UZCXPYDBYUEZCV",6
"richest","cembio","2_3","VGONTNSXDCQUGY",1
"richest","cembio","2_3","VYAMLSCELQQRAE",12
"richest","cembio","2_3","YHGNXQAFNHCBTK",11
"richest","cembio","2_3","ZDXPYRJPNDTMRX",1
"richest","cembio","2_4","CIWBSHSKHKDKBQ",3
"richest","cembio","2_4","DDRJAANPRJIHGJ",5
"richest","cembio","2_4","HNEGQIOMVPPMNR",1
"richest","cembio","2_4","KIWQWJKWBHZMDT",1
"richest","cembio","2_4","KQTIIICEAUMSDG",19
"richest","cembio","2_4","LJUQGASMPRMWIW",17
"richest","cembio","2_4","LVHBHZANLOWSRM",5
"richest","cembio","2_4","MKUXAQIIEYXACX",1
"richest","cembio","2_4","OGHAROSJZRTIOK",15
"richest","cembio","2_4","PHIQHXFUZVPYII",1
"richest","cembio","2_4","UYUXSRADSPPKRZ",1
"richest","cembio","2_4","YFTGOBNOJKXZJC",14
"richest","cembio","2_5","BEJNERDRQOWKJM",11
"richest","cembio","2_5","BHHGXPLMPWCGHP",1
"richest","cembio","2_5","DCXYFEDJOCDNAF",7
"richest","cembio","2_5","DVNYTAVYBRSTGK",10
"richest","cembio","2_5","FDGQSTZJBFJUBT",1
"richest","cembio","2_5","IHYJTAOFMMMOPX",1
"richest","cembio","2_5","JLTDJTHDQAWBAV",6
"richest","cembio","2_5","JSJWCHRYRHKBBW",1
"richest","cembio","2_5","KBOPZPXVLCULAV",7
"richest","cembio","2_5","KTHDTJVBEPMMGL",5
"richest","cembio","2_5","ODHCTXKNWHHXJC",12
"richest","cembio","2_5","OFCNXPDARWKPPY",15
"richest","cembio","2_5","PCSKKIUURRTAEM",1
"richest","cembio","2_5","PMMYEEVYMWASQN",1
"richest","cembio","2_5","PVNIIMVLHYAWGP",2
"richest","cembio","2_5","RADKZDMFGJYCBB",1
"richest","cembio","2_5","RQEUFEKYXDPUSK",3
"richest","cembio","2_5","SIOXPEMLGUPBBT",1
"richest","cembio","2_5","TWBYWOBDOCUKOW",1
"richest","cembio","2_5","TXXHDPDFNKHHGW",2
"richest","cembio","2_5","UBQKCCHYAOITMY",1
"richest","cembio","2_5","UFFBMTHBGFGIHF",1
"richest","cembio","2_5","UGQMRVRMYYASKQ",1
"richest","cembio","2_5","WUBBRNOQWQTFEX",13
"richest","cembio","2_5","YMAWOPBAYDPSLA",1
"richest","cembio","2_5","ZGXJTSGNIOSYLO",1
"richest","cembio","2_5","ZRQXMKMBBMNNQC",9
"richest","cembio","2_6","APQPRKLAWCIJEK",55
"richest","cembio","2_6","BSYNRYMUTXBXSQ",1
"richest","cembio","2_6","FCCDDURTIIUXBY",2
"richest","cembio","2_6","HUDBDWIQSIGUDI",1
"richest","cembio","2_6","JDBGXEHEIRGOBU",1
"richest","cembio","2_6","JMOXSQYGVIXBBZ",2
"richest","cembio","2_6","JTEDVYBZBROSJT",4
"richest","cembio","2_6","KKADPXVIOXHVKN",8
"richest","cembio","2_6","KWIUHFFTVRNATP",1
"richest","cembio","2_6","NRSCPTLHWVWLLH",5
"richest","cembio","2_6","PVNIIMVLHYAWGP",1
"richest","cembio","2_6","QAIPRVGONGVQAS",10
"richest","cembio","2_6","SIOXPEMLGUPBBT",3
"richest","cembio","2_6","TWBYWOBDOCUKOW",2
"richest","cembio","2_6","UBORTCNDUKBEOP",2
"richest","cembio","2_6","UTYVDVLMYQPLQB",1
"richest","cembio","2_6","YOEBAVRJHRCKRE",2
"richest","cembio","2_7","CKOMXBHMKXXTNW",5
"richest","cembio","2_7","DRLFMBDRBRZALE",1
"richest","cembio","2_7","DUHQIGLHYXLKAE",1
"richest","cembio","2_7","FFDGPVCHZBVARC",2
"richest","cembio","2_7","FSASIHFSFGAIJM",6
"richest","cembio","2_7","FSYKKLYZXJSNPZ",6
"richest","cembio","2_7","FUOOLUPWFVMBKG",14
"richest","cembio","2_7","HXACOUQIXZGNBF",1
"richest","cembio","2_7","INCSQLZZXBPATR",16
"richest","cembio","2_7","JDTWZSUNGHMMJM",8
"richest","cembio","2_7","OIRDTQYFTABQOQ",2
"richest","cembio","2_7","OYIFNHCXNCRBQI",12
"richest","cembio","2_7","QCHPKSFMDHPSNR",5
"richest","cembio","2_7","QNAYBMKLOCPYGJ",2
"richest","cembio","2_7","SYEOWUNSTUDKGM",6
"richest","cembio","2_7","UCMIRNVEIXFBKS",1
"richest","cembio","2_7","UOBSVARXACCLLH",21
"richest","cembio","2_7","UZCXPYDBYUEZCV",3
"richest","cembio","2_7","UZTFMUBKZQVKLK",2
"richest","cembio","2_7","WLJVNTCWHIRURA",16
"richest","cembio","2_7","WXNXCEHXYPACJF",6
"richest","cembio","2_7","YKBGVTZYEHREMT",1
"richest","cembio","2_8","CCVYRRGZDBSHFU",15
"richest","cembio","2_8","DRLFMBDRBRZALE",1
"richest","cembio","2_8","DUHQIGLHYXLKAE",1
"richest","cembio","2_8","FVMDYYGIDFPZAX",25
"richest","cembio","2_8","HXACOUQIXZGNBF",17
"richest","cembio","2_8","OIRDTQYFTABQOQ",3
"richest","cembio","2_8","WLJVNTCWHIRURA",6
"richest","cembio","2_8","YKBGVTZYEHREMT",2
"richest","cembio","2_8","YTFVRYKNXDADBI",2
"richest","cembio","2_9","AGPKZVBTJJNPAG",2
"richest","cembio","2_9","ALRHLSYJTWAHJZ",8
"richest","cembio","2_9","CFFZDZCDUFSOFZ",3
"richest","cembio","2_9","DBZAKQWXICEWNW",19
"richest","cembio","2_9","DFPAKSUCGFBDDF",1
"richest","cembio","2_9","IGMNYECMUMZDDF",1
"richest","cembio","2_9","INGSNVSERUZOAK",2
"richest","cembio","2_9","IZZIWIAOVZOBLF",8
"richest","cembio","2_9","JVTAAEKCZFNVCJ",1
"richest","cembio","2_9","KZNQNBZMBZJQJO",1
"richest","cembio","2_9","LRQKBLKVPFOOQJ",11
"richest","cembio","2_9","LVRFTAZAXQPQHI",7
"richest","cembio","2_9","LXNHXLLTXMVWPM",1
"richest","cembio","2_9","MJVAVZPDRWSRRC",12
"richest","cembio","2_9","MNQZXJOMYWMBOU",2
"richest","cembio","2_9","ONIBWKKTOPOVIA",1
"richest","cembio","2_9","PKLPQOJFHFGVBS",18
"richest","cembio","2_9","PRJKNHOMHKJCEJ",5
"richest","cembio","2_9","PVNIIMVLHYAWGP",1
"richest","cembio","2_9","QAFBDRSXXHEXGB",18
"richest","cembio","2_9","QYPPJABKJHAVHS",1
"richest","cembio","2_9","ROHFNLRQFUQHCH",1
"richest","cembio","2_9","RWQNBRDOKXIBIV",1
"richest","cembio","2_9","RXKJFZQQPQGTFL",9
"richest","cembio","2_9","SFLSHLFXELFNJZ",1
"richest","cembio","2_9","SIOXPEMLGUPBBT",1
"richest","cembio","2_9","TWBYWOBDOCUKOW",1
"richest","cembio","2_9","UFIVEPVSAGBUSI",1
"richest","cembio","2_9","VZCYOOQTPOCHFL",1
"richest","cembio","2_9","WKOLLVMJNQIZCI",6
"richest","cembio","2_9","XUYPXLNMDZIRQH",8
"richest","cembio","2_9","YHXHKYRQLYQUIH",1
"richest","cembio","3_1","AWDRATDZQPNJFN",4
"richest","cembio","3_1","BHTRKEVKTKCXOH",1
"richest","cembio","3_1","FJLGEFLZQAZZCD",1
"richest","cembio","3_1","KDYOFXPLHVSIHS",6
"richest","cembio","3_1","LWBHHRRTOZQPDM",10
"richest","cembio","3_1","NIJJYAXOARWZEE",2
"richest","cembio","3_1","NKBWMBRPILTCRD",15
"richest","cembio","3_1","OBETXYAYXDNJHR",3
"richest","cembio","3_1","OFJWFSNDPCAWDK",1
"richest","cembio","3_1","WWZKQHOCKIZLMA",1
"richest","cembio","3_2","BHQCQFFYRZLCQQ",1
"richest","cembio","3_2","DNXHEGUUPJUMQT",3
"richest","cembio","3_2","NCYCYZXNIZJOKI",1
"richest","cembio","3_2","NYOXRYYXRWJDKP",2
"richest","cembio","3_2","QQHJDPROMQRDLA",3
"richest","cembio","3_2","QYSXJUFSXHHAJI",6
"richest","cembio","3_2","UCTLRSWJYQTBFZ",5
"richest","cembio","3_2","WBWWGRHZICKQGZ",1
"richest","cembio","3_3","BPYKTIZUTYGOLE",5
"richest","cembio","3_3","DGABKXLVXPYZII",2
"richest","cembio","3_3","GOEMGAFJFRBGGG",36
"richest","cembio","3_3","KXGVEGMKQFWNSR",7
"richest","cembio","3_3","RJKFOVLPORLFTN",1
"richest","cembio","3_3","RUDATBOHQWOJDD",1
"richest","cembio","3_3","ZDPHROOEEOARMN",18
"richest","hmgu","1_1","ACWBBAGYTKWBCD",1
"richest","hmgu","1_1","ASWBNKHCZGQVJV",2
"richest","hmgu","1_1","AYFVYJQAPQTCCC",10
"richest","hmgu","1_1","BBZCPUCZKLTAJQ",1
"richest","hmgu","1_1","BDJRBEYXGGNYIS",1
"richest","hmgu","1_1","BPYKTIZUTYGOLE",5
"richest","hmgu","1_1","CAHKINHBCWCHCF",2
"richest","hmgu","1_1","CQOVPNPJLQNMDC",1
"richest","hmgu","1_1","CZMRCDWAGMRECN",9
"richest","hmgu","1_1","DCWXELXMIBXGTH",1
"richest","hmgu","1_1","DJJCXFVJDGTHFX",1
"richest","hmgu","1_1","DKEXFJVMVGETOO",11
"richest","hmgu","1_1","DTERQYGMUDWYAZ",1
"richest","hmgu","1_1","FBUKVWPVBMHYJY",8
"richest","hmgu","1_1","FFFHZYDWPBMWHY",1
"richest","hmgu","1_1","GBKGJMYPQZODMI",2
"richest","hmgu","1_1","GFFGJBXGBJISGV",1
"richest","hmgu","1_1","GHCZAUBVMUEKKP",1
"richest","hmgu","1_1","GOKKOFHHJFGZHW",4
"richest","hmgu","1_1","GUBGYTABKSRVRQ",3
"richest","hmgu","1_1","GYCKQBWUSACYIF",2
"richest","hmgu","1_1","HDTRYLNUVZCQOY",4
"richest","hmgu","1_1","HNDVDQJCIGZPNO",1
"richest","hmgu","1_1","HQHCYKULIHKCEB",17
"richest","hmgu","1_1","HXEACLLIILLPRG",1
"richest","hmgu","1_1","HXFOXFJUNFFYMO",1
"richest","hmgu","1_1","IAVREABSGIHHMO",11
"richest","hmgu","1_1","IDIDJDIHTAOVLG",3
"richest","hmgu","1_1","IERHLVCPSMICTF",1
"richest","hmgu","1_1","IPCSVZSSVZVIGE",1
"richest","hmgu","1_1","IWDCLRJOBJJRNH",1
"richest","hmgu","1_1","JCQLYHFGKNRPGE",7
"richest","hmgu","1_1","JECYUBVRTQDVAT",15
"richest","hmgu","1_1","JLTDJTHDQAWBAV",1
"richest","hmgu","1_1","JOXIMZWYDAKGHI",1
"richest","hmgu","1_1","JYPHNHPXFNEZBR",4
"richest","hmgu","1_1","JZKXXXDKRQWDET",2
"richest","hmgu","1_1","KDXKERNSBIXSRK",1
"richest","hmgu","1_1","KKSDGJDHHZEWEP",4
"richest","hmgu","1_1","KNTFCRCCPLEUQZ",9
"richest","hmgu","1_1","KRKNYBCHXYNGOX",1
"richest","hmgu","1_1","KSMRODHGGIIXDV",5
"richest","hmgu","1_1","KZSNJWFQEVHDMF",1
"richest","hmgu","1_1","LCQLHJZYVOQKHU",16
"richest","hmgu","1_1","LDCYZAJDBXYCGN",1
"richest","hmgu","1_1","LEGGANXCVQPIAI",10
"richest","hmgu","1_1","NEHNMFOYXAPHSD",10
"richest","hmgu","1_1","NEUSVAOJNUQRTM",2
"richest","hmgu","1_1","NGSWKAQJJWESNS",1
"richest","hmgu","1_1","NYHBQMYGNKIUIF",1
"richest","hmgu","1_1","NYOXRYYXRWJDKP",19
"richest","hmgu","1_1","ODBLHEXUDAPZAU",3
"richest","hmgu","1_1","OLNJUISKUQQNIM",10
"richest","hmgu","1_1","OSMAJVWUIUORGC",9
"richest","hmgu","1_1","OTCCIMWXFLJLIA",1
"richest","hmgu","1_1","OUYCCCASQSFEME",1
"richest","hmgu","1_1","OVRNDRQMDRJTHS",1
"richest","hmgu","1_1","PCDQPRRSZKQHHS",1
"richest","hmgu","1_1","PMZDQRJGMBOQBF",13
"richest","hmgu","1_1","PVXPPJIGRGXGCY",6
"richest","hmgu","1_1","PWKSKIMOESPYIA",1
"richest","hmgu","1_1","PYGXAGIECVVIOZ",1
"richest","hmgu","1_1","QRMZSPFSDQBLIX",14
"richest","hmgu","1_1","QWVGKYWNOKOFNN",3
"richest","hmgu","1_1","QYSXJUFSXHHAJI",10
"richest","hmgu","1_1","QZZGJDVWLFXDLK",39
"richest","hmgu","1_1","RADKZDMFGJYCBB",1
"richest","hmgu","1_1","RDOXTESZEPMUJZ",11
"richest","hmgu","1_1","RGHHSNMVTDWUBI",6
"richest","hmgu","1_1","RHGKLRLOHDJJDR",1
"richest","hmgu","1_1","RLSSMJSEOOYNOY",2
"richest","hmgu","1_1","RQFCJASXJCIDSX",1
"richest","hmgu","1_1","RWSXRVCMGQZWBV",1
"richest","hmgu","1_1","SIKJAQJRHWYJAI",1
"richest","hmgu","1_1","SMQUZDBALVYZAC",7
"richest","hmgu","1_1","SNDPXSYFESPGGJ",10
"richest","hmgu","1_1","TXFPEBPIARQUIG",14
"richest","hmgu","1_1","UCTLRSWJYQTBFZ",6
"richest","hmgu","1_1","UFFBMTHBGFGIHF",10
"richest","hmgu","1_1","UKAUYVFTDYCKQA",1
"richest","hmgu","1_1","UYTPUPDQBNUYGX",2
"richest","hmgu","1_1","VEYYWZRYIYDQJM",2
"richest","hmgu","1_1","VZIRCHXYMBFNFD",2
"richest","hmgu","1_1","WPYMKLBDIGXBTP",17
"richest","hmgu","1_1","WRMNZCZEMHIOCP",17
"richest","hmgu","1_1","WVDDGKGOMKODPV",4
"richest","hmgu","1_1","WVULKSPCQVQLCU",3
"richest","hmgu","1_1","XHMJOUIAFHJHBW",1
"richest","hmgu","1_1","XKUKSGPZAADMRA",31
"richest","hmgu","1_1","XUJNEKJLAYXESH",1
"richest","hmgu","1_1","YPZRWBKMTBYPTK",1
"richest","hmgu","1_1","ZBCBWPMODOFKDW",1
"richest","hmgu","1_1","ZTVZLYBCZNMWCF",1
"richest","hmgu","1_2","AEFLONBTGZFSGQ",3
"richest","hmgu","1_2","AIONOLUJZLIMTK",1
"richest","hmgu","1_2","ASWBNKHCZGQVJV",2
"richest","hmgu","1_2","BBZCPUCZKLTAJQ",8
"richest","hmgu","1_2","BDJRBEYXGGNYIS",1
"richest","hmgu","1_2","BHHGXPLMPWCGHP",12
"richest","hmgu","1_2","BJJQJLOZWBZEGA",10
"richest","hmgu","1_2","BKAYIFDRRZZKNF",1
"richest","hmgu","1_2","BOPGDPNILDQYTO",1
"richest","hmgu","1_2","CKLJMWTZIZZHCS",1
"richest","hmgu","1_2","CQOVPNPJLQNMDC",2
"richest","hmgu","1_2","DFPAKSUCGFBDDF",1
"richest","hmgu","1_2","DOIRQSBPFJWKBE",5
"richest","hmgu","1_2","DTOSIQBPPRVQHS",14
"richest","hmgu","1_2","DUUGKQCEGZLZNO",3
"richest","hmgu","1_2","FDGQSTZJBFJUBT",1
"richest","hmgu","1_2","GHCZAUBVMUEKKP",1
"richest","hmgu","1_2","GRSZFWQUAKGDAV",1
"richest","hmgu","1_2","GSXOAOHZAIYLCY",10
"richest","hmgu","1_2","GYCKQBWUSACYIF",9
"richest","hmgu","1_2","HIGQPQRQIQDZMP",12
"richest","hmgu","1_2","HNDVDQJCIGZPNO",1
"richest","hmgu","1_2","HXXFSFRBOHSIMQ",1
"richest","hmgu","1_2","IAVREABSGIHHMO",9
"richest","hmgu","1_2","IERHLVCPSMICTF",1
"richest","hmgu","1_2","IJCKBIINTQEGLY",1
"richest","hmgu","1_2","INCSQLZZXBPATR",15
"richest","hmgu","1_2","IPCSVZSSVZVIGE",2
"richest","hmgu","1_2","IQFYYKKMVGJFEH",2
"richest","hmgu","1_2","IVYPNXXAYMYVSP",2
"richest","hmgu","1_2","JLTDJTHDQAWBAV",1
"richest","hmgu","1_2","JPIJQSOTBSSVTP",1
"richest","hmgu","1_2","KKEYFWRCBNTPAC",10
"richest","hmgu","1_2","KKSDGJDHHZEWEP",14
"richest","hmgu","1_2","KSMRODHGGIIXDV",1
"richest","hmgu","1_2","KZNQNBZMBZJQJO",4
"richest","hmgu","1_2","LCQLHJZYVOQKHU",1
"richest","hmgu","1_2","LXNHXLLTXMVWPM",8
"richest","hmgu","1_2","MOTZDAYCYVMXPC",1
"richest","hmgu","1_2","NBSCHQHZLSJFNQ",4
"richest","hmgu","1_2","NBZBKCUXIYYUSX",3
"richest","hmgu","1_2","NEUSVAOJNUQRTM",2
"richest","hmgu","1_2","NIDVTARKFBZMOT",1
"richest","hmgu","1_2","ODHCTXKNWHHXJC",1
"richest","hmgu","1_2","OFCNXPDARWKPPY",17
"richest","hmgu","1_2","OGHAROSJZRTIOK",18
"richest","hmgu","1_2","OLNJUISKUQQNIM",2
"richest","hmgu","1_2","OPTASPLRGRRNAP",1
"richest","hmgu","1_2","OSMAJVWUIUORGC",12
"richest","hmgu","1_2","OTCCIMWXFLJLIA",1
"richest","hmgu","1_2","OVBPIULPVIDEAO",1
"richest","hmgu","1_2","PLVPPLCLBIEYEA",1
"richest","hmgu","1_2","PMZDQRJGMBOQBF",1
"richest","hmgu","1_2","PYGXAGIECVVIOZ",1
"richest","hmgu","1_2","QIVBCDIJIAJPQS",1
"richest","hmgu","1_2","RFMMMVDNIPUKGG",1
"richest","hmgu","1_2","RGHHSNMVTDWUBI",1
"richest","hmgu","1_2","SIKJAQJRHWYJAI",1
"richest","hmgu","1_2","SMQUZDBALVYZAC",7
"richest","hmgu","1_2","UFFBMTHBGFGIHF",9
"richest","hmgu","1_2","UZTFMUBKZQVKLK",1
"richest","hmgu","1_2","VZIRCHXYMBFNFD",3
"richest","hmgu","1_2","VZXPDPZARILFQX",16
"richest","hmgu","1_2","WHUUTDBJXJRKMK",1
"richest","hmgu","1_2","WPYMKLBDIGXBTP",17
"richest","hmgu","1_2","WRMNZCZEMHIOCP",20
"richest","hmgu","1_2","WVULKSPCQVQLCU",2
"richest","hmgu","1_2","XIGSAGMEBXLVJJ",1
"richest","hmgu","1_2","XKUKSGPZAADMRA",6
"richest","hmgu","1_2","XNGIFLGASWRNHJ",1
"richest","hmgu","1_2","XQCZBXHVTFVIFE",2
"richest","hmgu","1_2","XUYPXLNMDZIRQH",1
"richest","hmgu","1_2","YGPSJZOEDVAXAB",1
"richest","hmgu","1_2","YSNWHRKJEKWJNY",17
"richest","hmgu","1_2","ZBCBWPMODOFKDW",1
"richest","hmgu","1_2","ZDXPYRJPNDTMRX",1
"richest","hmgu","1_3","ALHUZKCOMYUFRB",16
"richest","hmgu","1_3","ASWBNKHCZGQVJV",1
"richest","hmgu","1_3","AYEKOFBPNLCAJY",1
"richest","hmgu","1_3","BJJQJLOZWBZEGA",8
"richest","hmgu","1_3","CHTHALBTIRVDBM",3
"richest","hmgu","1_3","CKLJMWTZIZZHCS",1
"richest","hmgu","1_3","CZMRCDWAGMRECN",6
"richest","hmgu","1_3","DJJCXFVJDGTHFX",1
"richest","hmgu","1_3","DKEXFJVMVGETOO",8
"richest","hmgu","1_3","DOIRQSBPFJWKBE",3
"richest","hmgu","1_3","DOOTYTYQINUNNV",1
"richest","hmgu","1_3","DTERQYGMUDWYAZ",2
"richest","hmgu","1_3","DTOSIQBPPRVQHS",3
"richest","hmgu","1_3","FYGDTMLNYKFZSV",1
"richest","hmgu","1_3","GHCZAUBVMUEKKP",1
"richest","hmgu","1_3","GSXOAOHZAIYLCY",6
"richest","hmgu","1_3","GTZCVFVGUGFEME",3
"richest","hmgu","1_3","GUBGYTABKSRVRQ",3
"richest","hmgu","1_3","GYCKQBWUSACYIF",18
"richest","hmgu","1_3","HDTRYLNUVZCQOY",4
"richest","hmgu","1_3","HIGQPQRQIQDZMP",19
"richest","hmgu","1_3","HLKXYZVTANABHZ",1
"richest","hmgu","1_3","HOKKHZGPKSLGJE",9
"richest","hmgu","1_3","HQHCYKULIHKCEB",16
"richest","hmgu","1_3","HSCJRCZFDFQWRP",1
"richest","hmgu","1_3","HVAMZGADVCBITI",11
"richest","hmgu","1_3","HXXFSFRBOHSIMQ",2
"richest","hmgu","1_3","IAVREABSGIHHMO",32
"richest","hmgu","1_3","IPCSVZSSVZVIGE",1
"richest","hmgu","1_3","JCQLYHFGKNRPGE",12
"richest","hmgu","1_3","JLTDJTHDQAWBAV",1
"richest","hmgu","1_3","KKSDGJDHHZEWEP",20
"richest","hmgu","1_3","KRKNYBCHXYNGOX",2
"richest","hmgu","1_3","LEVWYRKDKASIDU",1
"richest","hmgu","1_3","MOTZDAYCYVMXPC",1
"richest","hmgu","1_3","NBSCHQHZLSJFNQ",1
"richest","hmgu","1_3","NBZBKCUXIYYUSX",5
"richest","hmgu","1_3","NEUSVAOJNUQRTM",2
"richest","hmgu","1_3","NIDVTARKFBZMOT",1
"richest","hmgu","1_3","NYHBQMYGNKIUIF",1
"richest","hmgu","1_3","ODBLHEXUDAPZAU",1
"richest","hmgu","1_3","ODHCTXKNWHHXJC",1
"richest","hmgu","1_3","ODKSFYDXXFIFQN",1
"richest","hmgu","1_3","OLXZPDWKRNYJJZ",13
"richest","hmgu","1_3","PGAVKCOVUIYSFO",1
"richest","hmgu","1_3","PSQYTAPXSHCGMF",19
"richest","hmgu","1_3","PVXPPJIGRGXGCY",15
"richest","hmgu","1_3","PYGXAGIECVVIOZ",1
"richest","hmgu","1_3","RFMMMVDNIPUKGG",1
"richest","hmgu","1_3","RGHHSNMVTDWUBI",15
"richest","hmgu","1_3","RZVAJINKPMORJF",9
"richest","hmgu","1_3","SBJKKFFYIZUCET",10
"richest","hmgu","1_3","SIKJAQJRHWYJAI",1
"richest","hmgu","1_3","SMQUZDBALVYZAC",30
"richest","hmgu","1_3","SQVRNKJHWKZAKO",1
"richest","hmgu","1_3","UFFBMTHBGFGIHF",9
"richest","hmgu","1_3","UHDGCWIWMRVCDJ",4
"richest","hmgu","1_3","UIERETOOQGIECD",9
"richest","hmgu","1_3","UWKAYLJWKGQEPM",6
"richest","hmgu","1_3","UYTPUPDQBNUYGX",1
"richest","hmgu","1_3","UZTFMUBKZQVKLK",1
"richest","hmgu","1_3","VEYYWZRYIYDQJM",1
"richest","hmgu","1_3","VZIRCHXYMBFNFD",23
"richest","hmgu","1_3","VZXPDPZARILFQX",4
"richest","hmgu","1_3","WHUUTDBJXJRKMK",1
"richest","hmgu","1_3","WPYMKLBDIGXBTP",37
"richest","hmgu","1_3","WTDRDQBEARUVNC",1
"richest","hmgu","1_3","WVULKSPCQVQLCU",2
"richest","hmgu","1_3","XCCTYIAWTASOJW",1
"richest","hmgu","1_3","XKUKSGPZAADMRA",14
"richest","hmgu","1_3","YYPNJNDODFVZLE",12
"richest","hmgu","1_3","ZBCBWPMODOFKDW",1
"richest","hmgu","1_5","AEFLONBTGZFSGQ",2
"richest","hmgu","1_5","ALHUZKCOMYUFRB",5
"richest","hmgu","1_5","ASWBNKHCZGQVJV",1
"richest","hmgu","1_5","AUNGANRZJHBGPY",1
"richest","hmgu","1_5","AYFVYJQAPQTCCC",19
"richest","hmgu","1_5","BDJRBEYXGGNYIS",1
"richest","hmgu","1_5","BXWNKGSJHAJOGX",7
"richest","hmgu","1_5","CAHKINHBCWCHCF",1
"richest","hmgu","1_5","CBQJSKKFNMDLON",1
"richest","hmgu","1_5","CDOSHBSSFJOMGT",8
"richest","hmgu","1_5","CKLJMWTZIZZHCS",1
"richest","hmgu","1_5","DSCFFEYYQKSRSV",3
"richest","hmgu","1_5","FVTCRASFADXXNN",1
"richest","hmgu","1_5","GBKGJMYPQZODMI",20
"richest","hmgu","1_5","GHCZAUBVMUEKKP",2
"richest","hmgu","1_5","GLZPCOQZEFWAFX",9
"richest","hmgu","1_5","GSXOAOHZAIYLCY",12
"richest","hmgu","1_5","GYCKQBWUSACYIF",24
"richest","hmgu","1_5","HOKKHZGPKSLGJE",12
"richest","hmgu","1_5","HOVAGTYPODGVJG",5
"richest","hmgu","1_5","HQHCYKULIHKCEB",15
"richest","hmgu","1_5","HXXFSFRBOHSIMQ",1
"richest","hmgu","1_5","IAVREABSGIHHMO",12
"richest","hmgu","1_5","IPCSVZSSVZVIGE",1
"richest","hmgu","1_5","JECYUBVRTQDVAT",32
"richest","hmgu","1_5","JJYWRQLLQAKNAD",2
"richest","hmgu","1_5","JLTDJTHDQAWBAV",1
"richest","hmgu","1_5","JMOXSQYGVIXBBZ",2
"richest","hmgu","1_5","JYPHNHPXFNEZBR",4
"richest","hmgu","1_5","JZKXXXDKRQWDET",2
"richest","hmgu","1_5","KKSDGJDHHZEWEP",3
"richest","hmgu","1_5","KNTFCRCCPLEUQZ",1
"richest","hmgu","1_5","KRKNYBCHXYNGOX",1
"richest","hmgu","1_5","KWIUHFFTVRNATP",1
"richest","hmgu","1_5","LEVWYRKDKASIDU",1
"richest","hmgu","1_5","MTCFGRXMJLQNBG",1
"richest","hmgu","1_5","NBSCHQHZLSJFNQ",4
"richest","hmgu","1_5","NBZBKCUXIYYUSX",5
"richest","hmgu","1_5","NEUSVAOJNUQRTM",2
"richest","hmgu","1_5","NGSWKAQJJWESNS",2
"richest","hmgu","1_5","ODBLHEXUDAPZAU",2
"richest","hmgu","1_5","ODHCTXKNWHHXJC",1
"richest","hmgu","1_5","ODKSFYDXXFIFQN",1
"richest","hmgu","1_5","OPTASPLRGRRNAP",1
"richest","hmgu","1_5","OUYCCCASQSFEME",1
"richest","hmgu","1_5","PAFZNILMFXTMIY",6
"richest","hmgu","1_5","PECYZEOJVXMISF",1
"richest","hmgu","1_5","PYGXAGIECVVIOZ",1
"richest","hmgu","1_5","QEVHRUUCFGRFIF",1
"richest","hmgu","1_5","RGHHSNMVTDWUBI",1
"richest","hmgu","1_5","RYYVLZVUVIJVGH",2
"richest","hmgu","1_5","SIKJAQJRHWYJAI",1
"richest","hmgu","1_5","SMQUZDBALVYZAC",10
"richest","hmgu","1_5","UFFBMTHBGFGIHF",9
"richest","hmgu","1_5","UHDGCWIWMRVCDJ",1
"richest","hmgu","1_5","VZIRCHXYMBFNFD",3
"richest","hmgu","1_5","VZXPDPZARILFQX",11
"richest","hmgu","1_5","WHUUTDBJXJRKMK",1
"richest","hmgu","1_5","WPYMKLBDIGXBTP",17
"richest","hmgu","1_5","WRMNZCZEMHIOCP",19
"richest","hmgu","1_5","WVULKSPCQVQLCU",3
"richest","hmgu","1_5","XKMLYUALXHKNFT",1
"richest","hmgu","1_5","XKUKSGPZAADMRA",16
"richest","hmgu","1_5","XPCTZQVDEJYUGT",6
"richest","hmgu","1_5","XQCZBXHVTFVIFE",3
"richest","hmgu","1_5","XTWYTFMLZFPYCI",1
"richest","hmgu","1_5","XVOYSCVBGLVSOL",1
"richest","hmgu","1_5","ZDXPYRJPNDTMRX",1
"richest","hmgu","1_6","ACWBBAGYTKWBCD",1
"richest","hmgu","1_6","ASWBNKHCZGQVJV",1
"richest","hmgu","1_6","AYFVYJQAPQTCCC",1
"richest","hmgu","1_6","DOIRQSBPFJWKBE",1
"richest","hmgu","1_6","GBKGJMYPQZODMI",31
"richest","hmgu","1_6","GHCZAUBVMUEKKP",3
"richest","hmgu","1_6","GNMSLDIYJOSUSW",3
"richest","hmgu","1_6","GRSZFWQUAKGDAV",1
"richest","hmgu","1_6","GYCKQBWUSACYIF",3
"richest","hmgu","1_6","HAEJPQIATWHALX",1
"richest","hmgu","1_6","HEBKCHPVOIAQTA",1
"richest","hmgu","1_6","HNDVDQJCIGZPNO",1
"richest","hmgu","1_6","HQHCYKULIHKCEB",15
"richest","hmgu","1_6","IAVREABSGIHHMO",10
"richest","hmgu","1_6","IPCSVZSSVZVIGE",1
"richest","hmgu","1_6","JJYWRQLLQAKNAD",1
"richest","hmgu","1_6","JLTDJTHDQAWBAV",1
"richest","hmgu","1_6","JYPHNHPXFNEZBR",4
"richest","hmgu","1_6","JZKXXXDKRQWDET",2
"richest","hmgu","1_6","KKSDGJDHHZEWEP",13
"richest","hmgu","1_6","KNTFCRCCPLEUQZ",6
"richest","hmgu","1_6","KYWIYKKSMDLRDC",20
"richest","hmgu","1_6","LEVWYRKDKASIDU",1
"richest","hmgu","1_6","LOIYMIARKYCTBW",1
"richest","hmgu","1_6","MOTZDAYCYVMXPC",1
"richest","hmgu","1_6","MTCFGRXMJLQNBG",1
"richest","hmgu","1_6","NEHNMFOYXAPHSD",11
"richest","hmgu","1_6","ODHCTXKNWHHXJC",1
"richest","hmgu","1_6","ODKSFYDXXFIFQN",1
"richest","hmgu","1_6","OUYCCCASQSFEME",1
"richest","hmgu","1_6","QEFRNWWLZKMPFJ",1
"richest","hmgu","1_6","RGHHSNMVTDWUBI",1
"richest","hmgu","1_6","RIKMMFOAQPJVMX",2
"richest","hmgu","1_6","SIKJAQJRHWYJAI",1
"richest","hmgu","1_6","SMQUZDBALVYZAC",6
"richest","hmgu","1_6","SNEIUMQYRCDYCH",1
"richest","hmgu","1_6","TXFPEBPIARQUIG",36
"richest","hmgu","1_6","UFFBMTHBGFGIHF",10
"richest","hmgu","1_6","UKAUYVFTDYCKQA",20
"richest","hmgu","1_6","VVIAGPKUTFNRDU",1
"richest","hmgu","1_6","VZIRCHXYMBFNFD",2
"richest","hmgu","1_6","VZXPDPZARILFQX",20
"richest","hmgu","1_6","WHUUTDBJXJRKMK",1
"richest","hmgu","1_6","WPYMKLBDIGXBTP",17
"richest","hmgu","1_6","WRMNZCZEMHIOCP",18
"richest","hmgu","1_6","WVULKSPCQVQLCU",4
"richest","hmgu","1_6","XKUKSGPZAADMRA",4
"richest","hmgu","2_1","ASWBNKHCZGQVJV",2
"richest","hmgu","2_1","AUNGANRZJHBGPY",2
"richest","hmgu","2_1","AVFZOVWCLRSYKC",2
"richest","hmgu","2_1","BDJRBEYXGGNYIS",1
"richest","hmgu","2_1","BSYNRYMUTXBXSQ",19
"richest","hmgu","2_1","BVQVLAIMHVDZEL",14
"richest","hmgu","2_1","CCVYRRGZDBSHFU",19
"richest","hmgu","2_1","CGQCWMIAEPEHNQ",1
"richest","hmgu","2_1","CHLICZRVGGXEOD",34
"richest","hmgu","2_1","CHTHALBTIRVDBM",1
"richest","hmgu","2_1","CLFRCXCBWIQVRN",7
"richest","hmgu","2_1","COLNVLDHVKWLRT",1
"richest","hmgu","2_1","CQRYARSYNCAZFO",3
"richest","hmgu","2_1","CRIGTVCBMUKRSL",13
"richest","hmgu","2_1","CZMRCDWAGMRECN",4
"richest","hmgu","2_1","DTFKRVXLBCAIOZ",40
"richest","hmgu","2_1","DTUQWGWMVIHBKE",5
"richest","hmgu","2_1","DVNYTAVYBRSTGK",1
"richest","hmgu","2_1","FERIUCNNQQJTOY",1
"richest","hmgu","2_1","FJKROLUGYXJWQN",5
"richest","hmgu","2_1","FVMDYYGIDFPZAX",21
"richest","hmgu","2_1","FXLOVSHXALFLKQ",3
"richest","hmgu","2_1","FZWGECJQACGGTI",1
"richest","hmgu","2_1","GBKGJMYPQZODMI",1
"richest","hmgu","2_1","GHCZAUBVMUEKKP",2
"richest","hmgu","2_1","GOKKOFHHJFGZHW",5
"richest","hmgu","2_1","GSNUFIFRDBKVIE",20
"richest","hmgu","2_1","GUBGYTABKSRVRQ",3
"richest","hmgu","2_1","GYCKQBWUSACYIF",16
"richest","hmgu","2_1","HDTRYLNUVZCQOY",2
"richest","hmgu","2_1","HGINADPHJQTSKN",8
"richest","hmgu","2_1","HIGQPQRQIQDZMP",9
"richest","hmgu","2_1","HLPIHRDZBHXTFJ",22
"richest","hmgu","2_1","HXNFUBHNUDHIGC",2
"richest","hmgu","2_1","IAVREABSGIHHMO",12
"richest","hmgu","2_1","IBGBGRVKPALMCQ",1
"richest","hmgu","2_1","ILUJQPXNXACGAN",5
"richest","hmgu","2_1","IPBVNPXQWQGGJP",19
"richest","hmgu","2_1","IPCSVZSSVZVIGE",1
"richest","hmgu","2_1","IWYDHOAUDWTVEP",1
"richest","hmgu","2_1","JBCLFWXMTIKCCB",1
"richest","hmgu","2_1","JCQLYHFGKNRPGE",12
"richest","hmgu","2_1","JECYUBVRTQDVAT",7
"richest","hmgu","2_1","JFCQEDHGNNZCLN",6
"richest","hmgu","2_1","JLTDJTHDQAWBAV",1
"richest","hmgu","2_1","JVTZFYYHCGSXJV",5
"richest","hmgu","2_1","KDYFGRWQOYBRFD",2
"richest","hmgu","2_1","KKADPXVIOXHVKN",19
"richest","hmgu","2_1","KKSDGJDHHZEWEP",16
"richest","hmgu","2_1","KQNPFQTWMSNSAP",3
"richest","hmgu","2_1","KRKNYBCHXYNGOX",1
"richest","hmgu","2_1","KWOLFJPFCHCOCG",4
"richest","hmgu","2_1","LEGGANXCVQPIAI",19
"richest","hmgu","2_1","LRFVTYWOQMYALW",1
"richest","hmgu","2_1","LRSASMSXMSNRBT",1
"richest","hmgu","2_1","LTFHNKUKQYVHDX",12
"richest","hmgu","2_1","LUCHPKXVUGJYGU",1
"richest","hmgu","2_1","LUJMEECXHPYQOF",6
"richest","hmgu","2_1","MAYCICSNZYXLHB",1
"richest","hmgu","2_1","MOTZDAYCYVMXPC",1
"richest","hmgu","2_1","MWOOGOJBHIARFG",1
"richest","hmgu","2_1","NGHOLYJTSCBCGC",3
"richest","hmgu","2_1","NHZMQXZHNVQTQA",1
"richest","hmgu","2_1","ODBLHEXUDAPZAU",2
"richest","hmgu","2_1","OGHAROSJZRTIOK",5
"richest","hmgu","2_1","OIRDTQYFTABQOQ",3
"richest","hmgu","2_1","OKVJCVWFVRATSG",1
"richest","hmgu","2_1","OSMAJVWUIUORGC",18
"richest","hmgu","2_1","PPBRXRYQALVLMV",1
"richest","hmgu","2_1","PSQYTAPXSHCGMF",29
"richest","hmgu","2_1","PVXPPJIGRGXGCY",6
"richest","hmgu","2_1","PXQPEWDEAKTCGB",2
"richest","hmgu","2_1","PYGXAGIECVVIOZ",1
"richest","hmgu","2_1","QEVHRUUCFGRFIF",1
"richest","hmgu","2_1","QHGUCRYDKWKLMG",15
"richest","hmgu","2_1","RADKZDMFGJYCBB",1
"richest","hmgu","2_1","RGHHSNMVTDWUBI",10
"richest","hmgu","2_1","RWYFZABPLDFELM",1
"richest","hmgu","2_1","SGNZYJXNUURYCH",3
"richest","hmgu","2_1","SHZGCJCMOBCMKK",35
"richest","hmgu","2_1","SIKJAQJRHWYJAI",1
"richest","hmgu","2_1","SMQUZDBALVYZAC",13
"richest","hmgu","2_1","SPIUTQOUKAMGCX",61
"richest","hmgu","2_1","TUHVEAJXIMEOSA",4
"richest","hmgu","2_1","TXFPEBPIARQUIG",9
"richest","hmgu","2_1","UFFBMTHBGFGIHF",10
"richest","hmgu","2_1","UKFXDFUAPNAMPJ",1
"richest","hmgu","2_1","UWKAYLJWKGQEPM",18
"richest","hmgu","2_1","UYWQUFXKFGHYNT",16
"richest","hmgu","2_1","VMUXSMXIQBNMGZ",3
"richest","hmgu","2_1","VRYALKFFQXWPIH",32
"richest","hmgu","2_1","VYFYYTLLBUKUHU",1
"richest","hmgu","2_1","VZIRCHXYMBFNFD",5
"richest","hmgu","2_1","WAPNOHKVXSQRPX",38
"richest","hmgu","2_1","WBYWAXJHAXSJNI",9
"richest","hmgu","2_1","WPYMKLBDIGXBTP",17
"richest","hmgu","2_1","WRMNZCZEMHIOCP",37
"richest","hmgu","2_1","WVULKSPCQVQLCU",3
"richest","hmgu","2_1","WXUAQHNMJWJLTG",3
"richest","hmgu","2_1","XKUKSGPZAADMRA",36
"richest","hmgu","2_1","XPCTZQVDEJYUGT",7
"richest","hmgu","2_1","XQXPVVBIMDBYFF",9
"richest","hmgu","2_1","YKBGVTZYEHREMT",1
"richest","hmgu","2_1","ZBCATMYQYDCTIZ",11
"richest","hmgu","2_1","ZIYVHBGGAOATLY",1
"richest","hmgu","2_1","ZWLPBLYKEWSWPD",4
"richest","hmgu","2_1","ZXYAAVBXHKCJJB",1
"richest","hmgu","2_2","AEFLONBTGZFSGQ",1
"richest","hmgu","2_2","ALHUZKCOMYUFRB",6
"richest","hmgu","2_2","ASWBNKHCZGQVJV",1
"richest","hmgu","2_2","AVFZOVWCLRSYKC",17
"richest","hmgu","2_2","BDJRBEYXGGNYIS",1
"richest","hmgu","2_2","BLHCMGRVFXRYRN",2
"richest","hmgu","2_2","BRARRAHGNDUELT",10
"richest","hmgu","2_2","BRRSNXCXLSVPFC",2
"richest","hmgu","2_2","BXWNKGSJHAJOGX",12
"richest","hmgu","2_2","CCVYRRGZDBSHFU",6
"richest","hmgu","2_2","CDOSHBSSFJOMGT",7
"richest","hmgu","2_2","CIWBSHSKHKDKBQ",1
"richest","hmgu","2_2","CRIGTVCBMUKRSL",6
"richest","hmgu","2_2","DOIRQSBPFJWKBE",5
"richest","hmgu","2_2","DUHQIGLHYXLKAE",3
"richest","hmgu","2_2","DZTHIGRZJZPRDV",1
"richest","hmgu","2_2","FDGQSTZJBFJUBT",1
"richest","hmgu","2_2","FVMDYYGIDFPZAX",7
"richest","hmgu","2_2","FYGDTMLNYKFZSV",18
"richest","hmgu","2_2","GBKGJMYPQZODMI",7
"richest","hmgu","2_2","GHCZAUBVMUEKKP",1
"richest","hmgu","2_2","GLZPCOQZEFWAFX",8
"richest","hmgu","2_2","GYCKQBWUSACYIF",6
"richest","hmgu","2_2","HCUARRIEZVDMPT",13
"richest","hmgu","2_2","HMFHBZSHGGEWLO",7
"richest","hmgu","2_2","HQHCYKULIHKCEB",17
"richest","hmgu","2_2","HUDBDWIQSIGUDI",5
"richest","hmgu","2_2","IAOZJIPTCAWIRG",32
"richest","hmgu","2_2","IAVREABSGIHHMO",8
"richest","hmgu","2_2","IERHLVCPSMICTF",1
"richest","hmgu","2_2","ILUJQPXNXACGAN",9
"richest","hmgu","2_2","IPCSVZSSVZVIGE",2
"richest","hmgu","2_2","IQFYYKKMVGJFEH",6
"richest","hmgu","2_2","ISAKRJDGNUQOIC",1
"richest","hmgu","2_2","IWYDHOAUDWTVEP",1
"richest","hmgu","2_2","JDTWZSUNGHMMJM",1
"richest","hmgu","2_2","JFLIEFSWGNOPJJ",9
"richest","hmgu","2_2","JKLRIMRKZBSSED",1
"richest","hmgu","2_2","JLTDJTHDQAWBAV",1
"richest","hmgu","2_2","JTEDVYBZBROSJT",1
"richest","hmgu","2_2","KKSDGJDHHZEWEP",9
"richest","hmgu","2_2","KMAKOBLIOCQGJP",2
"richest","hmgu","2_2","KQTIIICEAUMSDG",7
"richest","hmgu","2_2","KRKNYBCHXYNGOX",1
"richest","hmgu","2_2","LNTHITQWFMADLM",1
"richest","hmgu","2_2","LUYISICIYVKBTA",40
"richest","hmgu","2_2","MOTZDAYCYVMXPC",1
"richest","hmgu","2_2","MUPFEKGTMRGPLJ",2
"richest","hmgu","2_2","MVAWJSIDNICKHF",1
"richest","hmgu","2_2","MXHRCPNRJAMMIM",1
"richest","hmgu","2_2","NEUSVAOJNUQRTM",2
"richest","hmgu","2_2","NGSWKAQJJWESNS",11
"richest","hmgu","2_2","ODBLHEXUDAPZAU",3
"richest","hmgu","2_2","OFCNXPDARWKPPY",5
"richest","hmgu","2_2","OLNJUISKUQQNIM",8
"richest","hmgu","2_2","ONFOSYPQQXJWGS",1
"richest","hmgu","2_2","PHIQHXFUZVPYII",39
"richest","hmgu","2_2","PLVPPLCLBIEYEA",1
"richest","hmgu","2_2","PMZDQRJGMBOQBF",5
"richest","hmgu","2_2","PRJKNHOMHKJCEJ",7
"richest","hmgu","2_2","PSQYTAPXSHCGMF",9
"richest","hmgu","2_2","PYGXAGIECVVIOZ",1
"richest","hmgu","2_2","QAFBDRSXXHEXGB",10
"richest","hmgu","2_2","QCDYQQDYXPDABM",3
"richest","hmgu","2_2","QIVBCDIJIAJPQS",1
"richest","hmgu","2_2","QRMZSPFSDQBLIX",12
"richest","hmgu","2_2","QWIZNVHXZXRPDR",1
"richest","hmgu","2_2","QZAYGJVTTNCVMB",1
"richest","hmgu","2_2","RGHHSNMVTDWUBI",9
"richest","hmgu","2_2","SIKJAQJRHWYJAI",1
"richest","hmgu","2_2","SMQUZDBALVYZAC",7
"richest","hmgu","2_2","SMWDFEZZVXVKRB",2
"richest","hmgu","2_2","SRBFZHDQGSBBOR",5
"richest","hmgu","2_2","SYEOWUNSTUDKGM",1
"richest","hmgu","2_2","UBQKCCHYAOITMY",2
"richest","hmgu","2_2","UCTWMZQNUQWSLP",1
"richest","hmgu","2_2","UFFBMTHBGFGIHF",10
"richest","hmgu","2_2","UOBSVARXACCLLH",18
"richest","hmgu","2_2","UYUXSRADSPPKRZ",2
"richest","hmgu","2_2","VGONTNSXDCQUGY",1
"richest","hmgu","2_2","VZIRCHXYMBFNFD",4
"richest","hmgu","2_2","WLJVNTCWHIRURA",6
"richest","hmgu","2_2","WPYMKLBDIGXBTP",15
"richest","hmgu","2_2","WQGWDDDVZFFDIG",1
"richest","hmgu","2_2","WRMNZCZEMHIOCP",18
"richest","hmgu","2_2","WVULKSPCQVQLCU",4
"richest","hmgu","2_2","WXNXCEHXYPACJF",1
"richest","hmgu","2_2","XHCADAYNFIFUHF",1
"richest","hmgu","2_2","XKUKSGPZAADMRA",3
"richest","hmgu","2_2","XPCTZQVDEJYUGT",3
"richest","hmgu","2_2","XQXPVVBIMDBYFF",8
"richest","hmgu","2_2","ZBCBWPMODOFKDW",1
"richest","hmgu","2_2","ZDXPYRJPNDTMRX",3
"richest","hmgu","2_2","ZOAMBXDOGPRZLP",7
"richest","hmgu","2_3","ASWBNKHCZGQVJV",1
"richest","hmgu","2_3","BDJRBEYXGGNYIS",1
"richest","hmgu","2_3","BRRSNXCXLSVPFC",11
"richest","hmgu","2_3","BTCSSZJGUNDROE",1
"richest","hmgu","2_3","BVQVLAIMHVDZEL",14
"richest","hmgu","2_3","CQLOYHZZZCWHSG",2
"richest","hmgu","2_3","DOIRQSBPFJWKBE",5
"richest","hmgu","2_3","DTBNBXWJWCWCIK",6
"richest","hmgu","2_3","DXNCZXXFRKPEPY",1
"richest","hmgu","2_3","FFDGPVCHZBVARC",17
"richest","hmgu","2_3","FNYLWPVRPXGIIP",2
"richest","hmgu","2_3","FUOOLUPWFVMBKG",10
"richest","hmgu","2_3","GBKGJMYPQZODMI",1
"richest","hmgu","2_3","GFFGJBXGBJISGV",1
"richest","hmgu","2_3","GHCZAUBVMUEKKP",1
"richest","hmgu","2_3","GHMLBKRAJCXXBS",17
"richest","hmgu","2_3","GSNUFIFRDBKVIE",1
"richest","hmgu","2_3","GYCKQBWUSACYIF",3
"richest","hmgu","2_3","HGINADPHJQTSKN",14
"richest","hmgu","2_3","HLPIHRDZBHXTFJ",4
"richest","hmgu","2_3","HNEGQIOMVPPMNR",2
"richest","hmgu","2_3","HVAMZGADVCBITI",14
"richest","hmgu","2_3","HXDOZKJGKXYMEW",3
"richest","hmgu","2_3","IAVREABSGIHHMO",11
"richest","hmgu","2_3","IHCCAYCGZOLTEU",9
"richest","hmgu","2_3","IPCSVZSSVZVIGE",1
"richest","hmgu","2_3","JACRWUWPXAESPB",7
"richest","hmgu","2_3","JECYUBVRTQDVAT",12
"richest","hmgu","2_3","JFCQEDHGNNZCLN",3
"richest","hmgu","2_3","JLSKPBDKNIXMBS",1
"richest","hmgu","2_3","JLTDJTHDQAWBAV",1
"richest","hmgu","2_3","JTEJPPKMYBDEMY",1
"richest","hmgu","2_3","JYGXADMDTFJGBT",1
"richest","hmgu","2_3","KIWQWJKWBHZMDT",1
"richest","hmgu","2_3","KKEYFWRCBNTPAC",11
"richest","hmgu","2_3","KKSDGJDHHZEWEP",4
"richest","hmgu","2_3","KPGXRSRHYNQIFN",2
"richest","hmgu","2_3","KRKNYBCHXYNGOX",1
"richest","hmgu","2_3","LCQLHJZYVOQKHU",2
"richest","hmgu","2_3","LJUQGASMPRMWIW",1
"richest","hmgu","2_3","LNTHITQWFMADLM",6
"richest","hmgu","2_3","LUJMEECXHPYQOF",17
"richest","hmgu","2_3","LUYISICIYVKBTA",11
"richest","hmgu","2_3","LVHBHZANLOWSRM",1
"richest","hmgu","2_3","LWBHHRRTOZQPDM",1
"richest","hmgu","2_3","NEUSVAOJNUQRTM",2
"richest","hmgu","2_3","NGSWKAQJJWESNS",3
"richest","hmgu","2_3","NMHMNPHRMNGLLB",1
"richest","hmgu","2_3","ODBLHEXUDAPZAU",2
"richest","hmgu","2_3","OGHAROSJZRTIOK",10
"richest","hmgu","2_3","OIRDTQYFTABQOQ",1
"richest","hmgu","2_3","OLXZPDWKRNYJJZ",1
"richest","hmgu","2_3","OVRNDRQMDRJTHS",1
"richest","hmgu","2_3","OYIFNHCXNCRBQI",1
"richest","hmgu","2_3","PHIQHXFUZVPYII",1
"richest","hmgu","2_3","PYGXAGIECVVIOZ",1
"richest","hmgu","2_3","QCHPKSFMDHPSNR",3
"richest","hmgu","2_3","QIGBRXMKCJKVMJ",15
"richest","hmgu","2_3","QIVBCDIJIAJPQS",1
"richest","hmgu","2_3","QRMZSPFSDQBLIX",10
"richest","hmgu","2_3","QVWAEZJXDYOKEH",11
"richest","hmgu","2_3","QWCKQJZIFLGMSD",20
"richest","hmgu","2_3","RADKZDMFGJYCBB",1
"richest","hmgu","2_3","RGHHSNMVTDWUBI",14
"richest","hmgu","2_3","RUVINXPYWBROJD",4
"richest","hmgu","2_3","SGNZYJXNUURYCH",4
"richest","hmgu","2_3","SIKJAQJRHWYJAI",1
"richest","hmgu","2_3","SMNDYUVBFMFKNZ",13
"richest","hmgu","2_3","SMQUZDBALVYZAC",12
"richest","hmgu","2_3","SMWDFEZZVXVKRB",2
"richest","hmgu","2_3","SPIUTQOUKAMGCX",37
"richest","hmgu","2_3","TUHVEAJXIMEOSA",1
"richest","hmgu","2_3","TXFPEBPIARQUIG",7
"richest","hmgu","2_3","UFFBMTHBGFGIHF",9
"richest","hmgu","2_3","UIERETOOQGIECD",1
"richest","hmgu","2_3","UKFXDFUAPNAMPJ",2
"richest","hmgu","2_3","UZCXPYDBYUEZCV",9
"richest","hmgu","2_3","VMUXSMXIQBNMGZ",2
"richest","hmgu","2_3","VOXXWSYKYCBWHO",13
"richest","hmgu","2_3","VZIRCHXYMBFNFD",7
"richest","hmgu","2_3","WAPNOHKVXSQRPX",15
"richest","hmgu","2_3","WBYWAXJHAXSJNI",13
"richest","hmgu","2_3","WPYMKLBDIGXBTP",6
"richest","hmgu","2_3","WRMNZCZEMHIOCP",10
"richest","hmgu","2_3","WVULKSPCQVQLCU",4
"richest","hmgu","2_3","WXUAQHNMJWJLTG",1
"richest","hmgu","2_3","XNGIFLGASWRNHJ",1
"richest","hmgu","2_3","YCIMNLLNPGFGHC",10
"richest","hmgu","2_3","YFTGOBNOJKXZJC",1
"richest","hmgu","2_3","YKBGVTZYEHREMT",2
"richest","hmgu","2_3","YYPNJNDODFVZLE",4
"richest","hmgu","2_3","ZFAHNWWNDFHPOH",3
"richest","hmgu","2_3","ZFRKQXVRDFCRJG",2
"richest","hmgu","2_3","ZHMMPVANGNPCBW",2
"richest","hmgu","2_3","ZTVZLYBCZNMWCF",1
"richest","hmgu","2_4","ASWBNKHCZGQVJV",1
"richest","hmgu","2_4","BEJNERDRQOWKJM",6
"richest","hmgu","2_4","BHHGXPLMPWCGHP",1
"richest","hmgu","2_4","BVQVLAIMHVDZEL",19
"richest","hmgu","2_4","CLFRCXCBWIQVRN",5
"richest","hmgu","2_4","DOOTYTYQINUNNV",1
"richest","hmgu","2_4","DTUQWGWMVIHBKE",5
"richest","hmgu","2_4","DUUGKQCEGZLZNO",1
"richest","hmgu","2_4","DWRXFEITVBNRMK",1
"richest","hmgu","2_4","FBZONXHGGPHHIY",1
"richest","hmgu","2_4","FDGQSTZJBFJUBT",1
"richest","hmgu","2_4","FJKROLUGYXJWQN",1
"richest","hmgu","2_4","FXLOVSHXALFLKQ",2
"richest","hmgu","2_4","GHCZAUBVMUEKKP",16
"richest","hmgu","2_4","GYCKQBWUSACYIF",14
"richest","hmgu","2_4","HAPOVYFOVVWLRS",8
"richest","hmgu","2_4","HCFRWBBJISAZNK",32
"richest","hmgu","2_4","HCUARRIEZVDMPT",2
"richest","hmgu","2_4","HCZHHEIFKROPDY",3
"richest","hmgu","2_4","HQHCYKULIHKCEB",16
"richest","hmgu","2_4","HUDBDWIQSIGUDI",25
"richest","hmgu","2_4","HXACOUQIXZGNBF",1
"richest","hmgu","2_4","IAVREABSGIHHMO",11
"richest","hmgu","2_4","IBGBGRVKPALMCQ",8
"richest","hmgu","2_4","IHYJTAOFMMMOPX",1
"richest","hmgu","2_4","IJFXRHURBJZNAO",3
"richest","hmgu","2_4","INGSNVSERUZOAK",3
"richest","hmgu","2_4","IPCSVZSSVZVIGE",1
"richest","hmgu","2_4","ISWSIDIOOBJBQZ",1
"richest","hmgu","2_4","IVYPNXXAYMYVSP",1
"richest","hmgu","2_4","JLTDJTHDQAWBAV",10
"richest","hmgu","2_4","JTEDVYBZBROSJT",17
"richest","hmgu","2_4","KKSDGJDHHZEWEP",12
"richest","hmgu","2_4","KMAKOBLIOCQGJP",1
"richest","hmgu","2_4","KRKNYBCHXYNGOX",1
"richest","hmgu","2_4","KWOLFJPFCHCOCG",2
"richest","hmgu","2_4","KXDAEFPNCMNJSK",10
"richest","hmgu","2_4","MOTZDAYCYVMXPC",1
"richest","hmgu","2_4","NEUSVAOJNUQRTM",2
"richest","hmgu","2_4","NYHBQMYGNKIUIF",1
"richest","hmgu","2_4","ODBLHEXUDAPZAU",2
"richest","hmgu","2_4","ODHCTXKNWHHXJC",1
"richest","hmgu","2_4","OFCNXPDARWKPPY",16
"richest","hmgu","2_4","OLNJUISKUQQNIM",3
"richest","hmgu","2_4","PAYRUJLWNCNPSJ",1
"richest","hmgu","2_4","PCSKKIUURRTAEM",1
"richest","hmgu","2_4","PMMYEEVYMWASQN",1
"richest","hmgu","2_4","PMZDQRJGMBOQBF",1
"richest","hmgu","2_4","PPBRXRYQALVLMV",1
"richest","hmgu","2_4","PVNIIMVLHYAWGP",2
"richest","hmgu","2_4","PYGXAGIECVVIOZ",1
"richest","hmgu","2_4","RADKZDMFGJYCBB",1
"richest","hmgu","2_4","RBNPOMFGQQGHHO",1
"richest","hmgu","2_4","RGHHSNMVTDWUBI",3
"richest","hmgu","2_4","RGHNJXZEOKUKBD",1
"richest","hmgu","2_4","RQEUFEKYXDPUSK",2
"richest","hmgu","2_4","RWQNBRDOKXIBIV",1
"richest","hmgu","2_4","SEOVTRFCIGRIMH",13
"richest","hmgu","2_4","SIKJAQJRHWYJAI",1
"richest","hmgu","2_4","SIOXPEMLGUPBBT",1
"richest","hmgu","2_4","SMQUZDBALVYZAC",9
"richest","hmgu","2_4","TUHVEAJXIMEOSA",10
"richest","hmgu","2_4","TWBYWOBDOCUKOW",1
"richest","hmgu","2_4","TXXHDPDFNKHHGW",8
"richest","hmgu","2_4","UBQKCCHYAOITMY",1
"richest","hmgu","2_4","UFFBMTHBGFGIHF",1
"richest","hmgu","2_4","UGQMRVRMYYASKQ",1
"richest","hmgu","2_4","VZIRCHXYMBFNFD",2
"richest","hmgu","2_4","VZXPDPZARILFQX",18
"richest","hmgu","2_4","WHUUTDBJXJRKMK",1
"richest","hmgu","2_4","WPYMKLBDIGXBTP",19
"richest","hmgu","2_4","WRMNZCZEMHIOCP",20
"richest","hmgu","2_4","WVULKSPCQVQLCU",42
"richest","hmgu","2_4","XKUKSGPZAADMRA",2
"richest","hmgu","2_4","YGSDEFSMJLZEOE",1
"richest","hmgu","2_4","ZGXJTSGNIOSYLO",3
"richest","hmgu","2_4","ZRQXMKMBBMNNQC",12
"richest","hmgu","2_5","AFENDNXGAFYKQO",1
"richest","hmgu","2_5","ASOSVCXGWPDUGN",20
"richest","hmgu","2_5","ASWBNKHCZGQVJV",1
"richest","hmgu","2_5","AUYYCJSJGJYCDS",1
"richest","hmgu","2_5","BBZCPUCZKLTAJQ",1
"richest","hmgu","2_5","BSYNRYMUTXBXSQ",17
"richest","hmgu","2_5","BVWTXUYLKBHMOX",33
"richest","hmgu","2_5","BWLBGMIXKSTLSX",2
"richest","hmgu","2_5","BXWNKGSJHAJOGX",11
"richest","hmgu","2_5","CBQJSKKFNMDLON",1
"richest","hmgu","2_5","CCVYRRGZDBSHFU",2
"richest","hmgu","2_5","CDAISMWEOUEBRE",11
"richest","hmgu","2_5","COLNVLDHVKWLRT",1
"richest","hmgu","2_5","CZMRCDWAGMRECN",1
"richest","hmgu","2_5","DOIRQSBPFJWKBE",1
"richest","hmgu","2_5","DSCFFEYYQKSRSV",3
"richest","hmgu","2_5","DTOSIQBPPRVQHS",23
"richest","hmgu","2_5","DTUQWGWMVIHBKE",10
"richest","hmgu","2_5","DUHQIGLHYXLKAE",3
"richest","hmgu","2_5","FAQJJMHZNSSFSM",1
"richest","hmgu","2_5","FCCDDURTIIUXBY",1
"richest","hmgu","2_5","FVMDYYGIDFPZAX",3
"richest","hmgu","2_5","FXLOVSHXALFLKQ",9
"richest","hmgu","2_5","GBKGJMYPQZODMI",16
"richest","hmgu","2_5","GHCZAUBVMUEKKP",3
"richest","hmgu","2_5","GUBGYTABKSRVRQ",11
"richest","hmgu","2_5","GYCKQBWUSACYIF",6
"richest","hmgu","2_5","HCUARRIEZVDMPT",1
"richest","hmgu","2_5","HCZHHEIFKROPDY",1
"richest","hmgu","2_5","HDTRYLNUVZCQOY",7
"richest","hmgu","2_5","HOVAGTYPODGVJG",14
"richest","hmgu","2_5","HQHCYKULIHKCEB",15
"richest","hmgu","2_5","HUDBDWIQSIGUDI",6
"richest","hmgu","2_5","HVAMZGADVCBITI",4
"richest","hmgu","2_5","HVRZYSHVZOELOH",12
"richest","hmgu","2_5","HXNFUBHNUDHIGC",2
"richest","hmgu","2_5","HYYBABOKPJLUIN",40
"richest","hmgu","2_5","IAVREABSGIHHMO",2
"richest","hmgu","2_5","ILEDWLMCKZNDJK",1
"richest","hmgu","2_5","IPBVNPXQWQGGJP",17
"richest","hmgu","2_5","IPCSVZSSVZVIGE",2
"richest","hmgu","2_5","IRSCQMHQWWYFCW",3
"richest","hmgu","2_5","ISWSIDIOOBJBQZ",1
"richest","hmgu","2_5","IZZIWIAOVZOBLF",2
"richest","hmgu","2_5","JCQLYHFGKNRPGE",3
"richest","hmgu","2_5","JDBGXEHEIRGOBU",1
"richest","hmgu","2_5","JJMDCOVWQOJGCB",2
"richest","hmgu","2_5","JMOXSQYGVIXBBZ",12
"richest","hmgu","2_5","JOXIMZWYDAKGHI",2
"richest","hmgu","2_5","JTEDVYBZBROSJT",1
"richest","hmgu","2_5","JYVXNLLUYHCIIH",2
"richest","hmgu","2_5","JZRWCGZRTZMZEH",1
"richest","hmgu","2_5","KCDXJAYRVLXPFO",40
"richest","hmgu","2_5","KKADPXVIOXHVKN",6
"richest","hmgu","2_5","KKSDGJDHHZEWEP",1
"richest","hmgu","2_5","KMAKOBLIOCQGJP",2
"richest","hmgu","2_5","KPGXRSRHYNQIFN",1
"richest","hmgu","2_5","KRKNYBCHXYNGOX",1
"richest","hmgu","2_5","KVQGGLZHHFGHPU",17
"richest","hmgu","2_5","KWOLFJPFCHCOCG",8
"richest","hmgu","2_5","LKDRXBCSQODPBY",2
"richest","hmgu","2_5","LPEKGGXMPWTOCB",9
"richest","hmgu","2_5","LRFVTYWOQMYALW",1
"richest","hmgu","2_5","LTFHNKUKQYVHDX",20
"richest","hmgu","2_5","LUYISICIYVKBTA",13
"richest","hmgu","2_5","LVRFTAZAXQPQHI",3
"richest","hmgu","2_5","MFYSYFVPBJMHGN",6
"richest","hmgu","2_5","NDAUXUAQIAJITI",1
"richest","hmgu","2_5","NEUSVAOJNUQRTM",2
"richest","hmgu","2_5","NGSWKAQJJWESNS",3
"richest","hmgu","2_5","NHUHCSRWZMLRLA",5
"richest","hmgu","2_5","NRSCPTLHWVWLLH",4
"richest","hmgu","2_5","NYHBQMYGNKIUIF",15
"richest","hmgu","2_5","ODBLHEXUDAPZAU",2
"richest","hmgu","2_5","OIGNJSKKLXVSLS",16
"richest","hmgu","2_5","OJUGVDODNPJEEC",24
"richest","hmgu","2_5","OMFXVFTZEKFJBZ",1
"richest","hmgu","2_5","PKZJLOCLABXVMC",3
"richest","hmgu","2_5","PVNIIMVLHYAWGP",1
"richest","hmgu","2_5","PVXPPJIGRGXGCY",2
"richest","hmgu","2_5","PYGXAGIECVVIOZ",1
"richest","hmgu","2_5","QLNJFJADRCOGBJ",24
"richest","hmgu","2_5","QQHJDPROMQRDLA",5
"richest","hmgu","2_5","RFSUNEUAIZKAJO",5
"richest","hmgu","2_5","RGHHSNMVTDWUBI",1
"richest","hmgu","2_5","RGHNJXZEOKUKBD",1
"richest","hmgu","2_5","RWSXRVCMGQZWBV",1
"richest","hmgu","2_5","SIKJAQJRHWYJAI",1
"richest","hmgu","2_5","SIOXPEMLGUPBBT",3
"richest","hmgu","2_5","SMQUZDBALVYZAC",3
"richest","hmgu","2_5","SMWDFEZZVXVKRB",2
"richest","hmgu","2_5","SYEOWUNSTUDKGM",1
"richest","hmgu","2_5","TWBYWOBDOCUKOW",2
"richest","hmgu","2_5","TYEYBOSBBBHJIV",1
"richest","hmgu","2_5","UBORTCNDUKBEOP",1
"richest","hmgu","2_5","UBQKCCHYAOITMY",6
"richest","hmgu","2_5","UFFBMTHBGFGIHF",15
"richest","hmgu","2_5","UIERETOOQGIECD",19
"richest","hmgu","2_5","UOBSVARXACCLLH",12
"richest","hmgu","2_5","UTYVDVLMYQPLQB",1
"richest","hmgu","2_5","UYTPUPDQBNUYGX",1
"richest","hmgu","2_5","VZIRCHXYMBFNFD",4
"richest","hmgu","2_5","WHBMMWSBFZVSSR",11
"richest","hmgu","2_5","WKOLLVMJNQIZCI",20
"richest","hmgu","2_5","WLJVNTCWHIRURA",2
"richest","hmgu","2_5","WPYMKLBDIGXBTP",1
"richest","hmgu","2_5","WQZGKKKJIJFFOK",4
"richest","hmgu","2_5","WSWCOQWTEOXDQX",1
"richest","hmgu","2_5","WVULKSPCQVQLCU",4
"richest","hmgu","2_5","XHCADAYNFIFUHF",1
"richest","hmgu","2_5","XKUKSGPZAADMRA",4
"richest","hmgu","2_5","XQXPVVBIMDBYFF",1
"richest","hmgu","2_5","XUWHAWMETYGRKB",20
"richest","hmgu","2_5","YBJHBAHKTGYVGT",1
"richest","hmgu","2_5","YOEBAVRJHRCKRE",3
"richest","hmgu","2_5","YSAVZVORKRDODB",7
"richest","hmgu","2_5","ZBCBWPMODOFKDW",1
"richest","hmgu","2_5","ZFRKQXVRDFCRJG",2
"richest","hmgu","2_5","ZJJXGWJIGJFDTL",9
"richest","hmgu","2_5","ZMXDDKWLCZADIW",14
"richest","hmgu","2_5","ZRSNZINYAWTAHE",2
"richest","hmgu","2_5","ZYGHJZDHTFUPRJ",2
"richest","hmgu","2_6","AGPKZVBTJJNPAG",1
"richest","hmgu","2_6","APQPRKLAWCIJEK",1
"richest","hmgu","2_6","ASWBNKHCZGQVJV",2
"richest","hmgu","2_6","AVFZOVWCLRSYKC",9
"richest","hmgu","2_6","BJJQJLOZWBZEGA",9
"richest","hmgu","2_6","BTCSSZJGUNDROE",15
"richest","hmgu","2_6","CCVYRRGZDBSHFU",7
"richest","hmgu","2_6","CDAWCLOXVUBKRW",6
"richest","hmgu","2_6","CKOMXBHMKXXTNW",1
"richest","hmgu","2_6","DRLFMBDRBRZALE",1
"richest","hmgu","2_6","DUHQIGLHYXLKAE",1
"richest","hmgu","2_6","FFDGPVCHZBVARC",13
"richest","hmgu","2_6","FSASIHFSFGAIJM",3
"richest","hmgu","2_6","FSYKKLYZXJSNPZ",9
"richest","hmgu","2_6","FTZILAQGHINQQR",11
"richest","hmgu","2_6","FVMDYYGIDFPZAX",5
"richest","hmgu","2_6","GHCZAUBVMUEKKP",13
"richest","hmgu","2_6","GOLXRNDWAUTYKT",20
"richest","hmgu","2_6","GUBGYTABKSRVRQ",18
"richest","hmgu","2_6","GYCKQBWUSACYIF",2
"richest","hmgu","2_6","HJCMDXDYPOUFDY",11
"richest","hmgu","2_6","HQHCYKULIHKCEB",8
"richest","hmgu","2_6","HUDBDWIQSIGUDI",5
"richest","hmgu","2_6","HXACOUQIXZGNBF",1
"richest","hmgu","2_6","IAVREABSGIHHMO",2
"richest","hmgu","2_6","IJCKBIINTQEGLY",1
"richest","hmgu","2_6","INCSQLZZXBPATR",7
"richest","hmgu","2_6","IPCSVZSSVZVIGE",1
"richest","hmgu","2_6","IWDCLRJOBJJRNH",3
"richest","hmgu","2_6","IYXGSMUGOJNHAZ",18
"richest","hmgu","2_6","JARKCYVAAOWBJS",12
"richest","hmgu","2_6","JCQLYHFGKNRPGE",14
"richest","hmgu","2_6","JDTWZSUNGHMMJM",1
"richest","hmgu","2_6","JFLIEFSWGNOPJJ",10
"richest","hmgu","2_6","JLTDJTHDQAWBAV",1
"richest","hmgu","2_6","KDCGOANMDULRCW",1
"richest","hmgu","2_6","KDYFGRWQOYBRFD",1
"richest","hmgu","2_6","KKSDGJDHHZEWEP",13
"richest","hmgu","2_6","KKVZAVRSVHUSPL",10
"richest","hmgu","2_6","KTHADMDGDNYQRX",11
"richest","hmgu","2_6","LEGPZHPSIPPYIO",19
"richest","hmgu","2_6","LRQKBLKVPFOOQJ",4
"richest","hmgu","2_6","LUYISICIYVKBTA",9
"richest","hmgu","2_6","NEUSVAOJNUQRTM",2
"richest","hmgu","2_6","OIRDTQYFTABQOQ",1
"richest","hmgu","2_6","OLNJUISKUQQNIM",19
"richest","hmgu","2_6","OOCCDEMITAIZTP",16
"richest","hmgu","2_6","OPTASPLRGRRNAP",1
"richest","hmgu","2_6","OSMAJVWUIUORGC",15
"richest","hmgu","2_6","OVRNDRQMDRJTHS",1
"richest","hmgu","2_6","PHIQHXFUZVPYII",1
"richest","hmgu","2_6","PLIKAWJENQZMHA",1
"richest","hmgu","2_6","PMZDQRJGMBOQBF",10
"richest","hmgu","2_6","PYGXAGIECVVIOZ",1
"richest","hmgu","2_6","QCHPKSFMDHPSNR",5
"richest","hmgu","2_6","QIRNGVVZBINFMX",5
"richest","hmgu","2_6","QNAYBMKLOCPYGJ",4
"richest","hmgu","2_6","QQHJDPROMQRDLA",14
"richest","hmgu","2_6","QRMZSPFSDQBLIX",18
"richest","hmgu","2_6","QWVGKYWNOKOFNN",2
"richest","hmgu","2_6","RDHQFKQIGNGIED",1
"richest","hmgu","2_6","RDOXTESZEPMUJZ",14
"richest","hmgu","2_6","RGHHSNMVTDWUBI",3
"richest","hmgu","2_6","RINCXYDBBGOEEQ",1
"richest","hmgu","2_6","RLSSMJSEOOYNOY",1
"richest","hmgu","2_6","ROHFNLRQFUQHCH",2
"richest","hmgu","2_6","RULSWEULPANCDV",2
"richest","hmgu","2_6","SIKJAQJRHWYJAI",1
"richest","hmgu","2_6","SMQUZDBALVYZAC",6
"richest","hmgu","2_6","SMWDFEZZVXVKRB",3
"richest","hmgu","2_6","SULYEHHGGXARJS",8
"richest","hmgu","2_6","UCMIRNVEIXFBKS",1
"richest","hmgu","2_6","UCQUAMAQHHEXGD",10
"richest","hmgu","2_6","UFAHZIUFPNSHSL",1
"richest","hmgu","2_6","UFFBMTHBGFGIHF",8
"richest","hmgu","2_6","UGQMRVRMYYASKQ",17
"richest","hmgu","2_6","UZCXPYDBYUEZCV",1
"richest","hmgu","2_6","UZTFMUBKZQVKLK",1
"richest","hmgu","2_6","VVIAGPKUTFNRDU",4
"richest","hmgu","2_6","VZIRCHXYMBFNFD",8
"richest","hmgu","2_6","WIGIZIANZCJQQY",1
"richest","hmgu","2_6","WLDWSGZHNBANIO",6
"richest","hmgu","2_6","WLJVNTCWHIRURA",9
"richest","hmgu","2_6","WPYMKLBDIGXBTP",10
"richest","hmgu","2_6","WRMNZCZEMHIOCP",40
"richest","hmgu","2_6","WVDDGKGOMKODPV",5
"richest","hmgu","2_6","WVULKSPCQVQLCU",32
"richest","hmgu","2_6","WXNXCEHXYPACJF",1
"richest","hmgu","2_6","XKUKSGPZAADMRA",4
"richest","hmgu","2_6","XQCZBXHVTFVIFE",2
"richest","hmgu","2_6","YBJHBAHKTGYVGT",4
"richest","hmgu","2_6","YKBGVTZYEHREMT",3
"richest","hmgu","2_6","YPTJKHVBDCRKNF",2
"richest","hmgu","2_6","YTFVRYKNXDADBI",1
"richest","hmgu","2_6","ZFBNNSOJNZBLLS",34
"richest","hmgu","2_6","ZIYVHBGGAOATLY",3
"richest","hmgu","2_6","ZYGHJZDHTFUPRJ",1
"richest","hmgu","2_7","AGPKZVBTJJNPAG",1
"richest","hmgu","2_7","ASWBNKHCZGQVJV",1
"richest","hmgu","2_7","AUYYCJSJGJYCDS",1
"richest","hmgu","2_7","AVFZOVWCLRSYKC",12
"richest","hmgu","2_7","BDJRBEYXGGNYIS",1
"richest","hmgu","2_7","BJEPYKJPYRNKOW",1
"richest","hmgu","2_7","BRRSNXCXLSVPFC",14
"richest","hmgu","2_7","BVWTXUYLKBHMOX",16
"richest","hmgu","2_7","CDAISMWEOUEBRE",6
"richest","hmgu","2_7","CFFZDZCDUFSOFZ",1
"richest","hmgu","2_7","CKTSBUTUHBMZGZ",1
"richest","hmgu","2_7","CQRYARSYNCAZFO",8
"richest","hmgu","2_7","DAUAQNGYDSHRET",14
"richest","hmgu","2_7","DOIRQSBPFJWKBE",6
"richest","hmgu","2_7","DTOSIQBPPRVQHS",14
"richest","hmgu","2_7","DTUQWGWMVIHBKE",3
"richest","hmgu","2_7","DXNCZXXFRKPEPY",1
"richest","hmgu","2_7","FBTSQILOGYXGMD",1
"richest","hmgu","2_7","FSVCELGFZIQNCK",1
"richest","hmgu","2_7","FXLOVSHXALFLKQ",1
"richest","hmgu","2_7","GJAWHXHKYYXBSV",16
"richest","hmgu","2_7","GYCKQBWUSACYIF",3
"richest","hmgu","2_7","HQHCYKULIHKCEB",18
"richest","hmgu","2_7","IAVREABSGIHHMO",1
"richest","hmgu","2_7","IGMNYECMUMZDDF",2
"richest","hmgu","2_7","IHCCAYCGZOLTEU",12
"richest","hmgu","2_7","IPCSVZSSVZVIGE",1
"richest","hmgu","2_7","IQFYYKKMVGJFEH",1
"richest","hmgu","2_7","JYPHNHPXFNEZBR",4
"richest","hmgu","2_7","JZKXXXDKRQWDET",2
"richest","hmgu","2_7","KCDXJAYRVLXPFO",19
"richest","hmgu","2_7","KKSDGJDHHZEWEP",3
"richest","hmgu","2_7","KRKNYBCHXYNGOX",1
"richest","hmgu","2_7","KWOLFJPFCHCOCG",8
"richest","hmgu","2_7","LKDRXBCSQODPBY",5
"richest","hmgu","2_7","LNTHITQWFMADLM",17
"richest","hmgu","2_7","LRQKBLKVPFOOQJ",5
"richest","hmgu","2_7","MMKRHZKQPFCLLS",16
"richest","hmgu","2_7","MOTZDAYCYVMXPC",1
"richest","hmgu","2_7","NEUSVAOJNUQRTM",2
"richest","hmgu","2_7","NGSWKAQJJWESNS",1
"richest","hmgu","2_7","NYPYHUZRZVSYKL",1
"richest","hmgu","2_7","ODBLHEXUDAPZAU",2
"richest","hmgu","2_7","OKVJCVWFVRATSG",1
"richest","hmgu","2_7","OPTASPLRGRRNAP",1
"richest","hmgu","2_7","OUYCCCASQSFEME",1
"richest","hmgu","2_7","PYGXAGIECVVIOZ",1
"richest","hmgu","2_7","QEVHRUUCFGRFIF",1
"richest","hmgu","2_7","QRMZSPFSDQBLIX",1
"richest","hmgu","2_7","RFSUNEUAIZKAJO",9
"richest","hmgu","2_7","RGHHSNMVTDWUBI",1
"richest","hmgu","2_7","ROHFNLRQFUQHCH",3
"richest","hmgu","2_7","RWQNBRDOKXIBIV",1
"richest","hmgu","2_7","SHZGCJCMOBCMKK",1
"richest","hmgu","2_7","SIKJAQJRHWYJAI",1
"richest","hmgu","2_7","SMNDYUVBFMFKNZ",15
"richest","hmgu","2_7","SMQUZDBALVYZAC",5
"richest","hmgu","2_7","SOYKEARSMXGVTM",1
"richest","hmgu","2_7","SUMDYPCJJOFFON",1
"richest","hmgu","2_7","TUHVEAJXIMEOSA",10
"richest","hmgu","2_7","UQTZMGFTRHFAAM",1
"richest","hmgu","2_7","VRYALKFFQXWPIH",12
"richest","hmgu","2_7","VZIRCHXYMBFNFD",2
"richest","hmgu","2_7","WJJMNDUMQPNECX",13
"richest","hmgu","2_7","WPYMKLBDIGXBTP",1
"richest","hmgu","2_7","WQZGKKKJIJFFOK",4
"richest","hmgu","2_7","WRMNZCZEMHIOCP",19
"richest","hmgu","2_7","XKUKSGPZAADMRA",9
"richest","hmgu","2_7","XLTJXJJMUFDQEZ",16
"richest","hmgu","2_7","XQCZBXHVTFVIFE",2
"richest","hmgu","2_7","XUIIKFGFIJCVMT",1
"richest","hmgu","2_7","YHXHKYRQLYQUIH",11
"richest","hmgu","2_7","ZBCATMYQYDCTIZ",2
"richest","hmgu","2_7","ZHSOTLOTTDYIIK",1
"richest","hmgu","2_7","ZYGHJZDHTFUPRJ",2
"richest","hmgu","2_8","AGPKZVBTJJNPAG",1
"richest","hmgu","2_8","ALHUZKCOMYUFRB",3
"richest","hmgu","2_8","ALRHLSYJTWAHJZ",15
"richest","hmgu","2_8","ASWBNKHCZGQVJV",1
"richest","hmgu","2_8","BDJRBEYXGGNYIS",1
"richest","hmgu","2_8","BJJQJLOZWBZEGA",11
"richest","hmgu","2_8","CFFZDZCDUFSOFZ",2
"richest","hmgu","2_8","CQRYARSYNCAZFO",7
"richest","hmgu","2_8","DKNWSYNQZKUICI",9
"richest","hmgu","2_8","DOIRQSBPFJWKBE",5
"richest","hmgu","2_8","DOOTYTYQINUNNV",1
"richest","hmgu","2_8","FEWJPZIEWOKRBE",1
"richest","hmgu","2_8","FFEARJCKVFRZRR",1
"richest","hmgu","2_8","GHCZAUBVMUEKKP",1
"richest","hmgu","2_8","HQHCYKULIHKCEB",14
"richest","hmgu","2_8","IAVREABSGIHHMO",1
"richest","hmgu","2_8","IGMNYECMUMZDDF",1
"richest","hmgu","2_8","IIGNZLVHOZEOPV",11
"richest","hmgu","2_8","INGSNVSERUZOAK",1
"richest","hmgu","2_8","IPCSVZSSVZVIGE",3
"richest","hmgu","2_8","IWDCLRJOBJJRNH",13
"richest","hmgu","2_8","IZZIWIAOVZOBLF",5
"richest","hmgu","2_8","JDTWZSUNGHMMJM",3
"richest","hmgu","2_8","JLTDJTHDQAWBAV",1
"richest","hmgu","2_8","JVTAAEKCZFNVCJ",1
"richest","hmgu","2_8","JVTZFYYHCGSXJV",6
"richest","hmgu","2_8","JYPHNHPXFNEZBR",15
"richest","hmgu","2_8","JZKXXXDKRQWDET",2
"richest","hmgu","2_8","KKSDGJDHHZEWEP",12
"richest","hmgu","2_8","KRKNYBCHXYNGOX",1
"richest","hmgu","2_8","KZNQNBZMBZJQJO",1
"richest","hmgu","2_8","LHGVFZTZFXWLCP",1
"richest","hmgu","2_8","LRQKBLKVPFOOQJ",4
"richest","hmgu","2_8","LTFHNKUKQYVHDX",7
"richest","hmgu","2_8","LUCHPKXVUGJYGU",25
"richest","hmgu","2_8","LXNHXLLTXMVWPM",9
"richest","hmgu","2_8","MBIZFBDREVRUHY",1
"richest","hmgu","2_8","MNQZXJOMYWMBOU",3
"richest","hmgu","2_8","MOTZDAYCYVMXPC",1
"richest","hmgu","2_8","MWOOGOJBHIARFG",1
"richest","hmgu","2_8","NEUSVAOJNUQRTM",2
"richest","hmgu","2_8","NGSWKAQJJWESNS",14
"richest","hmgu","2_8","NIDVTARKFBZMOT",22
"richest","hmgu","2_8","ODBLHEXUDAPZAU",2
"richest","hmgu","2_8","OJUGVDODNPJEEC",3
"richest","hmgu","2_8","OKVJCVWFVRATSG",3
"richest","hmgu","2_8","OUYCCCASQSFEME",14
"richest","hmgu","2_8","OVBPIULPVIDEAO",1
"richest","hmgu","2_8","PSQYTAPXSHCGMF",18
"richest","hmgu","2_8","PVNIIMVLHYAWGP",1
"richest","hmgu","2_8","PYGXAGIECVVIOZ",1
"richest","hmgu","2_8","QEVHRUUCFGRFIF",2
"richest","hmgu","2_8","QRMZSPFSDQBLIX",4
"richest","hmgu","2_8","QWVGKYWNOKOFNN",15
"richest","hmgu","2_8","QYPPJABKJHAVHS",1
"richest","hmgu","2_8","RDOXTESZEPMUJZ",16
"richest","hmgu","2_8","RGHHSNMVTDWUBI",1
"richest","hmgu","2_8","RLSSMJSEOOYNOY",12
"richest","hmgu","2_8","ROHFNLRQFUQHCH",1
"richest","hmgu","2_8","RWQNBRDOKXIBIV",1
"richest","hmgu","2_8","RXKJFZQQPQGTFL",9
"richest","hmgu","2_8","SFLSHLFXELFNJZ",1
"richest","hmgu","2_8","SIKJAQJRHWYJAI",1
"richest","hmgu","2_8","SIOXPEMLGUPBBT",3
"richest","hmgu","2_8","SMQUZDBALVYZAC",2
"richest","hmgu","2_8","TWBYWOBDOCUKOW",2
"richest","hmgu","2_8","UFFBMTHBGFGIHF",9
"richest","hmgu","2_8","UFIVEPVSAGBUSI",1
"richest","hmgu","2_8","UYWQUFXKFGHYNT",10
"richest","hmgu","2_8","VZIRCHXYMBFNFD",4
"richest","hmgu","2_8","WPYMKLBDIGXBTP",1
"richest","hmgu","2_8","WRMNZCZEMHIOCP",18
"richest","hmgu","2_8","WUADCCWRTIWANL",2
"richest","hmgu","2_8","WVDDGKGOMKODPV",14
"richest","hmgu","2_8","WVULKSPCQVQLCU",2
"richest","hmgu","2_8","WXNXCEHXYPACJF",1
"richest","hmgu","2_8","XKUKSGPZAADMRA",12
"richest","hmgu","2_8","XOAAWQZATWQOTB",1
"richest","hmgu","2_8","XUYPXLNMDZIRQH",1
"richest","hmgu","2_8","YCCILVSKPBXVIP",6
"richest","hmgu","2_8","YFTGOBNOJKXZJC",5
"richest","hmgu","2_8","YHXHKYRQLYQUIH",9
"richest","hmgu","2_8","ZBCATMYQYDCTIZ",1
"richest","hmgu","2_8","ZBCBWPMODOFKDW",1
"richest","hmgu","2_8","ZHSOTLOTTDYIIK",1
"richest","hmgu","2_8","ZRSNZINYAWTAHE",4
"richest","hmgu","2_8","ZWLPBLYKEWSWPD",17
"richest","hmgu","2_9","AEFLONBTGZFSGQ",4
"richest","hmgu","2_9","AEMOLEFTQBMNLQ",4
"richest","hmgu","2_9","ASWBNKHCZGQVJV",1
"richest","hmgu","2_9","BDJRBEYXGGNYIS",1
"richest","hmgu","2_9","BJJQJLOZWBZEGA",6
"richest","hmgu","2_9","CDOSHBSSFJOMGT",6
"richest","hmgu","2_9","CIWBSHSKHKDKBQ",15
"richest","hmgu","2_9","CZMRCDWAGMRECN",1
"richest","hmgu","2_9","DIVQKHQLANKJQO",1
"richest","hmgu","2_9","DTOSIQBPPRVQHS",15
"richest","hmgu","2_9","DUUGKQCEGZLZNO",1
"richest","hmgu","2_9","FBZONXHGGPHHIY",2
"richest","hmgu","2_9","GBKGJMYPQZODMI",4
"richest","hmgu","2_9","GJAWHXHKYYXBSV",1
"richest","hmgu","2_9","GLZPCOQZEFWAFX",7
"richest","hmgu","2_9","GUBGYTABKSRVRQ",8
"richest","hmgu","2_9","GYCKQBWUSACYIF",6
"richest","hmgu","2_9","HCUARRIEZVDMPT",13
"richest","hmgu","2_9","HCZHHEIFKROPDY",8
"richest","hmgu","2_9","HDTRYLNUVZCQOY",4
"richest","hmgu","2_9","HLKXYZVTANABHZ",3
"richest","hmgu","2_9","HXEACLLIILLPRG",4
"richest","hmgu","2_9","IAVREABSGIHHMO",12
"richest","hmgu","2_9","IPBVNPXQWQGGJP",4
"richest","hmgu","2_9","IPCSVZSSVZVIGE",1
"richest","hmgu","2_9","ISAKRJDGNUQOIC",1
"richest","hmgu","2_9","IVYPNXXAYMYVSP",1
"richest","hmgu","2_9","JCQLYHFGKNRPGE",2
"richest","hmgu","2_9","JLTDJTHDQAWBAV",1
"richest","hmgu","2_9","KKSDGJDHHZEWEP",16
"richest","hmgu","2_9","KMAKOBLIOCQGJP",6
"richest","hmgu","2_9","KQTIIICEAUMSDG",18
"richest","hmgu","2_9","KRKNYBCHXYNGOX",1
"richest","hmgu","2_9","KSMRODHGGIIXDV",1
"richest","hmgu","2_9","LEHOTFFKMJEONL",1
"richest","hmgu","2_9","LOIYMIARKYCTBW",1
"richest","hmgu","2_9","LVRFTAZAXQPQHI",1
"richest","hmgu","2_9","NEUSVAOJNUQRTM",2
"richest","hmgu","2_9","NGSWKAQJJWESNS",33
"richest","hmgu","2_9","NKOUWLLFHNBUDW",15
"richest","hmgu","2_9","ODBLHEXUDAPZAU",2
"richest","hmgu","2_9","OIRDTQYFTABQOQ",11
"richest","hmgu","2_9","OSMAJVWUIUORGC",15
"richest","hmgu","2_9","PKZJLOCLABXVMC",19
"richest","hmgu","2_9","PMMYEEVYMWASQN",1
"richest","hmgu","2_9","PMZDQRJGMBOQBF",25
"richest","hmgu","2_9","PSQYTAPXSHCGMF",19
"richest","hmgu","2_9","PVNIIMVLHYAWGP",1
"richest","hmgu","2_9","PVXPPJIGRGXGCY",5
"richest","hmgu","2_9","PYGXAGIECVVIOZ",1
"richest","hmgu","2_9","QQHJDPROMQRDLA",18
"richest","hmgu","2_9","QUKGYYKBILRGFE",6
"richest","hmgu","2_9","QYSXJUFSXHHAJI",8
"richest","hmgu","2_9","RADKZDMFGJYCBB",13
"richest","hmgu","2_9","RGHHSNMVTDWUBI",9
"richest","hmgu","2_9","SERLAGPUMNYUCK",3
"richest","hmgu","2_9","SIOXPEMLGUPBBT",2
"richest","hmgu","2_9","SMQUZDBALVYZAC",6
"richest","hmgu","2_9","TVIDDXQYHWJXFK",1
"richest","hmgu","2_9","TWBYWOBDOCUKOW",3
"richest","hmgu","2_9","UBQKCCHYAOITMY",4
"richest","hmgu","2_9","UCTLRSWJYQTBFZ",16
"richest","hmgu","2_9","UFFBMTHBGFGIHF",10
"richest","hmgu","2_9","UYUXSRADSPPKRZ",1
"richest","hmgu","2_9","VGONTNSXDCQUGY",28
"richest","hmgu","2_9","VQHSOMBJVWLPSR",2
"richest","hmgu","2_9","VZIRCHXYMBFNFD",1
"richest","hmgu","2_9","WJJMNDUMQPNECX",6
"richest","hmgu","2_9","WPYMKLBDIGXBTP",19
"richest","hmgu","2_9","XKUKSGPZAADMRA",25
"richest","hmgu","2_9","XNLICIUVMPYHGG",5
"richest","hmgu","2_9","XPCTZQVDEJYUGT",6
"richest","hmgu","2_9","YGHRJJRRZDOVPD",2
"richest","hmgu","2_9","YKBGVTZYEHREMT",5
"richest","hmgu","2_9","YRCWQPVGYLYSOX",18
"richest","hmgu","2_9","ZDXPYRJPNDTMRX",6
"richest","hmgu","2_9","ZGXJTSGNIOSYLO",9
"richest","hmgu","2_9","ZRQXMKMBBMNNQC",1
"richest","hmgu","2_9","ZRSNZINYAWTAHE",13
"richest","hmgu","2_9","ZWLPBLYKEWSWPD",9
"richest","icl","1_1","BDJRBEYXGGNYIS",2
"richest","icl","1_1","CQOVPNPJLQNMDC",2
"richest","icl","1_1","DJJCXFVJDGTHFX",1
"richest","icl","1_1","GFFGJBXGBJISGV",1
"richest","icl","1_1","JOXIMZWYDAKGHI",1
"richest","icl","1_1","LDCYZAJDBXYCGN",1
"richest","icl","1_1","MOTZDAYCYVMXPC",1
"richest","icl","1_1","PWKSKIMOESPYIA",2
"richest","icl","1_1","RQFCJASXJCIDSX",1
"richest","icl","1_1","RWSXRVCMGQZWBV",1
"richest","icl","1_2","BDJRBEYXGGNYIS",1
"richest","icl","1_2","FDGQSTZJBFJUBT",1
"richest","icl","1_2","JPIJQSOTBSSVTP",1
"richest","icl","1_2","KTHDTJVBEPMMGL",1
"richest","icl","1_2","NHTGHBARYWONDQ",9
"richest","icl","1_2","OFCNXPDARWKPPY",16
"richest","icl","1_2","OTCCIMWXFLJLIA",1
"richest","icl","1_2","OVBPIULPVIDEAO",1
"richest","icl","1_2","PMMYEEVYMWASQN",17
"richest","icl","1_2","QIVBCDIJIAJPQS",1
"richest","icl","1_2","RFMMMVDNIPUKGG",1
"richest","icl","1_3","HSCJRCZFDFQWRP",1
"richest","icl","1_3","NYHBQMYGNKIUIF",1
"richest","icl","1_3","ODKSFYDXXFIFQN",1
"richest","icl","1_3","RFMMMVDNIPUKGG",1
"richest","icl","1_3","WTDRDQBEARUVNC",1
"richest","icl","1_3","XCCTYIAWTASOJW",1
"richest","icl","1_4","AEFLONBTGZFSGQ",11
"richest","icl","1_4","CVSVTCORWBXHQV",1
"richest","icl","1_4","HSCJRCZFDFQWRP",1
"richest","icl","1_4","JFLIEFSWGNOPJJ",1
"richest","icl","1_4","KMXXSJLYVJEBHI",3
"richest","icl","1_4","KRKNYBCHXYNGOX",1
"richest","icl","1_4","LTFMZDNNPPEQNG",2
"richest","icl","1_4","MOTZDAYCYVMXPC",1
"richest","icl","1_4","NTNWOCRCBQPEKQ",3
"richest","icl","1_4","ODBLHEXUDAPZAU",2
"richest","icl","1_4","ODKSFYDXXFIFQN",9
"richest","icl","1_4","QUOGESRFPZDMMT",1
"richest","icl","1_4","UDMBCSSLTHHNCD",1
"richest","icl","1_4","VYAMLSCELQQRAE",8
"richest","icl","1_4","XTWYTFMLZFPYCI",1
"richest","icl","1_4","YPZRWBKMTBYPTK",1
"richest","icl","1_4","ZDXPYRJPNDTMRX",3
"richest","icl","1_5","CAHKINHBCWCHCF",1
"richest","icl","1_5","GSXOAOHZAIYLCY",15
"richest","icl","1_5","HXXFSFRBOHSIMQ",3
"richest","icl","1_5","JYPHNHPXFNEZBR",19
"richest","icl","1_5","JZKXXXDKRQWDET",1
"richest","icl","1_5","MOTZDAYCYVMXPC",1
"richest","icl","1_5","NBSCHQHZLSJFNQ",4
"richest","icl","1_5","ODKSFYDXXFIFQN",1
"richest","icl","1_5","OPTASPLRGRRNAP",15
"richest","icl","1_5","OUYCCCASQSFEME",4
"richest","icl","1_5","UHDGCWIWMRVCDJ",1
"richest","icl","1_5","XQCZBXHVTFVIFE",14
"richest","icl","1_5","XVOYSCVBGLVSOL",1
"richest","icl","1_6","ACWBBAGYTKWBCD",1
"richest","icl","1_6","DXNCZXXFRKPEPY",3
"richest","icl","1_6","FZWGECJQACGGTI",3
"richest","icl","1_6","MOTZDAYCYVMXPC",1
"richest","icl","1_6","SNEIUMQYRCDYCH",1
"richest","icl","1_6","VVIAGPKUTFNRDU",3
"richest","icl","2_1","BVQVLAIMHVDZEL",8
"richest","icl","2_1","COLNVLDHVKWLRT",1
"richest","icl","2_1","DVNYTAVYBRSTGK",1
"richest","icl","2_1","GBKGJMYPQZODMI",11
"richest","icl","2_1","IPBVNPXQWQGGJP",8
"richest","icl","2_1","JBCLFWXMTIKCCB",2
"richest","icl","2_1","NHZMQXZHNVQTQA",1
"richest","icl","2_1","WBYWAXJHAXSJNI",1
"richest","icl","2_10","FBTSQILOGYXGMD",1
"richest","icl","2_10","HXEACLLIILLPRG",1
"richest","icl","2_10","IHYJTAOFMMMOPX",17
"richest","icl","2_10","KJPRLNWUNMBNBZ",4
"richest","icl","2_10","LEHOTFFKMJEONL",1
"richest","icl","2_10","LOIYMIARKYCTBW",1
"richest","icl","2_10","LVRFTAZAXQPQHI",1
"richest","icl","2_10","PMMYEEVYMWASQN",1
"richest","icl","2_10","ZGXJTSGNIOSYLO",6
"richest","icl","2_10","ZRQXMKMBBMNNQC",1
"richest","icl","2_2","AUYYCJSJGJYCDS",1
"richest","icl","2_2","BVWTXUYLKBHMOX",15
"richest","icl","2_2","CBQJSKKFNMDLON",1
"richest","icl","2_2","DCXYFEDJOCDNAF",10
"richest","icl","2_2","DXNCZXXFRKPEPY",5
"richest","icl","2_2","HGINADPHJQTSKN",13
"richest","icl","2_2","JFCQEDHGNNZCLN",3
"richest","icl","2_2","JSJWCHRYRHKBBW",3
"richest","icl","2_2","KKSDGJDHHZEWEP",1
"richest","icl","2_2","NEUSVAOJNUQRTM",2
"richest","icl","2_2","NGSWKAQJJWESNS",3
"richest","icl","2_2","OMFXVFTZEKFJBZ",1
"richest","icl","2_2","QRMZSPFSDQBLIX",1
"richest","icl","2_2","UKFXDFUAPNAMPJ",1
"richest","icl","2_2","UQTZMGFTRHFAAM",1
"richest","icl","2_2","WXUAQHNMJWJLTG",2
"richest","icl","2_2","YBJHBAHKTGYVGT",1
"richest","icl","2_2","YMAWOPBAYDPSLA",13
"richest","icl","2_3","AEFLONBTGZFSGQ",1
"richest","icl","2_3","AXFYFNCPONWUHW",4
"richest","icl","2_3","BKBZFJRHYSCZQA",3
"richest","icl","2_3","BRRSNXCXLSVPFC",2
"richest","icl","2_3","DZTHIGRZJZPRDV",1
"richest","icl","2_3","HCUARRIEZVDMPT",14
"richest","icl","2_3","JDTWZSUNGHMMJM",2
"richest","icl","2_3","JFLIEFSWGNOPJJ",18
"richest","icl","2_3","KKEYFWRCBNTPAC",2
"richest","icl","2_3","LNTHITQWFMADLM",1
"richest","icl","2_3","MBIQENSCDNJOIY",2
"richest","icl","2_3","MVAWJSIDNICKHF",1
"richest","icl","2_3","NGEWQZIDQIYUNV",1
"richest","icl","2_3","ONFOSYPQQXJWGS",1
"richest","icl","2_3","QCDYQQDYXPDABM",3
"richest","icl","2_3","VGONTNSXDCQUGY",8
"richest","icl","2_3","WQGWDDDVZFFDIG",1
"richest","icl","2_3","WXNXCEHXYPACJF",1
"richest","icl","2_3","XNGIFLGASWRNHJ",3
"richest","icl","2_3","XPCTZQVDEJYUGT",13
"richest","icl","2_3","ZDXPYRJPNDTMRX",2
"richest","icl","2_4","ASWBNKHCZGQVJV",1
"richest","icl","2_4","HGINADPHJQTSKN",14
"richest","icl","2_4","JACRWUWPXAESPB",8
"richest","icl","2_4","JFCQEDHGNNZCLN",4
"richest","icl","2_4","JTEJPPKMYBDEMY",1
"richest","icl","2_4","LEGPZHPSIPPYIO",20
"richest","icl","2_4","LJUQGASMPRMWIW",1
"richest","icl","2_4","NMHMNPHRMNGLLB",19
"richest","icl","2_4","ODKSFYDXXFIFQN",33
"richest","icl","2_4","PHIQHXFUZVPYII",1
"richest","icl","2_4","SIKJAQJRHWYJAI",2
"richest","icl","2_4","TUHVEAJXIMEOSA",3
"richest","icl","2_4","UKFXDFUAPNAMPJ",1
"richest","icl","2_4","VOXXWSYKYCBWHO",6
"richest","icl","2_4","WXUAQHNMJWJLTG",2
"richest","icl","2_4","YFTGOBNOJKXZJC",3
"richest","icl","2_4","ZHMMPVANGNPCBW",1
"richest","icl","2_5","BEJNERDRQOWKJM",10
"richest","icl","2_5","BVQVLAIMHVDZEL",12
"richest","icl","2_5","CLFRCXCBWIQVRN",5
"richest","icl","2_5","FBZONXHGGPHHIY",1
"richest","icl","2_5","FDGQSTZJBFJUBT",1
"richest","icl","2_5","FJKROLUGYXJWQN",2
"richest","icl","2_5","IJFXRHURBJZNAO",3
"richest","icl","2_5","OFCNXPDARWKPPY",15
"richest","icl","2_5","OLNJUISKUQQNIM",2
"richest","icl","2_5","PCSKKIUURRTAEM",1
"richest","icl","2_5","PMMYEEVYMWASQN",1
"richest","icl","2_5","PMZDQRJGMBOQBF",1
"richest","icl","2_5","SIKJAQJRHWYJAI",6
"richest","icl","2_5","TXXHDPDFNKHHGW",4
"richest","icl","2_5","UGQMRVRMYYASKQ",1
"richest","icl","2_5","VMUXSMXIQBNMGZ",21
"richest","icl","2_5","WBYWAXJHAXSJNI",13
"richest","icl","2_5","YGSDEFSMJLZEOE",1
"richest","icl","2_5","ZGXJTSGNIOSYLO",4
"richest","icl","2_6","CCVYRRGZDBSHFU",2
"richest","icl","2_6","DATAGRPVKZEWHA",20
"richest","icl","2_6","DUHQIGLHYXLKAE",5
"richest","icl","2_6","FBTSQILOGYXGMD",1
"richest","icl","2_6","FCCDDURTIIUXBY",5
"richest","icl","2_6","FVMDYYGIDFPZAX",1
"richest","icl","2_6","HXNFUBHNUDHIGC",7
"richest","icl","2_6","IZZIWIAOVZOBLF",1
"richest","icl","2_6","LRFVTYWOQMYALW",1
"richest","icl","2_6","NRSCPTLHWVWLLH",3
"richest","icl","2_6","PMZDQRJGMBOQBF",8
"richest","icl","2_6","PNMUAGGSDZXTHX",12
"richest","icl","2_6","PVNIIMVLHYAWGP",1
"richest","icl","2_6","RGGSNNCJGLQIPG",11
"richest","icl","2_6","RSTKLPZEZYGQPY",17
"richest","icl","2_6","SIKJAQJRHWYJAI",1
"richest","icl","2_6","SIOXPEMLGUPBBT",3
"richest","icl","2_6","STKYPAFSDFAEPH",14
"richest","icl","2_6","SYEOWUNSTUDKGM",1
"richest","icl","2_6","TWBYWOBDOCUKOW",2
"richest","icl","2_6","UBORTCNDUKBEOP",1
"richest","icl","2_6","UOBSVARXACCLLH",14
"richest","icl","2_6","UTYVDVLMYQPLQB",1
"richest","icl","2_6","UYTPUPDQBNUYGX",1
"richest","icl","2_6","WKOLLVMJNQIZCI",4
"richest","icl","2_6","WLJVNTCWHIRURA",3
"richest","icl","2_6","XHCADAYNFIFUHF",1
"richest","icl","2_6","XQXPVVBIMDBYFF",6
"richest","icl","2_6","YOEBAVRJHRCKRE",2
"richest","icl","2_7","CKOMXBHMKXXTNW",1
"richest","icl","2_7","DKNWSYNQZKUICI",10
"richest","icl","2_7","HXACOUQIXZGNBF",1
"richest","icl","2_7","IJCKBIINTQEGLY",1
"richest","icl","2_7","INCSQLZZXBPATR",6
"richest","icl","2_7","OPTASPLRGRRNAP",1
"richest","icl","2_7","UFAHZIUFPNSHSL",1
"richest","icl","2_7","UZTFMUBKZQVKLK",1
"richest","icl","2_7","XQCZBXHVTFVIFE",13
"richest","icl","2_7","YTFVRYKNXDADBI",2
"richest","icl","2_7","ZFAHNWWNDFHPOH",5
"richest","icl","2_8","CFFZDZCDUFSOFZ",4
"richest","icl","2_8","FBTSQILOGYXGMD",1
"richest","icl","2_8","IGMNYECMUMZDDF",2
"richest","icl","2_8","IQFYYKKMVGJFEH",1
"richest","icl","2_8","JYPHNHPXFNEZBR",3
"richest","icl","2_8","JZKXXXDKRQWDET",2
"richest","icl","2_8","NEUSVAOJNUQRTM",2
"richest","icl","2_8","NYPYHUZRZVSYKL",1
"richest","icl","2_8","OUYCCCASQSFEME",1
"richest","icl","2_8","QYPPJABKJHAVHS",1
"richest","icl","2_8","RWQNBRDOKXIBIV",1
"richest","icl","2_8","SOYKEARSMXGVTM",1
"richest","icl","2_8","YHXHKYRQLYQUIH",1
"richest","icl","2_8","ZHSOTLOTTDYIIK",1
"richest","icl","2_9","CQRYARSYNCAZFO",7
"richest","icl","2_9","DFPAKSUCGFBDDF",1
"richest","icl","2_9","IAVREABSGIHHMO",3
"richest","icl","2_9","INGSNVSERUZOAK",1
"richest","icl","2_9","JDTWZSUNGHMMJM",2
"richest","icl","2_9","JVTZFYYHCGSXJV",19
"richest","icl","2_9","KZNQNBZMBZJQJO",1
"richest","icl","2_9","LHGVFZTZFXWLCP",17
"richest","icl","2_9","LKUDPHPHKOZXCD",10
"richest","icl","2_9","LTFHNKUKQYVHDX",5
"richest","icl","2_9","LXNHXLLTXMVWPM",5
"richest","icl","2_9","MOTZDAYCYVMXPC",1
"richest","icl","2_9","MWOOGOJBHIARFG",3
"richest","icl","2_9","OKVJCVWFVRATSG",4
"richest","icl","2_9","ORHBXUUXSCNDEV",1
"richest","icl","2_9","PVNIIMVLHYAWGP",1
"richest","icl","2_9","QYPPJABKJHAVHS",1
"richest","icl","2_9","RGHHSNMVTDWUBI",1
"richest","icl","2_9","SFLSHLFXELFNJZ",1
"richest","icl","2_9","SIOXPEMLGUPBBT",3
"richest","icl","2_9","SMQUZDBALVYZAC",9
"richest","icl","2_9","TWBYWOBDOCUKOW",2
"richest","icl","2_9","VXIXUWQIVKSKSA",9
"richest","icl","2_9","VZIRCHXYMBFNFD",10
"richest","icl","2_9","WPYMKLBDIGXBTP",14
"richest","icl","2_9","WXNXCEHXYPACJF",1
"richest","icl","2_9","XUYPXLNMDZIRQH",1
"richest","icl","2_9","ZBCATMYQYDCTIZ",3
"richest","icl","2_9","ZFBNNSOJNZBLLS",14
"richest","icl","3_1","AWDRATDZQPNJFN",2
"richest","icl","3_1","BHTRKEVKTKCXOH",1
"richest","icl","3_1","CITHEXJVPOWHKC",1
"richest","icl","3_1","FJLGEFLZQAZZCD",1
"richest","icl","3_1","LWBHHRRTOZQPDM",16
"richest","icl","3_1","SMWDFEZZVXVKRB",2
"richest","icl","3_1","UBORTCNDUKBEOP",30
"richest","icl","3_1","XUIIKFGFIJCVMT",1
"richest","icl","3_2","CITHEXJVPOWHKC",1
"richest","icl","3_2","NCYCYZXNIZJOKI",40
"richest","icl","3_2","QPUYECUOLPXSFR",8
"richest","icl","3_2","WBWWGRHZICKQGZ",1
"richest","icl","3_2","YXVSKJDFNJFXAJ",16
"richest","icl","3_3","CITHEXJVPOWHKC",1
"richest","icl","3_3","RJKFOVLPORLFTN",1
"primary_noms1","cembio","1_1","AYFVYJQAPQTCCC",1
"primary_noms1","cembio","1_1","CAHKINHBCWCHCF",17
"primary_noms1","cembio","1_1","CQOVPNPJLQNMDC",1
"primary_noms1","cembio","1_1","DCWXELXMIBXGTH",1
"primary_noms1","cembio","1_1","DJJCXFVJDGTHFX",1
"primary_noms1","cembio","1_1","DKEXFJVMVGETOO",6
"primary_noms1","cembio","1_1","DTERQYGMUDWYAZ",1
"primary_noms1","cembio","1_1","HXFOXFJUNFFYMO",2
"primary_noms1","cembio","1_1","JJMDCOVWQOJGCB",14
"primary_noms1","cembio","1_1","JMOXSQYGVIXBBZ",2
"primary_noms1","cembio","1_1","KDXKERNSBIXSRK",1
"primary_noms1","cembio","1_1","KNTFCRCCPLEUQZ",3
"primary_noms1","cembio","1_1","KWIUHFFTVRNATP",1
"primary_noms1","cembio","1_1","KZSNJWFQEVHDMF",2
"primary_noms1","cembio","1_1","LDCYZAJDBXYCGN",1
"primary_noms1","cembio","1_1","OVRNDRQMDRJTHS",1
"primary_noms1","cembio","1_1","PWKSKIMOESPYIA",1
"primary_noms1","cembio","1_1","RHGKLRLOHDJJDR",1
"primary_noms1","cembio","1_1","RQFCJASXJCIDSX",1
"primary_noms1","cembio","1_1","RWSXRVCMGQZWBV",1
"primary_noms1","cembio","1_1","UKAUYVFTDYCKQA",1
"primary_noms1","cembio","1_1","VEYYWZRYIYDQJM",1
"primary_noms1","cembio","1_1","XHMJOUIAFHJHBW",1
"primary_noms1","cembio","1_1","ZTVZLYBCZNMWCF",1
"primary_noms1","cembio","1_2","BKAYIFDRRZZKNF",1
"primary_noms1","cembio","1_2","DTERQYGMUDWYAZ",1
"primary_noms1","cembio","1_2","FFDGPVCHZBVARC",1
"primary_noms1","cembio","1_2","FUOOLUPWFVMBKG",3
"primary_noms1","cembio","1_2","IERHLVCPSMICTF",1
"primary_noms1","cembio","1_2","KSMRODHGGIIXDV",1
"primary_noms1","cembio","1_2","KTHDTJVBEPMMGL",1
"primary_noms1","cembio","1_2","LCQLHJZYVOQKHU",1
"primary_noms1","cembio","1_2","NIDVTARKFBZMOT",1
"primary_noms1","cembio","1_2","OTCCIMWXFLJLIA",1
"primary_noms1","cembio","1_2","PMMYEEVYMWASQN",4
"primary_noms1","cembio","1_2","QCHPKSFMDHPSNR",5
"primary_noms1","cembio","1_2","QIVBCDIJIAJPQS",1
"primary_noms1","cembio","1_2","QWCKQJZIFLGMSD",17
"primary_noms1","cembio","1_2","RWSXRVCMGQZWBV",3
"primary_noms1","cembio","1_2","UZCXPYDBYUEZCV",8
"primary_noms1","cembio","1_2","VEYYWZRYIYDQJM",8
"primary_noms1","cembio","1_2","XIGSAGMEBXLVJJ",1
"primary_noms1","cembio","1_2","YGPSJZOEDVAXAB",1
"primary_noms1","cembio","1_2","ZGXJTSGNIOSYLO",32
"primary_noms1","cembio","1_3","AHLPHDHHMVZTML",1
"primary_noms1","cembio","1_3","DCXYFEDJOCDNAF",1
"primary_noms1","cembio","1_3","DKEXFJVMVGETOO",4
"primary_noms1","cembio","1_3","DTERQYGMUDWYAZ",1
"primary_noms1","cembio","1_3","FFDGPVCHZBVARC",2
"primary_noms1","cembio","1_3","FUOOLUPWFVMBKG",2
"primary_noms1","cembio","1_3","GSXOAOHZAIYLCY",7
"primary_noms1","cembio","1_3","HLKXYZVTANABHZ",1
"primary_noms1","cembio","1_3","HSCJRCZFDFQWRP",1
"primary_noms1","cembio","1_3","HXXFSFRBOHSIMQ",3
"primary_noms1","cembio","1_3","JSJWCHRYRHKBBW",1
"primary_noms1","cembio","1_3","KRKNYBCHXYNGOX",1
"primary_noms1","cembio","1_3","NBSCHQHZLSJFNQ",1
"primary_noms1","cembio","1_3","NYHBQMYGNKIUIF",1
"primary_noms1","cembio","1_3","ODBLHEXUDAPZAU",1
"primary_noms1","cembio","1_3","ODKSFYDXXFIFQN",1
"primary_noms1","cembio","1_3","QCHPKSFMDHPSNR",5
"primary_noms1","cembio","1_3","QWCKQJZIFLGMSD",6
"primary_noms1","cembio","1_3","RFMMMVDNIPUKGG",1
"primary_noms1","cembio","1_3","SQVRNKJHWKZAKO",1
"primary_noms1","cembio","1_3","UZCXPYDBYUEZCV",10
"primary_noms1","cembio","1_3","VEYYWZRYIYDQJM",1
"primary_noms1","cembio","1_3","WTDRDQBEARUVNC",2
"primary_noms1","cembio","1_3","XCCTYIAWTASOJW",1
"primary_noms1","cembio","1_3","XUJNEKJLAYXESH",1
"primary_noms1","cembio","1_3","YMAWOPBAYDPSLA",2
"primary_noms1","cembio","1_4","BTCSSZJGUNDROE",14
"primary_noms1","cembio","1_4","BZQFBWGGLXLEPQ",1
"primary_noms1","cembio","1_4","CVSVTCORWBXHQV",1
"primary_noms1","cembio","1_4","DRTQHJPVMGBUCF",1
"primary_noms1","cembio","1_4","FUOOLUPWFVMBKG",10
"primary_noms1","cembio","1_4","HEBKCHPVOIAQTA",1
"primary_noms1","cembio","1_4","HOKKHZGPKSLGJE",5
"primary_noms1","cembio","1_4","HSCJRCZFDFQWRP",1
"primary_noms1","cembio","1_4","JJIHLJJYMXLCOY",1
"primary_noms1","cembio","1_4","KDXKERNSBIXSRK",1
"primary_noms1","cembio","1_4","KHWCHTKSEGGWEX",1
"primary_noms1","cembio","1_4","KMXXSJLYVJEBHI",2
"primary_noms1","cembio","1_4","KRKNYBCHXYNGOX",1
"primary_noms1","cembio","1_4","LTFMZDNNPPEQNG",1
"primary_noms1","cembio","1_4","NTNWOCRCBQPEKQ",1
"primary_noms1","cembio","1_4","ODBLHEXUDAPZAU",2
"primary_noms1","cembio","1_4","QCHPKSFMDHPSNR",1
"primary_noms1","cembio","1_4","QUOGESRFPZDMMT",1
"primary_noms1","cembio","1_4","QWCKQJZIFLGMSD",12
"primary_noms1","cembio","1_4","SUHOOTKUPISOBE",4
"primary_noms1","cembio","1_4","UDMBCSSLTHHNCD",1
"primary_noms1","cembio","1_4","UZCXPYDBYUEZCV",8
"primary_noms1","cembio","1_4","VZXPDPZARILFQX",1
"primary_noms1","cembio","1_4","WHUUTDBJXJRKMK",1
"primary_noms1","cembio","1_4","YPZRWBKMTBYPTK",1
"primary_noms1","cembio","1_5","AEFLONBTGZFSGQ",3
"primary_noms1","cembio","1_5","AWUCVROLDVIAJX",1
"primary_noms1","cembio","1_5","AYFVYJQAPQTCCC",1
"primary_noms1","cembio","1_5","CAHKINHBCWCHCF",1
"primary_noms1","cembio","1_5","CKLJMWTZIZZHCS",1
"primary_noms1","cembio","1_5","DHCLVCXQIBBOPH",2
"primary_noms1","cembio","1_5","GSXOAOHZAIYLCY",18
"primary_noms1","cembio","1_5","HOKKHZGPKSLGJE",4
"primary_noms1","cembio","1_5","HXXFSFRBOHSIMQ",7
"primary_noms1","cembio","1_5","JJIHLJJYMXLCOY",15
"primary_noms1","cembio","1_5","KNTFCRCCPLEUQZ",1
"primary_noms1","cembio","1_5","KTHDTJVBEPMMGL",1
"primary_noms1","cembio","1_5","LEVWYRKDKASIDU",1
"primary_noms1","cembio","1_5","MTCFGRXMJLQNBG",1
"primary_noms1","cembio","1_5","NBSCHQHZLSJFNQ",4
"primary_noms1","cembio","1_5","NBZBKCUXIYYUSX",2
"primary_noms1","cembio","1_5","ODKSFYDXXFIFQN",1
"primary_noms1","cembio","1_5","PECYZEOJVXMISF",1
"primary_noms1","cembio","1_5","PMMYEEVYMWASQN",18
"primary_noms1","cembio","1_5","SNPLKNRPJHDVJA",18
"primary_noms1","cembio","1_5","UHDGCWIWMRVCDJ",1
"primary_noms1","cembio","1_5","VYAMLSCELQQRAE",19
"primary_noms1","cembio","1_5","VZXPDPZARILFQX",3
"primary_noms1","cembio","1_5","WHUUTDBJXJRKMK",1
"primary_noms1","cembio","1_5","XVOYSCVBGLVSOL",1
"primary_noms1","cembio","1_5","ZDXPYRJPNDTMRX",1
"primary_noms1","cembio","1_5","ZGXJTSGNIOSYLO",3
"primary_noms1","cembio","1_6","ACWBBAGYTKWBCD",1
"primary_noms1","cembio","1_6","AYFVYJQAPQTCCC",1
"primary_noms1","cembio","1_6","DCWXELXMIBXGTH",1
"primary_noms1","cembio","1_6","HEBKCHPVOIAQTA",1
"primary_noms1","cembio","1_6","HNDVDQJCIGZPNO",1
"primary_noms1","cembio","1_6","KNTFCRCCPLEUQZ",6
"primary_noms1","cembio","1_6","MTCFGRXMJLQNBG",1
"primary_noms1","cembio","1_6","QEFRNWWLZKMPFJ",1
"primary_noms1","cembio","1_6","SNEIUMQYRCDYCH",1
"primary_noms1","cembio","1_6","UKAUYVFTDYCKQA",19
"primary_noms1","cembio","1_6","VVIAGPKUTFNRDU",4
"primary_noms1","cembio","2_1","AGPKZVBTJJNPAG",1
"primary_noms1","cembio","2_1","CGQCWMIAEPEHNQ",1
"primary_noms1","cembio","2_1","COLNVLDHVKWLRT",1
"primary_noms1","cembio","2_1","DVNYTAVYBRSTGK",1
"primary_noms1","cembio","2_1","HGINADPHJQTSKN",4
"primary_noms1","cembio","2_1","HXNFUBHNUDHIGC",2
"primary_noms1","cembio","2_1","JBCLFWXMTIKCCB",1
"primary_noms1","cembio","2_1","JFCQEDHGNNZCLN",2
"primary_noms1","cembio","2_1","JMSVCTWVEWCHDZ",14
"primary_noms1","cembio","2_1","KDYFGRWQOYBRFD",1
"primary_noms1","cembio","2_1","LRFVTYWOQMYALW",1
"primary_noms1","cembio","2_1","LRQKBLKVPFOOQJ",4
"primary_noms1","cembio","2_1","LUCHPKXVUGJYGU",1
"primary_noms1","cembio","2_1","MAYCICSNZYXLHB",3
"primary_noms1","cembio","2_1","NHZMQXZHNVQTQA",1
"primary_noms1","cembio","2_1","OIRDTQYFTABQOQ",2
"primary_noms1","cembio","2_1","PXQPEWDEAKTCGB",2
"primary_noms1","cembio","2_1","QHGUCRYDKWKLMG",6
"primary_noms1","cembio","2_1","ROHFNLRQFUQHCH",1
"primary_noms1","cembio","2_1","SLXKOJJOQWFEFD",20
"primary_noms1","cembio","2_1","UKFXDFUAPNAMPJ",1
"primary_noms1","cembio","2_1","VYFYYTLLBUKUHU",1
"primary_noms1","cembio","2_1","WXUAQHNMJWJLTG",2
"primary_noms1","cembio","2_1","YKBGVTZYEHREMT",1
"primary_noms1","cembio","2_1","ZIYVHBGGAOATLY",1
"primary_noms1","cembio","2_1","ZXYAAVBXHKCJJB",1
"primary_noms1","cembio","2_10","BEBCJVAWIBVWNZ",2
"primary_noms1","cembio","2_10","DIVQKHQLANKJQO",4
"primary_noms1","cembio","2_10","DUUGKQCEGZLZNO",1
"primary_noms1","cembio","2_10","GJAWHXHKYYXBSV",1
"primary_noms1","cembio","2_10","HXEACLLIILLPRG",1
"primary_noms1","cembio","2_10","IHYJTAOFMMMOPX",6
"primary_noms1","cembio","2_10","ISAKRJDGNUQOIC",6
"primary_noms1","cembio","2_10","LEHOTFFKMJEONL",1
"primary_noms1","cembio","2_10","LOIYMIARKYCTBW",1
"primary_noms1","cembio","2_10","LVRFTAZAXQPQHI",2
"primary_noms1","cembio","2_10","LXNHXLLTXMVWPM",14
"primary_noms1","cembio","2_10","MBIQENSCDNJOIY",7
"primary_noms1","cembio","2_10","NGEWQZIDQIYUNV",4
"primary_noms1","cembio","2_10","PMMYEEVYMWASQN",1
"primary_noms1","cembio","2_10","WJJMNDUMQPNECX",6
"primary_noms1","cembio","2_10","XLTJXJJMUFDQEZ",18
"primary_noms1","cembio","2_10","ZGXJTSGNIOSYLO",12
"primary_noms1","cembio","2_10","ZRQXMKMBBMNNQC",1
"primary_noms1","cembio","2_2","BVWTXUYLKBHMOX",15
"primary_noms1","cembio","2_2","CBQJSKKFNMDLON",1
"primary_noms1","cembio","2_2","DAUAQNGYDSHRET",3
"primary_noms1","cembio","2_2","DUHQIGLHYXLKAE",1
"primary_noms1","cembio","2_2","DZGWFCGJZKJUFP",1
"primary_noms1","cembio","2_2","FFEARJCKVFRZRR",1
"primary_noms1","cembio","2_2","GNMSLDIYJOSUSW",1
"primary_noms1","cembio","2_2","HCZHHEIFKROPDY",2
"primary_noms1","cembio","2_2","HGINADPHJQTSKN",16
"primary_noms1","cembio","2_2","HXNFUBHNUDHIGC",1
"primary_noms1","cembio","2_2","IGMNYECMUMZDDF",11
"primary_noms1","cembio","2_2","IZZIWIAOVZOBLF",1
"primary_noms1","cembio","2_2","JFCQEDHGNNZCLN",1
"primary_noms1","cembio","2_2","JMOXSQYGVIXBBZ",2
"primary_noms1","cembio","2_2","KKSDGJDHHZEWEP",1
"primary_noms1","cembio","2_2","KWIUHFFTVRNATP",1
"primary_noms1","cembio","2_2","LRFVTYWOQMYALW",2
"primary_noms1","cembio","2_2","MBIZFBDREVRUHY",11
"primary_noms1","cembio","2_2","NGSWKAQJJWESNS",3
"primary_noms1","cembio","2_2","ODHCTXKNWHHXJC",1
"primary_noms1","cembio","2_2","OMFXVFTZEKFJBZ",1
"primary_noms1","cembio","2_2","QRMZSPFSDQBLIX",16
"primary_noms1","cembio","2_2","RADKZDMFGJYCBB",15
"primary_noms1","cembio","2_2","SYEOWUNSTUDKGM",3
"primary_noms1","cembio","2_2","TYEYBOSBBBHJIV",1
"primary_noms1","cembio","2_2","UKFXDFUAPNAMPJ",4
"primary_noms1","cembio","2_2","UQTZMGFTRHFAAM",1
"primary_noms1","cembio","2_2","VVNCNSJFMMFHPL",11
"primary_noms1","cembio","2_2","WKOLLVMJNQIZCI",5
"primary_noms1","cembio","2_2","WLJVNTCWHIRURA",5
"primary_noms1","cembio","2_2","WXUAQHNMJWJLTG",7
"primary_noms1","cembio","2_2","YBJHBAHKTGYVGT",1
"primary_noms1","cembio","2_3","AEFLONBTGZFSGQ",1
"primary_noms1","cembio","2_3","AXFYFNCPONWUHW",2
"primary_noms1","cembio","2_3","BLHCMGRVFXRYRN",1
"primary_noms1","cembio","2_3","BRARRAHGNDUELT",10
"primary_noms1","cembio","2_3","BRRSNXCXLSVPFC",2
"primary_noms1","cembio","2_3","BTCSSZJGUNDROE",3
"primary_noms1","cembio","2_3","BTJIUGUIPKRLHP",20
"primary_noms1","cembio","2_3","CCVYRRGZDBSHFU",4
"primary_noms1","cembio","2_3","DZTHIGRZJZPRDV",1
"primary_noms1","cembio","2_3","FFDGPVCHZBVARC",7
"primary_noms1","cembio","2_3","FUOOLUPWFVMBKG",2
"primary_noms1","cembio","2_3","FVMDYYGIDFPZAX",2
"primary_noms1","cembio","2_3","JDTWZSUNGHMMJM",1
"primary_noms1","cembio","2_3","JKLRIMRKZBSSED",1
"primary_noms1","cembio","2_3","JOXIMZWYDAKGHI",1
"primary_noms1","cembio","2_3","LDCRTTXIJACKKU",11
"primary_noms1","cembio","2_3","LNTHITQWFMADLM",1
"primary_noms1","cembio","2_3","LTFHNKUKQYVHDX",15
"primary_noms1","cembio","2_3","LZCLXQDLBQLTDK",9
"primary_noms1","cembio","2_3","MBIQENSCDNJOIY",13
"primary_noms1","cembio","2_3","MXHRCPNRJAMMIM",1
"primary_noms1","cembio","2_3","NGEWQZIDQIYUNV",1
"primary_noms1","cembio","2_3","OKJIRPAQVSHGFK",18
"primary_noms1","cembio","2_3","ONFOSYPQQXJWGS",1
"primary_noms1","cembio","2_3","ONIBWKKTOPOVIA",1
"primary_noms1","cembio","2_3","PECYZEOJVXMISF",1
"primary_noms1","cembio","2_3","PRJKNHOMHKJCEJ",1
"primary_noms1","cembio","2_3","QAFBDRSXXHEXGB",3
"primary_noms1","cembio","2_3","QCHPKSFMDHPSNR",1
"primary_noms1","cembio","2_3","QWCKQJZIFLGMSD",4
"primary_noms1","cembio","2_3","QZAYGJVTTNCVMB",1
"primary_noms1","cembio","2_3","RWQNBRDOKXIBIV",1
"primary_noms1","cembio","2_3","UCTWMZQNUQWSLP",1
"primary_noms1","cembio","2_3","UZCXPYDBYUEZCV",4
"primary_noms1","cembio","2_3","VGONTNSXDCQUGY",1
"primary_noms1","cembio","2_3","VYAMLSCELQQRAE",19
"primary_noms1","cembio","2_3","WXNXCEHXYPACJF",2
"primary_noms1","cembio","2_3","XQXPVVBIMDBYFF",5
"primary_noms1","cembio","2_3","YHGNXQAFNHCBTK",6
"primary_noms1","cembio","2_3","ZDXPYRJPNDTMRX",1
"primary_noms1","cembio","2_4","CIWBSHSKHKDKBQ",2
"primary_noms1","cembio","2_4","DDRJAANPRJIHGJ",4
"primary_noms1","cembio","2_4","HGINADPHJQTSKN",15
"primary_noms1","cembio","2_4","HNEGQIOMVPPMNR",1
"primary_noms1","cembio","2_4","HVRZYSHVZOELOH",5
"primary_noms1","cembio","2_4","JFCQEDHGNNZCLN",2
"primary_noms1","cembio","2_4","JLSKPBDKNIXMBS",1
"primary_noms1","cembio","2_4","JTEJPPKMYBDEMY",1
"primary_noms1","cembio","2_4","JYGXADMDTFJGBT",1
"primary_noms1","cembio","2_4","KIWQWJKWBHZMDT",3
"primary_noms1","cembio","2_4","KQTIIICEAUMSDG",13
"primary_noms1","cembio","2_4","LJUQGASMPRMWIW",1
"primary_noms1","cembio","2_4","LVHBHZANLOWSRM",1
"primary_noms1","cembio","2_4","OLXZPDWKRNYJJZ",1
"primary_noms1","cembio","2_4","OVRNDRQMDRJTHS",2
"primary_noms1","cembio","2_4","PHIQHXFUZVPYII",1
"primary_noms1","cembio","2_4","TUHVEAJXIMEOSA",1
"primary_noms1","cembio","2_4","UKFXDFUAPNAMPJ",3
"primary_noms1","cembio","2_4","UYUXSRADSPPKRZ",1
"primary_noms1","cembio","2_4","WXUAQHNMJWJLTG",1
"primary_noms1","cembio","2_4","YFTGOBNOJKXZJC",1
"primary_noms1","cembio","2_5","BEJNERDRQOWKJM",7
"primary_noms1","cembio","2_5","BHHGXPLMPWCGHP",1
"primary_noms1","cembio","2_5","DCXYFEDJOCDNAF",11
"primary_noms1","cembio","2_5","DVNYTAVYBRSTGK",15
"primary_noms1","cembio","2_5","FBZONXHGGPHHIY",1
"primary_noms1","cembio","2_5","FDGQSTZJBFJUBT",1
"primary_noms1","cembio","2_5","HMFHBZSHGGEWLO",2
"primary_noms1","cembio","2_5","IHYJTAOFMMMOPX",1
"primary_noms1","cembio","2_5","IJFXRHURBJZNAO",14
"primary_noms1","cembio","2_5","JLTDJTHDQAWBAV",14
"primary_noms1","cembio","2_5","JSJWCHRYRHKBBW",1
"primary_noms1","cembio","2_5","KTHDTJVBEPMMGL",10
"primary_noms1","cembio","2_5","MUBZPKHOEPUJKR",1
"primary_noms1","cembio","2_5","ODHCTXKNWHHXJC",1
"primary_noms1","cembio","2_5","OFCNXPDARWKPPY",8
"primary_noms1","cembio","2_5","OJUGVDODNPJEEC",5
"primary_noms1","cembio","2_5","PCSKKIUURRTAEM",1
"primary_noms1","cembio","2_5","PMMYEEVYMWASQN",1
"primary_noms1","cembio","2_5","PVNIIMVLHYAWGP",2
"primary_noms1","cembio","2_5","RADKZDMFGJYCBB",1
"primary_noms1","cembio","2_5","RBNPOMFGQQGHHO",1
"primary_noms1","cembio","2_5","RFMMMVDNIPUKGG",5
"primary_noms1","cembio","2_5","RGHNJXZEOKUKBD",1
"primary_noms1","cembio","2_5","RQEUFEKYXDPUSK",2
"primary_noms1","cembio","2_5","SIOXPEMLGUPBBT",1
"primary_noms1","cembio","2_5","SRBFZHDQGSBBOR",1
"primary_noms1","cembio","2_5","TWBYWOBDOCUKOW",2
"primary_noms1","cembio","2_5","TXXHDPDFNKHHGW",1
"primary_noms1","cembio","2_5","UBQKCCHYAOITMY",1
"primary_noms1","cembio","2_5","UFFBMTHBGFGIHF",1
"primary_noms1","cembio","2_5","UGQMRVRMYYASKQ",1
"primary_noms1","cembio","2_5","YGSDEFSMJLZEOE",12
"primary_noms1","cembio","2_5","YMAWOPBAYDPSLA",1
"primary_noms1","cembio","2_5","ZGXJTSGNIOSYLO",1
"primary_noms1","cembio","2_5","ZRQXMKMBBMNNQC",5
"primary_noms1","cembio","2_6","AFENDNXGAFYKQO",1
"primary_noms1","cembio","2_6","ALRHLSYJTWAHJZ",3
"primary_noms1","cembio","2_6","BKAJNAXTPSGJCU",2
"primary_noms1","cembio","2_6","BWLBGMIXKSTLSX",2
"primary_noms1","cembio","2_6","DUHQIGLHYXLKAE",2
"primary_noms1","cembio","2_6","FCCDDURTIIUXBY",1
"primary_noms1","cembio","2_6","FSVCELGFZIQNCK",17
"primary_noms1","cembio","2_6","HNJBEVLQSNELDL",3
"primary_noms1","cembio","2_6","JDBGXEHEIRGOBU",1
"primary_noms1","cembio","2_6","JMOXSQYGVIXBBZ",2
"primary_noms1","cembio","2_6","JVQYSWDUAOAHFM",6
"primary_noms1","cembio","2_6","JVTAAEKCZFNVCJ",8
"primary_noms1","cembio","2_6","JYVXNLLUYHCIIH",2
"primary_noms1","cembio","2_6","KPGXRSRHYNQIFN",1
"primary_noms1","cembio","2_6","KVQGGLZHHFGHPU",18
"primary_noms1","cembio","2_6","KWIUHFFTVRNATP",1
"primary_noms1","cembio","2_6","KZSNJWFQEVHDMF",8
"primary_noms1","cembio","2_6","LPEKGGXMPWTOCB",10
"primary_noms1","cembio","2_6","MNQZXJOMYWMBOU",1
"primary_noms1","cembio","2_6","NRSCPTLHWVWLLH",7
"primary_noms1","cembio","2_6","PVNIIMVLHYAWGP",1
"primary_noms1","cembio","2_6","RXKJFZQQPQGTFL",4
"primary_noms1","cembio","2_6","SIOXPEMLGUPBBT",3
"primary_noms1","cembio","2_6","SNDPXSYFESPGGJ",4
"primary_noms1","cembio","2_6","SYEOWUNSTUDKGM",1
"primary_noms1","cembio","2_6","TWBYWOBDOCUKOW",1
"primary_noms1","cembio","2_6","UBORTCNDUKBEOP",1
"primary_noms1","cembio","2_6","UOBSVARXACCLLH",10
"primary_noms1","cembio","2_6","UTYVDVLMYQPLQB",1
"primary_noms1","cembio","2_6","WHBMMWSBFZVSSR",15
"primary_noms1","cembio","2_6","WLJVNTCWHIRURA",4
"primary_noms1","cembio","2_6","YOEBAVRJHRCKRE",2
"primary_noms1","cembio","2_7","BTCSSZJGUNDROE",3
"primary_noms1","cembio","2_7","CCVYRRGZDBSHFU",2
"primary_noms1","cembio","2_7","CKOMXBHMKXXTNW",1
"primary_noms1","cembio","2_7","DRLFMBDRBRZALE",1
"primary_noms1","cembio","2_7","DUHQIGLHYXLKAE",1
"primary_noms1","cembio","2_7","FFDGPVCHZBVARC",5
"primary_noms1","cembio","2_7","FSASIHFSFGAIJM",2
"primary_noms1","cembio","2_7","FSYKKLYZXJSNPZ",3
"primary_noms1","cembio","2_7","FUOOLUPWFVMBKG",13
"primary_noms1","cembio","2_7","FVMDYYGIDFPZAX",1
"primary_noms1","cembio","2_7","HVRZYSHVZOELOH",19
"primary_noms1","cembio","2_7","HXACOUQIXZGNBF",1
"primary_noms1","cembio","2_7","HZAXFHJVJLSVMW",2
"primary_noms1","cembio","2_7","IJCKBIINTQEGLY",1
"primary_noms1","cembio","2_7","INCSQLZZXBPATR",1
"primary_noms1","cembio","2_7","IWYDHOAUDWTVEP",10
"primary_noms1","cembio","2_7","IYXGSMUGOJNHAZ",18
"primary_noms1","cembio","2_7","JDTWZSUNGHMMJM",1
"primary_noms1","cembio","2_7","KDYFGRWQOYBRFD",1
"primary_noms1","cembio","2_7","OIRDTQYFTABQOQ",1
"primary_noms1","cembio","2_7","OVRNDRQMDRJTHS",1
"primary_noms1","cembio","2_7","QCHPKSFMDHPSNR",3
"primary_noms1","cembio","2_7","QNAYBMKLOCPYGJ",2
"primary_noms1","cembio","2_7","QWCKQJZIFLGMSD",17
"primary_noms1","cembio","2_7","RADKZDMFGJYCBB",1
"primary_noms1","cembio","2_7","SYEOWUNSTUDKGM",9
"primary_noms1","cembio","2_7","UCMIRNVEIXFBKS",1
"primary_noms1","cembio","2_7","UFAHZIUFPNSHSL",1
"primary_noms1","cembio","2_7","UZCXPYDBYUEZCV",1
"primary_noms1","cembio","2_7","UZTFMUBKZQVKLK",1
"primary_noms1","cembio","2_7","WXNXCEHXYPACJF",2
"primary_noms1","cembio","2_7","XQXPVVBIMDBYFF",3
"primary_noms1","cembio","2_7","YKBGVTZYEHREMT",3
"primary_noms1","cembio","2_7","ZIYVHBGGAOATLY",4
"primary_noms1","cembio","2_8","ALRHLSYJTWAHJZ",7
"primary_noms1","cembio","2_8","BTCSSZJGUNDROE",19
"primary_noms1","cembio","2_8","CCVYRRGZDBSHFU",2
"primary_noms1","cembio","2_8","DUHQIGLHYXLKAE",4
"primary_noms1","cembio","2_8","FFDGPVCHZBVARC",3
"primary_noms1","cembio","2_8","FUOOLUPWFVMBKG",7
"primary_noms1","cembio","2_8","FVMDYYGIDFPZAX",1
"primary_noms1","cembio","2_8","HZAXFHJVJLSVMW",1
"primary_noms1","cembio","2_8","IJCKBIINTQEGLY",35
"primary_noms1","cembio","2_8","INCSQLZZXBPATR",32
"primary_noms1","cembio","2_8","IWYDHOAUDWTVEP",9
"primary_noms1","cembio","2_8","IYXGSMUGOJNHAZ",12
"primary_noms1","cembio","2_8","JDTWZSUNGHMMJM",1
"primary_noms1","cembio","2_8","JVTAAEKCZFNVCJ",1
"primary_noms1","cembio","2_8","LTFHNKUKQYVHDX",15
"primary_noms1","cembio","2_8","MNQZXJOMYWMBOU",5
"primary_noms1","cembio","2_8","OIRDTQYFTABQOQ",2
"primary_noms1","cembio","2_8","QCHPKSFMDHPSNR",1
"primary_noms1","cembio","2_8","QWCKQJZIFLGMSD",13
"primary_noms1","cembio","2_8","RADKZDMFGJYCBB",5
"primary_noms1","cembio","2_8","RXKJFZQQPQGTFL",10
"primary_noms1","cembio","2_8","SYEOWUNSTUDKGM",9
"primary_noms1","cembio","2_8","UFAHZIUFPNSHSL",3
"primary_noms1","cembio","2_8","UZCXPYDBYUEZCV",2
"primary_noms1","cembio","2_8","UZTFMUBKZQVKLK",16
"primary_noms1","cembio","2_8","WLDWSGZHNBANIO",22
"primary_noms1","cembio","2_8","WLJVNTCWHIRURA",8
"primary_noms1","cembio","2_8","WXNXCEHXYPACJF",2
"primary_noms1","cembio","2_8","XQXPVVBIMDBYFF",5
"primary_noms1","cembio","2_8","YKBGVTZYEHREMT",3
"primary_noms1","cembio","2_8","ZFRKQXVRDFCRJG",19
"primary_noms1","cembio","2_9","AGPKZVBTJJNPAG",1
"primary_noms1","cembio","2_9","ALRHLSYJTWAHJZ",8
"primary_noms1","cembio","2_9","CFFZDZCDUFSOFZ",1
"primary_noms1","cembio","2_9","CGQCWMIAEPEHNQ",1
"primary_noms1","cembio","2_9","DBZAKQWXICEWNW",16
"primary_noms1","cembio","2_9","DFPAKSUCGFBDDF",1
"primary_noms1","cembio","2_9","IGMNYECMUMZDDF",1
"primary_noms1","cembio","2_9","INGSNVSERUZOAK",1
"primary_noms1","cembio","2_9","JMSVCTWVEWCHDZ",11
"primary_noms1","cembio","2_9","JVTAAEKCZFNVCJ",1
"primary_noms1","cembio","2_9","KZNQNBZMBZJQJO",1
"primary_noms1","cembio","2_9","LTFHNKUKQYVHDX",7
"primary_noms1","cembio","2_9","LVRFTAZAXQPQHI",10
"primary_noms1","cembio","2_9","LXNHXLLTXMVWPM",1
"primary_noms1","cembio","2_9","MJVAVZPDRWSRRC",13
"primary_noms1","cembio","2_9","MNQZXJOMYWMBOU",2
"primary_noms1","cembio","2_9","MWOOGOJBHIARFG",11
"primary_noms1","cembio","2_9","ONIBWKKTOPOVIA",1
"primary_noms1","cembio","2_9","PECYZEOJVXMISF",1
"primary_noms1","cembio","2_9","PKLPQOJFHFGVBS",11
"primary_noms1","cembio","2_9","PRJKNHOMHKJCEJ",4
"primary_noms1","cembio","2_9","PVNIIMVLHYAWGP",1
"primary_noms1","cembio","2_9","QAFBDRSXXHEXGB",3
"primary_noms1","cembio","2_9","QYPPJABKJHAVHS",1
"primary_noms1","cembio","2_9","ROHFNLRQFUQHCH",1
"primary_noms1","cembio","2_9","RWQNBRDOKXIBIV",1
"primary_noms1","cembio","2_9","RXKJFZQQPQGTFL",9
"primary_noms1","cembio","2_9","SFLSHLFXELFNJZ",1
"primary_noms1","cembio","2_9","SIOXPEMLGUPBBT",1
"primary_noms1","cembio","2_9","TWBYWOBDOCUKOW",1
"primary_noms1","cembio","2_9","UCQUAMAQHHEXGD",17
"primary_noms1","cembio","2_9","UFIVEPVSAGBUSI",1
"primary_noms1","cembio","2_9","VZCYOOQTPOCHFL",1
"primary_noms1","cembio","2_9","XOAAWQZATWQOTB",1
"primary_noms1","cembio","2_9","XUYPXLNMDZIRQH",1
"primary_noms1","cembio","2_9","YHXHKYRQLYQUIH",14
"primary_noms1","cembio","3_1","LWBHHRRTOZQPDM",1
"primary_noms1","cembio","3_1","NIJJYAXOARWZEE",2
"primary_noms1","cembio","3_1","OBETXYAYXDNJHR",6
"primary_noms1","cembio","3_1","XUIIKFGFIJCVMT",1
"primary_noms1","cembio","3_2","AWDRATDZQPNJFN",2
"primary_noms1","cembio","3_2","BHQCQFFYRZLCQQ",1
"primary_noms1","cembio","3_2","BHTRKEVKTKCXOH",1
"primary_noms1","cembio","3_2","IPCSVZSSVZVIGE",2
"primary_noms1","cembio","3_2","NCYCYZXNIZJOKI",1
"primary_noms1","cembio","3_2","NYOXRYYXRWJDKP",2
"primary_noms1","cembio","3_2","QQHJDPROMQRDLA",2
"primary_noms1","cembio","3_2","QYSXJUFSXHHAJI",10
"primary_noms1","cembio","3_2","UCTLRSWJYQTBFZ",8
"primary_noms1","cembio","3_2","VBICKXHEKHSIBG",5
"primary_noms1","cembio","3_2","WBWWGRHZICKQGZ",1
"primary_noms1","cembio","3_2","WZKXBGJNNCGHIC",1
"primary_noms1","cembio","3_3","AGBQKNBQESQNJD",4
"primary_noms1","cembio","3_3","DGABKXLVXPYZII",12
"primary_noms1","cembio","3_3","JKRDADVRIYVCCY",5
"primary_noms1","cembio","3_3","KXGVEGMKQFWNSR",2
"primary_noms1","cembio","3_3","RJKFOVLPORLFTN",1
"primary_noms1","cembio","3_3","RUDATBOHQWOJDD",1
