"mixture","lab","polarity","compound","adduct","source","areaUnderTic","xicFwhm","maxIntensity","apex_rt","snr","baseline","noise","n_scans_in_shape","prior_kind","detection"
"1.1","afekta","neg","5-hydroxy-L-tryptophan","[M - H]-","consensus",1538623.77423042,1.79499999996,709043.5625,42.22099999998,10275.2469334267,285.470657348633,68.9772320251465,4,"consensus","detected"
"1.1","afekta","neg","D-alpha-aminobutyric acid","[M - H]-","consensus",NA,NA,NA,84.11200000002,-0.111693484934825,317.952117919922,83.3465366592407,5,"consensus","below_detection"
"1.1","afekta","neg","L-citrulline","[M - H]-","consensus",1080818.00038599,4.18899999996,19076.3203125,28.45699999998,1931.13115604978,250.75,9.74846801757815,5,"consensus","detected"
"1.1","afekta","neg","L-homoserine","[M - H]-","consensus",635770.096858602,4.78699999998,9718.8271484375,27.85900000002,173.596766622263,298.612487792969,54.2649200439453,5,"consensus","detected"
"1.1","afekta","neg","L-lysine","[M - H]-","consensus",99425.9061330505,1.79599999998,42650.4296875,23.67,403.3342680988,312.465057373047,104.96991696167,4,"consensus","detected"
"1.1","afekta","neg","L-valine","[M - H]-","consensus",124998.849967274,11.37,761.427307128906,34.44199999998,7.40136809728836,276.329681396484,65.541616003418,5,"consensus","detected"
"1.1","afekta","neg","N(6)-acetyl-L-lysine","[M - H]-","consensus",1411133.89345322,4.18899999996,67675.3125,30.25300000002,3410.13506050469,265.871292114258,19.7673816467285,4,"consensus","detected"
"1.1","afekta","neg","N-acetyl-L-cysteine","[M - H]-","consensus",NA,NA,NA,78.12799999998,3.76742140079338,609.201538085938,866.02102355957,5,"consensus","below_detection"
"1.1","afekta","neg","N-alpha-acetyl-L-asparagine","[M - H]-","own",4456642.04177399,1.79600000004,1984428.125,27.85900000002,44743.748712558,276.148071289062,44.3447863449097,4,"own","detected"
"1.1","afekta","neg","O(4)-phospho-L-tyrosine","[M - H]-","own",2069287.16511837,13.764,74371.375,35.63899999998,49.4559503606652,6438.66650390625,1373.60030493164,5,"consensus","detected"
"1.1","afekta","neg","alpha-D-glucosamine 6-phosphate","[M - H]-","consensus",1090265.74007153,5.98399999998,66431.171875,27.85900000002,201.314181872956,1066.2724609375,324.690982055664,5,"consensus","detected"
"1.1","afekta","neg","carnosine","[M - H]-","own",967913.532249368,1.79500000002,368459.1875,24.867,10678.7454737455,261.173065185547,34.4795196533203,5,"own","detected"
"1.1","afekta","neg","glutathione","[M - H]-","consensus",747009.375096409,1.197,332256.53125,29.65399999998,3804.52740339425,290.510650634766,87.2555209625244,4,"consensus","detected"
"1.1","afekta","neg","guanosine 5'-monophosphate","[M - H]-","own",1619474.36709989,18.552,48588.0859375,37.434,35.1760775742412,6656.76611328125,1192.04080488281,5,"own","detected"
"1.1","afekta","neg","homocystine","[M - H]-","own",926144.555853933,1.19599999998,445587.9375,26.66200000002,25698.3658199872,254.640625,17.3292457580566,3,"consensus","detected"
"1.1","afekta","neg","uridine 5'-monophosphate","[M - H]-","consensus",2881242.57432121,11.37,98031.8203125,33.24499999998,93.6406825303009,4654.48583984375,997.187674731445,5,"consensus","detected"
"1.2","afekta","neg","(2R)-2-acetamidopropanoic acid","[M - H]-","consensus",5761492.86154686,37.70200000002,1480.330078125,60.63100000002,13.6333621511532,300.777893066406,86.5195372924805,5,"consensus","detected"
"1.2","afekta","neg","D-erythronic acid","[M - H]-","consensus",4192089.42789942,1.197,1764001.875,26.52,10092.2555000879,503.234039306641,174.737811676025,5,"consensus","detected"
"1.2","afekta","neg","IMP","[M - H]-","own",3772822.59925059,5.98400000004,282594.15625,28.914,84.1219958051482,20361.64453125,3117.28828125,5,"own","detected"
"1.2","afekta","neg","L-alpha-aminobutyric acid","[M - H]-","consensus",167299.102345845,1.197,47153.29296875,25.92199999998,296.135618022451,380.716766357422,157.943095513916,4,"consensus","detected"
"1.2","afekta","neg","L-homocitrulline","[M - H]-","own",747683.571742756,1.79599999998,344008.4375,25.92199999998,51033.0552563619,239.183822631836,6.73620758056639,4,"own","detected"
"1.2","afekta","neg","N-acetyl-L-aspartic acid","[M - H]-","consensus",6059595.89750808,1.79500000002,1895081,31.308,8362.98985149893,591.3759765625,226.53257479248,5,"consensus","detected"
"1.2","afekta","neg","N-acetyl-L-glutamine","[M - H]-","own",2348812.2655382,0.598999999979998,1026779.125,28.914,10800.6345690464,327.289459228516,95.0362526367187,4,"own","detected"
"1.2","afekta","neg","NAD zwitterion","[M - H]-","own",578331.256216975,4.18900000002,81626.859375,28.31599999998,363.813634295184,542.131530761719,222.874351593018,5,"own","detected"
"1.2","afekta","neg","cytidine 5'-monophosphate","[M - H]-","consensus",1150143.56490634,13.16600000004,18318.630859375,31.90600000002,40.3835207207969,866.322052001953,432.164122787476,5,"consensus","detected"
"1.3","afekta","neg","2-aminoisobutyric acid","[M - H]-","consensus",131425.719582587,1.197,20972.630859375,25.383,436.519076781924,262.773933410645,47.4431886886597,4,"consensus","detected"
"1.3","afekta","neg","D-alanine","[M - H]-","consensus",91915.7044970126,4.18999999998,22618.0078125,24.78400000002,255.867025470624,278.713134765625,87.3082204971313,3,"consensus","detected"
"1.3","afekta","neg","D-asparagine","[M - H]-","consensus",NA,NA,NA,40.344,3.6336719793333,282.980514526367,41.5818331100464,5,"consensus","below_detection"
"1.3","afekta","neg","D-glucopyranose 6-phosphate","[M - H]-","own",2715778.54568341,5.38599999996,232857.703125,27.777,98.9773167925447,12511.328125,2226.23104101562,5,"consensus","detected"
"1.3","afekta","neg","L-arginine","[M - H]-","own",233682.905243027,1.19600000004,83749.6484375,24.186,8917.79724856004,243.573532104492,9.36397998046875,5,"own","detected"
"1.3","afekta","neg","L-dopa","[M - H]-","own",297599.251670432,1.197,142023.703125,30.16999999998,2464.86838115751,314.321807861328,57.4916625976562,4,"consensus","detected"
"1.3","afekta","neg","L-ornithine","[M - H]-","consensus",44521.6630867466,1.19600000004,18950.6328125,24.186,484.026111665615,275.13362121582,38.5836605529785,4,"consensus","detected"
"1.3","afekta","neg","N(2)-acetyl-L-lysine","[M - H]-","consensus",1263273.7872247,1.79500000002,485785.59375,26.58,23540.6904293623,278.915100097656,20.6241477966309,4,"consensus","detected"
"1.3","afekta","neg","N-acetyl-L-glutamic acid","[M - H]-","consensus",6583659.47555244,49.671,2941.34448242188,55.90300000002,32.1112829703677,309.014709472656,81.9752289367676,5,"consensus","detected"
"1.3","afekta","neg","N-acetyl-beta-neuraminic acid","[M - H]-","consensus",2444910.59548844,16.158,7665.27099609375,33.16300000002,167.39275413801,249.30884552002,44.3027667999267,5,"consensus","detected"
"1.3","afekta","neg","N-carbamoylaspartic acid","[M - H]-","consensus",2182411.0919776,1.79599999998,779969,28.37500000002,4625.65258343974,484.522094726562,168.513407318115,5,"consensus","detected"
"1.3","afekta","neg","UDP","[M - H]-","consensus",NA,NA,NA,57.10000000002,-0.34312392083682,405.818176269531,157.194149047852,5,"consensus","below_detection"
"1.3","afekta","neg","UDP-alpha-D-glucose","[M - H]-","consensus",2332573.69818448,18.55099999998,94501.4453125,37.95,46.0282804041496,8243.6201171875,1874.0179828125,5,"consensus","detected"
"1.3","afekta","neg","guanosine","[M - H]-","consensus",1764050.54520823,36.50500000002,1103.81274414062,60.69100000002,9.97691211695676,258.329879760742,84.7439422607422,3,"consensus","detected"
"1.3","afekta","neg","isocitric acid","[M - H]-","own",3089609.89569573,2.99200000002,547562.875,28.974,369.253385699497,5875.30029296875,1466.98065795898,5,"own","detected"
"1.4","afekta","neg","2'-deoxyadenosine 5'-monophosphate","[M - H]-","own",778804.333059511,1.79499999996,243365.03125,28.40899999998,895.157321980926,755.987167358398,271.023917388916,4,"own","detected"
"1.4","afekta","neg","2'-deoxyguanosine 5'-monophosphate","[M - H]-","own",1802880.05329148,2.99199999996,238311.59375,30.20500000002,172.38990567156,6351.67138671875,1345.55397231445,5,"own","detected"
"1.4","afekta","neg","D-arabinitol","[M - H]-","consensus",874695.437701794,2.39299999998,298374.0625,24.819,4082.66643504106,318.366302490234,73.0051550720215,3,"consensus","detected"
"1.4","afekta","neg","D-lysine","[M - H]-","consensus",91295.2693746381,1.79599999998,36178.68359375,24.22000000002,580.68203557856,263.858322143555,61.8493824005127,4,"consensus","detected"
"1.4","afekta","neg","L-homoarginine","[M - H]-","own",249710.275063154,1.79500000002,80067.359375,24.22000000002,1604.93911884506,257.600006103516,49.7275930480957,4,"own","detected"
"1.4","afekta","neg","N(2)-phenylacetyl-L-glutamine","[M - H]-","own",6838417.27167117,1.79500000002,2962632.5,173.83000000002,47078.4918233602,298.926666259766,62.92328956604,4,"own","detected"
"1.4","afekta","neg","N-acetyl-L-serine","[M - H]-","consensus",1936280.14213764,1.79499999996,912545.3125,28.40899999998,37839.2925537687,276.445007324219,24.1090360290527,4,"consensus","detected"
"1.4","afekta","neg","N-benzoylglycine","[M - H]-","consensus",2876348.47001546,1.79499999996,1219572,164.25499999998,25585.6406906292,308.138000488281,47.6542243652344,4,"consensus","detected"
"1.4","afekta","neg","O-phospho-L-serine","[M - H]-","own",2218292.33400204,34.11099999996,36257.1953125,47.559,21.060229153483,8484.9482421875,1318.70583496094,5,"own","detected"
"1.4","afekta","neg","O-phosphoethanolamine","[M - H]-","consensus",1200459.40343576,1.79500000002,414629.90625,25.41700000002,1346.4630928781,774.952697753906,307.364498693848,4,"consensus","detected"
"1.4","afekta","neg","UDP-alpha-D-glucose","[M - H]-","own",3070505.29761964,9.57500000004,195178.765625,33.795,45.4807526694721,10252.48046875,4066.03396606445,5,"own","detected"
"1.4","afekta","neg","citric acid","[M - H]-","own",3459088.37451367,49.671,17390.9765625,52.94500000002,9.29744105164611,1145.02670288086,1747.35712432861,5,"own","detected"
"1.4","afekta","neg","creatine","[M - H]-","consensus",95915.564339304,4.78699999998,1588.99096679688,29.60599999998,356.136373075125,237.980522155762,3.7935199737549,5,"consensus","detected"
"1.4","afekta","neg","glutathione disulfide","[M - H]-","consensus",393244.836794075,31.119,10164.6865234375,40.37800000002,17.6637177896581,1755.4912109375,476.07165222168,5,"consensus","detected"
"1.4","afekta","neg","uridine","[M - H]-","consensus",NA,NA,NA,105.60799999998,0.253847376659601,386.312835693359,172.115028570557,5,"consensus","below_detection"
"1.5","afekta","neg","3-amino-L-alanine","[M - H]-","consensus",34415.7072750494,1.197,12859.271484375,23.99500000002,362.558154351024,211.771385192871,34.8840591430664,4,"consensus","detected"
"1.5","afekta","neg","D-arginine","[M - H]-","consensus",150999.862912337,11.96899999998,1239.25805664062,31.77400000002,11.2197825477919,276.502227783203,85.8087779113769,5,"consensus","detected"
"1.5","afekta","neg","L-alanine","[M - H]-","consensus",986011.888056568,1.79600000004,385399.84375,37.75900000002,5014.95388231021,276.163452148438,76.7950592041016,5,"consensus","detected"
"1.5","afekta","neg","L-aspartic acid","[M - H]-","consensus",318337.13442373,1.197,161250.9375,25.78999999998,11352.6620933514,219.08332824707,14.1845016479492,3,"consensus","detected"
"1.5","afekta","neg","L-glutamic acid","[M - H]-","own",366761.995002281,1.197,193149.265625,25.78999999998,3924.20809276637,255.862007141113,49.1547336578369,4,"consensus","detected"
"1.5","afekta","neg","L-glutamine","[M - H]-","own",469862.561968308,0.598999999980002,240216.0625,25.191,2138.72351279286,285.238754272461,112.18412399292,4,"own","detected"
"1.5","afekta","neg","L-serine","[M - H]-","consensus",NA,NA,NA,54.51499999998,0.0387913489121856,366.797760009766,1935.64323654175,5,"consensus","below_detection"
"1.5","afekta","neg","N-acetyl-L-alanine","[M - H]-","consensus",5183430.79988364,1.197,2159626.5,37.75900000002,32488.5280592774,288.809005737305,66.46462059021,5,"consensus","detected"
"1.5","afekta","neg","N-acetyl-L-tyrosine","[M - H]-","own",1586965.01739935,2.39300000004002,478756.75,133.509,7355.5263176783,258.595245361328,65.0528778076172,5,"own","detected"
"1.5","afekta","neg","alpha-D-glucose 1-phosphate","[M - H]-","own",1449591.59914625,4.18900000002,153348.578125,26.98699999998,195.9657846719,4877.34521484375,757.638549804688,5,"consensus","detected"
"1.5","afekta","neg","cysteic acid","[M - H]-","consensus",979113.48040063,1.197,438911.90625,25.78999999998,9088.94507255412,273.630737304688,48.2606366317749,4,"consensus","detected"
"1.5","afekta","neg","cytidine","[M - H]-","consensus",374363.530624311,5.985,9513.1328125,29.979,108.601386150238,290.558074951172,84.9213353942871,5,"consensus","detected"
"1.5","afekta","neg","sn-glycerol 3-phosphate","[M - H]-","consensus",1061522.4826451,28.12699999998,16986.134765625,41.94799999998,36.4567801493715,1907.21557617188,413.610832543945,5,"consensus","detected"
"1.6","afekta","neg","(6S)-5-formyltetrahydrofolic acid","[M - H]-","consensus",1840395.89773431,2.99199999996,458277.6875,166.953,2331.16353286447,515.956207275391,196.366202902222,5,"consensus","detected"
"1.6","afekta","neg","3-chloro-L-tyrosine","[M - H]-","consensus",933464.88920763,2.39400000000001,317951.46875,53.24899999998,13868.7954194894,252.242950439453,22.9074851989746,5,"consensus","detected"
"1.6","afekta","neg","D-serine","[M - H]-","consensus",681716.802420703,2.394,124834.65625,26.319,3183.56505703664,264.821891784668,39.1290368270874,4,"consensus","detected"
"1.6","afekta","neg","L-arabinitol","[M - H]-","own",890765.960735321,2.394,297821.3125,26.319,17186.0419578103,246.684814453125,17.3149017333984,5,"own","detected"
"1.6","afekta","neg","L-histidine","[M - H]-","consensus",795102.32838305,37.70200000002,997.408813476562,37.689,57.5953338096537,220.25,13.4934336181641,5,"consensus","detected"
"1.6","afekta","neg","L-methionine S-oxide","[M - H]-","consensus",186840.221888071,7.78000000002,1050.26342773438,31.70500000002,8.23525844454033,351.029418945312,84.9073545776367,5,"consensus","detected"
"1.6","afekta","neg","L-threonine","[M - H]-","consensus",1071241.249089,0.598999999980002,581146.875,25.122,11559.5468308302,255.111358642578,50.2521225219727,4,"consensus","detected"
"1.6","afekta","neg","N(alpha)-acetyl-L-arginine","[M - H]-","own",1994350.46286987,1.79500000002,842002.6875,27.516,17828.9745526787,277.140502929688,47.211102607727,4,"own","detected"
"2.1","afekta","neg","2'-deoxyguanosine","[M - H]-","consensus",1854053.07518622,25.134,1085.13122558594,55.60300000002,21.0136267547078,243.285530090332,40.0618943756104,4,"consensus","detected"
"2.1","afekta","neg","2,4-dihydroxypyrimidine-5-carboxylic acid","[M - H]-","consensus",5164373.85194962,2.99299999998,1327806.875,34.65799999998,4876.04587162118,508.875,272.207857543945,5,"consensus","detected"
"2.1","afekta","neg","3-hydroxybenzyl alcohol","[M - H]-","consensus",28011.7680762872,7.77999999996,827.801635742188,108.26599999998,11.1528573476891,261.058242797852,50.8159815261841,5,"consensus","detected"
"2.1","afekta","neg","5,6-dihydroxyindole","[M - H]-","consensus",NA,NA,NA,115.44700000002,2.42407328960832,263.598419189453,20.5858383178711,5,"consensus","below_detection"
"2.1","afekta","neg","5-aminoimidazole-4-carboxamide","[M - H]-","consensus",784868.692329749,0.598000000020001,381357.40625,25.083,5245.15758307789,283.053558349609,72.6526032165527,4,"consensus","detected"
"2.1","afekta","neg","5-methyl-2'-deoxycytidine","[M - H]-","consensus",644496.316295063,3.591,26956.6015625,32.26399999998,250.123148322648,431.359985351562,106.048727416992,4,"consensus","detected"
"2.1","afekta","neg","9H-xanthine","[M - H]-","consensus",NA,NA,NA,54.40600000002,2.97238924468761,240.076919555664,24.1252112457275,5,"consensus","below_detection"
"2.1","afekta","neg","Gly-Phe","[M - H]-","consensus",2168531.76802898,1.79500000002001,703885.3125,96.297,11839.9148189386,272.557495117188,59.4271804962158,5,"consensus","detected"
"2.1","afekta","neg","L-leucine","[M - H]-","consensus",NA,NA,NA,68.17000000002,-0.507393726010823,665.135375976562,738.240409851074,5,"consensus","below_detection"
"2.1","afekta","neg","L-phenylalanine","[M - H]-","consensus",NA,NA,NA,95.1,4.65338357421622,779.459655761719,556.590793609619,3,"consensus","below_detection"
"2.1","afekta","neg","dopamine","[M - H]-","consensus",2137558.42221994,3.58999999997999,45175.734375,32.862,1474.92791807424,259.531860351562,30.4531509399414,5,"consensus","detected"
"2.1","afekta","neg","ethylmalonic acid","[M - H]-","consensus",3586826.3551396,46.08,4522.5595703125,103.47799999998,17.3048660372069,479.978210449219,233.609514871216,4,"consensus","detected"
"2.1","afekta","neg","keto-phenylpyruvic acid","[M - H]-","consensus",191474.43742813,4.78800000000001,32303.02734375,177.68500000002,255.374653096649,456.544464111328,124.704948175049,5,"consensus","detected"
"2.1","afekta","neg","methylmalonic acid","[M - H]-","consensus",13967.5008448841,4.78800000000001,3025.80322265625,95.69899999998,6.97766951217407,611.471374511719,346.008340454102,5,"consensus","detected"
"2.1","afekta","neg","pyridoxamine","[M - H]-","consensus",17271.2801637194,0.598000000020001,7572.0634765625,24.48400000002,61.1548563576123,300.603576660156,118.902411566162,3,"consensus","detected"
"2.1","afekta","neg","vanillylmandelic acid","[M - H]-","consensus",6135751.76683515,1.79599999998,2278095.5,52.611,16234.841479473,382.765441894531,140.297811804199,5,"consensus","detected"
"2.10","afekta","neg","(5-hydroxyindol-3-yl)acetic acid","[M - H]-","consensus",1622493.64140599,1.197,692527.4375,159.10900000002,13204.8311492921,291.835647583008,52.4229044677734,5,"consensus","detected"
"2.10","afekta","neg","(S)-2-hydroxy-4-methylpentanoic acid","[M - H]-","consensus",11183372.636292,13.764,40248.43359375,190.82599999998,152.788212303891,632.055053710938,259.289495849609,5,"consensus","detected"
"2.10","afekta","neg","2-hydroxy-2-methylbutyric acid","[M - H]-","own",5053.01947372406,1.79599999998001,1698.61022949219,227.92900000002,13.6973970511879,373.297668457031,96.7565265197754,3,"consensus","detected"
"2.10","afekta","neg","4-hydroxy-L-proline","[M - H]-","consensus",746412.41099854,10.77200000004,3752.66162109375,32.838,83.6359845848039,249.066177368164,41.8910049438476,5,"consensus","detected"
"2.10","afekta","neg","7,9-dihydro-1H-purine-2,6,8(3H)-trione","[M - H]-","consensus",2790475.68130933,1.79500000002,1093054.375,29.247,4347.69693631006,572.661224365234,251.278258300781,4,"consensus","detected"
"2.10","afekta","neg","L-pipecolic acid","[M - H]-","consensus",54855.8933211782,0.598999999980002,30244.94921875,28.05,618.063186521326,302.570434570312,48.4454978668213,4,"consensus","detected"
"2.10","afekta","neg","N-isovalerylglycine","[M - H]-","consensus",15254802.813626,16.75600000002,103647.5,124.998,651.244995017407,449.213668823242,158.463077828979,5,"consensus","detected"
"2.10","afekta","neg","alpha-D-glucuronic acid","[M - H]-","consensus",334072.326891098,1.79600000004,142025.546875,26.25499999998,1728.79381085064,304.697189331055,81.9767220336914,4,"consensus","detected"
"2.10","afekta","neg","trans-urocanic acid","[M - H]-","own",1218988.34775831,11.96799999996,4023.05981445312,35.232,104.981811081066,296.85302734375,35.4938322052002,5,"consensus","detected"
"2.10","afekta","neg","uracil","[M - H]-","consensus",945991.5946846,1.197,413197.28125,30.444,14707.5187066866,242.168518066406,28.0778233886719,5,"consensus","detected"
"2.2","afekta","neg","2-oxobutanoic acid","[M - H]-","consensus",943.624825421331,NA,1185.91723632812,89.66800000002,5.33804413603547,368.68098449707,153.096570767212,4,"consensus","detected"
"2.2","afekta","neg","3,3',5-triiodo-L-thyronine","[M - H]-","consensus",1139149.0814472,14.961,3513.84106445312,299.721,126.827278878959,337.243576049805,25.0466423034668,5,"consensus","detected"
"2.2","afekta","neg","3-iodo-L-tyrosine","[M - H]-","consensus",792447.853518366,27.528,993.343383789062,121.98400000002,13.0864422760394,275.579391479492,54.8479087875366,5,"consensus","detected"
"2.2","afekta","neg","5-methoxysalicylic acid","[M - H]-","own",9327190.89320258,1.79500000002,3595957.5,251.247,7806.85988094111,1165.18493652344,460.46584284668,4,"own","detected"
"2.2","afekta","neg","5-oxo-L-proline","[M - H]-","consensus",7085022.97205381,1.79599999998,2465000.25,31.62,31982.5934293828,258.472366333008,77.0651005233765,5,"consensus","detected"
"2.2","afekta","neg","D-glucono-1,5-lactone","[M - H]-","consensus",7283.84164219871,NA,594.437133789062,40.596,7.35954796400838,226.654418945312,49.9735468322754,5,"consensus","detected"
"2.2","afekta","neg","L-methionine","[M - H]-","consensus",506978.906125952,0.598999999980002,256783.359375,30.423,7333.20797191686,261.21875,34.9808898925781,3,"consensus","detected"
"2.2","afekta","neg","N-acetyl-L-phenylalanine","[M - H]-","consensus",1074.71191700629,NA,1406.95141601562,257.829984375,7.19156166666376,425.747146606445,136.438275146484,2,"consensus","detected"
"2.2","afekta","neg","N-acetyl-L-proline","[M - H]-","own",2402236.53218289,8.37900000000001,261600.34375,69.321,7700.43187578811,232.668151855469,33.9419502456665,5,"own","detected"
"2.2","afekta","neg","alloxanthine","[M - H]-","consensus",6119451.55317283,5.38599999996,1182702.5,34.61200000002,10590.3038577239,282.75,111.65116373291,5,"consensus","detected"
"2.2","afekta","neg","biotin","[M - H]-","consensus",4516287.80133577,1.79599999998001,1970015.625,192.00199999998,32817.412482598,268.611709594727,60.0213991378784,4,"consensus","detected"
"2.2","afekta","neg","glutaric acid","[M - H]-","own",3913652.16936599,19.14999999996,25632.673828125,63.33700000002,330.159185489915,316.834838867188,76.6776758056641,5,"own","detected"
"2.2","afekta","neg","homovanillic acid","[M - H]-","consensus",246818.023769875,1.197,111015.2421875,185.41900000002,2478.90632235769,249.044998168945,44.6834945678711,4,"consensus","detected"
"2.2","afekta","neg","kynurenic acid","[M - H]-","consensus",3698225.77849895,1.79500000002,1215717.625,150.70900000002,3776.20949685286,653.402740478516,321.768223736572,5,"consensus","detected"
"2.2","afekta","neg","trans-3-coumaric acid","[M - H]-","own",639734.094150028,0.598999999979981,128614.625,227.90800000002,636.176317834996,472.308837890625,201.42578805542,3,"own","detected"
"2.3","afekta","neg","(R)-adrenaline","[M - H]-","consensus",983378.119300014,0.598999999979998,476924.03125,27.38500000002,11400.0175033792,251.45491027832,41.8133196899414,4,"consensus","detected"
"2.3","afekta","neg","(S)-mandelic acid","[M - H]-","consensus",4525582.24026563,2.39399999999998,1387218.625,136.30099999998,6970.13888970596,582.059509277344,198.939588928223,5,"consensus","detected"
"2.3","afekta","neg","2'-deoxyinosine","[M - H]-","own",1571554.87371918,1.79500000002,621929.5625,39.95200000002,13089.8225021482,245.540382385254,47.4936938232422,5,"own","detected"
"2.3","afekta","neg","2'-deoxyuridine","[M - H]-","consensus",2101079.04612377,2.39400000000001,644613.3125,36.96,11855.7433239639,262.70832824707,54.3492370376587,5,"consensus","detected"
"2.3","afekta","neg","2-hydroxy-3-methylbutyric acid","[M - H]-","consensus",6230446.09053755,47.87500000002,2061.5,117.75,10.3685766515519,492.55598449707,151.317202758789,5,"consensus","detected"
"2.3","afekta","neg","2-hydroxy-4-(methylthio)butanoic acid","[M - H]-","consensus",6436063.06141044,29.922,4207.2666015625,108.17500000002,31.6834974433861,448.877563476562,118.62292175293,5,"consensus","detected"
"2.3","afekta","neg","6-hydroxynicotinic acid","[M - H]-","own",2215793.92942763,1.197,1070653.25,41.748,31025.3263770883,278.199951171875,34.5000415802002,4,"own","detected"
"2.3","afekta","neg","L-isoglutamine","[M - H]-","consensus",403232.247863494,1.197,184504.484375,24.99100000002,1057.36238080316,338.228744506836,174.175154113769,4,"consensus","detected"
"2.3","afekta","neg","L-proline","[M - H]-","consensus",NA,NA,NA,42.945,0.968280846613023,351.090118408203,95.5222556854248,5,"consensus","below_detection"
"2.3","afekta","neg","N-acetyl-L-leucine","[M - H]-","consensus",14329243.0676262,16.158,17968.267578125,208.11400000002,193.934493758412,338.066619873047,90.9080206237793,5,"consensus","detected"
"2.3","afekta","neg","N-acetyl-L-tryptophan","[M - H]-","consensus",3743322.10334628,1.79499999996003,1692197.875,229.65799999998,29991.1518724599,312.730133056641,56.4128097534179,4,"consensus","detected"
"2.3","afekta","neg","N-acetylserotonin","[M - H]-","consensus",1236782.65744121,1.79500000002,522265.9375,175.79800000002,17439.402055591,282.142852783203,29.9312896728516,4,"consensus","detected"
"2.3","afekta","neg","gallic acid","[M - H]-","consensus",4988728.43032403,52.06400000004,2916.58764648438,72.867,22.6005302599213,379.428421020508,112.261048580933,4,"consensus","detected"
"2.3","afekta","neg","gamma-aminobutyric acid","[M - H]-","consensus",16328.3684979797,NA,1408.310546875,24.99100000002,90.4784915376674,220.024993896484,13.1333484100342,3,"consensus","detected"
"2.3","afekta","neg","imidazol-4-ylacetic acid","[M - H]-","own",18018.1355705951,1.79500000002,5408.2490234375,43.54300000002,53.3530354638639,333.203186035156,95.1219699737549,4,"consensus","detected"
"2.3","afekta","neg","pyruvic acid","[M - H]-","own",197202.216940076,1.197,76747.984375,28.58200000002,994.273767420474,437.066131591797,76.7504089355469,4,"consensus","detected"
"2.3","afekta","neg","taurocyamine","[M - H]-","consensus",2784813.73658711,1.197,1157556.75,26.18800000002,27569.9174456673,322.38020324707,41.9745315551758,5,"consensus","detected"
"2.3","afekta","neg","trans-3-hexenedioic acid","[M - H]-","consensus",299890.599414102,5.98399999998001,5386.56860351562,80.04799999998,148.635078918153,262.778182983398,34.4722824371338,4,"consensus","detected"
"2.4","afekta","neg","(S)-methylsuccinic acid","[M - H]-","consensus",3746646.95514464,28.12600000002,1791.08325195312,87.285,14.5624523137009,343.279846191406,99.4203019226074,3,"consensus","detected"
"2.4","afekta","neg","1-hexadecanoyl-sn-glycero-3-phosphocholine","[M + CH2O2 - H]-","consensus",5693258.31152462,1.79599999997998,1957733,445.158,7342.25493813343,1213.7490234375,266.473892211914,5,"consensus","detected"
"2.4","afekta","neg","2'-deoxyadenosine","[M - H]-","consensus",NA,NA,NA,NA,NA,NA,NA,0,"consensus","no_data"
"2.4","afekta","neg","4-guanidinobutanoic acid","[M - H]-","consensus",991832.356841024,6.58300000002,5128.43359375,32.82700000002,190.493843940481,233.23681640625,25.6974014282227,5,"consensus","detected"
"2.4","afekta","neg","5,6-dihydroxyindole-2-carboxylic acid","[M - H]-","consensus",2669109.58352318,23.33900781252,7447.4013671875,144.735,30.7471839258181,601.405151367188,222.654413891602,5,"consensus","detected"
"2.4","afekta","neg","5,6-dimethylbenzimidazole","[M - H]-","consensus",NA,NA,NA,217.14700000002,1.96734149930244,395.363754272461,147.055116027832,5,"consensus","below_detection"
"2.4","afekta","neg","L-tryptophanamide","[M - H]-","consensus",112576.630848408,2.99199999996,16884.056640625,78.90700000002,641.956361439926,261.5,25.8935928344727,4,"consensus","detected"
"2.4","afekta","neg","N-acetyl-alpha-D-galactosamine","[M - H]-","consensus",620787.966441119,7.78000000002,6597.57861328125,31.032,128.650046513847,280.920227050781,49.0995421875,5,"consensus","detected"
"2.4","afekta","neg","citraconic acid","[M - H]-","consensus",7110075.28741054,1.79500000002,2416032.75,44.19700000002,3501.24209510061,1456.66876220703,689.634140014648,5,"consensus","detected"
"2.4","afekta","neg","cortisol","[M - H]-","consensus",92555.4919422166,0.598000000020022,19050.115234375,285.369,414.771940948044,329.036285400391,45.1358375549316,4,"consensus","detected"
"2.4","afekta","neg","creatinine","[M - H]-","consensus",114117.174649683,NA,76053.1171875,25.047,697.291972520947,288.829238891602,108.655041122437,3,"consensus","detected"
"2.4","afekta","neg","phloretic acid","[M - H]-","consensus",316671.454810669,1.197,159161,200.38999999998,5424.34104371945,305.655883789062,29.2856483093262,4,"consensus","detected"
"2.5","afekta","neg","3-hydroxybenzoic acid","[M - H]-","consensus",4836278.6880178,4.18900000002003,148002.828125,178.005,1234.36786226369,443.727767944336,119.542240905762,4,"consensus","detected"
"2.5","afekta","neg","5-aminolevulinic acid","[M - H]-","consensus",816935.705562249,16.158,959.011962890625,37.371,17.0113098001012,285.349349975586,39.6008667663574,5,"consensus","detected"
"2.5","afekta","neg","5-hydroxymethyl-2-furoic acid","[M - H]-","consensus",1903442.21044629,10.77199999998,3935.67700195312,66.69499999998,106.399331155245,305.102935791016,34.1221512084961,5,"consensus","detected"
"2.5","afekta","neg","5-oxo-L-proline","[M - H]-","consensus",5415002.28427802,1.79600000004,1985678.5,31.38700000002,32174.2169031859,343.889190673828,61.7057632446289,4,"consensus","detected"
"2.5","afekta","neg","D-glyceric acid","[M - H]-","own",2810820.82243621,1.197,1146804.375,27.198,5278.60921475023,536.715850830078,217.153347125244,4,"own","detected"
"2.5","afekta","neg","D-ribofuranose","[M - H]-","consensus",304693.494495177,1.79500000002,99715.046875,27.198,2534.40466748704,263.657623291016,39.2405327087402,5,"consensus","detected"
"2.5","afekta","neg","N-acetyl-L-valine","[M - H]-","consensus",10415584.9118943,10.77199999998,17095.611328125,125.34199999998,151.076761882719,362.63117980957,110.758133413696,5,"consensus","detected"
"2.5","afekta","neg","N-carbamoyl-beta-alanine","[M - H]-","own",177513.817291533,1.197,94007.1484375,29.59099999998,443.409395563566,411.864364624023,211.080967181396,3,"own","detected"
"2.5","afekta","neg","Phenylglyoxal","[M - H]-","consensus",NA,NA,NA,NA,NA,NA,NA,0,"consensus","no_data"
"2.5","afekta","neg","cis-4-hydroxy-D-proline","[M - H]-","consensus",816935.705562249,1.79500000002,270271.59375,26.001,10152.082394784,299.775833129883,26.5927528381348,4,"consensus","detected"
"2.5","afekta","neg","hypoxanthine","[M - H]-","consensus",2181243.40760684,2.394,264419,31.98499999998,6154.58693463053,251.049423217773,42.9221251373291,4,"consensus","detected"
"2.5","afekta","neg","inosine","[M - H]-","consensus",3432266.23388957,3.59099999999999,787389.9375,36.77299999998,14631.7720987103,276.84375,53.7947890686035,5,"consensus","detected"
"2.5","afekta","neg","oxalic acid","[M - H]-","consensus",4664.54093344266,2.394,1683.8310546875,35.57599999998,8.62053507690466,448.649963378906,143.283575820923,5,"consensus","detected"
"2.5","afekta","neg","picolinic acid","[M - H]-","consensus",20321.3609784486,1.79499999996,1279.47424316406,28.99300000002,53.8048272754415,230.840728759766,19.4895805358887,5,"consensus","detected"
"2.5","afekta","neg","pyridoxal","[M - H]-","consensus",1170377.23306138,1.79499999996,225415.90625,29.59099999998,2506.05375228235,340.399993896484,89.812720916748,4,"consensus","detected"
"2.5","afekta","neg","xanthurenic acid","[M - H]-","own",NA,NA,NA,167.23300000002,3.62355696951765,8548.2978515625,4764.81998901367,5,"own","below_detection"
"2.6","afekta","neg","(S)-2-hydroxybutyric acid","[M - H]-","consensus",4650389.76259736,32.91399999996,2322.822265625,65.043,21.5200738992669,367.333480834961,90.8681259155273,5,"consensus","detected"
"2.6","afekta","neg","2-oxoglutaric acid","[M - H]-","own",1381135.1453853,1.79499999996,441903.46875,29.73499999998,1766.73534390662,783.289703369141,249.680961309814,4,"own","detected"
"2.6","afekta","neg","3-methyl-2-oxovaleric acid","[M - H]-","consensus",4444198.12338424,2.39400000000001,1261134.125,118.90300000002,6079.35110515566,481.027404785156,207.366390884399,5,"consensus","detected"
"2.6","afekta","neg","3-methyladipic acid","[M - H]-","own",5423180.08020231,1.79599999997998,2439291.25,169.17199999998,35709.7066160629,311.8447265625,68.3001804382324,4,"own","detected"
"2.6","afekta","neg","4-hydroxy-4-methyloxan-2-one","[M - H]-","consensus",NA,NA,NA,84.19300000002,0.23711028439458,610.914672851562,963.70975112915,5,"consensus","below_detection"
"2.6","afekta","neg","4-hydroxyphenylpyruvic acid","[M - H]-","own",879022.719661619,4.78800000000001,139723.515625,68.03500000002,929.73957369218,386.211929321289,149.867024743652,5,"own","detected"
"2.6","afekta","neg","5-aminopentanoic acid","[M - H]-","consensus",30015.3086185312,93.357,336.760406494141,151.21900000002,20.5393955312458,265.694030761719,3.46000327148437,5,"consensus","detected"
"2.6","afekta","neg","5-hydroxymethyluracil","[M - H]-","consensus",2131825.19480492,13.16600000004,405872.40625,40.50700000002,6635.89966947999,296.490142822266,61.1184521026611,5,"consensus","detected"
"2.6","afekta","neg","esculin","[M - H]-","consensus",4917141.5340215,1.79500000001997,1662019.625,146.43100000002,8911.95315613512,456.657958984375,186.442066955566,5,"consensus","detected"
"2.6","afekta","neg","glyceraldehyde","[M - H]-","consensus",2794.22941449921,0.59799999996001,1676.52233886719,60.25600000002,6.7377084632065,529.175262451172,170.28743269043,3,"consensus","detected"
"2.6","afekta","neg","guanine","[M - H]-","consensus",427533.192509059,1.197,205033.796875,27.34099999998,3260.52217388303,302.691146850586,62.7908950805664,4,"consensus","detected"
"2.6","afekta","neg","indole-3-butyric acid","[M - H]-","own",828402.061200239,1.197,367048.9375,303.222,5164.97828282379,400.594619750977,70.9873929382324,4,"own","detected"
"2.6","afekta","neg","isonicotinic acid","[M - H]-","consensus",1703914.85532396,2.99200000002,116515.46875,29.13700000002,2046.59880458911,297.419769287109,56.785945892334,4,"consensus","detected"
"2.6","afekta","neg","phenylacetylglycine","[M - H]-","own",7388477.93484187,1.197,3383351.5,188.322,101130.329470726,303.681915283203,33.452356338501,5,"own","detected"
"2.6","afekta","neg","xanthosine","[M - H]-","consensus",365697.976667659,87.372,835.168701171875,51.279,24.9097753061262,245.117645263672,23.6875302429199,5,"consensus","detected"
"2.7","afekta","neg","3,3-dimethylglutaric acid","[M - H]-","consensus",9977179.78597668,1.79499999996003,4146363,169.54399999998,27651.8865856626,480.439025878906,149.931273156738,4,"consensus","detected"
"2.7","afekta","neg","3,4,5-Trimethoxycinnamic acid","[M - H]-","consensus",1133893.36409183,1.19699999999995,438792.5,280.854,12272.138477247,336.712005615234,35.7277412414551,4,"consensus","detected"
"2.7","afekta","neg","3-hydroxyphenylacetic acid","[M - H]-","consensus",948462.634469213,16.158,1467.8186340332,191.088,63.5097945734192,263.045013427734,18.969886907959,3,"consensus","detected"
"2.7","afekta","neg","3-hydroxypropionic acid","[M - H]-","consensus",NA,NA,NA,4.37500000002,3.60105653884716,472.413040161133,206.186753823853,3,"consensus","below_detection"
"2.7","afekta","neg","4-acetamidobutanoic acid","[M - H]-","consensus",2912825.73663248,19.15000000002,3894.72387695312,48.65899999998,108.553223370147,274.292816162109,33.3516679504394,5,"consensus","detected"
"2.7","afekta","neg","4-pyridoxic acid","[M - H]-","consensus",6505896.0315422,6.58300000002,108590.1640625,45.069,430.238307733643,638.415435791016,250.911522024536,5,"consensus","detected"
"2.7","afekta","neg","6-methyladenine","[M - H]-","consensus",2468600.85377297,35.30799999996,1409.89562988281,64.81699999998,13.2793628295783,310.955215454102,82.7555078155518,4,"consensus","detected"
"2.7","afekta","neg","LMFA01170001","[M - H]-","consensus",503908.450854725,37.70199999996,1649.07141113281,52.24999999998,13.7225870848035,341.648162841797,95.2752742767334,5,"consensus","detected"
"2.7","afekta","neg","Methyl 3-aminopropanoate","[M - H]-","consensus",138016.384431362,1.79599999998,44870.42578125,40.87999999998,841.129466723417,253.736083984375,53.0437839385986,4,"consensus","detected"
"2.7","afekta","neg","N(4)-acetylcytosine","[M - H]-","consensus",840919.660054777,1.197,378523.9375,41.478,8693.47257528293,262.11198425293,43.5110161376953,5,"consensus","detected"
"2.7","afekta","neg","N-acetyl-L-isoleucine","[M - H]-","consensus",12451912.2970486,15.55900000002,6347.81298828125,203.655,63.567582546015,353.000396728516,94.3061282409668,5,"consensus","detected"
"2.7","afekta","neg","N-acetyl-beta-D-mannosamine","[M - H]-","consensus",320717.606934391,1.79500000002,98429.3671875,27.11599999998,5922.33970307881,275.66943359375,16.5734663452148,5,"consensus","detected"
"2.7","afekta","neg","O-propanoyl-L-carnitine","[M - H]-","consensus",38998.1125434161,57.45099999996,400.143920898438,88.15699999998,49.852850178415,244.26602935791,3.1267598739624,5,"consensus","detected"
"2.7","afekta","neg","melatonin","[M - H]-","consensus",NA,NA,NA,NA,NA,NA,NA,0,"consensus","no_data"
"2.7","afekta","neg","methyl (R)-lactate","[M - H]-","consensus",19525.4763611191,9.57499999998,1190.78881835938,43.872,25.0491777958936,267.474647521973,36.8600589752197,3,"consensus","detected"
"2.8","afekta","neg","2'-deoxycytidine","[M - H]-","own",481185.47401024,1.197,245934.53125,27.51100000002,4696.15262222742,260.326934814453,52.3139310150146,4,"own","detected"
"2.8","afekta","neg","3-hydroxyisovaleric acid","[M - H]-","consensus",13762.9026960922,7.78000000002001,1872.96118164062,95.733,8.70887429897797,429.207946777344,165.779546850586,3,"consensus","detected"
"2.8","afekta","neg","L-isoleucine","[M - H]-","consensus",NA,NA,NA,NA,NA,NA,NA,0,"consensus","no_data"
"2.8","afekta","neg","itaconic acid","[M - H]-","consensus",NA,NA,NA,102.91399999998,3.53249806262675,380.882614135742,147.010822296143,4,"consensus","below_detection"
"2.8","afekta","neg","thymidine","[M - H]-","own",1694887.47430184,2.99200000001999,461665.9375,53.244,5147.85589464827,326.513885498047,89.6177812774658,5,"consensus","detected"
"2.9","afekta","neg","(R)-noradrenaline","[M - H]-","consensus",596816.046390624,0.598999999979998,384552.59375,25.21300000002,3996.32093043515,377.527633666992,96.1321857788086,3,"consensus","detected"
"2.9","afekta","neg","(S)-lactic acid","[M - H]-","consensus",1047667.41983621,1.197,405434,70.695,1656.73970838228,618.993896484375,244.344361431885,5,"consensus","detected"
"2.9","afekta","neg","3-methylbutanal","[M - H]-","consensus",NA,NA,NA,193.37500000002,-5.40155651411235,286.580017089844,9.90253551635742,5,"consensus","below_detection"
"2.9","afekta","neg","D-leucine","[M - H]-","consensus",NA,NA,NA,NA,NA,NA,NA,0,"consensus","no_data"
"2.9","afekta","neg","D-proline","[M - H]-","consensus",86185.2367794897,1.197,39739.05078125,27.009,306.489321616625,301.231506347656,128.675997802734,4,"consensus","detected"
"2.9","afekta","neg","Gly-Pro","[M - H]-","own",637102.356789172,0.597999999959999,302326.46875,27.60700000002,8152.10519318277,269.200012207031,37.0526706390381,4,"own","detected"
"2.9","afekta","neg","N-acetyl-L-methionine","[M - H]-","consensus",7851170.18070361,8.97599999999998,29342.345703125,126.948,554.321913610326,288.642639160156,52.4130516052246,5,"consensus","detected"
"2.9","afekta","neg","dihydroorotic acid","[M - H]-","consensus",4999537.74772486,1.197,2220071.25,28.20499999998,46023.7937909756,254.920875549316,48.2319284500122,4,"consensus","detected"
"2.9","afekta","neg","fumaric acid","[M - H]-","consensus",2667101.14236336,23.937,3682.35009765625,45.55999999998,50.1799704965842,300.033660888672,67.403715133667,5,"consensus","detected"
"2.9","afekta","neg","homogentisic acid","[M - H]-","own",2956495.00170069,1.79600000004,1148835.25,61.71799999998,27726.2692628697,287.679718017578,41.4245263000488,5,"consensus","detected"
"2.9","afekta","neg","nicotinic acid","[M - H]-","consensus",339759.922627872,23.33899999998,989.270385742188,40.17400000002,17.8617553713002,257.890625,40.9466900390625,5,"consensus","detected"
"2.9","afekta","neg","propynoic acid","[M - H]-","own",NA,NA,NA,714.036,-0.07662811172838,13799.9013671875,5069.41841806641,5,"own","below_detection"
"2.9","afekta","neg","ritalinic acid","[M - H]-","consensus",607268.524932217,10.77199999998,1258.10308837891,201.15499999998,11.6611888366105,376.449951171875,75.6057679504394,5,"consensus","detected"
"2.9","afekta","neg","thymine","[M - H]-","consensus",1094987.72729941,1.79500000002,467484.03125,40.17400000002,11809.0581275227,260.266990661621,39.5648627700806,4,"consensus","detected"
"2.9","afekta","neg","vanillin","[M - H]-","own",896551.081038266,4.18899999996,25296.9453125,207.73699999998,558.152799211691,318.538452148438,44.7519154174805,5,"consensus","detected"
"3.1","afekta","neg","(3S,5R)-fluvastatin","[M - H]-","consensus",7821078.16521132,1.19699999999995,3013005.75,397.36999999998,21858.05164511,461.206115722656,137.823104858398,5,"consensus","detected"
"3.1","afekta","neg","2-Methylheptanoic acid","[M - H]-","consensus",NA,NA,NA,298.62199999998,2.10995695702914,319.667602539062,23.433422088623,5,"consensus","below_detection"
"3.1","afekta","neg","4-phenylbutyric acid","[M - H]-","consensus",174076.321816443,1.79500000002002,47117.86328125,311.19,1037.85036235037,337.754776000977,45.074039767456,5,"consensus","detected"
"3.1","afekta","neg","L-thyroxine","[M - H]-","consensus",1497711.11521704,1.79499999996,621456.875,317.77300000002,7882.67724441471,401.415008544922,78.7873765136719,5,"consensus","detected"
"3.1","afekta","neg","lithocholic acid","[M - H]-","consensus",NA,NA,NA,504.49099999998,2.72154849146729,2443.52709960938,2336.81815185547,5,"consensus","below_detection"
"3.1","afekta","neg","taurochenodeoxycholic acid","[M - H]-","consensus",27496996.4655808,8.97700000001998,5433983.5,341.71000000002,13488.0667502872,1252.6787109375,402.780540893555,4,"consensus","detected"
"3.1","afekta","neg","taurodeoxycholic acid","[M - H]-","consensus",27496996.4655808,8.97700000001998,5433983.5,341.71000000002,13142.8125726428,1265.83947753906,413.360354223633,4,"consensus","detected"
"3.1","afekta","neg","undecanedioic acid","[M - H]-","consensus",10575961.5670936,1.19599999997996,4853813,303.40999999998,102049.660913239,370.281921386719,47.5596163146973,5,"consensus","detected"
"3.2","afekta","neg","cholic acid","[M - H]-","consensus",5920234.90572097,1.79499999995994,2366158.5,359.08699999998,47682.5841400994,377.381118774414,49.6152035705566,5,"consensus","detected"
"3.2","afekta","neg","hexadecanedioic acid","[M - H]-","consensus",6618356.22089965,1.197,3203069.75,423.12700000002,13725.0396282573,712.408142089844,233.322265625,4,"consensus","detected"
"3.2","afekta","neg","hexadecanoic acid","[M - H]-","consensus",28744.0785514625,1.19600000003993,10547.7646484375,573.342,289.358158810815,367.892868041992,35.1808700408936,4,"consensus","detected"
"3.2","afekta","neg","taurocholic acid","[M - H]-","consensus",9341799.50465756,1.79500000001997,3912850.25,303.432,23066.4313438711,439.975448608398,169.614892578125,4,"consensus","detected"
"3.2","afekta","neg","tauroursodeoxycholic acid","[M - H]-","consensus",10626510.0341745,1.197,4547100.5,302.23600000002,10046.1325614867,922.764587402344,452.530136108398,5,"consensus","detected"
"3.3","afekta","neg","(S)-lipoic acid","[M - H]-","consensus",819532.291486859,13.764,1342.87048339844,327.20800000002,10.4662631021084,427.039031982422,87.5031940704346,5,"consensus","detected"
"3.3","afekta","neg","2-hydroxyoctanoic acid","[M - H]-","consensus",26340.6829697747,NA,9594.126953125,452.88499999998,36.8358359185461,907.395874023438,235.822830200195,5,"consensus","detected"
"3.3","afekta","neg","5-phenylpentanoic acid","[M - H]-","consensus",80931.9454061913,1.197,40119.65625,340.97200000002,1127.87492364603,410.222229003906,35.2073028564453,4,"consensus","detected"
"3.3","afekta","neg","estriol","[M - H]-","consensus",19455.66483844,1.197,2392.39282226562,269.15899999998,79.9195100003121,314.100616455078,26.0048166687012,4,"consensus","detected"
"3.3","afekta","neg","undecanoic acid","[M - H]-","consensus",43535.4640231504,1.197,25471.984375,452.88499999998,74.0466600170618,616.305038452148,335.675901260376,4,"consensus","detected"
"1.1","afekta","pos","5-hydroxy-L-tryptophan","[M + H]+","own",6840161.6087051,1.197,3101239,43.49899999998,20048.337780733,381.627792358398,154.66905067749,4,"own","detected"
"1.1","afekta","pos","D-alpha-aminobutyric acid","[M + H]+","consensus",NA,NA,NA,82.99600000002,-0.827056560747366,783.896148681641,617.546826934814,5,"consensus","below_detection"
"1.1","afekta","pos","L-citrulline","[M + H]+","own",4613318.43173282,1.79500000002,1977732.75,26.14399999998,18252.3435311364,314.02392578125,108.337799072266,4,"own","detected"
"1.1","afekta","pos","L-citrulline","[M + Na]+","consensus",838062.377164807,13.764,1811.35961914062,31.53,60.0050123587985,219.945106506348,26.5213596343994,3,"consensus","detected"
"1.1","afekta","pos","L-homoserine","[M + H]+","consensus",4159627.65317072,2.99199999996,332790.90625,27.34099999998,2219.74012620328,352.036285400391,149.764770227051,4,"consensus","detected"
"1.1","afekta","pos","L-homoserine","[M + Na]+","consensus",95505.8553823229,44.28500000004,645.000244140625,47.688,24.2942677693626,181.183601379395,19.091608241272,4,"consensus","detected"
"1.1","afekta","pos","L-lysine","[M + H]+","consensus",3530372.8141411,1.79499999996,1378193.625,23.74999999998,16796.9142856343,329.8525390625,82.0307676177978,4,"consensus","detected"
"1.1","afekta","pos","L-lysine","[M + Na]+","consensus",191363.32588674,1.197,101500.265625,24.34900000002,2138.40191639586,238.916046142578,47.3537499206543,3,"consensus","detected"
"1.1","afekta","pos","L-valine","[M + H]+","own",17026695.5510201,8.97700000002001,102251.7265625,34.52200000002,24.7479884213866,47651.818359375,2206.2362109375,5,"consensus","detected"
"1.1","afekta","pos","N(6)-acetyl-L-lysine","[M + H]+","own",16034907.8664455,1.79500000002,6742243,27.939,44503.9841053503,328.261489868164,151.490139007568,4,"own","detected"
"1.1","afekta","pos","N(6)-acetyl-L-lysine","[M + Na]+","consensus",107972.180141586,4.788,2445.19262695312,30.93100000002,23.4899261859867,293.917587280273,91.5828778106689,5,"consensus","detected"
"1.1","afekta","pos","N-acetyl-L-cysteine","[M + H]+","consensus",NA,NA,NA,82.39699999998,2.63880783494387,489.720443725586,371.507649230957,4,"consensus","below_detection"
"1.1","afekta","pos","N-alpha-acetyl-L-asparagine","[M + H]+","own",1502320.78509195,1.79500000002,678189.375,27.939,11286.6121940554,279.518753051758,60.0631832290649,4,"consensus","detected"
"1.1","afekta","pos","O(4)-phospho-L-tyrosine","[M + H]+","consensus",2124490.45027712,14.36299999998,73132.0390625,35.71900000002,59.5366648857904,6748.65771484375,1115,5,"consensus","detected"
"1.1","afekta","pos","alpha-D-glucosamine 6-phosphate","[M + H]+","consensus",661665.006773525,6.58300000002,37072.78515625,27.939,170.747867227123,703.087036132812,213.002356695557,5,"consensus","detected"
"1.1","afekta","pos","alpha-D-glucosamine 6-phosphate","[M + K]+","consensus",661665.006773525,6.58300000002,37072.78515625,27.939,170.747867227123,703.087036132812,213.002356695557,5,"consensus","detected"
"1.1","afekta","pos","alpha-D-glucosamine 6-phosphate","[M + Na]+","consensus",134925.07719109,8.37800000004,581.296325683594,27.939,9.5079914449817,254.005004882812,34.4227613891602,5,"consensus","detected"
"1.1","afekta","pos","carnosine","[M + H]+","consensus",2285513.00041476,2.39299999998,718372.1875,23.74999999998,9985.0895136991,322.53076171875,71.912190246582,4,"consensus","detected"
"1.1","afekta","pos","glutathione","[M + H]+","consensus",2391480.36334868,1.197,990555.875,30.333,3433.55645001505,601.260864257812,288.317558935547,4,"consensus","detected"
"1.1","afekta","pos","glutathione","[M + K]+","consensus",21549.5035837324,1.79599999998,3955.71557617188,31.53,88.8703005922571,254.23681640625,41.6503458984375,4,"consensus","detected"
"1.1","afekta","pos","guanosine 5'-monophosphate","[M + H]+","consensus",1787876.65821181,31.71700000002,28939.072265625,45.89200000002,23.8141847090655,5750.84130859375,973.715087890625,5,"consensus","detected"
"1.1","afekta","pos","homocystine","[M + H]+","consensus",1762636.69836279,1.197,718855.375,26.742,11698.9202808742,285.822814941406,61.4218692779541,4,"consensus","detected"
"1.1","afekta","pos","sarcosine","[M + H]+","consensus",NA,NA,NA,74.61700000002,0.214494509584028,423.985702514648,365.078611755371,5,"consensus","below_detection"
"1.2","afekta","pos","(2R)-2-acetamidopropanoic acid","[M + H]+","consensus",NA,NA,NA,58.992,2.23394280518223,345.320617675781,51.4267825927734,5,"consensus","below_detection"
"1.2","afekta","pos","Acetylcarnosine","[M + H]+","consensus",14709387.6051716,1.197,6007367.5,27.27499999998,39767.452147361,520.446411132812,151.049331280518,4,"consensus","detected"
"1.2","afekta","pos","D-erythronic acid","[M + Na]+","consensus",115270.596346717,10.77199999998,10065.421875,36.25099999998,12.3547494322655,1313.1953125,708.409879980469,2,"consensus","detected"
"1.2","afekta","pos","L-alpha-aminobutyric acid","[M + H]+","consensus",573527.073625191,1.197,236009.078125,27.873,1162.61491678729,378.143524169922,202.6732421875,3,"consensus","detected"
"1.2","afekta","pos","L-homocitrulline","[M + H]+","consensus",5470295.49904417,0.598000000019997,2749245.75,26.07799999998,39765.2365499498,342.711303710938,69.1282958984375,4,"consensus","detected"
"1.2","afekta","pos","L-homocitrulline","[M + Na]+","consensus",314079.75378954,NA,299116.59375,25.479,1062.70293966753,350.164459228516,281.138235473633,2,"consensus","detected"
"1.2","afekta","pos","L-tryptophan","[M + H]+","consensus",11801165.9158656,52.06399999998,3647.69384765625,134.39500000002,11.5759746804405,661.926208496094,257.927969055176,5,"consensus","detected"
"1.2","afekta","pos","N(4)-acetylcytidine","[M + H]+","consensus",NA,NA,NA,108.663,1.92567134349624,727.75,542.075625,2,"consensus","below_detection"
"1.2","afekta","pos","N(4)-acetylcytidine","[M + K]+","consensus",136589.711788412,47.87500000002,2466.54278564453,91.308,7.14677002151115,547.556457519531,268.510994805908,4,"consensus","detected"
"1.2","afekta","pos","N(4)-acetylcytidine","[M + Na]+","consensus",NA,NA,NA,NA,NA,NA,NA,0,"consensus","no_data"
"1.2","afekta","pos","N-acetyl-L-aspartic acid","[M + H]+","consensus",1004404.81143898,1.79599999998,361872.375,31.464,2892.21688608576,342.662673950195,125.000899505615,4,"consensus","detected"
"1.2","afekta","pos","N-acetyl-L-glutamine","[M + H]+","own",3263264.24158945,1.79500000002,1358710.125,29.66800000002,15281.0450413465,300.793258666992,88.895054498291,4,"own","detected"
"1.2","afekta","pos","N-acetyl-L-glutamine","[M + Na]+","own",549112.968122301,2.99200000002,159045.359375,30.267,1710.80473576455,304.246383666992,92.787393951416,5,"own","detected"
"1.2","afekta","pos","N-acetylglycine","[M + H]+","consensus",217357.343756977,2.394,55901.2109375,30.86500000002,2346.25024817432,241.004028320312,23.7230478515625,5,"consensus","detected"
"1.2","afekta","pos","N-carbamoylglutamic acid","[M + H]+","consensus",1794073.98656483,1.79599999998,740281.6875,30.267,2874.75370415056,469.595993041992,257.347991390991,4,"consensus","detected"
"1.2","afekta","pos","N-carbamoylglutamic acid","[M + Na]+","consensus",77907.6217066892,1.79500000002,20138.14453125,30.86500000002,237.642319839883,295.363647460938,83.4985153198242,5,"consensus","detected"
"1.2","afekta","pos","folic acid","[M + H]+","consensus",23637.6834799676,0.598999999979981,1345.25061035156,176.88499999998,285.794825259811,205.631866455078,3.98754156188965,5,"consensus","detected"
"1.2","afekta","pos","folic acid","[M + K]+","consensus",23637.6834799676,0.598999999979981,1345.25061035156,176.88499999998,285.794825259811,205.631866455078,3.98754156188965,5,"consensus","detected"
"1.2","afekta","pos","folic acid","[M + Na]+","consensus",25176.3301691424,1.197,4462.24353027344,176.88499999998,90.4911523025681,241.875,46.638466003418,5,"consensus","detected"
"1.2","afekta","pos","kynurenine","[M + H]+","own",7388187.27212382,1.79599999998,2695110.25,54.80299999998,18101.1632608736,533.871551513672,148.862055969238,5,"own","detected"
"1.2","afekta","pos","kynurenine","[M + Na]+","consensus",45775.6494726414,30.52099999998,5901.8271484375,54.80299999998,71.395169341311,213.113632202148,79.6792495727539,5,"consensus","detected"
"1.3","afekta","pos","2-aminoisobutyric acid","[M + H]+","consensus",106373.22304646,4.788,25508.96484375,28.33300000002,157.362013216368,309.015625,160.139977264404,5,"consensus","detected"
"1.3","afekta","pos","D-alanine","[M + H]+","consensus",44464.6502726882,0.599000000040004,4627.068359375,25.33999999998,90.4256073413436,230.005058288574,48.6263065338135,4,"consensus","detected"
"1.3","afekta","pos","D-asparagine","[M + H]+","own",850855.584870644,1.197,352814.28125,25.33999999998,11137.4554872732,247.723823547363,31.6559341430664,4,"own","detected"
"1.3","afekta","pos","D-asparagine","[M + Na]+","consensus",NA,NA,NA,47.48299999998,1.19010151443749,249.019165039062,54.7733287811279,5,"consensus","below_detection"
"1.3","afekta","pos","L-arginine","[M + H]+","consensus",6221303.84708081,16.75699999998,7241.0859375,37.30900000002,70.0165891260382,344.627014160156,98.4974990844726,5,"consensus","detected"
"1.3","afekta","pos","L-arginine","[M + Na]+","consensus",NA,NA,NA,NA,NA,NA,NA,0,"consensus","no_data"
"1.3","afekta","pos","L-cysteine","[M + H]+","consensus",45625.9992067012,21.54399999996,5552.14111328125,25.33999999998,130.652201728703,253.112808227539,40.5582778930664,5,"consensus","detected"
"1.3","afekta","pos","L-dopa","[M + H]+","consensus",2064513.12741487,1.79499999996001,979213.5,30.12799999998,29554.3936097082,255.023811340332,33.1239574432373,4,"consensus","detected"
"1.3","afekta","pos","L-ornithine","[M + H]+","consensus",780647.119340706,1.79500000002,269248.75,23.54500000002,8821.35187898947,238.75,30.4953258514404,4,"consensus","detected"
"1.3","afekta","pos","L-ornithine","[M + Na]+","consensus",70314.9124807624,1.197,19846.787109375,24.74200000002,904.86915701435,237.694190979004,21.6706390823364,4,"consensus","detected"
"1.3","afekta","pos","N(2)-acetyl-L-lysine","[M + H]+","own",16203089.011105,1.79499999996,6109886,26.53699999998,39229.1230279365,480.495880126953,155.736479241943,4,"own","detected"
"1.3","afekta","pos","N(2)-acetyl-L-lysine","[M + Na]+","consensus",133515.622798389,1.79499999996,20803.48828125,26.53699999998,791.469640519349,261.561370849609,25.9541564941406,4,"consensus","detected"
"1.3","afekta","pos","N-acetyl-L-glutamic acid","[M + H]+","consensus",4287355.06140543,28.12699999998,3206.60144042969,57.05800000002,34.0850982340772,271.026580810547,86.1248760223389,4,"consensus","detected"
"1.3","afekta","pos","N-acetyl-beta-neuraminic acid","[M + Na]+","consensus",227294.51684918,8.37799999998001,1065.48303222656,33.12,10.1350999597935,323.132354736328,73.2455210540771,5,"consensus","detected"
"1.3","afekta","pos","N-carbamoylaspartic acid","[M + H]+","consensus",1553986.64168748,1.79600000004,599837.5625,28.33300000002,3367.94054664929,512.521667480469,177.950006103516,4,"consensus","detected"
"1.3","afekta","pos","UDP","[M + H]+","consensus",388973.652050624,32.316,11126.642578125,43.29400000002,27.1188105375059,1337.63479614258,360.967446136475,5,"consensus","detected"
"1.3","afekta","pos","guanosine","[M + H]+","consensus",8480153.27600555,34.11100000002,3376.51867675781,59.45200000002,28.9547878937559,320.042755126953,105.560293960571,5,"consensus","detected"
"1.3","afekta","pos","guanosine","[M + Na]+","consensus",NA,NA,NA,59.45200000002,0.728562212762368,283.339279174805,330.218347549438,5,"consensus","below_detection"
"1.3","afekta","pos","isocitric acid","[M + Na]+","consensus",28220.052578217,17.95300000002,628.125,45.687,12.8375686310057,228,31.1682851715088,5,"consensus","detected"
"1.3","afekta","pos","thiamine(1+) diphosphate","[M + H]+","own",796075.870715096,13.16499999996,33199.16796875,34.317,35.2831193600846,6434.76196289062,758.561218261719,5,"own","detected"
"1.4","afekta","pos","2'-deoxyadenosine 5'-monophosphate","[M + H]+","consensus",1821026.55392763,1.79499999996,524789.0625,29.385,1655.40990269406,601.680786132812,316.651109106445,5,"consensus","detected"
"1.4","afekta","pos","2'-deoxyguanosine 5'-monophosphate","[M + H]+","own",2211122.75592649,14.36199999996,64594.36328125,36.567,78.2754033586818,4210.00634765625,771.434631347656,5,"own","detected"
"1.4","afekta","pos","2'-deoxyguanosine 5'-monophosphate","[M + Na]+","consensus",35455.9814647685,2.99299804686,3393.37121582031,31.18099999998,101.561076526586,221.173080444336,31.2343886444092,3,"consensus","detected"
"1.4","afekta","pos","D-arabinitol","[M + H]+","consensus",NA,NA,NA,NA,NA,NA,NA,0,"consensus","no_data"
"1.4","afekta","pos","D-arabinitol","[M + Na]+","consensus",347220.020023792,1.197,159350.046875,25.79500000002,7225.34192332634,214.255699157715,22.0246727233887,4,"consensus","detected"
"1.4","afekta","pos","D-lysine","[M + H]+","consensus",2698533.27194018,1.197,1041711.5,23.40100000002,12875.7694628284,264.972717285156,80.8842166900634,4,"consensus","detected"
"1.4","afekta","pos","D-lysine","[M + Na]+","consensus",132050.106151232,0.598000000020001,70063.2734375,24,1647.96447871144,211.059204101562,42.3869659423828,3,"consensus","detected"
"1.4","afekta","pos","L-homoarginine","[M + H]+","consensus",5140936.10964602,15.55900000002,8095.71142578125,37.16500000002,79.0454360054985,324.199996948242,98.3170164093018,5,"consensus","detected"
"1.4","afekta","pos","L-homoarginine","[M + Na]+","consensus",156585.047787358,19.74799999998,667.299072265625,41.95300000002,8.74520740446081,242.95841217041,48.5226525192261,5,"consensus","detected"
"1.4","afekta","pos","N(2)-phenylacetyl-L-glutamine","[M + H]+","consensus",87740.9109733055,0.599000000040007,3087.654296875,177.79900000002,570.548769883072,224.625,5.01802728881836,2,"consensus","detected"
"1.4","afekta","pos","N(2)-phenylacetyl-L-glutamine","[M + K]+","consensus",9075922.80948106,1.79600000003998,3797683.25,177.79900000002,69081.5403136489,241.832443237305,54.9704219146728,4,"consensus","detected"
"1.4","afekta","pos","N(2)-phenylacetyl-L-glutamine","[M + Na]+","consensus",545698.332989377,1.79600000003998,217459.703125,177.79900000002,3896.14705698823,237.020095825195,55.7532043457031,4,"consensus","detected"
"1.4","afekta","pos","N-acetyl-L-serine","[M + H]+","consensus",341133.882895084,0.597999999959999,162224.125,28.18900000002,2753.3191756469,306.12744140625,58.8082918212891,4,"consensus","detected"
"1.4","afekta","pos","N-acetyl-L-serine","[M + K]+","own",2765810.41702726,8.37800000004,174967.921875,29.385,101.020423077566,7723.794921875,1655.54767895508,5,"consensus","detected"
"1.4","afekta","pos","N-benzoylglycine","[M + H]+","consensus",2248032.85549933,1.79500000002,976345.1875,168.822,26005.806911787,231.115570068359,37.5344658691406,4,"consensus","detected"
"1.4","afekta","pos","N-benzoylglycine","[M + Na]+","consensus",62216.1212438442,1.79500000002,26893.23046875,168.822,1687.63341823347,238.160720825195,15.7943481445313,4,"consensus","detected"
"1.4","afekta","pos","O-phospho-L-serine","[M + H]+","consensus",2722640.75106902,36.50499999996,34965.40625,49.73200000002,11.029437802406,7821.55590820312,2461.03662109375,5,"consensus","detected"
"1.4","afekta","pos","O-phosphoethanolamine","[M + Na]+","consensus",177577.989618685,1.197,100576.9921875,25.19599999998,1443.60184451938,311.396865844727,69.4551587768555,3,"consensus","detected"
"1.4","afekta","pos","citric acid","[M + H]+","consensus",63858.0079791905,35.30800000002,1974.93884277344,41.95300000002,34.6619556184773,282.440490722656,48.8287034545898,4,"consensus","detected"
"1.4","afekta","pos","creatine","[M + H]+","consensus",8945701.17182512,5.98399999998,187889.484375,29.385,2189.35473606906,302.231094360352,85.6815253326416,5,"consensus","detected"
"1.4","afekta","pos","creatine","[M + Na]+","consensus",67143.2453938739,5.38599999996,1030.85656738281,29.98399999998,37.2210378485806,272.767425537109,20.3672220245361,5,"consensus","detected"
"1.4","afekta","pos","glutathione disulfide","[M + H]+","consensus",537757.371979718,11.96900000004,11669.7275390625,40.15699999998,47.485713715417,545.412231445312,234.266570663452,5,"consensus","detected"
"1.4","afekta","pos","glycine","[M + H]+","consensus",NA,NA,NA,NA,NA,NA,NA,0,"consensus","no_data"
"1.4","afekta","pos","uridine","[M + H]+","consensus",NA,NA,NA,104.78899999998,3.12599690237542,264,107.728875732422,5,"consensus","below_detection"
"1.4","afekta","pos","uridine","[M + Na]+","consensus",NA,NA,NA,78.45799999998,-0.357499049454057,307.789352416992,74.0030188934326,5,"consensus","below_detection"
"1.5","afekta","pos","(2R)-2-amino-3-methoxypropanoic acid","[M + H]+","own",4666882.45492545,1.197,1988824.125,26.52,16318.6759074884,327.571548461914,121.854037957764,5,"own","detected"
"1.5","afekta","pos","3-amino-L-alanine","[M + H]+","consensus",294950.773216906,1.197,120883.0390625,23.52700000002,2526.54711191324,236.636367797852,47.7514953613281,4,"consensus","detected"
"1.5","afekta","pos","3-amino-L-alanine","[M + Na]+","consensus",50302.6035405708,0.598000000019997,14928.939453125,24.126,493.382509786411,220.059204101562,29.8123260498047,3,"consensus","detected"
"1.5","afekta","pos","D-arginine","[M + H]+","consensus",3283898.90493213,10.17400195308,12578.4296875,31.30699999998,86.6492991738691,324.088973999023,141.424579660034,5,"consensus","detected"
"1.5","afekta","pos","D-arginine","[M + Na]+","consensus",106753.096811191,14.36200000002,446.125,37.29100000002,6.34379080682507,210.690528869629,37.1125843048096,5,"consensus","detected"
"1.5","afekta","pos","L-alanine","[M + H]+","consensus",1934669.14827862,1.79500000002,722924.5,38.48800000002,17213.531183755,259.510215759277,41.9823789825439,5,"consensus","detected"
"1.5","afekta","pos","L-cystine","[M + H]+","consensus",216676.376162602,1.79500000002,74128.8828125,25.323,558.549523951866,239.876441955566,132.287296295166,5,"consensus","detected"
"1.5","afekta","pos","L-glutamic acid","[M + H]+","consensus",1062342.13369085,1.197,406969.90625,25.92100000002,5812.13332556102,261.311676025391,69.975785446167,5,"consensus","detected"
"1.5","afekta","pos","L-glutamine","[M + H]+","consensus",1739512.26301961,1.79599999998,752201.3125,25.323,13708.0150468702,238.209838867188,54.855724923706,4,"consensus","detected"
"1.5","afekta","pos","L-glutamine","[M + Na]+","consensus",1739512.26301961,1.79599999998,752201.3125,25.323,13708.0150468702,238.209838867188,54.855724923706,4,"consensus","detected"
"1.5","afekta","pos","L-serine","[M + H]+","consensus",1046002.83419928,27.528,45026.5703125,51.05599999998,1258.26387622697,216.024993896484,35.6129951477051,5,"consensus","detected"
"1.5","afekta","pos","N,N,N-trimethylglycinium","[M + H]+","own",NA,NA,NA,397.557,2.87135279464808,33654.75,1771.9380859375,5,"own","below_detection"
"1.5","afekta","pos","N-acetyl-L-alanine","[M + H]+","own",3974578.17159642,1.79500000002,1560823.375,38.48800000002,24939.4363162582,278.717666625977,62.5733732528686,5,"own","detected"
"1.5","afekta","pos","N-acetyl-L-alanine","[M + Na]+","consensus",161192.46008903,2.39400000000001,48636.15234375,38.48800000002,988.3692179389,217.059204101562,48.9888720336914,5,"consensus","detected"
"1.5","afekta","pos","N-acetyl-L-tyrosine","[M + H]+","consensus",1909691.21381534,2.39399999999998,681012.25,142.617,34963.9894981509,223.31867980957,19.4711456298828,5,"consensus","detected"
"1.5","afekta","pos","alpha-D-glucose 1-phosphate","[M + Na]+","consensus",36276.4234619956,0.598000000020001,10482.7939453125,25.92100000002,338.195019249961,298.0625,30.1149658203125,5,"consensus","detected"
"1.5","afekta","pos","cysteic acid","[M + H]+","consensus",230821.842109539,2.99199999996,64525.84375,25.92100000002,1928.11969750933,291.072662353516,33.3147216796875,5,"consensus","detected"
"1.5","afekta","pos","cysteic acid","[M + K]+","consensus",106838.637431615,1.197,37646.8125,25.323,1204.03390308659,230.164474487305,31.0760751251221,3,"consensus","detected"
"1.5","afekta","pos","cytidine","[M + H]+","consensus",2191408.96622335,5.38600000002,45108.37109375,30.10999999998,422.608054241222,317.254028320312,105.987372024536,5,"consensus","detected"
"1.6","afekta","pos","(6S)-5-formyltetrahydrofolic acid","[M + H]+","consensus",30621.8564285219,NA,1876.70245361328,169.40200000002,35.4342445544576,208.125,47.0894038970947,3,"consensus","detected"
"1.6","afekta","pos","(6S)-5-formyltetrahydrofolic acid","[M + K]+","consensus",30621.8564285219,NA,1876.70245361328,169.40200000002,35.4342445544576,208.125,47.0894038970947,3,"consensus","detected"
"1.6","afekta","pos","(6S)-5-formyltetrahydrofolic acid","[M + Na]+","consensus",30621.8564285219,NA,1876.70245361328,169.40200000002,35.4342445544576,208.125,47.0894038970947,3,"consensus","detected"
"1.6","afekta","pos","3-chloro-L-tyrosine","[M + H]+","consensus",4052543.38293567,2.39400000000001,1369488.25,55.698,15740.4216318821,293.269256591797,86.9859151657104,5,"consensus","detected"
"1.6","afekta","pos","D-serine","[M + H]+","consensus",1604073.62404088,1.79599999998,653777.75,25.776,12270.0549359549,235.066177368164,53.26322394104,4,"consensus","detected"
"1.6","afekta","pos","L-arabinitol","[M + H]+","consensus",203792.959935031,1.197,78034.140625,26.37499999998,838.377451854431,307.907501220703,92.7103096008301,5,"consensus","detected"
"1.6","afekta","pos","L-arabinitol","[M + Na]+","consensus",469141.177983225,0.598000000019997,299532.03125,25.776,5800.97874562103,192.08332824707,51.601628112793,3,"consensus","detected"
"1.6","afekta","pos","L-histidine","[M + H]+","consensus",9514944.63362756,21.54399999996,6975.0400390625,35.95000000002,50.9341014380106,299.940567016602,131.053641540527,5,"consensus","detected"
"1.6","afekta","pos","L-histidine","[M + Na]+","consensus",502762.551167744,27.528,474.125,50.31199999998,12.1223277304614,223.403411865234,20.6826274383545,5,"consensus","detected"
"1.6","afekta","pos","L-methionine S-oxide","[M + H]+","own",1259582.42641834,10.77200000004,3638.93530273438,32.958,57.1011835018933,229.288116455078,59.7123733200073,5,"consensus","detected"
"1.6","afekta","pos","L-threonine","[M + H]+","own",6422313.27619228,1.197,3147630.5,25.776,44053.5171053997,312.89143371582,71.443049621582,4,"own","detected"
"1.6","afekta","pos","N(alpha)-acetyl-L-arginine","[M + H]+","consensus",20603001.0800173,2.394,4076889.25,28.76899999998,14182.1435851948,696.735534667969,287.417236328125,4,"consensus","detected"
"2.1","afekta","pos","2'-deoxyguanosine","[M + H]+","consensus",2849484.53392547,37.701,2898.21533203125,53.86300000002,34.0461895127467,264.057876586914,77.3701108154297,5,"consensus","detected"
"2.1","afekta","pos","2'-deoxyguanosine","[M + Na]+","consensus",2849484.53392547,37.701,2898.21533203125,53.86300000002,34.0461895127467,264.057876586914,77.3701108154297,5,"consensus","detected"
"2.1","afekta","pos","3-hydroxybenzyl alcohol","[M + H]+","consensus",NA,NA,NA,108.91999999998,4.70673855807609,240.088851928711,44.3742809295654,5,"consensus","below_detection"
"2.1","afekta","pos","3-hydroxybenzyl alcohol","[M + Na]+","consensus",18843.8713116931,1.19699999999999,814.719543457031,108.91999999998,18.9165574000913,252.130813598633,29.7405451721191,5,"consensus","detected"
"2.1","afekta","pos","5-aminoimidazole-4-carboxamide","[M + H]+","own",6478794.62493562,1.79599999998,3119382,25.737,9414.27087800608,1038.65380859375,331.235778808594,4,"own","detected"
"2.1","afekta","pos","5-methyl-2'-deoxycytidine","[M + H]+","own",3122305.53371304,1.197,1191328.75,30.52399999998,5036.43367199546,607.931465148926,236.421423587036,4,"own","detected"
"2.1","afekta","pos","9H-xanthine","[M + H]+","consensus",NA,NA,NA,51.46999999998,4.23206906898816,204.615386962891,45.5883712768555,5,"consensus","below_detection"
"2.1","afekta","pos","L-leucine","[M + H]+","consensus",23208832.6149708,37.104,4485.25634765625,57.45400000002,33.7986076533166,321.131256103516,123.204042434692,5,"consensus","detected"
"2.1","afekta","pos","L-phenylalanine","[M + H]+","own",36402164.679134,49.07200000002,306564.15625,101.14000000002,857.870252130528,689.017425537109,356.551749014282,5,"own","detected"
"2.1","afekta","pos","L-phenylalanine","[M + Na]+","consensus",36403335.53801,52.662,14949.9072265625,83.78500000002,51.774910209044,716.369140625,274.911883544922,5,"consensus","detected"
"2.1","afekta","pos","dopamine","[M + H]+","consensus",12567689.4625554,4.18900000002,657502.75,32.91799999998,2443.16046234473,757.053039550781,268.80989074707,5,"consensus","detected"
"2.1","afekta","pos","ethylmalonic acid","[M + H]+","consensus",13857.9867051769,1.197,5662.84326171875,101.14000000002,131.520278907179,266.340347290039,41.0317173843384,4,"consensus","detected"
"2.1","afekta","pos","ethylmalonic acid","[M + Na]+","consensus",31281.7746090476,30.52000000002,829.026794433594,101.739,11.7229709330472,246.961959838867,49.6516487091064,5,"consensus","detected"
"2.1","afekta","pos","methylmalonic acid","[M + Na]+","consensus",NA,NA,NA,102.93499999998,3.65370519967199,236.25,58.403029119873,5,"consensus","below_detection"
"2.1","afekta","pos","pyridoxamine","[M + H]+","own",4479304.74690113,2.394,1209026.875,23.94100000002,2782.60101129199,1351.28637695312,434.009613208008,5,"own","detected"
"2.1","afekta","pos","pyridoxamine","[M + Na]+","consensus",31895.9217085483,1.197,7240.03173828125,24.54,97.4574405634442,253.821838378906,71.6847257583618,4,"consensus","detected"
"2.1","afekta","pos","tricaproin","[M + H]+","consensus",424127.648268295,1.197,174609.53125,569.73,1929.81707226504,371.384613037109,90.2873900024414,4,"consensus","detected"
"2.10","afekta","pos","(5-hydroxyindol-3-yl)acetic acid","[M + H]+","consensus",2438964.5909993,1.79500000002002,952995.625,163.85200000002,22366.232791082,223.816665649414,42.5986717224121,4,"consensus","detected"
"2.10","afekta","pos","(5-hydroxyindol-3-yl)acetic acid","[M + K]+","consensus",263123.435683231,1.19599999998002,91127.46875,163.85200000002,1000.40846283542,359.52018737793,90.7308883666992,4,"consensus","detected"
"2.10","afekta","pos","(S)-2-hydroxy-4-methylpentanoic acid","[M + H]+","consensus",2963.51564120019,1.79500000002,742.266906738281,207.53800000002,8.11960045286515,274.245697021484,57.6409162536621,5,"consensus","detected"
"2.10","afekta","pos","2-hydroxy-2-methylbutyric acid","[M + Na]+","consensus",NA,NA,NA,209.33299999998,3.92126889432095,266.387817382812,48.1865586639404,5,"consensus","below_detection"
"2.10","afekta","pos","3-methoxytyramine","[M + H]+","consensus",13768859.1409595,1.79500000002,3768067.75,44.16400000002,9984.59622733595,1021.57104492188,377.285780334473,4,"consensus","detected"
"2.10","afekta","pos","4-hydroxy-L-proline","[M + H]+","consensus",13176610.6844751,10.77199999998,26461.802734375,33.99100000002,188.77750013757,341.021026611328,138.368087768555,4,"consensus","detected"
"2.10","afekta","pos","4-hydroxy-L-proline","[M + Na]+","own",398087.628152857,0.598000000020001,276366.125,25.61200000002,3609.04020867765,279.702590942383,76.4985720428467,3,"own","detected"
"2.10","afekta","pos","7,9-dihydro-1H-purine-2,6,8(3H)-trione","[M + H]+","consensus",158918.618222814,6.58300000002,16871.52734375,33.39199999998,73.7354407883168,447,222.749429150391,3,"consensus","detected"
"2.10","afekta","pos","L-pipecolic acid","[M + H]+","own",NA,NA,NA,27.408,16367.4111546643,884.098876953125,236.363580322266,1,"own","below_detection"
"2.10","afekta","pos","N-isovalerylglycine","[M + H]+","consensus",14536450.2562115,1.79500781249997,4252587,127.347,27811.0586767336,373.584411621094,152.896495779419,5,"consensus","detected"
"2.10","afekta","pos","N-isovalerylglycine","[M + Na]+","consensus",265683.992793059,1.79500781249997,71531.109375,127.347,1339.80180904234,235.036338806152,53.213895185852,5,"consensus","detected"
"2.10","afekta","pos","alpha-D-mannose","[M + Na]+","consensus",2271.40927009475,1.79600000004,969.402770996094,77.07799999998,6.71167665741694,323.778137207031,96.1942397918701,5,"consensus","detected"
"2.10","afekta","pos","glycinamide","[M + H]+","consensus",38245.5134066858,43.686,873.497619628906,37.581,23.2682379619462,242.804992675781,27.1053024291992,5,"consensus","detected"
"2.10","afekta","pos","glycinamide","[M + Na]+","consensus",NA,NA,NA,32.79400000002,2.98328307611704,243.132354736328,63.2949802093506,5,"consensus","below_detection"
"2.10","afekta","pos","quinolinic acid","[M + H]+","own",1744144.09968246,8.37800000004,101317.828125,37.581,83.129734946615,6133.29931640625,1145.01181640625,5,"own","detected"
"2.10","afekta","pos","trans-urocanic acid","[M + H]+","own",NA,NA,NA,27.408,7190.90000313426,1500.90563964844,444.874472314453,1,"own","below_detection"
"2.10","afekta","pos","uracil","[M + H]+","consensus",60623.1865415165,0.599000000039993,17981.892578125,33.39199999998,323.204872008318,265,54.816291809082,2,"consensus","detected"
"2.2","afekta","pos","2-oxobutanoic acid","[M + H]+","consensus",NA,NA,NA,111.75199999998,4.87609241441773,225.942306518555,15.6578964233398,5,"consensus","below_detection"
"2.2","afekta","pos","2-oxobutanoic acid","[M + K]+","consensus",18510.0896706599,4.18899999996,2471.71508789062,101.57899999998,6.23311109214106,1062.46771240234,226.090527612305,5,"consensus","detected"
"2.2","afekta","pos","3,3',5-triiodo-L-thyronine","[M + H]+","consensus",3925309.55870993,6.58300000001998,14365.04296875,299.66299999998,152.359349210654,323.176788330078,92.1628128051758,5,"consensus","detected"
"2.2","afekta","pos","3-iodo-L-tyrosine","[M + H]+","consensus",3425123.84407251,19.15000000002,5326.02478027344,117.138,28.198129602655,393.70768737793,174.916462985229,4,"consensus","detected"
"2.2","afekta","pos","5-methoxysalicylic acid","[M + H]+","consensus",351475.818844977,1.79599999998001,139912.953125,253.58299999998,2079.97528459052,317.285705566406,67.1140991210937,4,"consensus","detected"
"2.2","afekta","pos","5-oxo-L-proline","[M + H]+","consensus",4018879.62410575,2.99299999998,1033869,32.16,10824.3778516619,287.038436889648,95.4865005386353,5,"consensus","detected"
"2.2","afekta","pos","L-methionine","[M + H]+","own",11428554.6703144,1.19600000003999,5483124,30.963,36053.3953298602,360.623733520508,152.073426818848,4,"own","detected"
"2.2","afekta","pos","N,N-dimethyl-beta-alanine","[M + H]+","own",NA,NA,NA,NA,NA,NA,NA,0,"consensus","no_data"
"2.2","afekta","pos","N,N-dimethyl-beta-alanine","[M + Na]+","consensus",5962.4692346164,1.197,2950.658203125,188.95099999998,10.4073903109346,627.534698486328,223.218639373779,5,"consensus","detected"
"2.2","afekta","pos","N-acetyl-L-phenylalanine","[M + H]+","consensus",8519448.24640249,36.50500000002,1186.83569335938,238.023,19.7677172942084,259.640625,46.9045087280273,5,"consensus","detected"
"2.2","afekta","pos","N-acetyl-L-phenylalanine","[M + Na]+","consensus",NA,NA,NA,240.417,0.14905206661329,470.171630859375,356.436275482178,5,"consensus","below_detection"
"2.2","afekta","pos","N-acetyl-L-proline","[M + H]+","consensus",28289347.885654,9.57499999997999,2457934.25,75.846,12156.638243455,475.507995605469,202.149532855225,5,"consensus","detected"
"2.2","afekta","pos","alloxanthine","[M + H]+","consensus",1322557.9227185,2.99199999995999,354662.9375,35.74999999998,6929.46399338965,254.834358215332,51.1450962844849,5,"consensus","detected"
"2.2","afekta","pos","biotin","[M + H]+","consensus",NA,NA,NA,189.55000000002,2.76928182195971,344.26091003418,90.5951489501953,5,"consensus","below_detection"
"2.2","afekta","pos","biotin","[M + Na]+","consensus",34945.3986458515,77.79699999996,383.969818115234,169.203,16.2992696977914,203.742630004883,11.0573781188965,5,"consensus","detected"
"2.2","afekta","pos","corticosterone","[M + H]+","consensus",6690627.97785744,1.79499999996,2739372,320.01,22000.9497840048,389.424728393555,124.493833319092,4,"consensus","detected"
"2.2","afekta","pos","kynurenic acid","[M + H]+","own",13525392.9415791,1.79499999996003,4598932.5,156.63499999998,9397.22702675399,1841.30133056641,489.196566772461,5,"own","detected"
"2.2","afekta","pos","kynurenic acid","[M + Na]+","consensus",13525392.9415791,1.79499999996003,4598932.5,156.63499999998,8096.63313084395,1734.82257080078,567.791278564453,5,"consensus","detected"
"2.2","afekta","pos","trans-3-coumaric acid","[M + H]+","consensus",605013.079318581,1.79499999995997,265710.625,230.244,3157.93155255332,411.453765869141,84.0104248046875,4,"consensus","detected"
"2.2","afekta","pos","trans-3-coumaric acid","[M + Na]+","consensus",13543.9277194864,1.19599999997999,4952.41064453125,230.244,170.969831542075,274.265716552734,27.3624000549316,4,"consensus","detected"
"2.2","afekta","pos","tyramine","[M + H]+","consensus",10918461.7726019,37.70199999996,3265.01220703125,63.279,10.9010588096909,727.361541748047,232.789374829102,5,"consensus","detected"
"2.2","afekta","pos","tyramine","[M + Na]+","consensus",4389.22941452186,5.38599999996001,536.437744140625,72.85399999998,5.27279390627904,233.789474487305,57.3980843994141,5,"consensus","detected"
"2.3","afekta","pos","(R)-adrenaline","[M + H]+","own",6112052.45971964,1.197,2930208.75,27.30799999998,12651.2900141762,678.730438232422,231.559786889648,4,"own","detected"
"2.3","afekta","pos","2'-deoxyinosine","[M + H]+","consensus",327421.020699279,2.39399999999999,97676.6171875,42.26899999998,1437.28165731687,236.002975463867,67.7950725357056,5,"consensus","detected"
"2.3","afekta","pos","2'-deoxyinosine","[M + K]+","consensus",160463.699809656,0.598999999979995,66255.3203125,39.876,2074.70784409906,227.627975463867,31.8250555252075,4,"consensus","detected"
"2.3","afekta","pos","2'-deoxyinosine","[M + Na]+","own",314583.178517737,2.39399999999999,97676.6171875,42.26899999998,1809.5261281647,244.913650512695,53.8437671722412,5,"consensus","detected"
"2.3","afekta","pos","2'-deoxyuridine","[M + H]+","consensus",84909.5251343617,2.99200000002,21713.767578125,38.08000000002,479.771220239088,215.322860717773,44.8097839355469,5,"consensus","detected"
"2.3","afekta","pos","2'-deoxyuridine","[M + K]+","consensus",659744.639419901,1.79599999998,265242.625,38.08000000002,11898.1320575973,233.623031616211,22.2731602478027,5,"consensus","detected"
"2.3","afekta","pos","2-hydroxy-3-methylbutyric acid","[M + Na]+","consensus",NA,NA,NA,115.87699999998,2.00677468406615,261.198295593262,78.8028956726074,5,"consensus","below_detection"
"2.3","afekta","pos","2-hydroxy-4-(methylthio)butanoic acid","[M + H]+","consensus",209500.308585267,18.55100000004,1240.97845458984,110.49100000002,16.9315392621015,260.330688476562,57.9184060546875,3,"consensus","detected"
"2.3","afekta","pos","2-hydroxy-4-(methylthio)butanoic acid","[M + Na]+","consensus",NA,NA,NA,129.04300000002,3.97889938331174,288.667419433594,63.6297393264771,5,"consensus","below_detection"
"2.3","afekta","pos","6-hydroxynicotinic acid","[M + H]+","own",2798596.3962427,1.197,1357866,42.26899999998,11757.1180335518,330.002075195312,115.465030975342,3,"consensus","detected"
"2.3","afekta","pos","L-isoglutamine","[M + H]+","consensus",1078768.17167013,1.197,479890.6875,24.915,12903.3941137027,298.023803710938,37.1679466247558,4,"consensus","detected"
"2.3","afekta","pos","L-isoglutamine","[M + Na]+","consensus",1078245.56273159,1.197,479890.6875,24.915,11622.2781244456,299.586898803711,41.2648101745605,4,"consensus","detected"
"2.3","afekta","pos","L-proline","[M + H]+","own",14937577.4293301,1.197,6683520,26.71000000002,30489.8483454869,941.966003417969,219.173869226074,5,"own","detected"
"2.3","afekta","pos","N-acetyl-L-leucine","[M + H]+","own",12676118.7531331,1.197,5701448,204.447,55535.5694043492,291.551666259766,102.657747268677,5,"own","detected"
"2.3","afekta","pos","N-acetyl-L-tryptophan","[M + H]+","consensus",27958.8266056834,NA,1538.93029785156,231.37600000002,55.6763901705413,236.044998168945,23.4010375976563,2,"consensus","detected"
"2.3","afekta","pos","N-acetyl-L-tryptophan","[M + Na]+","consensus",341553.536966248,0.598000000020022,192730.578125,231.975,1324.87397098953,347.953125,145.208245623779,4,"consensus","detected"
"2.3","afekta","pos","N-acetylserotonin","[M + H]+","consensus",10336980.0650907,1.79499999996,3562967.25,179.91100000002,4639.63917238747,2545.04760742188,767.39204711914,5,"consensus","detected"
"2.3","afekta","pos","N-acetylserotonin","[M + Na]+","own",850016.714427495,1.79499999996,339614.46875,179.91100000002,4688.53813172271,281.520050048828,72.375000302124,5,"own","detected"
"2.3","afekta","pos","gamma-aminobutyric acid","[M + H]+","consensus",19870.1783904354,NA,3525.60571289062,25.51300000002,61.1239136354789,280.440216064453,53.0915856628418,3,"consensus","detected"
"2.3","afekta","pos","imidazol-4-ylacetic acid","[M + H]+","consensus",8894106.64697529,5.98399999998,82342.578125,29.10400000002,432.289838013739,477.278106689453,189.375952935791,5,"consensus","detected"
"2.3","afekta","pos","imidazol-4-ylacetic acid","[M + Na]+","own",8890897.2443866,5.98399999998,82342.578125,29.10400000002,335.488104074356,606.888916015625,243.632153320312,5,"consensus","detected"
"2.3","afekta","pos","serotonin","[M + H]+","own",6521603.16220892,1.197,2843553,43.46599999998,13862.6752155031,861.724838256836,205.060800384521,4,"own","detected"
"2.3","afekta","pos","taurocyamine","[M + H]+","own",2461937.1494038,1.79499999996,1053964.625,26.11099999998,21313.2026588564,285.143905639648,49.4378765106201,4,"own","detected"
"2.3","afekta","pos","trans-3-hexenedioic acid","[M + H]+","consensus",558255.016846456,1.79500000002001,200166.1875,80.56900000002,4114.27349032133,262.040924072266,48.5879577636719,5,"consensus","detected"
"2.3","afekta","pos","trans-3-hexenedioic acid","[M + Na]+","own",203042.806577788,2.39300000004,72372.09375,79.971,647.62933793018,273.665397644043,111.326686624145,4,"consensus","detected"
"2.4","afekta","pos","(R)-carnitine","[M + H]+","consensus",20021105.9713678,31.71799999998,8333.0673828125,48.228,23.5126232747329,651.238342285156,326.710845947266,5,"consensus","detected"
"2.4","afekta","pos","(S)-methylsuccinic acid","[M + H]+","consensus",5206.41745970845,2.99200000002,756.090515136719,82.33900000002,16.5241035403227,258.017501831055,30.1422108673096,4,"consensus","detected"
"2.4","afekta","pos","1-hexadecanoyl-sn-glycero-3-phosphocholine","[M + H]+","consensus",15468096.0174127,1.79500000002002,6312550.5,445.59700000002,12369.3307028223,1903.82446289062,510.184975012207,5,"consensus","detected"
"2.4","afekta","pos","1-hexadecanoyl-sn-glycero-3-phosphocholine","[M + Na]+","consensus",294971.306413895,2.39300000003999,90715.3046875,446.196,1514.34563713366,330.91748046875,59.6854410186768,4,"consensus","detected"
"2.4","afekta","pos","2'-deoxyadenosine","[M + H]+","consensus",10611892.345503,43.686,4622.79174804688,67.37800000002,16.1547033505196,649.018249511719,245.98244934082,5,"consensus","detected"
"2.4","afekta","pos","2-Methyl-4-pentenoic acid","[M + H]+","consensus",377057.683092328,1.79500000001997,154530.265625,270.84799999998,1336.79036827534,359.598419189453,115.328978173828,5,"consensus","detected"
"2.4","afekta","pos","3-methylbut-2-enoic acid","[M + H]+","consensus",15775.5004803219,33.513,632.12890625,611.97,14.9062671326906,357.246948242188,18.4406971618652,5,"consensus","detected"
"2.4","afekta","pos","4-guanidinobutanoic acid","[M + H]+","own",20676981.4218483,1.197,9586657,27.88099999998,12129.9185634373,2103.43780517578,790.158112939453,4,"own","detected"
"2.4","afekta","pos","5,6-dihydroxyindole-2-carboxylic acid","[M + H]+","consensus",815914.850363948,7.18100000004,17577.044921875,145.176,231.995086523465,286.289276123047,74.5306976318359,5,"consensus","detected"
"2.4","afekta","pos","5,6-dimethylbenzimidazole","[M + H]+","own",55020627.2118805,31.71700000002,45058.55078125,201.429,6.98945158605809,9873.14404296875,5034.07260284424,5,"consensus","detected"
"2.4","afekta","pos","5-methoxytryptamine","[M + H]+","consensus",43034.5856077044,8.37800000004,6428.0029296875,191.25499999998,12.2219738352005,1170.0185546875,430.20746451416,5,"consensus","detected"
"2.4","afekta","pos","Dimethyl adipate","[M + H]+","consensus",NA,NA,NA,139.78999999998,3.86430960253532,403.558624267578,183.726617431641,3,"consensus","below_detection"
"2.4","afekta","pos","Homocysteine thiolactone","[M + H]+","own",3867572.86428222,1.79499999996,882611.25,27.88099999998,2866.49382296868,973.5927734375,307.566564477539,4,"consensus","detected"
"2.4","afekta","pos","L-tryptophanamide","[M + H]+","consensus",13087133.5060563,2.39400000000001,4349996,81.741,11905.5043139519,1068.17126464844,365.287157440185,5,"consensus","detected"
"2.4","afekta","pos","N-acetyl-alpha-D-galactosamine","[M + H]+","consensus",560290.209456734,7.77999804684,4923.302734375,31.47199999998,111.584887863652,253.601173400879,41.8488708496094,5,"consensus","detected"
"2.4","afekta","pos","citraconic acid","[M + H]+","own",437182.022275367,1.79499999996,146170.765625,45.23599999998,3639.64837317525,281.499938964844,40.0833406768799,5,"consensus","detected"
"2.4","afekta","pos","citraconic acid","[M + K]+","consensus",22953.2468353383,22.74100000002,2130.09741210938,45.23599999998,15.9273391000706,328.26123046875,113.128512573242,5,"consensus","detected"
"2.4","afekta","pos","cortisol","[M + H]+","consensus",6989283.17687859,1.79599999997993,3021521.25,287.00599999998,37706.5798364959,320.388458251953,80.123969732666,4,"consensus","detected"
"2.4","afekta","pos","cortisol","[M + Na]+","consensus",105237.808774462,1.19699999999995,58381.875,287.00599999998,1292.41574302013,299.015213012695,44.9413125,4,"consensus","detected"
"2.4","afekta","pos","creatinine","[M + H]+","own",11450252.3552157,1.79499999996,5146385.5,25.488,18224.1160961858,1032.00830078125,282.337615966797,4,"consensus","detected"
"2.4","afekta","pos","phosphoenolpyruvic acid","[M + K]+","consensus",22953.2468353383,22.74100000002,2130.09741210938,45.23599999998,15.9273391000706,328.26123046875,113.128512573242,5,"consensus","detected"
"2.5","afekta","pos","2-phenylethylamine","[M + H]+","own",30154556.3775235,2.99200000002001,5671206,78.60499999998,1857.72511663949,19779.603515625,3042.12197265625,5,"own","detected"
"2.5","afekta","pos","3-hydroxybenzoic acid","[M + H]+","consensus",98716.3263426174,1.79600000004001,40259.4921875,179.14300000002,1074.9640752736,242.168243408203,37.2266616760254,4,"consensus","detected"
"2.5","afekta","pos","3-hydroxybenzoic acid","[M + Na]+","consensus",1224.82809986288,NA,767.306945800781,180.34000000002,6.46461521810535,279.933654785156,75.3909203521728,5,"consensus","detected"
"2.5","afekta","pos","5-aminolevulinic acid","[M + H]+","consensus",19914.1219868076,1.79599999998,3483.28930664062,61.848,71.9934572642191,382.020416259766,43.0770935058594,4,"consensus","detected"
"2.5","afekta","pos","5-aminolevulinic acid","[M + Na]+","own",NA,NA,NA,40.305,3.12370901348171,259.185699462891,114.258911132812,5,"consensus","below_detection"
"2.5","afekta","pos","5-hydroxymethyl-2-furoic acid","[M + H]+","consensus",NA,NA,NA,77.40799999998,0.774750789016761,492.72998046875,28.1397190429687,4,"consensus","below_detection"
"2.5","afekta","pos","5-hydroxymethyl-2-furoic acid","[M + Na]+","consensus",NA,NA,NA,65.43900390624,-3.2950792183305,432.314041137695,58.0342674255371,3,"consensus","below_detection"
"2.5","afekta","pos","5-oxo-L-proline","[M + Na]+","consensus",23951.472342462,2.99200000002,5045.39990234375,33.123,66.1751143342005,270.515625,72.1552856445313,5,"consensus","detected"
"2.5","afekta","pos","N-acetyl-L-valine","[M + H]+","consensus",11980152.3242378,2.39399999999999,3735452,126.48,29632.711231454,370.4931640625,126.045891571045,5,"consensus","detected"
"2.5","afekta","pos","N-acetyl-L-valine","[M + Na]+","consensus",373054.932464035,2.99200000001998,101628.953125,125.88100000002,1772.63109744254,255.010986328125,57.1884033203125,5,"consensus","detected"
"2.5","afekta","pos","N-carbamoyl-beta-alanine","[M + H]+","own",579409.274595875,0.597999999960003,280881.53125,29.53300000002,5346.63785273936,246.350364685059,52.4881595901489,4,"consensus","detected"
"2.5","afekta","pos","N-carbamoyl-beta-alanine","[M + Na]+","consensus",50938.5617826337,NA,16031.857421875,29.53300000002,648.728068702275,235.328948974609,24.35,3,"consensus","detected"
"2.5","afekta","pos","Phenylglyoxal","[M + H]+","consensus",33846.8594662037,1.19600000003999,13528.859375,155.205,42.7332069156581,733.548706054688,299.423132324219,5,"consensus","detected"
"2.5","afekta","pos","Phenylglyoxal","[M + Na]+","consensus",33846.8594662037,1.19600000003999,13528.859375,155.205,41.2455128137528,733.548706054688,310.223095703125,5,"consensus","detected"
"2.5","afekta","pos","cis-4-hydroxy-D-proline","[M + H]+","consensus",13708494.1102568,1.19599999998,6270970,25.94200000002,43968.8175749074,381.608581542969,142.614442172241,5,"consensus","detected"
"2.5","afekta","pos","cis-4-hydroxy-D-proline","[M + Na]+","own",401215.734317592,0.598999999980002,276879.9375,25.344,33960.4323370926,196.738410949707,8.1472225189209,3,"own","detected"
"2.5","afekta","pos","hypoxanthine","[M + H]+","own",21923101.5304326,1.197,7019050.5,31.32799999998,24204.3214667609,1397.94494628906,289.933868408203,5,"own","detected"
"2.5","afekta","pos","inosine","[M + H]+","consensus",2627153.90792278,3.59100000000001,623938.375,37.911,9333.7283192125,245.12491607666,66.821448916626,5,"consensus","detected"
"2.5","afekta","pos","picolinic acid","[M + H]+","consensus",6350537.60435959,0.597999999960003,2213259.25,29.53300000002,2950.07872537272,4031.19848632812,748.870880126953,4,"consensus","detected"
"2.5","afekta","pos","picolinic acid","[M + Na]+","consensus",28119.3578785014,3.591,4027.59387207031,25.94200000002,162.720767253222,264.014678955078,23.1290649414063,4,"consensus","detected"
"2.5","afekta","pos","pyridin-2-ol","[M + H]+","consensus",3176061.04295428,1.79600000004,1479085.875,42.10000000002,9091.30773778276,332.905624389648,162.655693991089,4,"consensus","detected"
"2.5","afekta","pos","pyridoxal","[M + H]+","consensus",16015742.5418919,2.394,3788647.25,29.53300000002,5276.07834183027,2455.77526855469,717.61471862793,4,"consensus","detected"
"2.5","afekta","pos","trans-cinnamic acid","[M + H]+","consensus",76126.9640419126,1.19699999999995,33617.05859375,347.90299999998,116.136650623897,589.527801513672,284.385080978394,5,"consensus","detected"
"2.5","afekta","pos","xanthurenic acid","[M + H]+","own",2385775.3980524,17.355,76228.90625,160.59100000002,13.3669389816158,5849.11669921875,5265.21364746094,5,"consensus","detected"
"2.6","afekta","pos","3-methyladipic acid","[M + H]+","own",291195.803109693,1.197,123882.328125,173.844,7826.26756654084,251.934997558594,15.7968523406982,4,"consensus","detected"
"2.6","afekta","pos","3-methyladipic acid","[M + Na]+","consensus",121756.270369529,1.79599999998001,49408.41015625,173.844,791.421050367584,293.368408203125,62.0593067687988,5,"consensus","detected"
"2.6","afekta","pos","4-hydroxy-4-methyloxan-2-one","[M + H]+","consensus",3964952.78457571,66.42699999996,3311.93627929688,76.29799999998,14.0559748679887,522.14949798584,198.4769329422,5,"consensus","detected"
"2.6","afekta","pos","5-aminopentanoic acid","[M + H]+","consensus",353307.931010822,2.99200000002,62045.78125,154.095,8.45639982864803,45420.64453125,1965.9828125,5,"consensus","detected"
"2.6","afekta","pos","5-aminopentanoic acid","[M + Na]+","consensus",1434.49826406526,NA,1652.00952148438,163.07200000002,5.34296636975616,593.1845703125,198.171741668701,4,"consensus","detected"
"2.6","afekta","pos","5-hydroxymethyluracil","[M + H]+","consensus",16803.1552736793,3.591,2592.52661132812,39.79300000002,87.9056973578437,254.183822631836,26.6005828857422,4,"consensus","detected"
"2.6","afekta","pos","5-hydroxymethyluracil","[M + Na]+","consensus",18673.6996931404,14.36300000004,2161.6572265625,30.21799999998,48.3468756311373,255.389251708984,39.4289796386719,3,"consensus","detected"
"2.6","afekta","pos","esculin","[M + H]+","consensus",13593.7001398833,1.19699999999997,786.152282714844,154.69399999998,35.4682108562127,241.016662597656,15.3696960449219,3,"consensus","detected"
"2.6","afekta","pos","esculin","[M + K]+","consensus",103531.01370806,1.79599999997998,34988.28125,153.49699999998,661.264984855618,269.788467407227,52.5031471160889,5,"consensus","detected"
"2.6","afekta","pos","esculin","[M + Na]+","consensus",103531.01370806,1.79599999997998,34988.28125,153.49699999998,661.264984855618,269.788467407227,52.5031471160889,5,"consensus","detected"
"2.6","afekta","pos","guanine","[M + H]+","consensus",3971957.10061177,1.197,1818526.25,27.82399999998,5620.16898912158,846.385772705078,323.420855804443,4,"consensus","detected"
"2.6","afekta","pos","indole-3-butyric acid","[M + H]+","consensus",3083978.86094799,1.79500000002002,1374465.125,305.50000000002,23729.709936633,307.606964111328,57.9087364196778,4,"consensus","detected"
"2.6","afekta","pos","indole-3-butyric acid","[M + K]+","consensus",3083978.86094799,1.79500000002002,1374465.125,305.50000000002,23729.709936633,307.606964111328,57.9087364196778,4,"consensus","detected"
"2.6","afekta","pos","isonicotinic acid","[M + H]+","consensus",11773124.1573294,2.394,1589041.375,29.02099999998,3627.84712934757,2354.54956054688,437.363198852539,4,"consensus","detected"
"2.6","afekta","pos","lipoamide","[M + H]+","consensus",3874603.80764752,1.197,1569449,267.19999999998,14552.8359536854,374.223037719727,107.819175723267,5,"consensus","detected"
"2.6","afekta","pos","lipoamide","[M + Na]+","own",375840.68873134,1.79600000003995,132174.953125,267.19999999998,6339.01465384484,300.814514160156,20.8035705566406,5,"own","detected"
"2.6","afekta","pos","phenylacetylglycine","[M + H]+","consensus",7231546.44941445,1.197,3341045.75,191.79700000002,48393.6597602392,307.185287475586,69.0325671020508,4,"consensus","detected"
"2.6","afekta","pos","phenylacetylglycine","[M + Na]+","consensus",236333.272118183,1.197,123011.9140625,191.79700000002,1588.14731153077,242.265625,77.303690625,3,"consensus","detected"
"2.6","afekta","pos","pyrimidine","[M + H]+","consensus",NA,NA,NA,NA,NA,NA,NA,0,"consensus","no_data"
"2.6","afekta","pos","pyrrolidin-2-one","[M + H]+","consensus",4504718.61986413,20.34700000002,3032.84814453125,54.75400000002,40.3906269128435,275.535766601562,68.2661446151733,5,"consensus","detected"
"2.6","afekta","pos","xanthosine","[M + H]+","consensus",NA,NA,NA,58.34500000002,0.674490759476595,199.145835876465,33.3276087295532,3,"consensus","below_detection"
"2.6","afekta","pos","xanthosine","[M + K]+","consensus",285226.79702503,13.764,1119.33978271484,54.75400000002,15.8214376051961,304.269973754883,51.5167982391357,3,"consensus","detected"
"2.6","afekta","pos","xanthosine","[M + Na]+","consensus",285226.79702503,13.764,1119.33978271484,54.75400000002,15.8214376051961,304.269973754883,51.5167982391357,3,"consensus","detected"
"2.7","afekta","pos","3,3-dimethylglutaric acid","[M + H]+","consensus",2422.65570228815,NA,552.890930175781,173.20000000002,8.55536340926116,231.721160888672,37.540166784668,5,"consensus","detected"
"2.7","afekta","pos","3,3-dimethylglutaric acid","[M + Na]+","consensus",84114.0818477906,1.79499999996,20868.55078125,174.39700000002,940.750403117068,215.163467407227,21.9541625976562,5,"consensus","detected"
"2.7","afekta","pos","3,4,5-Trimethoxycinnamic acid","[M + H]+","consensus",2669654.43765952,1.19700000000006,1128998,282.714,20671.5397112977,305.089294433594,54.6012985229492,5,"consensus","detected"
"2.7","afekta","pos","3-hydroxyphenylacetic acid","[M + H]+","consensus",37776.9002836435,69.41899999998,678.227111816406,185.76700000002,11.2769720705582,219.027160644531,40.7201461791992,5,"consensus","detected"
"2.7","afekta","pos","3-hydroxyphenylacetic acid","[M + Na]+","consensus",42504.0350783341,16.75600000002,560.041137695312,196.539,16.5871760971125,224.911590576172,20.2041351196289,5,"consensus","detected"
"2.7","afekta","pos","4-acetamidobutanoic acid","[M + H]+","own",3742993.32454056,1.79500000002,1475157.25,42.141,8272.52181132607,423.924438476562,178.268895410156,5,"own","detected"
"2.7","afekta","pos","4-acetamidobutanoic acid","[M + Na]+","consensus",223480.201745316,50.26900000002,1806.59448242188,60.09400000002,20.7344485352971,263.332809448242,74.4298393249512,3,"consensus","detected"
"2.7","afekta","pos","4-pyridoxic acid","[M + H]+","consensus",4329258.166324,5.98400000004,130885.2734375,45.13300000002,464.719974618893,903.079376220703,279.700036926269,5,"consensus","detected"
"2.7","afekta","pos","4-pyridoxic acid","[M + Na]+","consensus",47714.4406238075,4.78700000004,2509.7734375,45.13300000002,87.8029193098056,208.75,26.2066848754883,4,"consensus","detected"
"2.7","afekta","pos","6-methyladenine","[M + H]+","consensus",29473441.5438772,41.89099999998,16241.69140625,62.48800000002,10.7273229037091,3997.14306640625,1141.43560791016,5,"consensus","detected"
"2.7","afekta","pos","Methyl 3-aminopropanoate","[M + H]+","own",750314.2275125,19.15000000002,4678.49462890625,43.338,39.5138308694368,256.752868652344,111.903646469116,5,"consensus","detected"
"2.7","afekta","pos","N(4)-acetylcytosine","[M + H]+","consensus",10108369.0236015,1.197,4613792.5,42.141,21825.3389522602,489.75,211.373704669189,4,"consensus","detected"
"2.7","afekta","pos","N(4)-acetylcytosine","[M + Na]+","consensus",10108369.0236015,1.197,4613792.5,42.141,21825.3389522602,489.75,211.373704669189,4,"consensus","detected"
"2.7","afekta","pos","N-acetyl-L-isoleucine","[M + H]+","consensus",3264.99789275128,4.78799999999998,675.563659667969,233.04400000002,7.21274699105626,330.817977905273,47.7967246307373,5,"consensus","detected"
"2.7","afekta","pos","N-acetyl-L-isoleucine","[M + Na]+","consensus",266144.287085395,42.489,580.846618652344,204.31900000002,33.4502481706684,247.24626159668,9.9730308532715,5,"consensus","detected"
"2.7","afekta","pos","N-acetyl-beta-D-mannosamine","[M + H]+","consensus",488332.694956798,1.79599999998,197662.515625,26.58199999998,5971.97458190294,218.142852783203,33.0618240356445,4,"consensus","detected"
"2.7","afekta","pos","N-acetyl-beta-D-mannosamine","[M + Na]+","own",535068.252788743,1.197,232796.09375,26.58199999998,6170.35063788776,211.347229003906,37.6939270019531,5,"own","detected"
"2.7","afekta","pos","O-propanoyl-L-carnitine","[M + H]+","consensus",34509977.3775681,65.22999999996,4560.78881835938,76.25200000002,13.2609078475002,781.441040039062,284.99917364502,5,"consensus","detected"
"2.7","afekta","pos","beta-alanine","[M + H]+","consensus",36197.2324401414,4.78700000004,5811.9443359375,28.97599999998,73.8728211825407,240.820350646973,75.4150700637817,5,"consensus","detected"
"2.7","afekta","pos","ethanolamine","[M + H]+","consensus",30793.3233328616,3.591,7596.95751953125,28.97599999998,96.2566490712301,276.396728515625,76.0525206481934,4,"consensus","detected"
"2.7","afekta","pos","melatonin","[M + H]+","consensus",24355796.5155537,14.961,64192.26171875,259.97298437502,41.7811400790527,3642.98608398438,1449.20113525391,5,"consensus","detected"
"2.7","afekta","pos","melatonin","[M + K]+","consensus",24355796.5155537,14.961,64192.26171875,259.97298437502,41.7811400790527,3642.98608398438,1449.20113525391,5,"consensus","detected"
"2.7","afekta","pos","melatonin","[M + Na]+","own",1800575.39361762,1.79499999995997,676839.125,249.79999999998,6895.36574866776,349.096420288086,98.1079254150391,4,"own","detected"
"2.8","afekta","pos","2'-deoxycytidine","[M + H]+","own",3025610.37723762,1.79500000002,1123909.625,27.61300000002,4957.25700660021,546.002700805664,226.609921737671,4,"own","detected"
"2.8","afekta","pos","3-amino-3-(4-hydroxyphenyl)propanoic acid","[M + H]+","own",367590.187382697,1.79500000002,107600.9765625,31.20400000002,2573.67857359208,279.367431640625,41.6996940612793,4,"consensus","detected"
"2.8","afekta","pos","L-isoleucine","[M + H]+","consensus",2815.09623031825,2.99199999996003,947.041442871094,214.93000000002,7.79496531692472,302.670501708984,82.6650170928955,3,"consensus","detected"
"2.8","afekta","pos","cytosine","[M + Na]+","consensus",NA,NA,NA,58.134,4.59856465741046,290.204559326172,123.072148132324,5,"consensus","below_detection"
"2.8","afekta","pos","phenyl acetate","[M + H]+","consensus",9431.95101069417,18.552,491.918579101562,193.386,7.49414841663388,244.119186401367,33.0657172668457,5,"consensus","detected"
"2.9","afekta","pos","(R)-noradrenaline","[M + H]+","consensus",334932.080270112,1.197,146466.875,25.77400000002,3092.32546386424,268.512924194336,47.277805581665,4,"consensus","detected"
"2.9","afekta","pos","D-leucine","[M + H]+","consensus",39801.7442595379,18.552,6373.119140625,268.74100000002,78.8478680856816,316.53125,76.813591003418,5,"consensus","detected"
"2.9","afekta","pos","D-proline","[M + H]+","consensus",19046216.2810318,1.79499999996,8003401,26.373,41343.0070544695,744.787902832031,193.567347473145,4,"consensus","detected"
"2.9","afekta","pos","Gly-Pro","[M + H]+","own",14268699.567089,1.197,7208120.5,28.16800000002,58996.7387735036,361.603576660156,122.172158093262,4,"own","detected"
"2.9","afekta","pos","N-acetyl-L-methionine","[M + H]+","consensus",7484470.89656489,2.39400781248,2171010.25,129.903,38915.0160664103,250.776374816895,55.7820526123047,5,"consensus","detected"
"2.9","afekta","pos","N-acetyl-L-methionine","[M + Na]+","own",337540.487422214,2.39400781248,101393.0546875,129.903,2304.40922347862,259.5625,43.8869499206543,5,"own","detected"
"2.9","afekta","pos","agmatine","[M + H]+","consensus",7956036.72194316,30.52099999998,6764.81787109375,42.52999999998,11.6891366356483,1938.30871582031,412.905529785156,5,"consensus","detected"
"2.9","afekta","pos","agmatine","[M + Na]+","consensus",NA,NA,NA,49.71199999998,-0.122593409088166,210.424728393555,38.6831098571777,5,"consensus","below_detection"
"2.9","afekta","pos","diethyl 2-methyl-3-oxosuccinate","[M + H]+","consensus",NA,NA,NA,256.77199999998,3.26142490146808,7663.4736328125,1042.52685546875,5,"consensus","below_detection"
"2.9","afekta","pos","diethyl 2-methyl-3-oxosuccinate","[M + Na]+","consensus",17709.179076162,10.77200000004,2332.80310058594,251.38600000002,5.44365317289402,616.782836914062,315.233209973145,4,"consensus","detected"
"2.9","afekta","pos","fumaric acid","[M + H]+","consensus",24786.8270545343,28.12699999998,399.969268798828,53.901,10.0506118765927,213.059204101562,18.5968841491699,4,"consensus","detected"
"2.9","afekta","pos","homogentisic acid","[M + H]+","consensus",357949.534248905,1.79500390625999,132438.09375,64.67299609374,4422.58146711843,212.30492401123,29.8978752136231,5,"consensus","detected"
"2.9","afekta","pos","nicotinamide","[M + H]+","own",14466509.7855488,36.50499999996,14362.693359375,64.07399609376,16.3067875657913,356.152404785156,858.939315795898,5,"consensus","detected"
"2.9","afekta","pos","nicotinamide","[M + Na]+","consensus",5708.80949188638,1.197,3574.18994140625,60.48400000002,6.83987309813934,1218.90850830078,344.345779418945,4,"consensus","detected"
"2.9","afekta","pos","nicotinic acid","[M + H]+","consensus",3803719.23649812,8.976,22776.6796875,37.14499999998,88.4128582745929,547.70654296875,251.422401428223,5,"consensus","detected"
"2.9","afekta","pos","ritalinic acid","[M + H]+","consensus",47429324.6460191,7.18099999998003,292810,201.117,831.194323843663,1051.04162597656,351.011730957031,5,"consensus","detected"
"2.9","afekta","pos","ritalinic acid","[M + Na]+","consensus",47428520.8456686,7.18099999998003,292810,201.117,748.298033777588,950.410583496094,390.031212487793,5,"consensus","detected"
"2.9","afekta","pos","taurine","[M + Na]+","consensus",781454.548626138,1.197,519099.40625,25.176,48224.7595920515,258.654357910156,10.7588043212891,3,"consensus","detected"
"2.9","afekta","pos","thymine","[M + H]+","consensus",1745501.77282763,1.197,847863.6875,41.334,13222.5280954811,242.692306518555,64.1043066101074,4,"consensus","detected"
"2.9","afekta","pos","thymine","[M + Na]+","consensus",11284.6568014602,23.33900390622,982.887573242188,41.93200000002,34.3842427791592,235.101875305176,21.7479181594849,2,"consensus","detected"
"2.9","afekta","pos","vanillin","[M + H]+","consensus",2766976.51462721,1.197,1265384.125,208.29799999998,14679.2076234183,380.584365844727,86.1765548309326,4,"consensus","detected"
"2.9","afekta","pos","vanillin","[M + Na]+","consensus",2766976.51462721,1.197,1265384.125,208.29799999998,14679.2076234183,380.584365844727,86.1765548309326,4,"consensus","detected"
"3.1","afekta","pos","(3S,5R)-fluvastatin","[M + Na]+","own",108961.936568718,0.598000000019965,66001.40625,398.62399999998,2082.06841115513,319.561370849609,31.5464393615723,3,"consensus","detected"
"3.1","afekta","pos","1,2-di-O-myristoyl-sn-glycero-3-phosphocholine","[M + H]+","consensus",NA,NA,NA,551.232,2.23465846059476,380.443984985352,57.2730758666992,5,"consensus","below_detection"
"3.1","afekta","pos","L-thyroxine","[M + H]+","consensus",5612234.71112076,1.197,2563184.75,319.02700000002,6247.54057506215,897.226440429688,410.127392175293,5,"consensus","detected"
"3.1","afekta","pos","taurochenodeoxycholic acid","[M + H]+","consensus",1525645.22656977,1.79500000001997,558966.25,344.76400000002,9913.20754535117,289.480773925781,56.3568115234375,5,"consensus","detected"
"3.1","afekta","pos","taurochenodeoxycholic acid","[M + K]+","consensus",118656.976669478,10.77200000004,14401.5625,344.166,327.35526094108,266.125,43.180725,4,"consensus","detected"
"3.1","afekta","pos","taurochenodeoxycholic acid","[M + Na]+","consensus",1525645.22656977,1.79500000001997,558966.25,344.76400000002,9913.20754535117,289.480773925781,56.3568115234375,5,"consensus","detected"
"3.1","afekta","pos","taurodeoxycholic acid","[M + H]+","consensus",1525645.22656977,1.79500000001997,558966.25,344.76400000002,8143.24663049186,294.625,68.6055145263672,5,"consensus","detected"
"3.1","afekta","pos","taurodeoxycholic acid","[M + K]+","consensus",118656.976669478,10.77200000004,14401.5625,344.166,422.755167157809,276.894744873047,33.4109878540039,4,"consensus","detected"
"3.1","afekta","pos","undecanedioic acid","[M + Na]+","consensus",106857.257686563,1.79499999996005,35322.22265625,305.26300000002,555.263043818344,290.553771972656,63.0902223266602,4,"consensus","detected"
"3.2","afekta","pos","1,2-dioleoyl-sn-glycero-3-phosphocholine","[M + H]+","consensus",10576.9447680237,4.78799999999995,1235.37023925781,372.234,16.9220243172091,354.200012207031,52.0723886535645,5,"consensus","detected"
"3.2","afekta","pos","1-stearoyl-sn-glycerol","[M + H]+","consensus",NA,NA,NA,637.35499999998,-1.12222526495189,597.6943359375,260.816027832031,5,"consensus","below_detection"
"3.2","afekta","pos","1-stearoyl-sn-glycerol","[M + Na]+","consensus",NA,NA,NA,648.726,2.46515489641941,482.849044799805,114.89030456543,5,"consensus","below_detection"
"3.2","afekta","pos","Leucomalachite green","[M + H]+","consensus",17675122.4781131,1.79499999996,5855666.5,330.942,2394.12444190761,4409.5869140625,2444.00700759888,5,"consensus","detected"
"3.2","afekta","pos","all-trans-retinal","[M + H]+","consensus",18867703.1373882,2.39400000000012,6088239,566.733,12922.1652411148,1102.22229003906,471.061673034668,5,"consensus","detected"
"3.2","afekta","pos","cholest-4-en-3-one","[M + H]+","consensus",419601.107247881,2.99200000002008,101477.734375,685.82899999998,1692.23474214525,291.871505737305,59.7942237854004,5,"consensus","detected"
"3.2","afekta","pos","cholic acid","[M + Na]+","consensus",55339.9830805542,13.16500000002,8972.8505859375,371.63599999998,136.002323806333,313.866180419922,63.6679151000977,4,"consensus","detected"
"3.2","afekta","pos","gamma-terpinene","[M + H]+","consensus",147338.976643213,20.34699999996,4535.95336914062,584.68699999998,9.74626237207887,812.703186035156,382.018258996582,5,"consensus","detected"
"3.2","afekta","pos","gamma-terpinene","[M + Na]+","consensus",147338.976643213,20.34699999996,4535.95336914062,584.68699999998,9.74626237207887,812.703186035156,382.018258996582,5,"consensus","detected"
"3.2","afekta","pos","hexadecanedioic acid","[M + H]+","consensus",190946.918092766,1.197,83895.1875,424.29799999998,1187.81496978278,366.451934814453,70.3213359741211,4,"consensus","detected"
"3.2","afekta","pos","hexadecanedioic acid","[M + Na]+","consensus",42546.0331184317,1.197,21296.84375,424.29799999998,486.462429306705,352.737869262695,43.0539022521973,4,"consensus","detected"
"3.2","afekta","pos","hexanal","[M + Na]+","consensus",NA,NA,NA,82.584,2.18229954423946,260.00358581543,42.4624786376953,5,"consensus","below_detection"
"3.2","afekta","pos","hyodeoxycholic acid","[M + H]+","consensus",4704.25117747614,4.78800000000012,1220.58551025391,640.34800000002,6.89992118467105,370.846160888672,123.15203704834,4,"consensus","detected"
"3.2","afekta","pos","hyodeoxycholic acid","[M + Na]+","consensus",4704.25117747614,4.78800000000012,1220.58551025391,640.34800000002,6.89992118467105,370.846160888672,123.15203704834,4,"consensus","detected"
"3.2","afekta","pos","taurocholic acid","[M + H]+","consensus",174346.345539613,1.79500000002002,67187.3828125,305.802,896.878314104106,302.875793457031,74.5747845245361,5,"consensus","detected"
"3.2","afekta","pos","tauroursodeoxycholic acid","[M + H]+","consensus",39560.9789861858,4.78800000000001,3377.025390625,304.00699999998,46.788940018931,272.75,66.34635,4,"consensus","detected"
"3.2","afekta","pos","tauroursodeoxycholic acid","[M + Na]+","consensus",54813.8057797764,1.197,14991.0502929688,303.40900000002,168.089617150675,302.426605224609,87.3856692443848,3,"consensus","detected"
"3.3","afekta","pos","(S)-lipoic acid","[M + Na]+","consensus",NA,NA,NA,342.85099999998,0.269334120114824,430.9453125,56.8319869995117,5,"consensus","below_detection"
"3.3","afekta","pos","2-hydroxyoctanoic acid","[M + H]+","consensus",NA,NA,NA,454.161,4.63301515116802,598.000579833984,149.783320825195,5,"consensus","below_detection"
"3.3","afekta","pos","2-hydroxyoctanoic acid","[M + Na]+","consensus",10160.1869345908,17.95299999996,830.045593261719,446.98000000002,6.65761647711268,342.398529052734,73.2464938293457,5,"consensus","detected"
"3.3","afekta","pos","Dipropyl hexanedioate","[M + H]+","consensus",NA,NA,NA,439.79800000002,3.46074471429078,348.786834716797,75.0847676147461,3,"consensus","below_detection"
"3.3","afekta","pos","Dipropyl hexanedioate","[M + Na]+","consensus",979955.525106828,31.1189999999999,1448.4485168457,437.40499999998,13.5106216665942,349.187896728516,81.3626972351074,5,"consensus","detected"
"3.3","afekta","pos","bilirubin IXalpha","[M + H]+","consensus",35886.4959274767,1.197,11406.2875976562,315.318,201.870944685456,279.722229003906,55.117220489502,4,"consensus","detected"
"3.3","afekta","pos","progesterone","[M + H]+","consensus",9802294.02475637,28.725,7062.64477539062,446.98000000002,21.5936217340154,705.5,294.39919128418,5,"consensus","detected"
"3.3","afekta","pos","undecanoic acid","[M + H]+","consensus",19936.337551774,1.19700000000006,6963.66845703125,454.161,188.846002616409,385.573425292969,34.8331176757813,4,"consensus","detected"
"1.1","cembio","neg","5-hydroxy-L-tryptophan","[M - H]-","own",2745632.19623065,46.87699999998,1566.24426269531,62.598,16.6511451807623,297.448883056641,76.1986857879639,5,"own","detected"
"1.1","cembio","neg","D-alpha-aminobutyric acid","[M - H]-","own",8347.78444163121,16.45699999998,615.840026855469,72.57199999998,10.7014789594116,270.712799072266,32.2504234313965,5,"own","detected"
"1.1","cembio","neg","L-citrulline","[M - H]-","own",1919231.97792913,37.90100000004,1536.83203125,48.63400000002,29.9815491361864,236.217262268066,43.3805058929443,5,"own","detected"
"1.1","cembio","neg","L-homoserine","[M - H]-","own",1368411.10576866,28.42600000002,1269.01977539062,49.632,26.3578557626357,286.442672729492,37.278339767456,4,"own","detected"
"1.1","cembio","neg","L-lysine","[M - H]-","own",309261.934434231,14.961,1778.47448730469,30.681,137.840853730038,222.887962341309,11.2853808059692,5,"own","detected"
"1.1","cembio","neg","L-valine","[M - H]-","own",114164.366394255,12.468,1263.01721191406,34.17199999998,97.0198700047752,223.337837219238,10.7161489151001,5,"consensus","detected"
"1.1","cembio","neg","N(6)-acetyl-L-lysine","[M - H]-","own",1895217.66555663,26.93000000004,2456.001953125,44.14600000002,31.7775934699776,306.328125,67.6474708557129,5,"own","detected"
"1.1","cembio","neg","N-acetyl-L-cysteine","[M - H]-","own",NA,NA,NA,95.51200000002,1.01480645502623,361.344680786133,781.664283752441,5,"own","below_detection"
"1.1","cembio","neg","N-alpha-acetyl-L-asparagine","[M - H]-","consensus",8260189.60418928,1.49599999998,3446664,26.69200000002,24149.314819801,533.892028808594,142.700947570801,4,"consensus","detected"
"1.1","cembio","neg","O(4)-phospho-L-tyrosine","[M - H]-","own",3357303.4783141,39.89500390626,22777.595703125,51.627,9.29293155133739,3441.70751953125,2080.7092010498,5,"own","detected"
"1.1","cembio","neg","alpha-D-glucosamine 6-phosphate","[M - H]-","own",1544517.47776258,20.94499999998,12274.236328125,37.164,37.3130067605079,884.795471191406,305.24050045166,5,"own","detected"
"1.1","cembio","neg","carnosine","[M - H]-","own",2127071.37349234,2.49400000002,618855.5,22.203,12575.2916062977,276.472229003906,49.1900344848633,3,"own","detected"
"1.1","cembio","neg","glutathione","[M - H]-","own",2270511.2833358,3.49099999998,562110.0625,27.68899999998,7112.90193970684,336.4052734375,78.9795307159424,5,"own","detected"
"1.1","cembio","neg","guanosine 5'-monophosphate","[M - H]-","own",2045228.59902534,34.90900000002,13652.8466796875,52.125,8.29949178507394,2302.9990234375,1367.53526000977,5,"own","detected"
"1.1","cembio","neg","homocystine","[M - H]-","own",517114.776345228,0.997000000019998,243925.765625,25.19599999998,7171.88786488966,296.149993896484,33.9700815490723,3,"own","detected"
"1.1","cembio","neg","uridine 5'-monophosphate","[M - H]-","own",6312898.73467246,35.90600000004,43282.8828125,47.13799999998,28.0690426086373,485.356460571289,1524.72340965271,5,"own","detected"
"1.2","cembio","neg","(2R)-2-acetamidopropanoic acid","[M - H]-","consensus",NA,NA,NA,74.42500000002,2.67407183256203,271.56233215332,72.172538621521,5,"consensus","below_detection"
"1.2","cembio","neg","D-erythronic acid","[M - H]-","consensus",13420.4672501042,NA,1722.68322753906,26.05099999998,26.9455633381595,272.152923583984,53.8318789535522,4,"consensus","detected"
"1.2","cembio","neg","IMP","[M - H]-","consensus",167047.212935405,1.49600000003999,53471.12890625,41.511,761.899098972068,297.124374389648,69.7913996795654,4,"consensus","detected"
"1.2","cembio","neg","L-alpha-aminobutyric acid","[M - H]-","own",68479.0591656065,6.483,1986.78918457031,30.04099999998,43.9344255482502,244.551727294922,39.6554054260254,5,"own","detected"
"1.2","cembio","neg","L-homocitrulline","[M - H]-","consensus",NA,NA,NA,NA,NA,NA,NA,0,"consensus","no_data"
"1.2","cembio","neg","N-acetyl-L-aspartic acid","[M - H]-","own",733154.055493335,15.459,715.906311035156,43.00699999998,5.08432412508898,286.943771362305,84.36962890625,5,"own","detected"
"1.2","cembio","neg","N-acetyl-L-glutamine","[M - H]-","consensus",NA,NA,NA,NA,NA,NA,NA,0,"consensus","no_data"
"1.2","cembio","neg","NAD zwitterion","[M - H]-","consensus",1214.51141789851,0.497999999999998,652.689758300781,28.545,442.779090881348,209.910667419434,1,4,"consensus","detected"
"1.2","cembio","neg","cytidine 5'-monophosphate","[M - H]-","own",141055.027086085,25.434,1075.87939453125,40.01500000002,17.0242592017497,256.363502502441,48.1381235046387,5,"own","detected"
"1.3","cembio","neg","2-aminoisobutyric acid","[M - H]-","own",202544.431733111,10.48600000002,35549.87890625,29.883,1019.01039653158,265.114135742188,34.6265012512207,5,"consensus","detected"
"1.3","cembio","neg","D-alanine","[M - H]-","consensus",170860.016805283,4.494,36898.34765625,23.89099999998,2341.49425009721,231.112243652344,15.659758895874,2,"consensus","detected"
"1.3","cembio","neg","D-asparagine","[M - H]-","own",404831.503291988,19.473,1098.41845703125,40.368,10.0589799149034,274.250556945801,81.933546647644,5,"consensus","detected"
"1.3","cembio","neg","D-glucopyranose 6-phosphate","[M - H]-","own",4328021.58010066,32.454,40163.58203125,45.36100000002,39.9642687290354,6286.92431640625,847.673654296875,5,"own","detected"
"1.3","cembio","neg","L-arginine","[M - H]-","own",673549.444037218,21.46999999998,2031.69250488281,43.36399999998,29.4693427438065,269.880081176758,59.784584916687,3,"own","detected"
"1.3","cembio","neg","L-dopa","[M - H]-","consensus",399052.704991797,2.496,84138.5703125,28.38499999998,1776.82774190521,252.43278503418,47.2111817871094,5,"consensus","detected"
"1.3","cembio","neg","L-ornithine","[M - H]-","own",183537.710772144,15.97699999998,807.939514160156,34.37599999998,9.93373947047361,254.461196899414,55.7170156219482,5,"own","detected"
"1.3","cembio","neg","N(2)-acetyl-L-lysine","[M - H]-","own",1424182.46859266,2.49700000002001,216311.140625,26.388,2516.67214000154,299.710266113281,85.8321697631836,5,"consensus","detected"
"1.3","cembio","neg","N-acetyl-L-glutamic acid","[M - H]-","own",NA,NA,NA,83.80600000002,2.08905206339691,338.252700805664,520.989822006227,5,"own","below_detection"
"1.3","cembio","neg","N-acetyl-beta-neuraminic acid","[M - H]-","own",3256674.69974116,0.998999999999999,1620730,25.389,10200.9032145933,404.514343261719,158.841374295044,4,"own","detected"
"1.3","cembio","neg","N-carbamoylaspartic acid","[M - H]-","own",3688758.44840822,28.45999999998,4394.1259765625,45.36100000002,49.0343744351244,503.264526367188,79.3496704101562,5,"own","detected"
"1.3","cembio","neg","UDP","[M - H]-","own",169863.096207555,39.94400000004,5089.037109375,54.84700000002,11.3347750143561,1923.7783203125,279.252017358398,5,"own","detected"
"1.3","cembio","neg","UDP-alpha-D-glucose","[M - H]-","own",5938682.77896216,26.96200000002,83106.9375,44.36200000002,68.1063012572082,5273.126953125,1142.82833027344,5,"own","detected"
"1.3","cembio","neg","guanosine","[M - H]-","own",NA,NA,NA,78.31399999998,0.888880139940147,408.815979003906,652.592665863037,5,"own","below_detection"
"1.3","cembio","neg","isocitric acid","[M - H]-","own",10730782.5567512,25.96300000002,22161.654296875,43.863,36.9948273436462,3099.171875,515.274263745117,5,"own","detected"
"1.4","cembio","neg","2'-deoxyadenosine 5'-monophosphate","[M - H]-","own",1052402.01668457,20.47099999998,5893.7109375,40.03900000002,53.7334324825928,409.164688110352,102.069530941772,5,"own","detected"
"1.4","cembio","neg","2'-deoxyguanosine 5'-monophosphate","[M - H]-","own",3031947.6223516,43.93699999998,10456.0947265625,55.51699999998,19.4557251694445,2431.59814453125,412.449112646484,5,"own","detected"
"1.4","cembio","neg","D-arabinitol","[M - H]-","own",651816.210185729,14.47999999998,5062.95166015625,35.54500000002,72.028935755805,342.961547851562,65.5290830383301,5,"own","detected"
"1.4","cembio","neg","D-lysine","[M - H]-","own",NA,NA,NA,53.02099999998,0.441763628073366,298.155914306641,409.218046569824,5,"own","below_detection"
"1.4","cembio","neg","L-homoarginine","[M - H]-","own",451078.78244509,21.969,1549.48706054688,34.54699999998,35.7372984573312,243.91178894043,36.5325675964355,5,"own","detected"
"1.4","cembio","neg","N(2)-phenylacetyl-L-glutamine","[M - H]-","own",19221231.0335342,6.99000000000001,353083.53125,179.84200000002,1901.83417586584,806.165252685547,185.230326843262,5,"own","detected"
"1.4","cembio","neg","N-acetyl-L-serine","[M - H]-","own",3375043.75432262,29.95700000004,1274.3056640625,53.02099999998,25.4435372085766,262.354583740234,39.7724212646484,5,"own","detected"
"1.4","cembio","neg","N-benzoylglycine","[M - H]-","own",9702389.91616059,1.99699999997998,3040397,168.35800000002,18963.4739992894,365.609878540039,160.309835119629,5,"own","detected"
"1.4","cembio","neg","O-phospho-L-serine","[M - H]-","own",1906091.26438271,45.93500000004,12281.5107421875,57.51400000002,15.2545567454053,3246.69970703125,592.269653320312,5,"own","detected"
"1.4","cembio","neg","O-phosphoethanolamine","[M - H]-","own",1680323.76752061,4.99300000002,69729.5859375,27.55699999998,223.884709410067,1198.20684814453,306.101203918457,5,"own","detected"
"1.4","cembio","neg","UDP-alpha-D-glucose","[M - H]-","own",6312941.98464273,20.97,131664.78125,39.04000000002,86.6387882245742,5519.26391601562,1455.99355576172,5,"own","detected"
"1.4","cembio","neg","citric acid","[M - H]-","own",12504722.7632631,5.49199999998,1171555.125,31.551,991.620455495756,6800.76416015625,1174.59694824219,5,"own","detected"
"1.4","cembio","neg","creatine","[M - H]-","own",112134.096687699,4.49300000004,6660.90771484375,27.55699999998,133.162965664997,238.346694946289,48.2308349609375,5,"own","detected"
"1.4","cembio","neg","glutathione disulfide","[M - H]-","own",570192.325878351,33.45199999998,3830.27563476562,54.01900000002,18.619469575242,641.0263671875,171.285720825195,5,"own","detected"
"1.4","cembio","neg","uridine","[M - H]-","own",2565711.40628815,54.92199999996,1191.64929199219,59.01199999998,8.47754100447197,284.78125,106.97300567627,5,"own","detected"
"1.5","cembio","neg","3-amino-L-alanine","[M - H]-","own",NA,NA,NA,24.68800000002,4.40871410630225,817.205139160156,786.475502490234,3,"own","below_detection"
"1.5","cembio","neg","D-arginine","[M - H]-","own",623271.299743224,24.46600000002,1532.13269042969,39.66700000002,47.8412694141008,243.657608032227,26.9322929382324,5,"own","detected"
"1.5","cembio","neg","L-alanine","[M - H]-","own",3010104.02027374,9.98499999996,171299.734375,38.66800000002,2470.47347758141,274.288497924805,69.2278008361816,5,"own","detected"
"1.5","cembio","neg","L-aspartic acid","[M - H]-","own",871469.50408434,1.497,413713.21875,24.68800000002,14277.601562432,254.623291015625,28.9585469696045,4,"own","detected"
"1.5","cembio","neg","L-glutamic acid","[M - H]-","own",876377.922208362,9.48699999996,4993.80517578125,32.6769980469,107.764050598236,262.042846679688,43.9085418823242,5,"own","detected"
"1.5","cembio","neg","L-glutamine","[M - H]-","consensus",1086406.50228201,0.499000000020001,545452.25,24.189,9341.28040802835,313.292022705078,58.3580552307129,4,"consensus","detected"
"1.5","cembio","neg","L-serine","[M - H]-","own",866063.293226624,18.97300000002,2622.322265625,34.17400000002,71.0858976088133,357.644622802734,31.8583251953125,5,"own","detected"
"1.5","cembio","neg","N-acetyl-L-alanine","[M - H]-","own",20582033.2553333,8.48799999996,4221846.5,29.68099999998,16261.5959612593,1078.625,259.554344177246,4,"own","detected"
"1.5","cembio","neg","N-acetyl-L-tyrosine","[M - H]-","consensus",9369501.50113635,2.99599999998,1615162.625,143.52,14148.8915850942,369.171722412109,114.128618737793,5,"consensus","detected"
"1.5","cembio","neg","alpha-D-glucose 1-phosphate","[M - H]-","consensus",3567718.06262032,3.495,530176,26.18599999998,403.019549041953,6399.14794921875,1299.63137841797,5,"consensus","detected"
"1.5","cembio","neg","cysteic acid","[M - H]-","consensus",2684046.85743688,1.99699999998,1019709.125,25.18699999998,16651.201157241,327.600555419922,61.2196990966797,5,"consensus","detected"
"1.5","cembio","neg","cytidine","[M - H]-","own",483598.600233737,1.998,153949.03125,26.685,4030.41749573566,247.342811584473,38.1354260696411,5,"own","detected"
"1.5","cembio","neg","sn-glycerol 3-phosphate","[M - H]-","own",2959100.19616199,38.44599999996,15464.0009765625,48.654,10.5611282466517,2638.84252929688,1214.37389526367,5,"own","detected"
"1.6","cembio","neg","(6S)-5-formyltetrahydrofolic acid","[M - H]-","own",4977203.61752414,3.99499999998,831784.25,169.93999999998,5629.50744358997,542.763031005859,147.657942599487,5,"own","detected"
"1.6","cembio","neg","3-chloro-L-tyrosine","[M - H]-","own",3284651.39226253,28.959,376873.5,57.59800000002,3826.45170628823,340.537811279297,98.4026432556152,5,"own","detected"
"1.6","cembio","neg","D-serine","[M - H]-","own",1866364.60528476,12.98200000002,6442.64208984375,33.63199999998,80.4901902875223,285.026214599609,76.501445123291,5,"own","detected"
"1.6","cembio","neg","L-arabinitol","[M - H]-","own",1343638.76937087,5.991,57385.34765625,29.139,813.753250090878,293.678771972656,70.1584526733398,5,"own","detected"
"1.6","cembio","neg","L-histidine","[M - H]-","own",3886010.35129271,32.45500000002,1889.015625,42.12,26.2104765532959,266.984756469727,61.8848293441772,5,"own","detected"
"1.6","cembio","neg","L-methionine S-oxide","[M - H]-","own",491177.237378359,30.957,520.291320800781,52.605,6.2391260466858,235.279815673828,45.6813186645508,5,"own","detected"
"1.6","cembio","neg","L-threonine","[M - H]-","own",2880037.14753358,8.4879980469,23417.115234375,31.13599999998,416.8932447098,263.843414306641,55.5376516983032,5,"own","detected"
"1.6","cembio","neg","N(alpha)-acetyl-L-arginine","[M - H]-","own",4535877.1685151,13.98,8846.2294921875,37.12699999998,96.32157884293,314.378936767578,88.576730758667,5,"own","detected"
"2.1","cembio","neg","2'-deoxyguanosine","[M - H]-","own",2352668.5553498,9.98599999998001,408199.15625,37.98400000002,592.871766433916,931.60693359375,686.940367840576,4,"own","detected"
"2.1","cembio","neg","2,4-dihydroxypyrimidine-5-carboxylic acid","[M - H]-","own",16749452.8356013,13.98,64026.34375,40.97899999998,84.021267083092,1609.55926513672,742.868878936768,5,"own","detected"
"2.1","cembio","neg","3-hydroxybenzyl alcohol","[M - H]-","own",143699.025770778,3.99500000003999,29104.962890625,108.88399999998,928.027096373306,242.093307495117,31.1013220367432,5,"consensus","detected"
"2.1","cembio","neg","5,6-dihydroxyindole","[M - H]-","consensus",NA,NA,NA,115.374,3.29129866968603,259.378677368164,55.5969570556641,5,"consensus","below_detection"
"2.1","cembio","neg","5-aminoimidazole-4-carboxamide","[M - H]-","own",1511123.92933803,1.49800000002,637060.5625,24.50299999998,2648.96539106259,646.101837158203,240.250198364258,4,"own","detected"
"2.1","cembio","neg","5-methyl-2'-deoxycytidine","[M - H]-","own",425688.997664297,6.99,14501.70703125,31.992,415.708615614478,230.083503723145,34.3308341262817,5,"consensus","detected"
"2.1","cembio","neg","9H-xanthine","[M - H]-","own",NA,NA,NA,79.92400000002,-0.730530747613368,2149.02697753906,2413.90015335083,5,"own","below_detection"
"2.1","cembio","neg","Gly-Phe","[M - H]-","own",7539599.73947159,9.48700000002,438409.34375,103.39099999998,3533.91511181953,554.034088134766,123.900913238525,5,"own","detected"
"2.1","cembio","neg","L-leucine","[M - H]-","own",NA,NA,NA,63.44800000002,-0.0301055697091861,411.62092590332,3704.60523338318,5,"own","below_detection"
"2.1","cembio","neg","L-phenylalanine","[M - H]-","own",NA,NA,NA,86.91499999998,0.0961238510953951,474.104370117188,18006.0555381775,5,"own","below_detection"
"2.1","cembio","neg","dopamine","[M - H]-","own",1790430.55450689,11.98300000002,10461.765625,36.486,195.440325004013,355.109497070312,51.7122355773926,5,"own","detected"
"2.1","cembio","neg","ethylmalonic acid","[M - H]-","own",NA,NA,NA,128.8549921875,3.62101109113519,837.748168945312,280.760723931885,5,"own","below_detection"
"2.1","cembio","neg","keto-phenylpyruvic acid","[M - H]-","own",772443.502226817,7.48899999996001,86686.3671875,181.281,299.6543736757,856.820251464844,286.428480529785,5,"own","detected"
"2.1","cembio","neg","methylmalonic acid","[M - H]-","own",11595703.7492539,63.91000000002,5209.8125,99.89599999998,11.6060800246552,826.092651367188,377.708911132812,5,"own","detected"
"2.1","cembio","neg","pyridoxamine","[M - H]-","consensus",211042.098261131,0.999000000000002,119216.8046875,23.00500000002,7135.17495155581,265.408233642578,16.6711254119873,4,"consensus","detected"
"2.1","cembio","neg","vanillylmandelic acid","[M - H]-","own",17953718.16502,23.967,20895.56640625,62.44900000002,64.3246760482768,934.867095947266,310.311695861816,5,"own","detected"
"2.10","cembio","neg","(5-hydroxyindol-3-yl)acetic acid","[M - H]-","own",8258872.52999064,1.99799999999999,2447905.75,166.77700000002,16212.5156118322,611.230102539062,150.950942993164,5,"own","detected"
"2.10","cembio","neg","(S)-2-hydroxy-4-methylpentanoic acid","[M - H]-","own",35663920.539921,35.45000000004,23370.759765625,202.72600000002,11.055604819847,1601.9013671875,1969.03369405518,5,"own","detected"
"2.10","cembio","neg","2-hydroxy-2-methylbutyric acid","[M - H]-","own",NA,NA,NA,207.71899999998,3.75813332699056,3061.57775878906,674.621295166016,5,"consensus","below_detection"
"2.10","cembio","neg","4-hydroxy-L-proline","[M - H]-","own",1492837.41111991,20.472,6087.7177734375,37.45999999998,71.9086507401599,337.990234375,79.958773803711,5,"own","detected"
"2.10","cembio","neg","7,9-dihydro-1H-purine-2,6,8(3H)-trione","[M - H]-","own",5826536.38272289,14.979,23933.65625,38.45800000002,54.2201403932364,1122.70776367188,420.709874981689,5,"own","detected"
"2.10","cembio","neg","L-pipecolic acid","[M - H]-","own",54712.4325168694,0.998999999999999,19477.51171875,26.475,235.399191395472,285.944747924805,81.5277523132324,4,"consensus","detected"
"2.10","cembio","neg","N-isovalerylglycine","[M - H]-","own",51142092.851257,40.443,20112.80078125,138.31699999998,27.016784602301,1426.61596679688,691.65095289917,5,"own","detected"
"2.10","cembio","neg","alpha-D-glucuronic acid","[M - H]-","own",757221.580860893,0.999000000000002,374871.5625,25.47700000002,8654.45274008656,355.825012207031,43.2743408203125,5,"own","detected"
"2.10","cembio","neg","trans-urocanic acid","[M - H]-","own",1811540.59278161,43.43799999996,1614.97131347656,67.917,6.88539474071878,398.089080810547,176.733837127685,5,"own","detected"
"2.10","cembio","neg","uracil","[M - H]-","own",1869623.41720992,2.496,565328.5625,28.97200000002,4233.549946598,533.232574462891,133.409393310547,5,"own","detected"
"2.2","cembio","neg","2-oxobutanoic acid","[M - H]-","own",1704.43481804386,NA,2613.3896484375,128.24299999998,6.99916869409864,869.573425292969,249.14619140625,3,"own","detected"
"2.2","cembio","neg","3,3',5-triiodo-L-thyronine","[M - H]-","own",3176971.35210376,1.49800000002,1199298.125,297.00499999998,11218.4548889971,389.003051757812,106.869362475586,5,"own","detected"
"2.2","cembio","neg","3-iodo-L-tyrosine","[M - H]-","own",3048025.07420641,40.94300781252,1611.82348632812,125.247,15.7862058098211,323.070404052734,81.6379247680664,5,"own","detected"
"2.2","cembio","neg","5-methoxysalicylic acid","[M - H]-","own",29818718.1202464,1.99700000004,10231565,256.562015625,4777.1367359115,5591.36669921875,2140.60727138672,5,"own","detected"
"2.2","cembio","neg","5-oxo-L-proline","[M - H]-","own",19511608.3974877,12.48199999998,54411.63671875,39.86800000002,154.742515705254,798.266052246094,346.468263244629,5,"own","detected"
"2.2","cembio","neg","D-glucono-1,5-lactone","[M - H]-","own",338542.09676389,22.96699999998,1067.95324707031,45.85900000002,17.6578974992367,319.606628417969,42.3802787780762,5,"consensus","detected"
"2.2","cembio","neg","L-methionine","[M - H]-","own",1040780.3472154,13.98,4632.31591796875,36.87199999998,105.175143881257,247.266387939453,41.6928312927246,5,"own","detected"
"2.2","cembio","neg","N-acetyl-L-phenylalanine","[M - H]-","own",28763778.8011248,15.97700000004,68645.46875,232.596,250.598590943517,869.586975097656,270.45595715332,5,"own","detected"
"2.2","cembio","neg","N-acetyl-L-proline","[M - H]-","own",8462034.67361305,55.422,2360.33544921875,85.803,14.6216305837149,389.112030029297,134.815567108154,5,"own","detected"
"2.2","cembio","neg","alloxanthine","[M - H]-","own",15141752.7862578,11.484,111828.1953125,38.86900000002,500.628724805668,811.349731445312,221.754845617676,5,"own","detected"
"2.2","cembio","neg","biotin","[M - H]-","own",15452809.3244185,2.49600000000001,4596728.5,194.14999999998,8870.98207428749,710.661926269531,518.095719232178,4,"own","detected"
"2.2","cembio","neg","glutaric acid","[M - H]-","own",14715125.0701584,28.959,55948.5546875,66.33,294.887605567891,490.557373046875,188.064863586426,5,"own","detected"
"2.2","cembio","neg","homovanillic acid","[M - H]-","own",NA,NA,NA,177.67300000002,-0.645129140759691,692.959320068359,313.568497393799,5,"own","below_detection"
"2.2","cembio","neg","kynurenic acid","[M - H]-","own",12454762.0241534,2.49600000000004,2841055.75,156.70300000002,12132.47281764,1464.70477294922,234.048828125,5,"own","detected"
"2.2","cembio","neg","trans-3-coumaric acid","[M - H]-","own",25638998.4683286,1.49799999995997,10436006,232.596,16416.9766092544,2178.5615234375,635.551093652344,5,"own","detected"
"2.3","cembio","neg","(R)-adrenaline","[M - H]-","own",1414825.86138832,1.49799999996,569048.9375,25.97299999998,5636.17586692238,394.331481933594,100.893694491577,4,"own","detected"
"2.3","cembio","neg","(S)-mandelic acid","[M - H]-","own",18246724.2557543,3.99499999998,3909342.5,142.30900000002,7335.41662040351,1994.4921875,532.668859863281,5,"own","detected"
"2.3","cembio","neg","2'-deoxyinosine","[M - H]-","own",3423574.55543658,11.48299999998,343083.28125,39.95299999998,5178.85775724302,344.319915771484,66.1804161071777,4,"own","detected"
"2.3","cembio","neg","2'-deoxyuridine","[M - H]-","own",3244056.07121554,8.48800000002,560268.4375,35.95900000002,9981.01453863827,413.821105957031,56.0919548034668,5,"own","detected"
"2.3","cembio","neg","2-hydroxy-3-methylbutyric acid","[M - H]-","own",25293412.9970317,78.88900000002,12352.51171875,112.84999999998,6.08196611722562,833.648071289062,1893.93749084473,5,"own","detected"
"2.3","cembio","neg","2-hydroxy-4-(methylthio)butanoic acid","[M - H]-","own",24644536.7088029,26.463,14408.5068359375,109.35499999998,44.1246238936825,1696.4423828125,288.094567871094,5,"own","detected"
"2.3","cembio","neg","6-hydroxynicotinic acid","[M - H]-","own",5354383.94923667,1.49800000002,1535902.75,39.45400000002,12815.7709603759,465.834716796875,119.808392333984,4,"own","detected"
"2.3","cembio","neg","L-isoglutamine","[M - H]-","own",1285003.73611091,29.45799999996,1660.923828125,44.44699999998,27.4489164063055,260.170135498047,51.0312928894043,5,"own","detected"
"2.3","cembio","neg","L-proline","[M - H]-","own",76138.4033282093,12.48199999998,971.834838867188,36.45799999998,23.8369674060672,252.394409179688,30.1817096710205,4,"consensus","detected"
"2.3","cembio","neg","N-acetyl-L-leucine","[M - H]-","own",36129598.6310593,31.95499999998,8785.693359375,218.70100000002,21.9200798222813,771.690368652344,365.600994873047,5,"own","detected"
"2.3","cembio","neg","N-acetyl-L-tryptophan","[M - H]-","own",12578319.971933,1.49800000002,5606646.5,232.68100000002,15106.3492408967,904.012939453125,371.085190582275,4,"own","detected"
"2.3","cembio","neg","N-acetylserotonin","[M - H]-","own",6154887.11427006,1.99699999998003,2032476,180.255,12068.3541190557,521.730712890625,168.370454598999,5,"own","detected"
"2.3","cembio","neg","gallic acid","[M - H]-","own",17501490.866413,60.91399999998,7798.693359375,65.91700000002,16.5878180089047,1124.03863525391,402.382924658203,5,"own","detected"
"2.3","cembio","neg","gamma-aminobutyric acid","[M - H]-","consensus",7324.36600993016,NA,4618.98291015625,23.47699999998,63.2806265502202,286.528625488281,68.4641496276855,2,"consensus","detected"
"2.3","cembio","neg","imidazol-4-ylacetic acid","[M - H]-","own",NA,NA,NA,NA,NA,NA,NA,0,"own","no_data"
"2.3","cembio","neg","pyruvic acid","[M - H]-","consensus",552715.684060903,1.49800000002,185372.640625,27.471,1228.91993561383,627.580200195312,150.331242150879,5,"consensus","detected"
"2.3","cembio","neg","taurocyamine","[M - H]-","own",3200161.86681745,1.49799999996,1244990.5,24.975,8303.29333791698,436.457305908203,149.886796966553,5,"own","detected"
"2.3","cembio","neg","trans-3-hexenedioic acid","[M - H]-","own",2744865.4000793,3.49500000000002,515786.8125,81.39499999998,6930.28294303487,290.395294189453,74.3831704193115,5,"consensus","detected"
"2.4","cembio","neg","(S)-methylsuccinic acid","[M - H]-","own",14616170.5092934,46.434,2375.58959960938,77.15800000002,5.11490230657985,731.920959472656,321.348980218506,5,"own","detected"
"2.4","cembio","neg","1-hexadecanoyl-sn-glycero-3-phosphocholine","[M + CH2O2 - H]-","own",9896897.72918921,1.49800000002006,3822634,442.64200000002,8128.58618824142,1006.66436767578,470.146621704102,5,"own","detected"
"2.4","cembio","neg","2'-deoxyadenosine","[M - H]-","own",NA,NA,NA,69.16999999998,-1.25751495402176,518.107177734375,252.690999462891,3,"consensus","below_detection"
"2.4","cembio","neg","4-guanidinobutanoic acid","[M - H]-","own",1200908.42403699,19.97200000002,1584.04125976562,44.70400000002,21.9810680925999,258.000854492188,60.3264772979736,5,"own","detected"
"2.4","cembio","neg","5,6-dihydroxyindole-2-carboxylic acid","[M - H]-","own",9275177.99897769,38.445,9908.1201171875,150.05599999998,27.6074452654955,1197.70697021484,315.509568640137,5,"own","detected"
"2.4","cembio","neg","5,6-dimethylbenzimidazole","[M - H]-","own",4417.80855655987,0.500000000040018,3786.52490234375,217.45999999998,8.00704671401602,530.035278320312,406.702963069153,3,"consensus","detected"
"2.4","cembio","neg","L-tryptophanamide","[M - H]-","own",544089.83689496,3.49500390623999,92146.1796875,63.67699999998,3377.06826569262,268.129547119141,27.2064533233643,5,"own","detected"
"2.4","cembio","neg","N-acetyl-alpha-D-galactosamine","[M - H]-","own",622085.370685808,8.48799999996,9922.18359375,31.22299999998,158.092534044381,263.185241699219,61.0971189147949,5,"consensus","detected"
"2.4","cembio","neg","citraconic acid","[M - H]-","own",28050730.6535003,1.99699999997999,8301982,40.21099999998,18163.1277397377,1582.95874023438,456.991723022461,5,"consensus","detected"
"2.4","cembio","neg","cortisol","[M - H]-","own",82160.8895268971,1.49799999995997,26934.37109375,286.36300000002,5056.62761981252,222.003570556641,5.2826447845459,5,"own","detected"
"2.4","cembio","neg","creatinine","[M - H]-","own",429700.421354612,12.48199999998,3638.42700195312,31.72300000002,105.309390431644,230.332450866699,32.3626842498779,5,"own","detected"
"2.4","cembio","neg","phloretic acid","[M - H]-","own",2189527.48044662,1.49799999995997,1082870.375,202.98100000002,9244.26283122822,313.081512451172,117.105854003906,4,"own","detected"
"2.5","cembio","neg","3-hydroxybenzoic acid","[M - H]-","own",15403158.1903164,9.48700000002,67099.671875,187.57000000002,121.987860081235,1070.80780029297,541.274058178711,5,"own","detected"
"2.5","cembio","neg","5-aminolevulinic acid","[M - H]-","own",2400541.58831849,21.46999999998,3798.25244140625,38.28100000002,51.9109446041681,302.53271484375,67.3407073059082,5,"consensus","detected"
"2.5","cembio","neg","5-hydroxymethyl-2-furoic acid","[M - H]-","own",9490100.26882231,29.45800000002,8901.462890625,70.236,48.1268073639688,904.48974609375,166.16463012085,5,"own","detected"
"2.5","cembio","neg","5-oxo-L-proline","[M - H]-","own",10950394.9700669,8.98699999998,63560.09375,36.783,275.620798680893,577.068267822266,228.513326220703,5,"own","detected"
"2.5","cembio","neg","D-glyceric acid","[M - H]-","own",8492677.67704767,50.928,3410.99975585938,47.268,20.8093106925094,470.104553222656,141.325930786133,5,"own","detected"
"2.5","cembio","neg","D-ribofuranose","[M - H]-","own",315832.278839863,2.496,80175.0078125,26.79700000002,3283.96350671906,252.563186645508,24.337190246582,5,"consensus","detected"
"2.5","cembio","neg","N-acetyl-L-valine","[M - H]-","own",38932908.1315458,24.465,21673.97265625,131.14999999998,38.618647396223,1069.49645996094,533.536972045898,5,"own","detected"
"2.5","cembio","neg","N-carbamoyl-beta-alanine","[M - H]-","own",NA,NA,NA,55.75600000002,-0.526856948145754,7633.74044799805,12708.398223877,4,"own","below_detection"
"2.5","cembio","neg","Phenylglyoxal","[M - H]-","consensus",NA,NA,NA,151.62100000002,1.12494629097098,336.287231445312,99.3549223754883,5,"consensus","below_detection"
"2.5","cembio","neg","cis-4-hydroxy-D-proline","[M - H]-","own",2402596.69974267,46.93399999998,1455.53991699219,48.267,20.0412451892237,265.118545532227,59.3985733032227,5,"own","detected"
"2.5","cembio","neg","hypoxanthine","[M - H]-","own",3708111.85010928,13.98099999996,16466.375,38.77999999998,112.939480001763,534.853393554688,141.062466430664,5,"own","detected"
"2.5","cembio","neg","inosine","[M - H]-","own",13490788.8715663,8.98699999998,1014172.125,36.783,5822.67017575211,424.242431640625,174.103607446289,5,"own","detected"
"2.5","cembio","neg","oxalic acid","[M - H]-","own",1390497.94702155,15.97699999998,46515.5546875,36.783,52.1020154207515,6759.37646484375,763.044920654297,5,"consensus","detected"
"2.5","cembio","neg","picolinic acid","[M - H]-","consensus",11721.0008499534,2.99599999998,603.990783691406,27.79600000002,13.3715209336238,245.858879089355,26.7831839309692,5,"consensus","detected"
"2.5","cembio","neg","pyridoxal","[M - H]-","own",1594460.06605611,17.475,10435.3193359375,35.784,39.8651228117398,618.336364746094,246.254928588867,5,"own","detected"
"2.5","cembio","neg","xanthurenic acid","[M - H]-","own",9247846.19369893,27.46099999998,71153.71875,149.124,73.2466076149453,2131.65795898438,942.324334716797,5,"own","detected"
"2.6","cembio","neg","(S)-2-hydroxybutyric acid","[M - H]-","own",NA,NA,NA,72.03100000002,3.17141962123434,4533.37548828125,1912.92595825195,5,"own","below_detection"
"2.6","cembio","neg","2-oxoglutaric acid","[M - H]-","own",5839408.76463726,22.96699999998,11413.515625,42.07300000002,29.2069400987739,1264.16455078125,347.497924804688,5,"own","detected"
"2.6","cembio","neg","3-methyl-2-oxovaleric acid","[M - H]-","own",20656678.1119537,4.99300000002,3369280,118.46599999998,1572.36823172327,403.600357055664,2142.54926528931,5,"consensus","detected"
"2.6","cembio","neg","3-methyladipic acid","[M - H]-","own",23329894.9218546,15.981,20374.4921875,182.87800000002,101.099350258234,531.120056152344,196.275961029053,5,"own","detected"
"2.6","cembio","neg","4-hydroxy-4-methyloxan-2-one","[M - H]-","consensus",NA,NA,NA,83.51500000002,-0.772094986275486,9402.2578125,11315.5217273438,5,"consensus","below_detection"
"2.6","cembio","neg","4-hydroxyphenylpyruvic acid","[M - H]-","consensus",3139495.34952454,11.484,226921.015625,71.03299999998,933.462450119446,984.901611328125,242.040924072266,5,"consensus","detected"
"2.6","cembio","neg","5-aminopentanoic acid","[M - H]-","consensus",NA,NA,NA,152.418,4.6448091913725,230.445648193359,31.7561355285645,5,"consensus","below_detection"
"2.6","cembio","neg","5-hydroxymethyluracil","[M - H]-","own",4684016.80024741,14.47899999996,286318.09375,39.078,1513.97061646868,654.125457763672,188.685279083252,5,"own","detected"
"2.6","cembio","neg","esculin","[M - H]-","own",18043793.9447316,3.495,2871808.5,152.91700000002,4697.92074835987,1310.43530273438,611.01457824707,5,"own","detected"
"2.6","cembio","neg","glyceraldehyde","[M - H]-","own",126688.965324555,12.48200000004,3319.64697265625,34.08499999998,7.66664262667172,1391.00543212891,251.562728881836,5,"consensus","detected"
"2.6","cembio","neg","guanine","[M - H]-","own",NA,NA,NA,NA,NA,NA,NA,0,"own","no_data"
"2.6","cembio","neg","indole-3-butyric acid","[M - H]-","own",8306348.87961275,0.999000000000024,4105445,308.7,34761.9861102706,434.008209228516,118.089080950928,5,"own","detected"
"2.6","cembio","neg","isonicotinic acid","[M - H]-","own",4137073.17832968,15.47799999996,7307.6455078125,37.08,32.8332771287345,761.681823730469,199.369793591309,5,"own","detected"
"2.6","cembio","neg","phenylacetylglycine","[M - H]-","own",24208243.9862052,13.98,32882.1953125,199.35499999998,171.139367732656,539.408508300781,188.985078259277,5,"own","detected"
"2.6","cembio","neg","xanthosine","[M - H]-","own",896381.493604117,30.45700000002,1218.43212890625,51.06100000002,213.41022070212,212.663276672363,4.71284294128418,5,"own","detected"
"2.7","cembio","neg","3,3-dimethylglutaric acid","[M - H]-","own",37571649.8177813,9.48600000000002,256916.90625,177.444,347.448874230643,1381.08447265625,735.463087463379,5,"own","detected"
"2.7","cembio","neg","3,4,5-Trimethoxycinnamic acid","[M - H]-","own",4809809.44279358,0.998999999999967,2318333.75,283.29499999998,14735.2721693279,527.098815917969,157.296494055176,4,"own","detected"
"2.7","cembio","neg","3-hydroxyphenylacetic acid","[M - H]-","own",4687827.42095944,3.99400000001998,391241.625,185.433,3734.06507080301,464.330078125,104.651977807617,4,"own","detected"
"2.7","cembio","neg","3-hydroxypropionic acid","[M - H]-","own",2009.88215315497,NA,2564.9638671875,19.66699999998,5.12221585040283,1509.56921386719,206.042596435547,5,"consensus","detected"
"2.7","cembio","neg","4-acetamidobutanoic acid","[M - H]-","own",10255533.37085,34.95099999996,6006.42236328125,59.11099999998,37.9252295204827,383.515197753906,148.262969970703,5,"own","detected"
"2.7","cembio","neg","4-pyridoxic acid","[M - H]-","own",25258489.8094737,21.969,231694.6875,44.133,391.821264698919,2661.41918945312,584.535064697266,5,"own","detected"
"2.7","cembio","neg","6-methyladenine","[M - H]-","own",3370950.59738521,63.40999999998,2812.75805664062,70.09600000002,11.3977507436938,667.005981445312,188.261010742187,5,"own","detected"
"2.7","cembio","neg","LMFA01170001","[M - H]-","own",9972889.91993783,33.95299999998,3760.03637695312,58.61200000002,27.8728827669933,392.430053710938,120.820166015625,5,"own","detected"
"2.7","cembio","neg","Methyl 3-aminopropanoate","[M - H]-","own",332605.966183819,10.98499999998,67521.234375,39.13999999998,2497.27567408801,237.696197509766,26.9427756317139,5,"consensus","detected"
"2.7","cembio","neg","N(4)-acetylcytosine","[M - H]-","own",1728485.72564077,10.98499999998,435891.75,39.639,7841.12522604674,279.53125,55.5548095703125,4,"own","detected"
"2.7","cembio","neg","N-acetyl-L-isoleucine","[M - H]-","own",36054470.5901613,59.41600000002,6522.10791015625,214.89199999998,21.4368576245156,808.400573730469,266.536608886719,5,"own","detected"
"2.7","cembio","neg","N-acetyl-beta-D-mannosamine","[M - H]-","own",324739.17091426,1.99699999998,96816.96875,27.15700000002,2985.5462288617,235.010528564453,32.3498451599121,5,"consensus","detected"
"2.7","cembio","neg","O-propanoyl-L-carnitine","[M - H]-","own",NA,NA,NA,NA,NA,NA,NA,0,"own","no_data"
"2.7","cembio","neg","melatonin","[M - H]-","own",3674376.79870103,14.979,3514.31274414062,259.82800000002,24.4326464064249,337.197845458984,130.035643533325,5,"consensus","detected"
"2.7","cembio","neg","methyl (R)-lactate","[M - H]-","consensus",13661.9782013557,1.99699999998,5236.69970703125,42.135,5.78725400932676,3184.95092773438,354.528896777344,5,"consensus","detected"
"2.8","cembio","neg","2'-deoxycytidine","[M - H]-","consensus",417502.708016986,1.497,142628.71875,26.61700000002,2710.91932929425,320.288452148438,52.4945278747559,5,"consensus","detected"
"2.8","cembio","neg","3-hydroxyisovaleric acid","[M - H]-","consensus",18116043.8007551,53.92399999998,12439.7001953125,81.04000000002,11.6853338578019,3308.53540039062,781.420959472656,5,"consensus","detected"
"2.8","cembio","neg","L-isoleucine","[M - H]-","consensus",NA,NA,NA,213.35299999998,1.48776236731342,213.628578186035,22.0583744049072,5,"consensus","below_detection"
"2.8","cembio","neg","itaconic acid","[M - H]-","consensus",10122804.1022898,53.92299999996,5966.84765625,104.50699999998,33.5774935633134,669.673522949219,157.759664916992,5,"consensus","detected"
"2.8","cembio","neg","thymidine","[M - H]-","consensus",4050745.03266674,28.959,325504.78125,57.07399999998,4411.20331361897,437.769577026367,73.6912331085205,5,"consensus","detected"
"2.9","cembio","neg","(R)-noradrenaline","[M - H]-","own",835734.008273936,0.499000000019997,575285.5625,24.699,22034.3818635345,274.133178710938,26.0960998535156,4,"own","detected"
"2.9","cembio","neg","(S)-lactic acid","[M - H]-","own",9237917.39513792,44.43699999996,398326.09375,71.63299999998,516.785102952179,1981.89636230469,766.941994116211,5,"own","detected"
"2.9","cembio","neg","3-methylbutanal","[M - H]-","consensus",NA,NA,NA,210.43699999998,3.44169262223838,278.777862548828,20.2676895141602,5,"consensus","below_detection"
"2.9","cembio","neg","D-leucine","[M - H]-","own",NA,NA,NA,NA,NA,NA,NA,0,"own","no_data"
"2.9","cembio","neg","D-proline","[M - H]-","own",140452.14297716,2.99599999998,20029.75390625,26.69599999998,500.354758985964,228.932373046875,39.5735649108887,5,"consensus","detected"
"2.9","cembio","neg","Gly-Pro","[M - H]-","own",540371.950943963,47.93300000004,1016.90887451172,47.16700000002,39.9362271294379,220.148941040039,19.9508063415527,5,"own","detected"
"2.9","cembio","neg","N-acetyl-L-methionine","[M - H]-","own",25812149.1702967,11.98300000002,689739.8125,129.5509921875,1935.49322640277,864.297058105469,355.917295935059,5,"own","detected"
"2.9","cembio","neg","dihydroorotic acid","[M - H]-","own",6766658.08201334,3.99399999996,905380.75,29.193,9558.41200044848,517.727844238281,94.6666687011718,5,"own","detected"
"2.9","cembio","neg","fumaric acid","[M - H]-","own",NA,NA,NA,75.12799999998,-0.314440953738027,3961.98364257812,5289.43377075195,5,"own","below_detection"
"2.9","cembio","neg","homogentisic acid","[M - H]-","own",11714213.3806275,3.99400000002,1984165.25,66.13999999998,7350.11401075559,939.615051269531,269.822431604004,5,"own","detected"
"2.9","cembio","neg","nicotinic acid","[M - H]-","own",556059.611928832,67.90399999998,1407.19787597656,47.66599999998,16.9285634259465,268.265777587891,67.2787211608887,3,"own","detected"
"2.9","cembio","neg","propynoic acid","[M - H]-","consensus",NA,NA,NA,722.71300000002,4.23558718619153,25404.849609375,1320.8833984375,5,"consensus","below_detection"
"2.9","cembio","neg","ritalinic acid","[M - H]-","own",2439568.09332185,1.49799999996003,1089801.125,194.45899999998,25370.6785169356,251.394134521484,42.9452342056274,5,"own","detected"
"2.9","cembio","neg","thymine","[M - H]-","own",2565089.66040499,1.99700000004,664322.4375,39.17800000002,6445.06540049488,369.294906616211,103.017285525513,5,"own","detected"
"2.9","cembio","neg","vanillin","[M - H]-","consensus",906326.610564575,1.49799999996,360979.34375,208.43899999998,1225.49615445605,730.033081054688,293.962008251953,5,"consensus","detected"
"3.1","cembio","neg","(3S,5R)-fluvastatin","[M - H]-","own",18732596.9537373,1.99699999997995,6307673,398.11300000002,24007.657299105,996.419311523438,262.694377136231,5,"own","detected"
"3.1","cembio","neg","2-Methylheptanoic acid","[M - H]-","own",NA,NA,NA,325.71,0.827621078603177,264.668113708496,85.6564582824707,5,"consensus","below_detection"
"3.1","cembio","neg","4-phenylbutyric acid","[M - H]-","consensus",456839.633990922,0.999000000000024,249333.203125,314.72599999998,5045.68541254148,323.502075195312,49.3510159057617,5,"consensus","detected"
"3.1","cembio","neg","L-thyroxine","[M - H]-","own",3860016.84116753,1.49800000002,1618547.625,319.21900000002,14520.1543661459,512.315795898438,111.433753967285,5,"own","detected"
"3.1","cembio","neg","lithocholic acid","[M - H]-","own",2312441.98137112,70.9000000000199,25273.21484375,521.93800000002,5.76898817187852,8906.20068359375,2837.06842041016,5,"own","detected"
"3.1","cembio","neg","taurochenodeoxycholic acid","[M - H]-","own",82467164.4586697,9.98599999998004,12358248,333.204,8995.74089000454,3627.91748046875,1373.38549804688,5,"own","detected"
"3.1","cembio","neg","taurodeoxycholic acid","[M - H]-","own",82467164.4586697,9.98599999998004,12358248,333.204,8995.74089000454,3627.91748046875,1373.38549804688,5,"consensus","detected"
"3.1","cembio","neg","undecanedioic acid","[M - H]-","own",31932718.6361547,1.99699999997995,12176223,305.73799999998,22638.681015468,1112.54205322266,537.801228332519,5,"own","detected"
"3.2","cembio","neg","cholic acid","[M - H]-","own",7974875.42088619,1.99700000004003,2828124.75,358.93600000002,21714.8540994157,423.418762207031,130.219679040527,5,"own","detected"
"3.2","cembio","neg","hexadecanedioic acid","[M - H]-","own",8515170.71616669,1.99699999998001,3006139,425.84200000002,5766.42275540191,440.526763916016,521.241435241699,5,"own","detected"
"3.2","cembio","neg","hexadecanoic acid","[M - H]-","own",179862.30891632,1.49799999996003,52446.08984375,580.12399999998,703.807724622375,278.969116210938,74.1212676452637,4,"own","detected"
"3.2","cembio","neg","taurocholic acid","[M - H]-","own",29931264.257974,6.99000000000001,304177.53125,307.00999999998,1062.75101364609,791.983154296875,285.471897180176,5,"own","detected"
"3.2","cembio","neg","tauroursodeoxycholic acid","[M - H]-","own",33223442.6316389,1.99699999998001,11895735,302.01700000002,15350.4234801534,1534.8115234375,774.845085144043,5,"own","detected"
"3.3","cembio","neg","(S)-lipoic acid","[M - H]-","own",4425756.84544111,6.48999999995999,47823.453125,326.148,30.1200389908805,3064.54345703125,1486.01765361328,5,"consensus","detected"
"3.3","cembio","neg","2-hydroxyoctanoic acid","[M - H]-","own",63254.4106424489,4.99199999999996,13088.7451171875,454.96600000002,33.5671550125135,1566.96960449219,343.245518078613,5,"own","detected"
"3.3","cembio","neg","5-phenylpentanoic acid","[M - H]-","own",427479.871779926,0.999000000000024,221744.828125,344.622,4059.09871925306,249.12963104248,54.5677042648315,4,"own","detected"
"3.3","cembio","neg","estriol","[M - H]-","own",282188.025745214,0.499000000019976,207301.421875,270.726,1046.26383293063,696.474731445312,197.469262188721,3,"own","detected"
"3.3","cembio","neg","undecanoic acid","[M - H]-","own",NA,NA,NA,485.42299999998,0.937961184298614,360.471374511719,203.821739196777,5,"own","below_detection"
"1.1","cembio","pos","5-hydroxy-L-tryptophan","[M + H]+","consensus",5785498.04829314,12.858,946927.875,41.44099999998,10044.0807232907,390.04621887207,94.2383733123779,3,"consensus","detected"
"1.1","cembio","pos","D-alpha-aminobutyric acid","[M + H]+","own",4318.88153716705,4.06000000002,1233.60949707031,71.22199999998,6.66284528062711,370.472183227539,129.544853210449,5,"consensus","detected"
"1.1","cembio","pos","L-citrulline","[M + H]+","own",4812617.18960633,6.09100000002,82602.5078125,28.58200000002,1433.01976263877,299.409027099609,57.4333312988281,5,"consensus","detected"
"1.1","cembio","pos","L-citrulline","[M + Na]+","own",599978.006538797,10.152,1583.11254882812,31.28899999998,29.5425933273471,238.778121948242,45.5049565887451,5,"consensus","detected"
"1.1","cembio","pos","L-homoserine","[M + H]+","own",4304210.66723954,6.09100000002,93091.0859375,28.58200000002,748.362125665374,401.228363037109,123.856959613037,5,"consensus","detected"
"1.1","cembio","pos","L-homoserine","[M + Na]+","own",NA,NA,NA,31.96600000002,-0.674490759476595,504.277740478516,247.697676141357,3,"consensus","below_detection"
"1.1","cembio","pos","L-lysine","[M + H]+","own",3563592.67585647,10.152,19534.787109375,30.612,342.453749924258,228.290061950684,56.3769474029541,5,"own","detected"
"1.1","cembio","pos","L-lysine","[M + Na]+","own",146698.251180099,0.67600000002,79745.96875,23.844,6687.93555787756,232.125,11.8891462188721,2,"own","detected"
"1.1","cembio","pos","L-valine","[M + H]+","own",3065622.2297563,1.35400000002,340221.71875,42.79399999998,25.9186958052193,231602.234375,4190.777390625,5,"consensus","detected"
"1.1","cembio","pos","N(6)-acetyl-L-lysine","[M + H]+","own",11891351.2816054,65.64999999996,1740.87585449219,66.48400000002,10.9163733505765,370.402770996094,125.542892266846,5,"own","detected"
"1.1","cembio","pos","N(6)-acetyl-L-lysine","[M + Na]+","own",NA,NA,NA,NA,NA,NA,NA,0,"own","no_data"
"1.1","cembio","pos","N-acetyl-L-cysteine","[M + H]+","own",NA,NA,NA,85.434,0.519926995250262,715.79296875,575.478930664062,5,"own","below_detection"
"1.1","cembio","pos","N-alpha-acetyl-L-asparagine","[M + H]+","consensus",1352668.27938312,1.35399999996,529605.625,27.228,20765.1925045135,214,25.4941833496094,4,"consensus","detected"
"1.1","cembio","pos","O(4)-phospho-L-tyrosine","[M + H]+","own",1687898.36677784,17.59600000002,26567.74609375,39.40999999998,34.4996665258106,2668.03002929688,692.752089257812,5,"own","detected"
"1.1","cembio","pos","alpha-D-glucosamine 6-phosphate","[M + H]+","own",688089.63824721,6.76700000004,32519.779296875,27.90499999998,267.916470779907,353.214904785156,120.061914440918,5,"consensus","detected"
"1.1","cembio","pos","alpha-D-glucosamine 6-phosphate","[M + K]+","own",708821.141598555,6.76700000004,32519.779296875,27.90499999998,464.498377178353,266.404998779297,69.4370010375976,5,"consensus","detected"
"1.1","cembio","pos","alpha-D-glucosamine 6-phosphate","[M + Na]+","own",86368.2481550198,6.76700000004,754.478576660156,29.259,22.1285246375038,222.612655639648,24.0353087127686,5,"consensus","detected"
"1.1","cembio","pos","carnosine","[M + H]+","own",2273954.8682192,2.02999999998,957658.375,23.16799999998,7669.16007343767,313.777862548828,124.830436184692,4,"consensus","detected"
"1.1","cembio","pos","glutathione","[M + H]+","own",3433022.68705516,3.384,931452.75,27.90499999998,6637.8034587169,453.446060180664,140.257136224365,5,"own","detected"
"1.1","cembio","pos","glutathione","[M + K]+","own",18869.3048230278,2.031,3946.123046875,27.90499999998,155.566971171933,228.033340454102,23.9002513092041,5,"own","detected"
"1.1","cembio","pos","guanosine 5'-monophosphate","[M + H]+","own",882342.330301901,72.41800000002,2606.40161132812,84.75700000002,6.50285820031557,908.450408935547,261.108446484375,5,"own","detected"
"1.1","cembio","pos","homocystine","[M + H]+","consensus",744841.262166239,1.353,301899.71875,25.875,3129.86252354696,289.290756225586,96.3653916824341,4,"consensus","detected"
"1.1","cembio","pos","sarcosine","[M + H]+","own",NA,NA,NA,74.60500000002,-0.560982883081092,433.691665649414,314.681544494629,5,"own","below_detection"
"1.2","cembio","pos","(2R)-2-acetamidopropanoic acid","[M + H]+","own",NA,NA,NA,73.93900000002,0.89178407922823,473.428924560547,544.971922302246,5,"own","below_detection"
"1.2","cembio","pos","Acetylcarnosine","[M + H]+","own",10726996.1736535,3.384,681653.6875,29.27200000002,4255.05098993332,456.149353027344,160.091510009766,5,"own","detected"
"1.2","cembio","pos","D-erythronic acid","[M + Na]+","consensus",108091.403023277,16.92,4384.35205078125,25.88800000002,26.538157761225,1834.53295898438,96.0812395019531,4,"consensus","detected"
"1.2","cembio","pos","L-alpha-aminobutyric acid","[M + H]+","own",7349878.7927012,1.35399999996,2704968.75,26.565,12132.5454248886,620.462890625,222.90032243042,4,"consensus","detected"
"1.2","cembio","pos","L-homocitrulline","[M + H]+","own",5370578.12859652,0.676999999979998,2745256.25,25.88800000002,49088.8690316044,323.970428466797,55.9176109313965,4,"own","detected"
"1.2","cembio","pos","L-homocitrulline","[M + Na]+","own",70108.8565008801,0.67700000004,49889.16796875,25.21099999998,171.360096390909,618.655364990234,287.526172320557,2,"own","detected"
"1.2","cembio","pos","L-tryptophan","[M + H]+","own",9639939.29624391,73.76800000002,2767.53076171875,140.26300000002,11.3244169205668,640.5361328125,187.823765570068,5,"own","detected"
"1.2","cembio","pos","N(4)-acetylcytidine","[M + H]+","own",NA,NA,NA,96.273,-1.7586189951536,9078.21923828125,4960.75921630859,5,"own","below_detection"
"1.2","cembio","pos","N(4)-acetylcytidine","[M + K]+","consensus",NA,NA,NA,112.51600000002,0.743505822409846,386.057144165039,265.003440475464,5,"consensus","below_detection"
"1.2","cembio","pos","N(4)-acetylcytidine","[M + Na]+","own",NA,NA,NA,NA,NA,NA,NA,0,"own","no_data"
"1.2","cembio","pos","N-acetyl-L-aspartic acid","[M + H]+","own",999909.196043887,6.768,16596.103515625,34.686,410.334457615025,295.194488525391,39.7259082794189,5,"own","detected"
"1.2","cembio","pos","N-acetyl-L-glutamine","[M + H]+","own",2283442.40700134,4.73700000000001,67424.5859375,31.302,1568.95334817367,296.917175292969,42.7849998474121,4,"own","detected"
"1.2","cembio","pos","N-acetyl-L-glutamine","[M + Na]+","own",2283442.40700134,2.02999999998,780107.6875,28.59499999998,19093.3878608571,298.384567260742,40.8418510437012,5,"consensus","detected"
"1.2","cembio","pos","N-acetylglycine","[M + H]+","own",173953.805483091,6.09099999996,7651.46240234375,32.6559980469,156.825644317425,248.480773925781,47.2051727294922,5,"own","detected"
"1.2","cembio","pos","N-carbamoylglutamic acid","[M + H]+","own",2408071.99468638,2.031,814637.75,29.949,22895.2660453473,229.090728759766,35.5710502624512,4,"own","detected"
"1.2","cembio","pos","N-carbamoylglutamic acid","[M + Na]+","consensus",81809.085618629,2.031,24851.4765625,29.949,817.701381075371,219.834503173828,30.1230285644531,5,"consensus","detected"
"1.2","cembio","pos","folic acid","[M + H]+","own",321749.299209549,1.35400000002002,96805.328125,178.16299999998,2604.6480493164,240.25318145752,37.0741355895996,4,"own","detected"
"1.2","cembio","pos","folic acid","[M + K]+","own",NA,NA,NA,NA,NA,NA,NA,0,"consensus","no_data"
"1.2","cembio","pos","folic acid","[M + Na]+","own",NA,NA,NA,NA,NA,NA,NA,0,"own","no_data"
"1.2","cembio","pos","kynurenine","[M + H]+","own",6369609.24434572,26.394,6469.10546875,65.81800000002,59.5808222764726,337.394515991211,102.914171347046,5,"own","detected"
"1.2","cembio","pos","kynurenine","[M + Na]+","consensus",6580.611443012,2.02999999998,1905.92041015625,57.69700000002,22.8708525168947,274.386795043945,71.336808013916,5,"consensus","detected"
"1.3","cembio","pos","2-aminoisobutyric acid","[M + H]+","own",4761070.79531952,6.76699999998,71958.734375,30.546,797.053911291218,488.843963623047,89.6675737976074,5,"own","detected"
"1.3","cembio","pos","D-alanine","[M + H]+","consensus",31641.9292614205,2.02999999998,9563.8994140625,25.13200000002,521.241819916392,222.000793457031,17.9223889251709,3,"consensus","detected"
"1.3","cembio","pos","D-asparagine","[M + H]+","own",8945.81060176758,23.01400000002,430.897979736328,47.46499999998,9.80256747522109,249.719314575195,18.4827766418457,5,"own","detected"
"1.3","cembio","pos","D-asparagine","[M + Na]+","own",NA,NA,NA,54.23299999998,1.5723348203894,284.868835449219,53.3644604370117,3,"own","below_detection"
"1.3","cembio","pos","L-arginine","[M + H]+","own",48046.5411556622,4.06100000004,5305,37.314,89.3657291913936,273.303909301758,56.3045379501343,5,"consensus","detected"
"1.3","cembio","pos","L-arginine","[M + Na]+","own",NA,NA,NA,NA,NA,NA,NA,0,"consensus","no_data"
"1.3","cembio","pos","L-cysteine","[M + H]+","own",1550190.97316822,2.02999999998,345857.8125,27.162,6864.01607235494,309.188125610352,50.3420476776123,4,"own","detected"
"1.3","cembio","pos","L-dopa","[M + H]+","consensus",1198160.1274305,2.70700000002,352701.03125,27.83899999998,9008.73548527651,272.617706298828,39.1207416534424,4,"consensus","detected"
"1.3","cembio","pos","L-ornithine","[M + H]+","own",NA,NA,NA,NA,NA,NA,NA,0,"own","no_data"
"1.3","cembio","pos","L-ornithine","[M + Na]+","own",NA,NA,NA,40.69699999998,-0.674490759476595,217.448951721191,17.492569303894,3,"consensus","below_detection"
"1.3","cembio","pos","N(2)-acetyl-L-lysine","[M + H]+","own",11822983.2572022,16.91899999998,7717.12939453125,38.667,76.506816514475,355.809127807617,96.2178352478027,5,"own","detected"
"1.3","cembio","pos","N(2)-acetyl-L-lysine","[M + Na]+","own",NA,NA,NA,53.556,1.80248764642482,231.726348876953,13.4694761993408,4,"own","below_detection"
"1.3","cembio","pos","N-acetyl-L-glutamic acid","[M + H]+","own",2235275.93690157,12.85899999996,7422.54248046875,40.02100000002,190.683568760766,255.440780639648,37.586362298584,5,"own","detected"
"1.3","cembio","pos","N-acetyl-beta-neuraminic acid","[M + Na]+","own",NA,NA,NA,33.25300000002,2.03629927811191,354.925827026367,91.5860449859619,5,"consensus","below_detection"
"1.3","cembio","pos","N-carbamoylaspartic acid","[M + H]+","own",1105952.50197299,1.353,477980.84375,27.83899999998,5484.88123495192,319.170074462891,87.0869674682617,4,"own","detected"
"1.3","cembio","pos","UDP","[M + H]+","own",188656.418427366,28.425,4289.3701171875,43.40500000002,62.3565403647578,285.326126098633,64.2120933532715,5,"own","detected"
"1.3","cembio","pos","guanosine","[M + H]+","own",NA,NA,NA,67.095,0.0470417576210833,276.549026489258,12003.5133705139,4,"own","below_detection"
"1.3","cembio","pos","guanosine","[M + Na]+","own",NA,NA,NA,NA,NA,NA,NA,0,"own","no_data"
"1.3","cembio","pos","isocitric acid","[M + Na]+","own",30413.2364370192,18.94999999998,682.566345214844,46.11199999998,10.5942137742475,234.000793457031,42.3406173706055,5,"consensus","detected"
"1.3","cembio","pos","thiamine(1+) diphosphate","[M + H]+","consensus",767091.078081187,5.415,57823.8515625,27.162,87.2732798814036,3581.11108398438,621.527465820312,5,"consensus","detected"
"1.4","cembio","pos","2'-deoxyadenosine 5'-monophosphate","[M + H]+","own",1099148.30599973,35.87000000004,1439.45886230469,52.221,57.2181071202078,234.404312133789,21.060720300293,5,"own","detected"
"1.4","cembio","pos","2'-deoxyguanosine 5'-monophosphate","[M + H]+","own",1331627.58835252,2.031,357023,27.17899999998,1345.27597096733,1436.33239746094,264.322470092774,4,"own","detected"
"1.4","cembio","pos","2'-deoxyguanosine 5'-monophosphate","[M + Na]+","own",NA,NA,NA,35.301,3.97305704907593,244.04411315918,70.8467155456543,5,"own","below_detection"
"1.4","cembio","pos","D-arabinitol","[M + H]+","own",2593.94470990694,2.031,627.44921875,46.806,5.80027955073381,287.580299377441,58.5952653488159,5,"own","detected"
"1.4","cembio","pos","D-arabinitol","[M + Na]+","own",190749.993802839,1.35399999996,114201.03125,25.149,3359.52134444241,238.063674926758,33.9223823547363,3,"own","detected"
"1.4","cembio","pos","D-lysine","[M + H]+","own",2045881.64223668,2.03000000004,836902.875,23.11900000002,9649.14875241334,369.717163085938,86.6950214263916,4,"own","detected"
"1.4","cembio","pos","D-lysine","[M + Na]+","own",109339.353158061,0.675999999960002,42219.95703125,23.11900000002,2836.61642856401,230.98851776123,14.8024837234497,3,"own","detected"
"1.4","cembio","pos","L-homoarginine","[M + H]+","own",4218423.83194211,35.193,1043.48901367188,52.221,13.2506217974521,249.610382080078,59.9125568389893,4,"own","detected"
"1.4","cembio","pos","L-homoarginine","[M + Na]+","own",120112.234067648,0.675999999960002,69355.71875,23.79499999998,3047.56303116925,248.207160949707,22.676319039917,3,"own","detected"
"1.4","cembio","pos","N(2)-phenylacetyl-L-glutamine","[M + H]+","own",6145384.13981261,1.35400000001999,2365220,179.45500000002,284.610785605853,19143.9077148438,8243.10325166016,5,"own","detected"
"1.4","cembio","pos","N(2)-phenylacetyl-L-glutamine","[M + K]+","own",6145384.13981261,1.35400000001999,2365220,179.45500000002,284.610785605853,19143.9077148438,8243.10325166016,5,"consensus","detected"
"1.4","cembio","pos","N(2)-phenylacetyl-L-glutamine","[M + Na]+","own",479365.09387454,2.03000000003999,164312.34375,179.45500000002,3985.96196012243,286.308135986328,41.1509284973145,5,"own","detected"
"1.4","cembio","pos","N-acetyl-L-serine","[M + H]+","own",312077.138651382,2.031,101661.1484375,27.17899999998,5201.77303086562,238.555732727051,19.4976966705322,4,"consensus","detected"
"1.4","cembio","pos","N-acetyl-L-serine","[M + K]+","own",935263.722494113,2.70700000002,136994.125,27.17899999998,253.017055858377,1856.94873046875,534.103030371094,5,"consensus","detected"
"1.4","cembio","pos","N-benzoylglycine","[M + H]+","own",1312439.50694682,6.768,18225.087890625,175.39399999998,693.150521915539,232.166999816895,25.9581726074219,5,"own","detected"
"1.4","cembio","pos","N-benzoylglycine","[M + Na]+","own",NA,NA,NA,NA,NA,NA,NA,0,"own","no_data"
"1.4","cembio","pos","O-phospho-L-serine","[M + H]+","own",920278.683053318,62.26399999998,3376.67309570312,80.64499999998,5.08648696156943,1322.58874511719,403.831635882568,5,"own","detected"
"1.4","cembio","pos","O-phosphoethanolamine","[M + Na]+","consensus",101278.848540695,1.35400000002,58227.50390625,24.47200000002,865.290335734246,273.225006103516,66.9766857513428,3,"consensus","detected"
"1.4","cembio","pos","citric acid","[M + H]+","own",NA,NA,NA,64.40299999998,0.461252259676532,275.228363037109,285.491619873047,5,"own","below_detection"
"1.4","cembio","pos","creatine","[M + H]+","own",5329449.58976612,10.152,18398.806640625,33.27,178.535816763454,373.757598876953,100.960408776855,5,"own","detected"
"1.4","cembio","pos","creatine","[M + Na]+","own",NA,NA,NA,75.90799999998,0,242.571304321289,14.6649978637695,5,"own","below_detection"
"1.4","cembio","pos","glutathione disulfide","[M + H]+","own",263977.823330104,23.01,916.785705566406,42.06799999998,30.2301533798225,253.653991699219,21.9361015319824,5,"own","detected"
"1.4","cembio","pos","glycine","[M + H]+","consensus",NA,NA,NA,NA,NA,NA,NA,0,"consensus","no_data"
"1.4","cembio","pos","uridine","[M + H]+","own",NA,NA,NA,NA,NA,NA,NA,0,"own","no_data"
"1.4","cembio","pos","uridine","[M + Na]+","own",NA,NA,NA,NA,NA,NA,NA,0,"consensus","no_data"
"1.5","cembio","pos","(2R)-2-amino-3-methoxypropanoic acid","[M + H]+","own",4167936.18248887,31.13200000002,1789.1240234375,47.322,26.0885021826414,257.314117431641,58.715900793457,5,"own","detected"
"1.5","cembio","pos","3-amino-L-alanine","[M + H]+","own",621663.257002121,18.95000000004,578.767700195312,41.90800000002,6.81080757018332,263.26708984375,46.3235243545532,5,"own","detected"
"1.5","cembio","pos","3-amino-L-alanine","[M + Na]+","own",47529.3934028086,1.353,5640.29345703125,24.31099999998,1589.66174568052,218.960144042969,3.41036911010742,3,"consensus","detected"
"1.5","cembio","pos","D-arginine","[M + H]+","own",3437365.17277517,7.44400000002,50751.0546875,29.049,524.960884139098,316.52668762207,96.0729256668091,5,"own","detected"
"1.5","cembio","pos","D-arginine","[M + Na]+","own",NA,NA,NA,NA,NA,NA,NA,0,"own","no_data"
"1.5","cembio","pos","L-alanine","[M + H]+","consensus",1350069.69866365,1.35400000002,317111.5,38.52400000002,2964.56191759348,337.000686645508,106.853730203247,5,"consensus","detected"
"1.5","cembio","pos","L-cystine","[M + H]+","own",103415.411464398,1.35400000002,42081.3046875,24.98800000002,642.892151529917,243.874404907227,65.0769031524658,3,"own","detected"
"1.5","cembio","pos","L-glutamic acid","[M + H]+","own",1098238.56487356,12.18200000004,3429.947265625,34.46299999998,85.7202171416349,261.49560546875,36.9627115493774,5,"own","detected"
"1.5","cembio","pos","L-glutamine","[M + H]+","own",1820275.57892281,27.74799999996,840.775207519531,46.64500000002,14.0354469203199,250.075706481934,42.0862623321533,5,"own","detected"
"1.5","cembio","pos","L-glutamine","[M + Na]+","own",NA,NA,NA,8.06899999998,-0.00558579982721294,284.443389892578,128.789231872559,3,"own","below_detection"
"1.5","cembio","pos","L-serine","[M + H]+","own",NA,NA,NA,68.30200000002,0.154554289787835,369.115661621094,622.916281890869,5,"own","below_detection"
"1.5","cembio","pos","N,N,N-trimethylglycinium","[M + H]+","consensus",13575098.5854023,74.44600000002,176011.96875,384.36,5.54246509674425,148155.21875,5026.0578125,5,"consensus","detected"
"1.5","cembio","pos","N-acetyl-L-alanine","[M + H]+","own",2892865.25625373,1.35400000002,892643.1875,38.52400000002,18869.2135836809,330.138153076172,47.2893608093262,5,"consensus","detected"
"1.5","cembio","pos","N-acetyl-L-alanine","[M + Na]+","own",381002.853822966,1.35400000002,133031.671875,38.52400000002,5929.19668199665,228.363632202148,22.398195803833,5,"consensus","detected"
"1.5","cembio","pos","N-acetyl-L-tyrosine","[M + H]+","own",1586830.04638525,2.70700000002,466264.21875,148.83799999998,8437.43117870675,367.363525390625,55.2178554534912,5,"own","detected"
"1.5","cembio","pos","alpha-D-glucose 1-phosphate","[M + Na]+","own",30478.5275839585,0.676999999980001,10661.23828125,24.98800000002,223.60342869725,263.772674560547,46.4995803833008,3,"consensus","detected"
"1.5","cembio","pos","cysteic acid","[M + H]+","own",227989.026018595,2.031,83087.0078125,25.665,2115.04258492713,240.082214355469,39.1703345306396,4,"own","detected"
"1.5","cembio","pos","cysteic acid","[M + K]+","consensus",64997.2704145088,0.676999999980001,30827.98046875,24.98800000002,934.363503959015,246.974197387695,32.7292388259888,2,"consensus","detected"
"1.5","cembio","pos","cytidine","[M + H]+","own",2617984.34560415,31.131,1015.00061035156,50.706,25.2250394408144,259.297607421875,29.9584468322754,5,"own","detected"
"1.6","cembio","pos","(6S)-5-formyltetrahydrofolic acid","[M + H]+","own",2035845.18318376,23.01100000002,8611.326171875,178.52200000002,132.939093486838,297.266662597656,62.5403656005859,5,"own","detected"
"1.6","cembio","pos","(6S)-5-formyltetrahydrofolic acid","[M + K]+","own",NA,NA,NA,NA,NA,NA,NA,0,"own","no_data"
"1.6","cembio","pos","(6S)-5-formyltetrahydrofolic acid","[M + Na]+","own",18550.0231969868,3.38399999999999,3756.1201171875,172.431,51.0717094366515,265.126373291016,68.3547463439941,5,"own","detected"
"1.6","cembio","pos","3-chloro-L-tyrosine","[M + H]+","own",3548585.11406038,35.86900000002,11775.978515625,69.561,138.727483246646,327.115615844727,82.5277200439453,5,"own","detected"
"1.6","cembio","pos","D-serine","[M + H]+","own",2003549.93044079,20.97999999996,1384.13037109375,42.49000000002,30.6490317544724,274.004486083984,36.2205858215332,5,"own","detected"
"1.6","cembio","pos","L-arabinitol","[M + H]+","own",NA,NA,NA,41.814,2.3724911581134,275.001495361328,46.3291234680176,5,"own","below_detection"
"1.6","cembio","pos","L-arabinitol","[M + Na]+","own",NA,NA,NA,66.85399999998,-0.507596124831939,416.105529785156,203.951746087646,5,"own","below_detection"
"1.6","cembio","pos","L-histidine","[M + H]+","own",11301939.130327,15.56599999998,10270.1240234375,35.046,36.6936695076732,627.302825927734,262.792501455688,5,"own","detected"
"1.6","cembio","pos","L-histidine","[M + Na]+","own",NA,NA,NA,NA,NA,NA,NA,0,"own","no_data"
"1.6","cembio","pos","L-methionine S-oxide","[M + H]+","own",1183839.22685044,14.88999999996,1936.53161621094,35.046,117.708706278013,241.007354736328,14.4044082641601,5,"own","detected"
"1.6","cembio","pos","L-threonine","[M + H]+","own",6904662.35193043,27.74799999996,2554.01196289062,49.25800000002,20.7410821502503,351.234848022461,106.203576983643,5,"own","detected"
"1.6","cembio","pos","N(alpha)-acetyl-L-arginine","[M + H]+","own",18330536.7402384,17.59599999996,13292.0419921875,39.783,54.0894808489457,755.335205078125,231.777169799805,5,"own","detected"
"2.1","cembio","pos","2'-deoxyguanosine","[M + H]+","own",NA,NA,NA,89.805,-1.12305136610046,656.656768798828,296.690280917358,5,"own","below_detection"
"2.1","cembio","pos","2'-deoxyguanosine","[M + Na]+","own",2173337.08257149,35.86899999996,1247.32775878906,57.31999999998,29.1943969971928,306.827209472656,32.2151044738769,5,"consensus","detected"
"2.1","cembio","pos","3-hydroxybenzyl alcohol","[M + H]+","consensus",1361.01736356617,NA,769.892944335938,111.462,6.03473441253976,291.153274536133,79.3306941238403,3,"consensus","detected"
"2.1","cembio","pos","3-hydroxybenzyl alcohol","[M + Na]+","consensus",43492.9483227943,2.70699999996,1520.88830566406,116.87599999998,31.494086111178,268.100799560547,39.7785000549316,3,"consensus","detected"
"2.1","cembio","pos","5-aminoimidazole-4-carboxamide","[M + H]+","own",6000892.16399077,57.531,1728.39123535156,53.259,8.38970707666348,337.290893554688,165.81035894165,5,"own","detected"
"2.1","cembio","pos","5-methyl-2'-deoxycytidine","[M + H]+","own",3985902.56239323,33.16600000002,2044.32104492188,51.22900000002,21.7265722771892,290.926391601562,80.7027740478515,5,"own","detected"
"2.1","cembio","pos","9H-xanthine","[M + H]+","own",NA,NA,NA,NA,NA,NA,NA,0,"own","no_data"
"2.1","cembio","pos","L-leucine","[M + H]+","own",NA,NA,NA,95.89600000002,3.71630056344367,1138.10009765625,295.135836791992,5,"own","below_detection"
"2.1","cembio","pos","L-phenylalanine","[M + H]+","own",45505678.6087125,73.092,11500.38671875,84.39100000002,20.1044507157162,1391.41717529297,502.822468835449,5,"own","detected"
"2.1","cembio","pos","L-phenylalanine","[M + Na]+","consensus",1520268.97656268,16.92,48050.45703125,97.92700000002,8.41674147131235,1399.87219238281,5542.59448242188,5,"consensus","detected"
"2.1","cembio","pos","dopamine","[M + H]+","own",12660471.9850002,21.657,8179.40966796875,42.43099999998,40.116345533994,563.196685791016,189.853110516357,5,"own","detected"
"2.1","cembio","pos","ethylmalonic acid","[M + H]+","own",NA,NA,NA,NA,NA,NA,NA,0,"consensus","no_data"
"2.1","cembio","pos","ethylmalonic acid","[M + Na]+","own",NA,NA,NA,NA,NA,NA,NA,0,"consensus","no_data"
"2.1","cembio","pos","methylmalonic acid","[M + Na]+","own",9631.06212206217,0.676000000019997,667.066650390625,77.62300000002,5.41140385096565,297.083343505859,68.3710395812988,5,"consensus","detected"
"2.1","cembio","pos","pyridoxamine","[M + H]+","own",3414491.99148102,12.86299999998,13751.8388671875,30.92599999998,61.2077303957159,763.2802734375,212.204545239258,5,"own","detected"
"2.1","cembio","pos","pyridoxamine","[M + Na]+","consensus",5760.42639449489,0.676999999979998,4075.72216796875,24.153,8.88217331386416,514.938186645508,400.891071981811,4,"consensus","detected"
"2.1","cembio","pos","tricaproin","[M + H]+","own",134011.522492113,0.677000000040039,30486.478515625,576.40900000002,1142.08423351686,289.37126159668,26.4403503417969,3,"consensus","detected"
"2.10","cembio","pos","(5-hydroxyindol-3-yl)acetic acid","[M + H]+","own",2234745.73047868,4.73699999999999,137551.96875,173.637,2746.73876974476,277.188781738281,49.9773700653076,4,"own","detected"
"2.10","cembio","pos","(5-hydroxyindol-3-yl)acetic acid","[M + K]+","own",243392.653313518,1.35400000001999,112317.15625,171.60700000002,2146.05331256964,319.771591186523,52.1876059661865,3,"consensus","detected"
"2.10","cembio","pos","(S)-2-hydroxy-4-methylpentanoic acid","[M + H]+","own",26416.1601443285,2.03099999999998,4484.93408203125,190.557,84.0203139971861,254.047523498535,50.3555194839478,4,"consensus","detected"
"2.10","cembio","pos","2-hydroxy-2-methylbutyric acid","[M + Na]+","consensus",NA,NA,NA,216.951,1.20069453787758,246.492980957031,69.3765789031982,5,"consensus","below_detection"
"2.10","cembio","pos","3-methoxytyramine","[M + H]+","own",9941194.91555042,25.72100000004,10315.09375,51.141,49.7285444888761,738.703491210938,192.573306884766,5,"own","detected"
"2.10","cembio","pos","4-hydroxy-L-proline","[M + H]+","own",13984931.46757,29.10499999998,2927.17919921875,47.08000000002,21.3303964075525,405.018005371094,118.242584228516,5,"own","detected"
"2.10","cembio","pos","4-hydroxy-L-proline","[M + Na]+","consensus",147941.389022017,8.79800000004,316.143463134766,33.54100000002,7.63778738600477,237.16667175293,10.3402709960938,5,"consensus","detected"
"2.10","cembio","pos","7,9-dihydro-1H-purine-2,6,8(3H)-trione","[M + H]+","own",417095.825172266,3.384,58962.30078125,30.15700000002,244.674226457073,720.391540527344,238.038595581055,5,"own","detected"
"2.10","cembio","pos","L-pipecolic acid","[M + H]+","own",26247764.3521449,16.923,25475.2265625,40.308,40.6610863301809,1630.3125,586.430816650391,5,"own","detected"
"2.10","cembio","pos","N-isovalerylglycine","[M + H]+","own",10756466.126487,6.76799999999999,654504.25,128.97,6093.04069507589,376.471298217773,107.356541903687,4,"own","detected"
"2.10","cembio","pos","N-isovalerylglycine","[M + Na]+","own",852018.936910776,8.12199999996,21184.744140625,129.64699999998,430.519268715264,252.47452545166,48.6209820007324,4,"own","detected"
"2.10","cembio","pos","alpha-D-mannose","[M + Na]+","own",NA,NA,NA,80.24200000002,1.75048891964081,234.098297119141,32.0803230285645,5,"consensus","below_detection"
"2.10","cembio","pos","glycinamide","[M + H]+","own",101934.306676706,5.41399999998,22647.490234375,27.45,372.036026243324,268.551986694336,60.15261068573,4,"own","detected"
"2.10","cembio","pos","glycinamide","[M + Na]+","own",NA,NA,NA,54.525,0.971199918015197,267.321182250977,60.7557992202759,5,"own","below_detection"
"2.10","cembio","pos","quinolinic acid","[M + H]+","own",1232450.23324514,30.459,16327.0400390625,51.141,33.742930734556,2435.00708007812,411.702026367188,5,"own","detected"
"2.10","cembio","pos","trans-urocanic acid","[M + H]+","own",13326637.4817691,29.10500000004,7109.10302734375,51.141,21.1533120752316,932.020874023438,292.014892578125,5,"own","detected"
"2.10","cembio","pos","uracil","[M + H]+","own",294967.335419177,0.67700000004,107113.125,30.15700000002,3264.50913992739,281.777542114258,32.7250875640869,3,"own","detected"
"2.2","cembio","pos","2-oxobutanoic acid","[M + H]+","consensus",NA,NA,NA,110.046,-0.450698383070659,247.093994140625,37.852563381958,5,"consensus","below_detection"
"2.2","cembio","pos","2-oxobutanoic acid","[M + K]+","consensus",14956.4820265327,14.889,998.755981445312,106.662,6.49306582555113,434.523361206055,86.8977206451416,5,"consensus","detected"
"2.2","cembio","pos","3,3',5-triiodo-L-thyronine","[M + H]+","own",4339282.68426436,48.051,1726.76806640625,316.46800000002,20.5806348984015,313.057418823242,68.6913039642334,5,"own","detected"
"2.2","cembio","pos","3-iodo-L-tyrosine","[M + H]+","own",3499574.15696578,24.36400000002,8883.2587890625,122.22799999998,61.0380774050847,358.289474487305,139.666412786865,5,"own","detected"
"2.2","cembio","pos","5-methoxysalicylic acid","[M + H]+","own",162401.714858979,1.35396874997997,61743.16796875,260.97198437502,1863.66066484567,262.500991821289,32.9891960144043,4,"consensus","detected"
"2.2","cembio","pos","5-oxo-L-proline","[M + H]+","own",3440604.33628509,5.415,168483.609375,35.601,1910.06247537857,844.561248779297,87.7662643432617,4,"own","detected"
"2.2","cembio","pos","L-methionine","[M + H]+","own",13022659.5615746,16.92,7735.822265625,41.69200000002,73.8056722328562,364.080383300781,99.8804246246338,5,"own","detected"
"2.2","cembio","pos","N,N-dimethyl-beta-alanine","[M + H]+","own",947913.588874303,1.35399999996,316316.09375,198.027,13.9023085164724,211983.65625,7504.684375,5,"consensus","detected"
"2.2","cembio","pos","N,N-dimethyl-beta-alanine","[M + Na]+","own",30032.5935585935,2.70700000002,10197.02734375,198.70399999998,11.6691167345808,2538.76257324219,656.28487097168,5,"consensus","detected"
"2.2","cembio","pos","N-acetyl-L-phenylalanine","[M + H]+","own",7654792.20284705,33.16600000002,604.594543457031,251.49700000002,5.55203783606053,274.683486938477,59.4216153167725,5,"own","detected"
"2.2","cembio","pos","N-acetyl-L-phenylalanine","[M + Na]+","own",NA,NA,NA,NA,NA,NA,NA,0,"own","no_data"
"2.2","cembio","pos","N-acetyl-L-proline","[M + H]+","own",NA,NA,NA,85.68199999998,-1.70170330501768,106096.7421875,57977.1097961426,5,"own","below_detection"
"2.2","cembio","pos","alloxanthine","[M + H]+","own",587276.987333466,6.768,148339.03125,36.27700000002,9893.78900425905,238.02848815918,14.9690884552002,4,"own","detected"
"2.2","cembio","pos","biotin","[M + H]+","own",6474228.38689069,2.70700000002,807301.875,196.67299999998,8718.18729373966,348.236358642578,92.5597961425781,3,"own","detected"
"2.2","cembio","pos","biotin","[M + Na]+","own",NA,NA,NA,NA,NA,NA,NA,0,"own","no_data"
"2.2","cembio","pos","corticosterone","[M + H]+","own",6433816.58702677,1.35300000000001,3238408.25,322.55899999998,39226.2472648584,305.001251220703,82.5494018554687,3,"own","detected"
"2.2","cembio","pos","kynurenic acid","[M + H]+","own",14615888.7723488,8.12100000000004,304438.65625,165.54199999998,857.192451232843,2116.46875,352.688812255859,5,"own","detected"
"2.2","cembio","pos","kynurenic acid","[M + Na]+","own",14608664.4090828,2.03100000000001,4212662.5,162.15799999998,12019.8033502843,2385.42175292969,350.278366088867,5,"own","detected"
"2.2","cembio","pos","trans-3-coumaric acid","[M + H]+","own",258387.893391501,1.35400000001997,109480.3828125,236.60299999998,950.688032923059,466.22883605957,114.668692779541,3,"consensus","detected"
"2.2","cembio","pos","trans-3-coumaric acid","[M + Na]+","own",54838.098044713,0.676999999979984,20144.318359375,236.60299999998,392.198801511548,335.067306518555,50.5081886444092,2,"consensus","detected"
"2.2","cembio","pos","tyramine","[M + H]+","own",9740834.60512528,62.94,1706.28259277344,83.652,7.14334140279594,384.045288085938,185.100673498535,5,"own","detected"
"2.2","cembio","pos","tyramine","[M + Na]+","own",NA,NA,NA,NA,NA,NA,NA,0,"own","no_data"
"2.3","cembio","pos","(R)-adrenaline","[M + H]+","own",4837888.03134582,22.33300000002,4066.12866210938,43.644,32.0076890460996,364.306381225586,115.654156585693,5,"own","detected"
"2.3","cembio","pos","2'-deoxyinosine","[M + H]+","own",368492.834608175,21.657,603.091552734375,45.67399999998,5.22981588563219,267.675384521484,64.135368347168,5,"own","detected"
"2.3","cembio","pos","2'-deoxyinosine","[M + K]+","own",23378.2223189686,0.676999999979991,12092.787109375,40.93699999998,24.2912976447584,1058.6005859375,454.244424682617,3,"consensus","detected"
"2.3","cembio","pos","2'-deoxyinosine","[M + Na]+","own",368203.867597884,10.82900000004,92232.9375,30.78499999998,771.005915558565,303.725204467773,119.232823562622,3,"consensus","detected"
"2.3","cembio","pos","2'-deoxyuridine","[M + H]+","own",207142.320556006,8.79799999998,42921.77734375,38.23000000002,339.922692372943,300.229286193848,125.38600397644,3,"own","detected"
"2.3","cembio","pos","2'-deoxyuridine","[M + K]+","own",NA,NA,NA,NA,NA,NA,NA,0,"own","no_data"
"2.3","cembio","pos","2-hydroxy-3-methylbutyric acid","[M + Na]+","own",47526.2413519856,107.60800000002,411.303985595703,132.97900000002,6.34109884853856,278.193908691406,20.991641998291,5,"consensus","detected"
"2.3","cembio","pos","2-hydroxy-4-(methylthio)butanoic acid","[M + H]+","own",NA,NA,NA,132.97900000002,-0.43560634112983,868.973693847656,651.335118933105,5,"consensus","below_detection"
"2.3","cembio","pos","2-hydroxy-4-(methylthio)butanoic acid","[M + Na]+","own",NA,NA,NA,118.089,2.87275222254172,1005.00317382812,208.906579589844,5,"consensus","below_detection"
"2.3","cembio","pos","6-hydroxynicotinic acid","[M + H]+","own",2393829.73021696,15.56499999996,39280.34375,44.99800000002,797.980066187487,255.57341003418,48.9044425964356,5,"own","detected"
"2.3","cembio","pos","L-isoglutamine","[M + H]+","own",1294461.15028925,6.76699999998,12394.4365234375,30.10900000002,707.410673649446,229.29239654541,17.1967211975098,5,"own","detected"
"2.3","cembio","pos","L-isoglutamine","[M + Na]+","own",NA,NA,NA,NA,NA,NA,NA,0,"own","no_data"
"2.3","cembio","pos","L-proline","[M + H]+","own",14580487.8863089,65.64700000002,3358.41088867188,71.39200000002,13.1184341543589,822.885375976562,193.279585266113,5,"own","detected"
"2.3","cembio","pos","N-acetyl-L-leucine","[M + H]+","consensus",11576219.573032,5.41500000000002,115561.546875,208.101,1183.12381575175,325.735076904297,97.3996214630127,5,"consensus","detected"
"2.3","cembio","pos","N-acetyl-L-tryptophan","[M + H]+","own",3360783.39858596,2.03000000004002,723186,237.20200000002,2942.09414367687,551.671508789062,245.619036373901,4,"own","detected"
"2.3","cembio","pos","N-acetyl-L-tryptophan","[M + Na]+","own",NA,NA,NA,269.01100000002,-0.571916191829391,473.782409667969,305.644021606445,5,"own","below_detection"
"2.3","cembio","pos","N-acetylserotonin","[M + H]+","own",7218977.32289805,2.02999999997999,2321715.5,183.73699999998,6838.46585814964,961.512329101562,339.367635345459,5,"own","detected"
"2.3","cembio","pos","N-acetylserotonin","[M + Na]+","own",948695.097908769,2.02999999997999,301864.75,183.73699999998,4465.20555238297,311.780395507812,67.5339502441406,5,"consensus","detected"
"2.3","cembio","pos","gamma-aminobutyric acid","[M + H]+","own",960251.394637046,31.80799999998,1176.09106445312,42.291,23.7178551252186,304.89274597168,36.7317497253418,5,"own","detected"
"2.3","cembio","pos","imidazol-4-ylacetic acid","[M + H]+","own",8606034.31765265,48.051,1967.62194824219,55.149,7.64374913149619,396.445388793945,205.550513552856,5,"own","detected"
"2.3","cembio","pos","imidazol-4-ylacetic acid","[M + Na]+","consensus",8583547.01142045,4.73799999996,155375.25,28.755,747.865253810262,693.851257324219,206.830572692871,5,"consensus","detected"
"2.3","cembio","pos","serotonin","[M + H]+","own",4500635.71122965,66.324,1683.669921875,62.59399999998,10.5425859469264,379.243103027344,123.729303741455,5,"own","detected"
"2.3","cembio","pos","taurocyamine","[M + H]+","own",1261660.52260387,0.677000000040003,612630.5625,26.04799999998,13581.9237112496,318.254547119141,45.0828852355957,4,"consensus","detected"
"2.3","cembio","pos","trans-3-hexenedioic acid","[M + H]+","own",365022.587325402,4.06099999998001,67297.4453125,86.28100000002,26.0396465152594,3775.345703125,2439.43786149902,5,"consensus","detected"
"2.3","cembio","pos","trans-3-hexenedioic acid","[M + Na]+","own",298229.319406402,2.70700000002,57558.125,86.28100000002,113.131277967872,874.132843017578,501.046157836914,5,"consensus","detected"
"2.4","cembio","pos","(R)-carnitine","[M + H]+","own",22233760.0710149,54.14200000002,4844.6376953125,67.23700000002,8.92981523698588,731.266662597656,460.633386419678,5,"own","detected"
"2.4","cembio","pos","(S)-methylsuccinic acid","[M + H]+","own",NA,NA,NA,95.66200000002,-0.813612781116385,1490.75506591797,1405.82142703857,5,"consensus","below_detection"
"2.4","cembio","pos","1-hexadecanoyl-sn-glycero-3-phosphocholine","[M + H]+","own",9556517.53801872,12.85900000002,90360.7109375,448.93999999998,902.422351884751,571.316589355469,99.4981941223144,5,"own","detected"
"2.4","cembio","pos","1-hexadecanoyl-sn-glycero-3-phosphocholine","[M + Na]+","own",294984.623609657,4.06099999997997,15452.6025390625,443.526,428.996557823085,231.061569213867,35.4817321777344,3,"own","detected"
"2.4","cembio","pos","2'-deoxyadenosine","[M + H]+","own",NA,NA,NA,97.692,-1.68937040119169,2065.67199707031,758.94612121582,5,"own","below_detection"
"2.4","cembio","pos","2-Methyl-4-pentenoic acid","[M + H]+","own",269338.735036011,1.35400000001999,117525.9140625,273.65500000002,2260.77849919552,274.622955322266,51.8632369995117,4,"consensus","detected"
"2.4","cembio","pos","3-methylbut-2-enoic acid","[M + H]+","consensus",NA,NA,NA,605.955,-2.94695983949767,263.140777587891,4.25143513183594,5,"consensus","below_detection"
"2.4","cembio","pos","4-guanidinobutanoic acid","[M + H]+","own",19762753.7779419,24.36399999996,16331.126953125,45.58000000002,30.4437320209763,1223.89318847656,496.234619140625,5,"own","detected"
"2.4","cembio","pos","5,6-dihydroxyindole-2-carboxylic acid","[M + H]+","own",333059.331422447,2.70700000001997,89679.9375,154.54099999998,2764.62368650697,251.319625854492,32.3474830627441,5,"own","detected"
"2.4","cembio","pos","5,6-dimethylbenzimidazole","[M + H]+","own",59934025.9662829,33.162,35152.9296875,205.97599999998,8.05389749357432,6519.966796875,3555.16852722168,5,"own","detected"
"2.4","cembio","pos","5-methoxytryptamine","[M + H]+","own",11435369.4524001,43.314,3183.7236328125,189.057,20.4179263836029,604.620239257812,126.315637792969,5,"own","detected"
"2.4","cembio","pos","Dimethyl adipate","[M + H]+","own",NA,NA,NA,153.86500000002,-0.586689315149362,526.300231933594,260.67630803833,5,"consensus","below_detection"
"2.4","cembio","pos","Homocysteine thiolactone","[M + H]+","own",3587973.75829101,2.70700000002,343933.53125,27.984,1103.22315998984,1428.79748535156,310.458251953125,5,"consensus","detected"
"2.4","cembio","pos","L-tryptophanamide","[M + H]+","own",11025651.502314,22.33399999998,20313.890625,95.66200000002,131.717388223146,654.335632324219,149.255578613281,5,"own","detected"
"2.4","cembio","pos","N-acetyl-alpha-D-galactosamine","[M + H]+","own",NA,NA,NA,NA,NA,NA,NA,0,"consensus","no_data"
"2.4","cembio","pos","citraconic acid","[M + H]+","own",NA,NA,NA,66.55999999998,4.30502753888917,293.224472045898,80.0969829559326,5,"own","below_detection"
"2.4","cembio","pos","citraconic acid","[M + K]+","own",197006.003526581,53.46499999998,2493.50659179688,56.409,12.3185053710413,801.074401855469,137.389410400391,5,"own","detected"
"2.4","cembio","pos","cortisol","[M + H]+","own",5324803.97515956,0.676999999980012,2584399.25,288.54400000002,8314.45669640499,527.648254394531,310.768544006347,4,"own","detected"
"2.4","cembio","pos","cortisol","[M + Na]+","own",49561.0044337928,20.30299999998,491.609588623047,307.494,40.7892679463519,209.80297088623,6.90884225006103,5,"own","detected"
"2.4","cembio","pos","creatinine","[M + H]+","own",13094499.2454648,1.35400000002,3919281.25,25.95400000002,12876.8965702334,1195.46545410156,304.272521191406,4,"own","detected"
"2.4","cembio","pos","phosphoenolpyruvic acid","[M + K]+","own",197006.003526581,16.91899999998,11753.0322265625,43.54999999998,61.216218336698,866.14794921875,177.843136560059,5,"consensus","detected"
"2.5","cembio","pos","2-phenylethylamine","[M + H]+","own",34252178.0925503,34.515,23819.556640625,94.42699999998,9.97522238311139,4056.09240722656,1981.25550231934,5,"own","detected"
"2.5","cembio","pos","3-hydroxybenzoic acid","[M + H]+","own",106913.971011018,12.18199999998,2374.04321289062,189.852,26.5674483352618,313.190490722656,77.5705930114746,5,"own","detected"
"2.5","cembio","pos","3-hydroxybenzoic acid","[M + Na]+","own",5412.05414050695,0.677000000039982,764.640319824219,187.82200000002,70.249941261036,247.964241027832,7.35482577667236,5,"own","detected"
"2.5","cembio","pos","5-aminolevulinic acid","[M + H]+","own",15253461.4945908,49.40499999996,2172.06567382812,53.14300000002,13.1877148745916,399.342880249023,134.422286987305,5,"own","detected"
"2.5","cembio","pos","5-aminolevulinic acid","[M + Na]+","own",NA,NA,NA,59.23399999998,0.392885669354462,300.441711425781,128.684481307983,5,"own","below_detection"
"2.5","cembio","pos","5-hydroxymethyl-2-furoic acid","[M + H]+","own",224390.100427591,2.70699999996,43197.26953125,65.32499609376,25.0791316936935,5265.44409179688,1512.48559570312,5,"own","detected"
"2.5","cembio","pos","5-hydroxymethyl-2-furoic acid","[M + Na]+","own",NA,NA,NA,NA,NA,NA,NA,0,"own","no_data"
"2.5","cembio","pos","5-oxo-L-proline","[M + Na]+","own",38018.7787083029,4.05999999996,10598.193359375,30.13300000002,193.050143873112,390.89485168457,52.8738197387695,3,"consensus","detected"
"2.5","cembio","pos","N-acetyl-L-valine","[M + H]+","own",10289759.2454606,33.83900000004,3113.75366210938,143.154,36.9291686032477,308.516494750977,75.962640737915,5,"own","detected"
"2.5","cembio","pos","N-acetyl-L-valine","[M + Na]+","own",1505462.53396596,48.051,1070.83740234375,140.44699999998,13.0780158358825,267.680541992188,61.4127456665039,5,"own","detected"
"2.5","cembio","pos","N-carbamoyl-beta-alanine","[M + H]+","own",708492.148544504,7.44400000002,3323.92114257812,34.19299999998,190.184872485394,242.68701171875,16.2012577056885,5,"own","detected"
"2.5","cembio","pos","N-carbamoyl-beta-alanine","[M + Na]+","own",27143.6177195312,2.70700000002,7540.7138671875,28.779,52.5613161225554,315.866027832031,137.45561131897,5,"own","detected"
"2.5","cembio","pos","Phenylglyoxal","[M + H]+","own",10387.3991278281,1.35300000000004,4645.61767578125,179.02399999998,13.3682925987661,1007.640625,272.134756469727,4,"consensus","detected"
"2.5","cembio","pos","Phenylglyoxal","[M + Na]+","own",10387.3991278281,1.35300000000004,4645.61767578125,179.02399999998,11.5586040896366,991.281646728516,316.157210742187,4,"consensus","detected"
"2.5","cembio","pos","cis-4-hydroxy-D-proline","[M + H]+","own",15236347.839873,1.35299999999999,4809351,26.07199999998,22434.607709709,693.029052734375,214.341076660156,3,"consensus","detected"
"2.5","cembio","pos","cis-4-hydroxy-D-proline","[M + Na]+","consensus",190928.370535558,2.02999999998,24380.244140625,26.07199999998,1361.44246320092,215.727935791016,17.7492012023926,4,"consensus","detected"
"2.5","cembio","pos","hypoxanthine","[M + H]+","own",21004551.3444455,33.162,5245.0478515625,53.82,24.7658856058496,588.320678710938,188.029907226563,5,"own","detected"
"2.5","cembio","pos","inosine","[M + H]+","own",1883827.27131453,9.47500000002001,237560.1875,38.25400000002,8678.47488836169,255.575889587402,27.3440454299927,4,"own","detected"
"2.5","cembio","pos","picolinic acid","[M + H]+","own",4851947.69453519,38.57600390628,14394.923828125,49.75900000002,14.3229937785124,1785.07373046875,880.392066955566,5,"own","detected"
"2.5","cembio","pos","picolinic acid","[M + Na]+","own",26137.5835556964,33.162,624.496643066406,50.436,11.5068409563867,228.696342468262,34.396955871582,5,"own","detected"
"2.5","cembio","pos","pyridin-2-ol","[M + H]+","own",NA,NA,NA,66.00199999998,1.50972996578356,363.004760742188,283.365805053711,5,"own","below_detection"
"2.5","cembio","pos","pyridoxal","[M + H]+","own",13852468.8350025,13.536,26152.4140625,37.57699999998,75.4393659602781,1677.39807128906,324.432949291992,5,"own","detected"
"2.5","cembio","pos","trans-cinnamic acid","[M + H]+","own",175038.734378834,0.676999999980012,75441.4609375,350.25100000002,559.485363432787,395.272125244141,134.134320068359,4,"consensus","detected"
"2.5","cembio","pos","xanthurenic acid","[M + H]+","own",6627854.98448821,26.394,24911.740234375,162.78100000002,64.9720672719868,2155.7353515625,350.242894189453,5,"own","detected"
"2.6","cembio","pos","3-methyladipic acid","[M + H]+","own",201768.831403632,1.35399999996,79602.8046875,177.486,4587.65691935159,327.241195678711,17.2801856994629,4,"consensus","detected"
"2.6","cembio","pos","3-methyladipic acid","[M + Na]+","own",242017.497514821,1.35399999996,112580.5234375,177.486,339.383617972385,3188.67895507812,322.325058398437,4,"consensus","detected"
"2.6","cembio","pos","4-hydroxy-4-methyloxan-2-one","[M + H]+","own",3909777.34229881,60.23299999998,4263.28466796875,83.41399999998,6.35947297256204,1287.95129394531,467.858482434082,5,"own","detected"
"2.6","cembio","pos","5-aminopentanoic acid","[M + H]+","consensus",NA,NA,NA,157.85899999998,4.02208942188055,205468.03125,19119.540103125,5,"consensus","below_detection"
"2.6","cembio","pos","5-aminopentanoic acid","[M + Na]+","own",44662.3634935819,10.152,4702.53564453125,140.26300000002,5.45528512682502,2394.40710449219,423.099523925781,5,"consensus","detected"
"2.6","cembio","pos","5-hydroxymethyluracil","[M + H]+","own",126441.530928279,0.676999999980001,76606.296875,30.62500000002,32.7811413274067,4772.9287109375,2191.30162207031,2,"own","detected"
"2.6","cembio","pos","5-hydroxymethyluracil","[M + Na]+","own",NA,NA,NA,NA,NA,NA,NA,0,"own","no_data"
"2.6","cembio","pos","esculin","[M + H]+","own",2379292.43730199,2.70700000001997,557665.875,157.85899999998,37192.6861144046,242.892677307129,14.9874354492187,5,"own","detected"
"2.6","cembio","pos","esculin","[M + K]+","own",88574.1223443067,4.06099999998,15230.2724609375,157.85899999998,349.012591457809,296.944427490234,42.7873618286133,5,"consensus","detected"
"2.6","cembio","pos","esculin","[M + Na]+","own",NA,NA,NA,NA,NA,NA,NA,0,"own","no_data"
"2.6","cembio","pos","guanine","[M + H]+","own",2362518.98348545,0.676999999979998,1254104,27.24100000002,11584.3830581274,508.249298095703,108.214286804199,3,"own","detected"
"2.6","cembio","pos","indole-3-butyric acid","[M + H]+","own",3659255.60074312,1.35300000000001,1793669.75,312.16399999998,29285.6329764436,276.009429931641,61.2380050659179,4,"own","detected"
"2.6","cembio","pos","indole-3-butyric acid","[M + K]+","own",3659723.91312749,12.85900000002,5716.67529296875,320.96200000002,105.828431474247,268.289810180664,51.4831922470093,5,"own","detected"
"2.6","cembio","pos","isonicotinic acid","[M + H]+","own",13789708.831837,29.10099999996,8249.25,44.16100000002,9.96987435454102,1346.87768554688,692.322898864746,5,"own","detected"
"2.6","cembio","pos","lipoamide","[M + H]+","own",3497094.74429574,7.44499999997998,27780.265625,275.61799999998,567.313694403365,257.686431884766,48.5138636077881,5,"own","detected"
"2.6","cembio","pos","lipoamide","[M + Na]+","own",982782.377935763,2.70700000002,77649.734375,272.91100000002,1670.30668056807,265.965515136719,46.3290782226562,4,"own","detected"
"2.6","cembio","pos","phenylacetylglycine","[M + H]+","own",6814707.56683538,1.35400000001997,3050252.5,195.08200000002,49108.2664073778,296.734741210938,62.106769152832,4,"own","detected"
"2.6","cembio","pos","phenylacetylglycine","[M + Na]+","own",414110.435687071,1.35400000001997,220723.546875,195.08200000002,3850.46397166976,229.021270751953,57.264404296875,3,"consensus","detected"
"2.6","cembio","pos","pyrimidine","[M + H]+","consensus",NA,NA,NA,NA,NA,NA,NA,0,"consensus","no_data"
"2.6","cembio","pos","pyrrolidin-2-one","[M + H]+","own",2415422.50651666,29.10199999998,3294.68725585938,55.66600000002,43.2729459352332,299.169647216797,69.2237966217041,5,"consensus","detected"
"2.6","cembio","pos","xanthosine","[M + H]+","own",NA,NA,NA,NA,NA,NA,NA,0,"own","no_data"
"2.6","cembio","pos","xanthosine","[M + K]+","own",NA,NA,NA,NA,NA,NA,NA,0,"own","no_data"
"2.6","cembio","pos","xanthosine","[M + Na]+","consensus",NA,NA,NA,50.92900000002,-0.238851055807083,376.511520385742,211.462883276367,5,"consensus","below_detection"
"2.7","cembio","pos","3,3-dimethylglutaric acid","[M + H]+","own",307746.210949769,1.35400000002002,122702.8046875,176.72299999998,1410.640405196,355,86.7321,4,"own","detected"
"2.7","cembio","pos","3,3-dimethylglutaric acid","[M + Na]+","own",NA,NA,NA,NA,NA,NA,NA,0,"own","no_data"
"2.7","cembio","pos","3,4,5-Trimethoxycinnamic acid","[M + H]+","own",2186243.07461987,0.676000000019997,1017341.8125,286.36099999998,23202.8338560178,241.734848022461,43.8351661682129,4,"own","detected"
"2.7","cembio","pos","3-hydroxyphenylacetic acid","[M + H]+","own",31331.2728760701,1.35400000001999,8743.380859375,188.22799999998,406.079511501797,233.826690673828,20.9553890991211,4,"consensus","detected"
"2.7","cembio","pos","3-hydroxyphenylacetic acid","[M + Na]+","own",5994.27340904293,0.677000000039982,3764.45776367188,188.22799999998,14.7124664224474,578.316390991211,216.560655514526,4,"consensus","detected"
"2.7","cembio","pos","4-acetamidobutanoic acid","[M + H]+","own",4257795.84347981,37.905,2480.6591796875,63.024,21.0908806889016,316.862640380859,102.593939590454,5,"own","detected"
"2.7","cembio","pos","4-acetamidobutanoic acid","[M + Na]+","own",NA,NA,NA,82.65100000002,-0.318700793125768,1319.26220703125,2179.02472839355,5,"own","below_detection"
"2.7","cembio","pos","4-pyridoxic acid","[M + H]+","own",5358668.85557589,21.66199999998,11013.4501953125,49.48900000002,51.3468765941083,600.428588867188,202.797566223144,5,"own","detected"
"2.7","cembio","pos","4-pyridoxic acid","[M + Na]+","own",4306.55115260283,NA,2047.22155761719,46.10500000002,76.4850168052743,238.915046691895,23.6426242218018,2,"consensus","detected"
"2.7","cembio","pos","6-methyladenine","[M + H]+","own",23807463.3503848,52.79299999998,13997.96484375,62.34799999998,24.8412262667637,2516.4892578125,462.194396630859,5,"consensus","detected"
"2.7","cembio","pos","Methyl 3-aminopropanoate","[M + H]+","own",7158842.44066861,33.84399999996,13645.1337890625,46.10500000002,7.3698725415229,2766.08959960938,1476.15092773438,5,"own","detected"
"2.7","cembio","pos","N(4)-acetylcytosine","[M + H]+","own",6577424.77921328,38.58199999998,2406.85766601562,65.055,16.9578556445838,331.580352783203,122.378522186279,5,"own","detected"
"2.7","cembio","pos","N(4)-acetylcytosine","[M + Na]+","own",6552300.60612269,0.675999999960005,2380928,41.36800000002,24615.71441557,330.769683837891,96.7104667419433,4,"consensus","detected"
"2.7","cembio","pos","N-acetyl-L-isoleucine","[M + H]+","own",10938839.9243129,0.676999999979984,5064812,197.02600000002,76209.5872242792,318.884307861328,66.4548031311035,4,"own","detected"
"2.7","cembio","pos","N-acetyl-L-isoleucine","[M + Na]+","own",1138796.12463918,1.35399999996,517789.75,197.02600000002,6801.45440807575,275.272247314453,76.0887961166382,4,"own","detected"
"2.7","cembio","pos","N-acetyl-beta-D-mannosamine","[M + H]+","own",NA,NA,NA,NA,NA,NA,NA,0,"own","no_data"
"2.7","cembio","pos","N-acetyl-beta-D-mannosamine","[M + Na]+","consensus",186656.907132847,1.353,94511.390625,26.47399999998,1713.87141854204,519.88671875,54.8416309936523,3,"consensus","detected"
"2.7","cembio","pos","O-propanoyl-L-carnitine","[M + H]+","own",586943.67525689,62.94100000002,2305.44946289062,106.338,6.04508011966454,709.953460693359,263.932978656006,5,"own","detected"
"2.7","cembio","pos","beta-alanine","[M + H]+","own",144393.896211439,4.06099999998,36483.97265625,27.82699999998,219.48064299864,339.913696289062,164.67993927002,4,"own","detected"
"2.7","cembio","pos","ethanolamine","[M + H]+","own",91451.9539119159,4.73800000002,14923.7109375,27.82699999998,584.120965174627,224.983764648438,25.1638411376953,4,"consensus","detected"
"2.7","cembio","pos","melatonin","[M + H]+","own",23220961.1372863,46.02100000002,14252.8017578125,282.3,10.2019417942942,2303.38989257812,1171.28798675537,5,"own","detected"
"2.7","cembio","pos","melatonin","[M + K]+","own",23037551.8571886,11.505,156999.6875,259.96600000002,978.489220129059,437.727416992188,160.003765869141,5,"consensus","detected"
"2.7","cembio","pos","melatonin","[M + Na]+","own",2771888.31549827,35.86900000002,3463.48608398438,286.36099999998,35.2779076508312,388.408782958984,87.1672246398926,5,"own","detected"
"2.8","cembio","pos","2'-deoxycytidine","[M + H]+","consensus",2811568.72316957,1.35400000002,1215379.625,27.16300000002,1775.172316461,768.534790039062,684.221514129639,4,"consensus","detected"
"2.8","cembio","pos","3-amino-3-(4-hydroxyphenyl)propanoic acid","[M + H]+","consensus",779961.746995126,2.70700000002,168581.203125,29.86999999998,930.600111364681,271.318634033203,180.861663818359,5,"consensus","detected"
"2.8","cembio","pos","L-isoleucine","[M + H]+","consensus",6250.43171085534,2.70799999997999,1765.60412597656,230.87299999998,7.98897337548747,723.164398193359,130.48481685791,5,"consensus","detected"
"2.8","cembio","pos","cytosine","[M + Na]+","consensus",NA,NA,NA,60.32500000002,1.35840265354203,485.139190673828,259.177057745361,3,"consensus","below_detection"
"2.8","cembio","pos","phenyl acetate","[M + H]+","consensus",25933.5186693709,50.75800000002,399.463165283203,173.34700000002,38.2263763150223,214.058853149414,4.85016708374025,5,"consensus","detected"
"2.9","cembio","pos","(R)-noradrenaline","[M + H]+","own",498785.779662208,0.67700000004,249115.359375,25.63399999998,7145.82929038805,255.036392211914,34.8259541152954,4,"own","detected"
"2.9","cembio","pos","D-leucine","[M + H]+","consensus",14158.6737013881,1.35399999996002,5292.091796875,269.274,31.5930418601691,650.891937255859,146.905761090088,5,"consensus","detected"
"2.9","cembio","pos","D-proline","[M + H]+","own",18663995.3296538,31.809,6579.599609375,46.614,25.0431320159824,821.999847412109,229.907335803223,5,"own","detected"
"2.9","cembio","pos","Gly-Pro","[M + H]+","own",11592424.1476626,16.24299999996,9222.5498046875,39.16999999998,16.4505147008563,1178.72875976562,488.970782446289,5,"own","detected"
"2.9","cembio","pos","N-acetyl-L-methionine","[M + H]+","own",5443370.90480657,12.85900000002,53081.94140625,138.65599999998,585.368268068966,298.429992675781,90.1714600753784,5,"own","detected"
"2.9","cembio","pos","N-acetyl-L-methionine","[M + Na]+","own",739666.178690355,12.18199999998,6123.35107421875,138.65599999998,100.97606342533,338.715270996094,57.287198638916,4,"own","detected"
"2.9","cembio","pos","agmatine","[M + H]+","own",4792404.17542855,23.68699999998,5405.78076171875,40.52299999998,24.0667777379337,770.366882324219,192.606335998535,5,"own","detected"
"2.9","cembio","pos","agmatine","[M + Na]+","own",195822.261534124,69.03200000004,321.135864257812,68.271,11.1593169721643,228.852058410645,8.26966436004639,5,"own","detected"
"2.9","cembio","pos","diethyl 2-methyl-3-oxosuccinate","[M + H]+","own",NA,NA,NA,272.658,1.69153591518306,3535.58142089844,758.789477539063,5,"own","below_detection"
"2.9","cembio","pos","diethyl 2-methyl-3-oxosuccinate","[M + Na]+","own",NA,NA,NA,254.385,1.21173540010845,857.669982910156,259.356274621582,5,"own","below_detection"
"2.9","cembio","pos","fumaric acid","[M + H]+","own",41529.8349819522,1.35400000001999,13966.921875,37.81600000002,51.5831164544634,899.156280517578,253.33416227417,5,"own","detected"
"2.9","cembio","pos","homogentisic acid","[M + H]+","own",107022.40760432,4.06099999998,16675.529296875,70.302,326.511449128642,269.386566162109,50.2467609466553,5,"own","detected"
"2.9","cembio","pos","nicotinamide","[M + H]+","own",15555856.7227767,54.819,4981.46044921875,59.47300000002,11.4383603755983,1524.94720458984,302.186076599121,5,"own","detected"
"2.9","cembio","pos","nicotinamide","[M + Na]+","consensus",NA,NA,NA,59.47300000002,4.21058695796424,1657.58337402344,206.851838012695,5,"consensus","below_detection"
"2.9","cembio","pos","nicotinic acid","[M + H]+","own",4558039.06511454,38.577,2574.84985351562,49.998,15.6382525653705,346.395355224609,142.500224304199,5,"own","detected"
"2.9","cembio","pos","ritalinic acid","[M + H]+","own",56835501.862099,30.45500000004,15113.4677734375,217.16200000002,15.7965080147508,1507.79577636719,861.308840179443,5,"own","detected"
"2.9","cembio","pos","ritalinic acid","[M + Na]+","own",56765835.3214091,6.09100000001999,1108260.25,201.59599999998,17261.3725934259,267.213745117188,64.1891616821289,5,"consensus","detected"
"2.9","cembio","pos","taurine","[M + Na]+","own",319350.165863809,NA,272219.03125,24.957,1168.87726008415,831.952819824219,232.177567053223,3,"own","detected"
"2.9","cembio","pos","thymine","[M + H]+","own",1857372.76898318,14.21199999996,19870.9453125,43.23,534.163254159955,263.005973815918,36.7077652496338,5,"own","detected"
"2.9","cembio","pos","thymine","[M + Na]+","own",NA,NA,NA,12.099,-0.360244106257984,257.454559326172,73.0220291137695,3,"own","below_detection"
"2.9","cembio","pos","vanillin","[M + H]+","own",1367109.07393765,1.35300000000001,615957.4375,213.10099999998,5272.5547317389,511.562042236328,116.726313290405,4,"own","detected"
"2.9","cembio","pos","vanillin","[M + Na]+","own",1381571.13058048,39.25299999996,1869.91369628906,236.112,15.252047174133,354.323455810547,99.3696271179199,5,"own","detected"
"3.1","cembio","pos","(3S,5R)-fluvastatin","[M + Na]+","consensus",131232.780120597,1.35300000000007,44422.4453125,401.172,1541.62452534553,220.609184265137,28.6722450256348,4,"consensus","detected"
"3.1","cembio","pos","1,2-di-O-myristoyl-sn-glycero-3-phosphocholine","[M + H]+","consensus",NA,NA,NA,NA,NA,NA,NA,0,"consensus","no_data"
"3.1","cembio","pos","L-thyroxine","[M + H]+","own",5658641.87810609,8.12200000002002,26455.14453125,326.727,228.513175163611,449.234466552734,113.804860687256,5,"own","detected"
"3.1","cembio","pos","taurochenodeoxycholic acid","[M + H]+","own",3446125.88545233,1.35400000001999,1075895.375,344.32300000002,17819.9287522364,256.049987792969,60.3615951538086,4,"own","detected"
"3.1","cembio","pos","taurochenodeoxycholic acid","[M + K]+","consensus",247272.502613578,9.47499999996,39040.671875,343.64599999998,1642.50288537025,243.673614501953,23.620657598877,4,"consensus","detected"
"3.1","cembio","pos","taurochenodeoxycholic acid","[M + Na]+","own",NA,NA,NA,NA,NA,NA,NA,0,"own","no_data"
"3.1","cembio","pos","taurodeoxycholic acid","[M + H]+","own",3446125.88545233,1.35400000001999,1075895.375,344.32300000002,17819.9287522364,256.049987792969,60.3615951538086,4,"consensus","detected"
"3.1","cembio","pos","taurodeoxycholic acid","[M + K]+","consensus",247272.502613578,9.47499999996,39040.671875,343.64599999998,1642.50288537025,243.673614501953,23.620657598877,4,"consensus","detected"
"3.1","cembio","pos","undecanedioic acid","[M + Na]+","own",364050.648181716,0.676999999980012,188172,309.13099999998,2628.34500437149,274.704849243164,71.4888246551514,3,"consensus","detected"
"3.2","cembio","pos","1,2-dioleoyl-sn-glycero-3-phosphocholine","[M + H]+","own",783742.651303838,0.676000000019997,450805.8125,373.317,20658.4290628284,284.138458251953,21.8081284240723,3,"consensus","detected"
"3.2","cembio","pos","1-stearoyl-sn-glycerol","[M + H]+","own",NA,NA,NA,648.76600000002,-1.28258112702235,298.525451660156,62.2394059295654,5,"consensus","below_detection"
"3.2","cembio","pos","1-stearoyl-sn-glycerol","[M + Na]+","own",NA,NA,NA,625.75600000002,-0.683332321299669,2557.73803710938,3107.70424709473,5,"consensus","below_detection"
"3.2","cembio","pos","Leucomalachite green","[M + H]+","own",13791623.9896785,14.889,34040.15625,332.034,35.3877243807211,2047.37866210938,904.064280700684,5,"own","detected"
"3.2","cembio","pos","all-trans-retinal","[M + H]+","own",6114779.24132306,2.03000000003999,2210982.5,574.32100000002,18134.3270019061,511.699600219727,121.894283706665,4,"own","detected"
"3.2","cembio","pos","cholest-4-en-3-one","[M + H]+","own",NA,NA,NA,694.78699999998,0.824253326610578,855.496337890625,133.103346899414,5,"own","below_detection"
"3.2","cembio","pos","cholic acid","[M + Na]+","own",138260.741712713,1.35300000000001,46273.7890625,361.13599999998,4040.88458798238,243.175643920898,11.3912220001221,5,"consensus","detected"
"3.2","cembio","pos","gamma-terpinene","[M + H]+","own",29958.3567734673,2.70700000002,3991.67358398438,574.998,141.974201375178,220.941177368164,26.5592788696289,5,"consensus","detected"
"3.2","cembio","pos","gamma-terpinene","[M + Na]+","own",33224.1451768693,2.03000000003999,3991.67358398438,574.998,196.264357595573,226.273483276367,19.1853485107422,5,"consensus","detected"
"3.2","cembio","pos","hexadecanedioic acid","[M + H]+","own",43391.0699256422,1.35400000001999,13860.1689453125,428.81299999998,129.252517954556,284.062896728516,105.035524749756,5,"consensus","detected"
"3.2","cembio","pos","hexadecanedioic acid","[M + Na]+","own",49772.4799868307,1.35400000001999,12224.26171875,428.136,145.229497126199,300.891448974609,82.1001966247559,4,"consensus","detected"
"3.2","cembio","pos","hexanal","[M + Na]+","consensus",2004.16023818824,0.677000000039996,1353.09204101562,91.10200000002,6.43130856398998,488.120086669922,134.493928527832,5,"consensus","detected"
"3.2","cembio","pos","hyodeoxycholic acid","[M + H]+","own",2967812.21359084,41.2829999999999,28941.08984375,637.938,5.05779183379583,11478.775390625,3452.55697089844,5,"consensus","detected"
"3.2","cembio","pos","hyodeoxycholic acid","[M + Na]+","own",609429.022891,8.12100000000009,28941.08984375,637.938,5.41677021973258,15091.7084960938,2556.75998535156,5,"consensus","detected"
"3.2","cembio","pos","taurocholic acid","[M + H]+","own",972289.04294188,1.35399999995997,433120.375,305.64,24765.3162948236,221.76001739502,17.4800357818604,4,"own","detected"
"3.2","cembio","pos","tauroursodeoxycholic acid","[M + H]+","own",NA,NA,NA,301.57900000002,-1.58848903037445,322.089294433594,75.770645904541,3,"own","below_detection"
"3.2","cembio","pos","tauroursodeoxycholic acid","[M + Na]+","own",NA,NA,NA,NA,NA,NA,NA,0,"own","no_data"
"3.3","cembio","pos","(S)-lipoic acid","[M + Na]+","own",24816.4896054354,0.677000000039982,14391.943359375,326.05900000002,153.723060521434,278.744209289551,91.8092516647339,3,"consensus","detected"
"3.3","cembio","pos","2-hydroxyoctanoic acid","[M + H]+","own",NA,NA,NA,NA,NA,NA,NA,0,"consensus","no_data"
"3.3","cembio","pos","2-hydroxyoctanoic acid","[M + Na]+","own",NA,NA,NA,NA,NA,NA,NA,0,"consensus","no_data"
"3.3","cembio","pos","Dipropyl hexanedioate","[M + H]+","own",NA,NA,NA,441.79099999998,2.31388314889577,4562.17260742188,1335.47055053711,5,"own","below_detection"
"3.3","cembio","pos","Dipropyl hexanedioate","[M + Na]+","own",5774293.98951368,2.03000000003999,1919118.375,422.84200000002,7477.45645082692,2708.10437011719,256.291732788086,5,"own","detected"
"3.3","cembio","pos","bilirubin IXalpha","[M + H]+","own",13769.5232759056,0.676999999979955,5921.95703125,315.22999999998,58.0577563225188,316.620651245117,96.5475887298584,4,"own","detected"
"3.3","cembio","pos","progesterone","[M + H]+","own",8788215.60671691,27.07099999998,2932.71752929688,452.62000000002,14.5574000250577,489.432189941406,167.83802980957,5,"own","detected"
"3.3","cembio","pos","undecanoic acid","[M + H]+","consensus",71715.1277954363,1.35299999999995,28998.169921875,459.38800000002,1167.55993757576,213.254898071289,24.6539077758789,4,"consensus","detected"
"1.1","hmgu","neg","5-hydroxy-L-tryptophan","[M - H]-","own",202216.57719962,2.83600000002,53056.3033752061,41.559,8870.99317037722,8.37189567693849,5.97993149816318,5,"own","detected"
"1.1","hmgu","neg","D-alpha-aminobutyric acid","[M - H]-","consensus",NA,NA,NA,NA,NA,NA,NA,0,"consensus","no_data"
"1.1","hmgu","neg","L-citrulline","[M - H]-","consensus",22992.0547459065,4.96999999998,293.864831101164,28.635,46.46414257027,5.08834609423661,6.21503957745904,4,"consensus","detected"
"1.1","hmgu","neg","L-homoserine","[M - H]-","own",3919.33853707946,0.774000000000001,2174.71694148187,24.37900000002,833.58174268117,4.70889233750677,2.60323365788297,3,"own","detected"
"1.1","hmgu","neg","L-lysine","[M - H]-","own",25554.1093186256,1.36400000004,8692.93519179258,22.989,8689.35159192042,3.58359987216301,1,3,"own","detected"
"1.1","hmgu","neg","L-valine","[M - H]-","consensus",NA,NA,NA,35.95600000002,-0.0987520140397745,16.0653879397159,12.021406829837,3,"consensus","below_detection"
"1.1","hmgu","neg","N(6)-acetyl-L-lysine","[M - H]-","consensus",134629.193058518,3.59199999996,12855.1622669399,30.14899999998,2158.10756895502,6.93317608068901,5.95347019568651,5,"consensus","detected"
"1.1","hmgu","neg","N-acetyl-L-cysteine","[M - H]-","own",4713.24160960912,3.336,1103.79482756573,91.302,42.778438888647,24.0301209378615,25.2408627962913,5,"own","detected"
"1.1","hmgu","neg","N-alpha-acetyl-L-asparagine","[M - H]-","own",197945.277168893,8.67500000003999,48819.4627020318,36.65800000002,34839.1814439637,3.23721367545602,1.40118749824458,4,"own","detected"
"1.1","hmgu","neg","O(4)-phospho-L-tyrosine","[M - H]-","consensus",284702.806437903,0.70899999996,89611.0987671124,36.65800000002,5253.43817153846,78.8902204767767,17.0425929882823,2,"consensus","detected"
"1.1","hmgu","neg","alpha-D-glucosamine 6-phosphate","[M - H]-","consensus",115687.309727702,5.646,1937.53507095639,27.98299999998,176.542778893036,22.6557075966925,10.8465459497491,4,"consensus","detected"
"1.1","hmgu","neg","carnosine","[M - H]-","consensus",283278.137478065,7.848,70287.606689718,22.30099999998,3855.93880679453,37.4713557112516,18.2186852162226,3,"consensus","detected"
"1.1","hmgu","neg","glutathione","[M - H]-","consensus",447873.157211466,3.52900000001999,111119.878759641,34.536,14222.4561838535,16.7068266489309,7.81181326887301,5,"consensus","detected"
"1.1","hmgu","neg","guanosine 5'-monophosphate","[M - H]-","consensus",536740.18294916,18.42,5712.74662237667,42.945,169.283551752137,170.171882215235,32.741366085447,5,"consensus","detected"
"1.1","hmgu","neg","homocystine","[M - H]-","consensus",66777.8376056107,0.724000000020002,33207.3321602621,25.84699999998,33203.5508659654,3.78129429666228,1,3,"consensus","detected"
"1.1","hmgu","neg","uridine 5'-monophosphate","[M - H]-","consensus",950044.749421596,0.703000000020005,287270.887228981,37.36699999998,12295.8929587403,139.880230598285,23.351781603977,3,"consensus","detected"
"1.2","hmgu","neg","(2R)-2-acetamidopropanoic acid","[M - H]-","own",NA,NA,NA,59.37199999998,2.37858649917734e-06,3.35078599427163,3.45132872912253,5,"consensus","below_detection"
"1.2","hmgu","neg","D-erythronic acid","[M - H]-","own",33881.5864638777,11.42200000002,9296.69252417669,26.139,6675.86043804964,3.41434166480781,1.3920719686625,3,"own","detected"
"1.2","hmgu","neg","IMP","[M - H]-","consensus",1404390.50663136,1.34200000002,503241.320852606,38.17399999998,7498.3917467892,455.756701787773,67.0524535299333,4,"consensus","detected"
"1.2","hmgu","neg","L-alpha-aminobutyric acid","[M - H]-","own",8047.50888766328,2.844,1765.19303056477,35.37400000002,233.253539987684,7.30945264867202,7.53636398405323,5,"consensus","detected"
"1.2","hmgu","neg","L-homocitrulline","[M - H]-","consensus",25131.7156620659,1.422,8558.77366368726,26.139,3181.51569807389,4.93658985251113,2.68860439035813,4,"consensus","detected"
"1.2","hmgu","neg","N-acetyl-L-aspartic acid","[M - H]-","consensus",208107.565913438,0.664999999980004,72381.8512264928,37.509,18657.3102125481,6.10519407770755,3.87921652199031,3,"consensus","detected"
"1.2","hmgu","neg","N-acetyl-L-glutamine","[M - H]-","consensus",326016.613612672,4.242,76190.2917052449,34.686,23788.7248481681,5.42537614452885,3.2025620042836,5,"consensus","detected"
"1.2","hmgu","neg","NAD zwitterion","[M - H]-","consensus",106927.646942837,0.692999999999998,37840.0849082046,37.509,5974.53004950789,9.45074695987023,6.33198491726739,3,"consensus","detected"
"1.2","hmgu","neg","cytidine 5'-monophosphate","[M - H]-","consensus",243716.104306383,11.42200000002,11198.2486642091,33.267,690.428736419315,49.0382768659656,16.1482420983299,5,"consensus","detected"
"1.3","hmgu","neg","2-aminoisobutyric acid","[M - H]-","consensus",1205.91845183532,1.41200000004,503.429000235593,40.04299999998,7.38030112385301,76.3231749341726,57.8710567677274,3,"consensus","detected"
"1.3","hmgu","neg","D-alanine","[M - H]-","own",4426.73473783149,9.25000000002,745.96923409974,37.2,329.241315603455,5.78963987114562,2.24813703247402,4,"own","detected"
"1.3","hmgu","neg","D-asparagine","[M - H]-","consensus",NA,NA,NA,NA,NA,NA,NA,0,"consensus","no_data"
"1.3","hmgu","neg","D-glucopyranose 6-phosphate","[M - H]-","consensus",367751.984775902,0.689999999999998,135868.986965464,37.2,5853.18266969511,68.0966673851956,23.2012048763125,2,"consensus","detected"
"1.3","hmgu","neg","L-arginine","[M - H]-","own",38214.7809998508,8.532,9580.0341858455,30.76699999998,4775.16857823535,3.86584690184577,2.00540948074392,3,"own","detected"
"1.3","hmgu","neg","L-dopa","[M - H]-","consensus",17733.8389813786,0.73999999998,8695.1434637992,30.027,2712.73601203822,7.76559685077427,3.2024413095844,3,"consensus","detected"
"1.3","hmgu","neg","L-ornithine","[M - H]-","own",5841.62884742928,8.532,1349.16483180898,23.7,677.424419845477,3.19585643954667,1.98689172686815,3,"own","detected"
"1.3","hmgu","neg","N(2)-acetyl-L-lysine","[M - H]-","consensus",50318.4762345167,2.064,20275.3243017752,26.62000000002,8371.0610459498,4.11967784358922,2.42158126821205,4,"consensus","detected"
"1.3","hmgu","neg","N-acetyl-L-glutamic acid","[M - H]-","consensus",210444.655558255,38.05299999996,69.002959963288,55.55299999998,65.6277082197306,3.22348495301412,1.00231254137407,5,"consensus","detected"
"1.3","hmgu","neg","N-acetyl-beta-neuraminic acid","[M - H]-","consensus",459053.995177591,11.26999999998,127036.892054881,37.2,42103.2623440704,5.93108571645826,3.01712869494672,2,"consensus","detected"
"1.3","hmgu","neg","N-carbamoylaspartic acid","[M - H]-","consensus",38123.7377863268,9.25000000002,8142.4103073527,37.2,3012.29810153696,3.98456523854088,2.70173318436237,4,"consensus","detected"
"1.3","hmgu","neg","UDP","[M - H]-","consensus",2456083.16529023,19.137,42623.9896106292,42.94999999998,216.089686106467,1188.18657114836,191.752803135016,5,"consensus","detected"
"1.3","hmgu","neg","UDP-alpha-D-glucose","[M - H]-","consensus",3089696.021301,0.724999999980007,1606645.90022979,38.62300000002,50044.7871147279,137.507825156902,32.1014132545255,2,"consensus","detected"
"1.3","hmgu","neg","guanosine","[M - H]-","consensus",218101.15479415,58.23499999998,65.2647843122427,72.43099999998,14.359017437355,6.53881316006573,4.08983214961499,5,"consensus","detected"
"1.3","hmgu","neg","isocitric acid","[M - H]-","consensus",237563.066521316,15.68900000004,3057.52381561465,42.24100000002,307.494368444349,44.9753937533615,9.79708486078016,5,"consensus","detected"
"1.4","hmgu","neg","2'-deoxyadenosine 5'-monophosphate","[M - H]-","own",72619.7839527451,1.38100000002,33874.2577237447,39.333,4498.64283568895,13.8791829593792,7.52679858737879,3,"own","detected"
"1.4","hmgu","neg","2'-deoxyguanosine 5'-monophosphate","[M - H]-","consensus",349839.010144429,1.34500000002,169740.722177756,39.99100000002,9852.45665171451,76.3866830568213,17.2205107307094,3,"consensus","detected"
"1.4","hmgu","neg","D-arabinitol","[M - H]-","own",9607.0868746049,2.061,2973.59170767358,28.02400000002,2570.71394331609,2.79877874129534,1.15562952333005,4,"own","detected"
"1.4","hmgu","neg","D-lysine","[M - H]-","own",31551.761597906,2.14399999998,8990.51386279745,23.00899999998,6428.24293098672,3.58361789448691,1.39803836622016,4,"own","detected"
"1.4","hmgu","neg","L-homoarginine","[M - H]-","own",1378.72375151081,4.02400000002,140.676390936233,42.738,137.56140403711,3.11498689912275,1,5,"consensus","detected"
"1.4","hmgu","neg","N(2)-phenylacetyl-L-glutamine","[M - H]-","consensus",857418.290143933,2.01900000000001,360734.015865029,192.76900000002,49802.5902343969,18.9449232375537,7.24289779395164,4,"consensus","detected"
"1.4","hmgu","neg","N-acetyl-L-serine","[M - H]-","own",45383.5652847251,4.884,8831.5327848348,32.28700000002,3945.159378687,4.26109441232256,2.23749431724107,4,"own","detected"
"1.4","hmgu","neg","N-benzoylglycine","[M - H]-","own",190256.173820566,2.08899999996001,72854.061885521,181.95499999998,19952.4332260537,4.01872562420795,3.65118591474697,4,"own","detected"
"1.4","hmgu","neg","O-phospho-L-serine","[M - H]-","consensus",66102.401018643,31.49800000002,138.801724731411,50.721,25.6673399788568,9.96425981538073,5.01950981372275,5,"consensus","detected"
"1.4","hmgu","neg","O-phosphoethanolamine","[M - H]-","own",9161.35632260274,2.93500000002,2761.68679707193,25.22599999998,2759.07921659629,2.60758047564025,1,4,"own","detected"
"1.4","hmgu","neg","UDP-alpha-D-glucose","[M - H]-","consensus",3332819.43435124,0.722999999999999,1732390.46099266,38.61,42838.2328485484,173.216056797326,40.4362442087656,2,"consensus","detected"
"1.4","hmgu","neg","citric acid","[M - H]-","consensus",290609.667706929,2.079,44581.6658902185,39.99100000002,4850.8306929337,43.7572466382603,9.18150136809753,4,"consensus","detected"
"1.4","hmgu","neg","creatine","[M - H]-","consensus",NA,NA,NA,NA,NA,NA,NA,0,"consensus","no_data"
"1.4","hmgu","neg","glutathione disulfide","[M - H]-","consensus",666854.006241515,9.069,10721.0549500536,39.99100000002,342.902942127504,104.054386644702,30.9621156865463,5,"consensus","detected"
"1.4","hmgu","neg","uridine","[M - H]-","consensus",NA,NA,NA,81.63100000002,-1.11712759735076,43.976807082825,27.1667136167407,3,"consensus","below_detection"
"1.5","hmgu","neg","3-amino-L-alanine","[M - H]-","own",3153.45283309751,0.67000000002,1354.55071330836,23.21599999998,218.063983765897,4.92154521921361,6.18914295144696,3,"own","detected"
"1.5","hmgu","neg","D-arginine","[M - H]-","consensus",36907.0381860509,8.589,4629.57367284121,31.047,2815.42745832705,3.86587483041012,1.64298596446858,5,"consensus","detected"
"1.5","hmgu","neg","L-alanine","[M - H]-","own",25711.5964763963,2.136,7770.35976524698,41.835,2171.2620586847,3.30834687133574,3.57720588692125,5,"own","detected"
"1.5","hmgu","neg","L-aspartic acid","[M - H]-","own",2649.53265389759,0.697000000019997,1451.60229878522,25.389,29.9125504418975,8.06069708497535,48.2587268679814,3,"own","detected"
"1.5","hmgu","neg","L-glutamic acid","[M - H]-","own",9695.65456367287,1.41,3237.70736171172,25.389,323.578487152604,9.76490916691409,9.97576347225601,3,"consensus","detected"
"1.5","hmgu","neg","L-glutamine","[M - H]-","own",10062.6364281232,2.18599999998,3361.69978748053,25.389,400.151427440951,2.87534640003673,8.39388344197809,4,"own","detected"
"1.5","hmgu","neg","L-serine","[M - H]-","consensus",NA,NA,NA,60.61300000002,-0.810745312704125,24.2754083715151,27.1696682035406,3,"consensus","below_detection"
"1.5","hmgu","neg","N-acetyl-L-alanine","[M - H]-","own",23195.4580331485,2.136,7629.72331500349,41.835,4934.34191936301,3.35078172173553,1.54557034309983,5,"own","detected"
"1.5","hmgu","neg","N-acetyl-L-tyrosine","[M - H]-","own",326067.154503442,2.08500000000004,92766.2440528012,154.86700000002,16810.0795885968,7.11537299821134,5.51806600265751,5,"own","detected"
"1.5","hmgu","neg","alpha-D-glucose 1-phosphate","[M - H]-","consensus",415889.30018946,0.734000000039998,134728.368513612,37.53499999998,3147.05178256237,135.660588416315,42.7678720353336,2,"consensus","detected"
"1.5","hmgu","neg","cysteic acid","[M - H]-","own",251827.071341103,0.734000000039998,99680.3417459018,37.53499999998,99677.3902356953,2.95151020645517,1,2,"own","detected"
"1.5","hmgu","neg","cytidine","[M - H]-","consensus",34791.9449972866,4.248,1986.60834840472,30.303,1051.04506426195,4.57162335038674,1.88577711122798,5,"consensus","detected"
"1.5","hmgu","neg","sn-glycerol 3-phosphate","[M - H]-","consensus",91826.55402275,18.591,1154.05505229594,41.835,115.182566602067,31.0276801092682,9.74997697408939,5,"consensus","detected"
"1.6","hmgu","neg","(6S)-5-formyltetrahydrofolic acid","[M - H]-","own",2352025.2126289,3.38500000002003,584791.948167055,185.53600000002,32089.0441980073,73.5033786757958,18.2217469981449,4,"own","detected"
"1.6","hmgu","neg","3-chloro-L-tyrosine","[M - H]-","own",181134.708107709,2.08900000002,54222.5154674544,53.80300000002,15467.3530502572,6.01804978666178,3.50522143262038,4,"own","detected"
"1.6","hmgu","neg","D-serine","[M - H]-","own",3792.40536648937,0.674999999999997,1710.15321397671,25.48600000002,436.598057313645,12.6621432731363,3.88799501570875,4,"own","detected"
"1.6","hmgu","neg","L-arabinitol","[M - H]-","consensus",12634.5836731223,2.052,4186.4648301864,26.853,2059.2072726746,3.38562258798447,2.03140269709966,4,"consensus","detected"
"1.6","hmgu","neg","L-histidine","[M - H]-","own",NA,NA,NA,70.008,0.235317261409353,3.73822669430842,45.72029298838,4,"own","below_detection"
"1.6","hmgu","neg","L-methionine S-oxide","[M - H]-","consensus",10170.5356582369,12.00199999998,34.7163776083335,32.493,26.8570490137191,3.76324672099327,1.15251421969438,3,"consensus","detected"
"1.6","hmgu","neg","L-threonine","[M - H]-","own",4712.28799641755,1.36699999998,2196.34662768084,26.16100000002,199.286674707904,15.0843557656483,10.9453493321231,4,"own","detected"
"1.6","hmgu","neg","N(alpha)-acetyl-L-arginine","[M - H]-","own",203651.781554875,0.657999999959998,106439.794037852,28.87099999998,30680.3716637247,4.41726526615867,3.46916842922183,3,"consensus","detected"
"2.1","hmgu","neg","2'-deoxyguanosine","[M - H]-","consensus",207137.855081723,12.30100000002,369.539407899796,51.27499999998,119.607032662014,5.51191767725595,3.04352914808287,5,"consensus","detected"
"2.1","hmgu","neg","2,4-dihydroxypyrimidine-5-carboxylic acid","[M - H]-","own",271058.578191648,2.84299999998,72328.8012926461,36.159,6503.38931109001,20.7147827438597,11.1185234423222,5,"own","detected"
"2.1","hmgu","neg","3-hydroxybenzyl alcohol","[M - H]-","own",2161.54582032623,2.78899999997999,631.409851920091,121.21699999998,78.2607601141848,15.4001507257099,7.87124607907723,5,"own","detected"
"2.1","hmgu","neg","5,6-dihydroxyindole","[M - H]-","own",523.090375995237,2.81599999997999,99.9224438047052,128.51899999998,60.1436998258014,4.29007825498502,1.59006455915927,5,"consensus","detected"
"2.1","hmgu","neg","5-aminoimidazole-4-carboxamide","[M - H]-","own",16266.6238213141,2.73200000004,4901.87922162897,25.51300000002,575.322170940553,17.7017105738432,8.48946513406624,4,"own","detected"
"2.1","hmgu","neg","5-methyl-2'-deoxycytidine","[M - H]-","consensus",48204.7102841623,6.55699999998,2888.93182705661,32.56099999998,2884.72039667237,4.21143038424634,1,5,"consensus","detected"
"2.1","hmgu","neg","9H-xanthine","[M - H]-","own",24570.4201207222,0.724000000019998,15216.1271887809,32.56099999998,3744.71784839919,3.79146209116084,4.06234497298449,3,"own","detected"
"2.1","hmgu","neg","Gly-Phe","[M - H]-","consensus",305547.609463769,16.56499999998,3122.08094581761,96.16399999998,517.124308521841,21.1894752863627,5.99641405254165,5,"consensus","detected"
"2.1","hmgu","neg","L-leucine","[M - H]-","own",NA,NA,NA,NA,NA,NA,NA,0,"consensus","no_data"
"2.1","hmgu","neg","L-phenylalanine","[M - H]-","own",141237.69973292,2.20899999996,47637.790442336,53.44999999998,2730.98719854483,16.0896509735408,17.4375408338556,4,"own","detected"
"2.1","hmgu","neg","dopamine","[M - H]-","consensus",154444.41083899,4.36900000002,38001.0013607836,32.56099999998,9430.41073259994,5.52567473138197,4.02903720351287,4,"consensus","detected"
"2.1","hmgu","neg","ethylmalonic acid","[M - H]-","own",NA,NA,NA,NA,NA,NA,NA,0,"consensus","no_data"
"2.1","hmgu","neg","keto-phenylpyruvic acid","[M - H]-","consensus",3806.84660321794,9.48599999999999,173.333303938891,195.837,121.202897521015,4.78355254936423,1.39064127043912,5,"consensus","detected"
"2.1","hmgu","neg","methylmalonic acid","[M - H]-","own",NA,NA,NA,NA,NA,NA,NA,0,"consensus","no_data"
"2.1","hmgu","neg","pyridoxamine","[M - H]-","own",14102.2260610655,9.735,3208.29894093888,31.04899999998,1338.72691399967,4.55764023573056,2.3931253396045,4,"own","detected"
"2.1","hmgu","neg","vanillylmandelic acid","[M - H]-","own",318526.564912642,1.36999999998,113336.413317987,55.57699999998,21033.8178987242,13.146962162615,5.38766984203556,5,"own","detected"
"2.10","hmgu","neg","(5-hydroxyindol-3-yl)acetic acid","[M - H]-","consensus",NA,NA,NA,NA,NA,NA,NA,0,"consensus","no_data"
"2.10","hmgu","neg","(S)-2-hydroxy-4-methylpentanoic acid","[M - H]-","consensus",NA,NA,NA,NA,NA,NA,NA,0,"consensus","no_data"
"2.10","hmgu","neg","2-hydroxy-2-methylbutyric acid","[M - H]-","consensus",NA,NA,NA,NA,NA,NA,NA,0,"consensus","no_data"
"2.10","hmgu","neg","4-hydroxy-L-proline","[M - H]-","consensus",NA,NA,NA,NA,NA,NA,NA,0,"consensus","no_data"
"2.10","hmgu","neg","7,9-dihydro-1H-purine-2,6,8(3H)-trione","[M - H]-","consensus",NA,NA,NA,NA,NA,NA,NA,0,"consensus","no_data"
"2.10","hmgu","neg","L-pipecolic acid","[M - H]-","consensus",NA,NA,NA,NA,NA,NA,NA,0,"consensus","no_data"
"2.10","hmgu","neg","N-isovalerylglycine","[M - H]-","consensus",93.7791936745651,1.857,36.6660689972748,135.90199999998,6.88526995899868,14.0384648005011,3.2863786505859,4,"consensus","detected"
"2.10","hmgu","neg","alpha-D-glucuronic acid","[M - H]-","consensus",NA,NA,NA,NA,NA,NA,NA,0,"consensus","no_data"
"2.10","hmgu","neg","trans-urocanic acid","[M - H]-","consensus",NA,NA,NA,NA,NA,NA,NA,0,"consensus","no_data"
"2.10","hmgu","neg","uracil","[M - H]-","consensus",NA,NA,NA,NA,NA,NA,NA,0,"consensus","no_data"
"2.2","hmgu","neg","2-oxobutanoic acid","[M - H]-","own",1169.67288964695,4.17799999998002,220.020405025893,99.07600000002,217.067127205596,2.95327782029631,1,5,"consensus","detected"
"2.2","hmgu","neg","3,3',5-triiodo-L-thyronine","[M - H]-","consensus",710.059097625965,0.638000000039995,400.523310442921,303.19099999998,48.1918099261305,12.54557548718,8.05069856372778,3,"consensus","detected"
"2.2","hmgu","neg","3-iodo-L-tyrosine","[M - H]-","consensus",NA,NA,NA,NA,NA,NA,NA,0,"consensus","no_data"
"2.2","hmgu","neg","5-methoxysalicylic acid","[M - H]-","consensus",121.781995726351,9.327,15.2848669729919,263.049,12.0570163430236,3.22785062996832,1,2,"consensus","detected"
"2.2","hmgu","neg","5-oxo-L-proline","[M - H]-","consensus",NA,NA,NA,NA,NA,NA,NA,0,"consensus","no_data"
"2.2","hmgu","neg","D-glucono-1,5-lactone","[M - H]-","consensus",150.377446111261,2.13400000002,35.9682703205699,41.094,32.9383691477933,3.02990117277659,1,3,"consensus","detected"
"2.2","hmgu","neg","L-methionine","[M - H]-","consensus",NA,NA,NA,NA,NA,NA,NA,0,"consensus","no_data"
"2.2","hmgu","neg","N-acetyl-L-phenylalanine","[M - H]-","consensus",NA,NA,NA,245.955,-0.674490759476595,6.64343428502889,5.00288722295721,3,"consensus","below_detection"
"2.2","hmgu","neg","N-acetyl-L-proline","[M - H]-","consensus",NA,NA,NA,79.581,2.56306573833685,4.22129529787219,2.04081820574305,3,"consensus","below_detection"
"2.2","hmgu","neg","alloxanthine","[M - H]-","consensus",NA,NA,NA,34.06999999998,3.14070602631826,5.95811141174499,13.8254683532094,3,"consensus","below_detection"
"2.2","hmgu","neg","biotin","[M - H]-","consensus",NA,NA,NA,185.68600000002,21.3021549783621,3.55037664606652,1,1,"consensus","below_detection"
"2.2","hmgu","neg","glutaric acid","[M - H]-","consensus",391.592379790595,63.55099999998,16.7331756557801,68.85799999998,13.9162771292342,2.81689852654586,1,2,"consensus","detected"
"2.2","hmgu","neg","homovanillic acid","[M - H]-","consensus",833.057479818563,0.613000000020008,448.039426673145,187.67800000002,444.975406472097,3.06402020104724,1,3,"consensus","detected"
"2.2","hmgu","neg","kynurenic acid","[M - H]-","consensus",NA,NA,NA,NA,NA,NA,NA,0,"consensus","no_data"
"2.2","hmgu","neg","trans-3-coumaric acid","[M - H]-","consensus",304.834198423626,20.68300000002,16.6017276541752,245.26900000002,13.7878863784795,2.81384127569572,1,4,"consensus","detected"
"2.3","hmgu","neg","(R)-adrenaline","[M - H]-","consensus",NA,NA,NA,NA,NA,NA,NA,0,"consensus","no_data"
"2.3","hmgu","neg","(S)-mandelic acid","[M - H]-","consensus",NA,NA,NA,151.60000000002,10.5625546658764,2.79862657250055,1,2,"consensus","below_detection"
"2.3","hmgu","neg","2'-deoxyinosine","[M - H]-","consensus",NA,NA,NA,NA,NA,NA,NA,0,"consensus","no_data"
"2.3","hmgu","neg","2'-deoxyuridine","[M - H]-","consensus",NA,NA,NA,NA,NA,NA,NA,0,"consensus","no_data"
"2.3","hmgu","neg","2-hydroxy-3-methylbutyric acid","[M - H]-","consensus",NA,NA,NA,NA,NA,NA,NA,0,"consensus","no_data"
"2.3","hmgu","neg","2-hydroxy-4-(methylthio)butanoic acid","[M - H]-","consensus",NA,NA,NA,NA,NA,NA,NA,0,"consensus","no_data"
"2.3","hmgu","neg","6-hydroxynicotinic acid","[M - H]-","consensus",NA,NA,NA,NA,NA,NA,NA,0,"consensus","no_data"
"2.3","hmgu","neg","L-isoglutamine","[M - H]-","consensus",NA,NA,NA,NA,NA,NA,NA,0,"consensus","no_data"
"2.3","hmgu","neg","L-proline","[M - H]-","consensus",NA,NA,NA,NA,NA,NA,NA,0,"consensus","no_data"
"2.3","hmgu","neg","N-acetyl-L-leucine","[M - H]-","consensus",1806.97083942135,38.12900000004,148.017009648087,219.64099999998,144.88513555828,3.1318740898065,1,4,"consensus","detected"
"2.3","hmgu","neg","N-acetyl-L-tryptophan","[M - H]-","consensus",455.279870180336,0.668000000040024,59.1105104609469,247.10599999998,55.4880058632866,3.62250459766028,1,2,"consensus","detected"
"2.3","hmgu","neg","N-acetylserotonin","[M - H]-","consensus",NA,NA,NA,NA,NA,NA,NA,0,"consensus","no_data"
"2.3","hmgu","neg","gallic acid","[M - H]-","own",295.446470331779,1.38800000004001,49.1814980074705,105.08800000002,33.1214436459548,4.63162808311824,1.34504613991345,5,"own","detected"
"2.3","hmgu","neg","gamma-aminobutyric acid","[M - H]-","own",3983.59426293381,0.709000000019998,2617.99798981864,28.89100000002,1439.26937995575,6.56747116939152,1.81441400408973,2,"consensus","detected"
"2.3","hmgu","neg","imidazol-4-ylacetic acid","[M - H]-","consensus",NA,NA,NA,NA,NA,NA,NA,0,"consensus","no_data"
"2.3","hmgu","neg","pyruvic acid","[M - H]-","consensus",595.815291370942,2.18599999998,122.444424515255,38.91,29.1107389597533,9.69549780497019,3.87310424741071,5,"consensus","detected"
"2.3","hmgu","neg","taurocyamine","[M - H]-","consensus",NA,NA,NA,NA,NA,NA,NA,0,"consensus","no_data"
"2.3","hmgu","neg","trans-3-hexenedioic acid","[M - H]-","own",366.565698468277,2.11099999998,101.469442249575,97.07899999998,98.8338739476491,2.63556830192613,1,5,"consensus","detected"
"2.4","hmgu","neg","(S)-methylsuccinic acid","[M - H]-","consensus",NA,NA,NA,NA,NA,NA,NA,0,"consensus","no_data"
"2.4","hmgu","neg","1-hexadecanoyl-sn-glycero-3-phosphocholine","[M + CH2O2 - H]-","own",13685.6551398079,1.90499999999997,2553.75903360004,459.228,455.423879129981,17.3312229155854,5.56937817035401,4,"own","detected"
"2.4","hmgu","neg","2'-deoxyadenosine","[M - H]-","consensus",NA,NA,NA,NA,NA,NA,NA,0,"consensus","no_data"
"2.4","hmgu","neg","4-guanidinobutanoic acid","[M - H]-","consensus",NA,NA,NA,NA,NA,NA,NA,0,"consensus","no_data"
"2.4","hmgu","neg","5,6-dihydroxyindole-2-carboxylic acid","[M - H]-","consensus",NA,NA,NA,NA,NA,NA,NA,0,"consensus","no_data"
"2.4","hmgu","neg","5,6-dimethylbenzimidazole","[M - H]-","consensus",NA,NA,NA,NA,NA,NA,NA,0,"consensus","no_data"
"2.4","hmgu","neg","L-tryptophanamide","[M - H]-","consensus",NA,NA,NA,NA,NA,NA,NA,0,"consensus","no_data"
"2.4","hmgu","neg","N-acetyl-alpha-D-galactosamine","[M - H]-","consensus",NA,NA,NA,NA,NA,NA,NA,0,"consensus","no_data"
"2.4","hmgu","neg","citraconic acid","[M - H]-","consensus",NA,NA,NA,NA,NA,NA,NA,0,"consensus","no_data"
"2.4","hmgu","neg","cortisol","[M - H]-","consensus",NA,NA,NA,298.49200000002,4.72157248263029,4.6070527059419,1.86279275717588,4,"consensus","below_detection"
"2.4","hmgu","neg","creatinine","[M - H]-","consensus",NA,NA,NA,NA,NA,NA,NA,0,"consensus","no_data"
"2.4","hmgu","neg","phloretic acid","[M - H]-","consensus",151.831944853189,NA,9.05981963247223,205.40899999998,6.22863273110465,2.83118690136757,1,4,"consensus","detected"
"2.5","hmgu","neg","3-hydroxybenzoic acid","[M - H]-","own",NA,NA,NA,205.134,0.0859986857412878,2.57958818103543,1,4,"consensus","below_detection"
"2.5","hmgu","neg","5-aminolevulinic acid","[M - H]-","consensus",NA,NA,NA,NA,NA,NA,NA,0,"consensus","no_data"
"2.5","hmgu","neg","5-hydroxymethyl-2-furoic acid","[M - H]-","consensus",NA,NA,NA,NA,NA,NA,NA,0,"consensus","no_data"
"2.5","hmgu","neg","5-oxo-L-proline","[M - H]-","consensus",76.435713872407,1.45200000000001,51.86581332985,38.28499999998,48.3332899125655,3.53252341728444,1,3,"consensus","detected"
"2.5","hmgu","neg","D-glyceric acid","[M - H]-","consensus",NA,NA,NA,NA,NA,NA,NA,0,"consensus","no_data"
"2.5","hmgu","neg","D-ribofuranose","[M - H]-","consensus",NA,NA,NA,NA,NA,NA,NA,0,"consensus","no_data"
"2.5","hmgu","neg","N-acetyl-L-valine","[M - H]-","own",NA,NA,NA,131.32999999998,-1.70862463577774,6.37263575468978,2.05401710554374,4,"consensus","below_detection"
"2.5","hmgu","neg","N-carbamoyl-beta-alanine","[M - H]-","consensus",NA,NA,NA,NA,NA,NA,NA,0,"consensus","no_data"
"2.5","hmgu","neg","Phenylglyoxal","[M - H]-","own",1335.39733502879,0.681000000000012,80.2337560752093,166.647,20.6534798326404,4.99871079306246,3.64272974296789,2,"consensus","detected"
"2.5","hmgu","neg","cis-4-hydroxy-D-proline","[M - H]-","consensus",NA,NA,NA,NA,NA,NA,NA,0,"consensus","no_data"
"2.5","hmgu","neg","hypoxanthine","[M - H]-","consensus",NA,NA,NA,32.59600000002,24.498042817052,2.13399732750486,1,4,"consensus","below_detection"
"2.5","hmgu","neg","inosine","[M - H]-","consensus",334.558629351571,NA,112.242332165235,37.55800000002,22.3345326385593,6.90262970325966,4.71644982085331,2,"consensus","detected"
"2.5","hmgu","neg","oxalic acid","[M - H]-","consensus",163.738606649623,15.384,9.83985395342017,62.523,7.76101916092102,2.07883479249915,1,2,"consensus","detected"
"2.5","hmgu","neg","picolinic acid","[M - H]-","own",12231.6343171634,0.741000000000003,3871.94914902042,28.242,170.143276723566,4.8686394298727,22.7283768366201,3,"consensus","detected"
"2.5","hmgu","neg","pyridoxal","[M - H]-","consensus",NA,NA,NA,54.50299999998,12.7787181241217,2.93435875719865,1,1,"consensus","below_detection"
"2.5","hmgu","neg","xanthurenic acid","[M - H]-","consensus",NA,NA,NA,NA,NA,NA,NA,0,"consensus","no_data"
"2.6","hmgu","neg","(S)-2-hydroxybutyric acid","[M - H]-","consensus",NA,NA,NA,70.52599999998,-0.674489597115375,3.01987907804926,1.16075277948807,5,"consensus","below_detection"
"2.6","hmgu","neg","2-oxoglutaric acid","[M - H]-","consensus",241.694044298745,15.789,10.4380190119841,55.03999999998,7.34199979578284,3.09601921620128,1,3,"consensus","detected"
"2.6","hmgu","neg","3-methyl-2-oxovaleric acid","[M - H]-","consensus",12.013372767303,0.183000000000007,11.8497542175561,117.069,9.17939129913776,2.67036291841833,1,3,"consensus","detected"
"2.6","hmgu","neg","3-methyladipic acid","[M - H]-","own",533693.910380119,2.02399999997999,184489.310623954,185.826,36804.9293733842,19.0847946853637,5.01210650230646,5,"consensus","detected"
"2.6","hmgu","neg","4-hydroxy-4-methyloxan-2-one","[M - H]-","consensus",NA,NA,NA,NA,NA,NA,NA,0,"consensus","no_data"
"2.6","hmgu","neg","4-hydroxyphenylpyruvic acid","[M - H]-","consensus",NA,NA,NA,68.616,0.098285518756029,2.94865593565441,1,5,"consensus","below_detection"
"2.6","hmgu","neg","5-aminopentanoic acid","[M - H]-","own",96.0385270912211,1.35100000002001,45.4265218236586,157.58599999998,8.53572872312745,14.4034877233302,3.63449157144274,3,"consensus","detected"
"2.6","hmgu","neg","5-hydroxymethyluracil","[M - H]-","consensus",NA,NA,NA,NA,NA,NA,NA,0,"consensus","no_data"
"2.6","hmgu","neg","esculin","[M - H]-","consensus",NA,NA,NA,166.39900000002,4.44616267078833,35.4392045529949,34.8945872917515,5,"consensus","below_detection"
"2.6","hmgu","neg","glyceraldehyde","[M - H]-","consensus",225.624541867293,9.18499999998,27.2384068512004,34.42900000002,25.1591468454926,2.07926000570779,1,5,"consensus","detected"
"2.6","hmgu","neg","guanine","[M - H]-","consensus",NA,NA,NA,NA,NA,NA,NA,0,"consensus","no_data"
"2.6","hmgu","neg","indole-3-butyric acid","[M - H]-","consensus",NA,NA,NA,NA,NA,NA,NA,0,"consensus","no_data"
"2.6","hmgu","neg","isonicotinic acid","[M - H]-","consensus",644.416918777706,4.22899999998,139.892750638184,47.64700000002,42.1490872262094,5.51782099916801,3.18808634971952,5,"consensus","detected"
"2.6","hmgu","neg","phenylacetylglycine","[M - H]-","consensus",NA,NA,NA,NA,NA,NA,NA,0,"consensus","no_data"
"2.6","hmgu","neg","xanthosine","[M - H]-","consensus",NA,NA,NA,NA,NA,NA,NA,0,"consensus","no_data"
"2.7","hmgu","neg","3,3-dimethylglutaric acid","[M - H]-","consensus",191.589614945148,14.619,20.6598132856216,195.96400000002,17.8804530139189,2.77936027170267,1,4,"consensus","detected"
"2.7","hmgu","neg","3,4,5-Trimethoxycinnamic acid","[M - H]-","consensus",281.095720106068,28.02500000004,16.1739179357301,278.18500000002,12.6676997277818,3.50621820794822,1,2,"consensus","detected"
"2.7","hmgu","neg","3-hydroxyphenylacetic acid","[M - H]-","consensus",NA,NA,NA,NA,NA,NA,NA,0,"consensus","no_data"
"2.7","hmgu","neg","3-hydroxypropionic acid","[M - H]-","consensus",NA,NA,NA,16.52599999998,1.66339084174396,2.63372806907682,1,5,"consensus","below_detection"
"2.7","hmgu","neg","4-acetamidobutanoic acid","[M - H]-","consensus",NA,NA,NA,NA,NA,NA,NA,0,"consensus","no_data"
"2.7","hmgu","neg","4-pyridoxic acid","[M - H]-","consensus",1300.82303668662,44.11400000004,17.6418451036197,48.20599999998,14.5694027006614,3.07244240295836,1,2,"consensus","detected"
"2.7","hmgu","neg","6-methyladenine","[M - H]-","consensus",NA,NA,NA,81.39700000002,4.11159387632097,2.68151047303763,1,5,"consensus","below_detection"
"2.7","hmgu","neg","LMFA01170001","[M - H]-","consensus",NA,NA,NA,NA,NA,NA,NA,0,"consensus","no_data"
"2.7","hmgu","neg","Methyl 3-aminopropanoate","[M - H]-","consensus",NA,NA,NA,NA,NA,NA,NA,0,"consensus","no_data"
"2.7","hmgu","neg","N(4)-acetylcytosine","[M - H]-","consensus",NA,NA,NA,NA,NA,NA,NA,0,"consensus","no_data"
"2.7","hmgu","neg","N-acetyl-L-isoleucine","[M - H]-","consensus",27.1321126127586,0.692999999999984,14.2621599116937,211.797,11.2748463042649,2.98731360742886,1,2,"consensus","detected"
"2.7","hmgu","neg","N-acetyl-beta-D-mannosamine","[M - H]-","consensus",NA,NA,NA,NA,NA,NA,NA,0,"consensus","no_data"
"2.7","hmgu","neg","O-propanoyl-L-carnitine","[M - H]-","consensus",NA,NA,NA,NA,NA,NA,NA,0,"consensus","no_data"
"2.7","hmgu","neg","melatonin","[M - H]-","consensus",NA,NA,NA,NA,NA,NA,NA,0,"consensus","no_data"
"2.7","hmgu","neg","methyl (R)-lactate","[M - H]-","own",414.275148164266,18.25699999998,61.0689767069949,44.84800000002,58.8320170608262,2.23695964616871,1,5,"consensus","detected"
"2.8","hmgu","neg","2'-deoxycytidine","[M - H]-","consensus",NA,NA,NA,NA,NA,NA,NA,0,"consensus","no_data"
"2.8","hmgu","neg","3-hydroxyisovaleric acid","[M - H]-","own",NA,NA,NA,95.38099999998,4.84803150132507,2.38425082691413,1,4,"consensus","below_detection"
"2.8","hmgu","neg","L-isoleucine","[M - H]-","own",2013.18512273628,0.682000000020025,1138.76468481862,219.21499999998,629.706677988358,4.566117444773,1.80115378639007,3,"own","detected"
"2.8","hmgu","neg","itaconic acid","[M - H]-","own",115.373568269887,0.655999999979997,53.1495947038734,116.112,16.6132100778218,14.1009445690379,2.35045785564131,4,"consensus","detected"
"2.8","hmgu","neg","thymidine","[M - H]-","consensus",NA,NA,NA,NA,NA,NA,NA,0,"consensus","no_data"
"2.9","hmgu","neg","(R)-noradrenaline","[M - H]-","consensus",NA,NA,NA,NA,NA,NA,NA,0,"consensus","no_data"
"2.9","hmgu","neg","(S)-lactic acid","[M - H]-","consensus",72.2068358703917,6.28300000002,11.1586822827952,62.60599999998,8.45565145169402,2.70303083110122,1,2,"consensus","detected"
"2.9","hmgu","neg","3-methylbutanal","[M - H]-","own",12282.929443055,2.01700000001998,4505.66630016505,201.89899999998,2801.62712600377,3.11650961112093,1.60711957303767,4,"consensus","detected"
"2.9","hmgu","neg","D-leucine","[M - H]-","consensus",NA,NA,NA,NA,NA,NA,NA,0,"consensus","no_data"
"2.9","hmgu","neg","D-proline","[M - H]-","consensus",NA,NA,NA,NA,NA,NA,NA,0,"consensus","no_data"
"2.9","hmgu","neg","Gly-Pro","[M - H]-","consensus",NA,NA,NA,NA,NA,NA,NA,0,"consensus","no_data"
"2.9","hmgu","neg","N-acetyl-L-methionine","[M - H]-","consensus",NA,NA,NA,137.32999999998,0.27551456056908,30.5321211311668,8.63810867226832,3,"consensus","below_detection"
"2.9","hmgu","neg","dihydroorotic acid","[M - H]-","consensus",NA,NA,NA,NA,NA,NA,NA,0,"consensus","no_data"
"2.9","hmgu","neg","fumaric acid","[M - H]-","consensus",NA,NA,NA,NA,NA,NA,NA,0,"consensus","no_data"
"2.9","hmgu","neg","homogentisic acid","[M - H]-","consensus",NA,NA,NA,NA,NA,NA,NA,0,"consensus","no_data"
"2.9","hmgu","neg","nicotinic acid","[M - H]-","own",15805.4297378954,1.43799999996,6149.67752994568,39.70900000002,2688.60752857322,3.97609300554655,2.28583062854157,4,"consensus","detected"
"2.9","hmgu","neg","propynoic acid","[M - H]-","consensus",NA,NA,NA,NA,NA,NA,NA,0,"consensus","no_data"
"2.9","hmgu","neg","ritalinic acid","[M - H]-","consensus",NA,NA,NA,NA,NA,NA,NA,0,"consensus","no_data"
"2.9","hmgu","neg","thymine","[M - H]-","consensus",NA,NA,NA,NA,NA,NA,NA,0,"consensus","no_data"
"2.9","hmgu","neg","vanillin","[M - H]-","consensus",78.0541994325266,3.94300000001999,9.2083041294643,220.944,6.40972713282645,2.79857699663785,1,4,"consensus","detected"
"3.1","hmgu","neg","(3S,5R)-fluvastatin","[M - H]-","own",7787303.70437619,1.41199999997997,2523891.2712005,405.63199999998,71561.4102726792,172.575210813578,35.2664751347584,4,"own","detected"
"3.1","hmgu","neg","2-Methylheptanoic acid","[M - H]-","consensus",NA,NA,NA,NA,NA,NA,NA,0,"consensus","no_data"
"3.1","hmgu","neg","4-phenylbutyric acid","[M - H]-","own",81438.2320318809,0.703999999979999,57513.3936468681,324.43999999998,49641.2712144652,3.51768360156871,1.15850933218061,2,"own","detected"
"3.1","hmgu","neg","L-thyroxine","[M - H]-","consensus",4753682.17277494,1.29499999998001,2339124.16602202,325.14700000002,51203.2975305487,216.962624539912,45.6788393755705,3,"consensus","detected"
"3.1","hmgu","neg","lithocholic acid","[M - H]-","consensus",1181613.33554349,16.32999999996,5885.00628206749,503.74699999998,266.002732228167,59.3409532121659,21.9007725223601,4,"consensus","detected"
"3.1","hmgu","neg","taurochenodeoxycholic acid","[M - H]-","own",50877359.369878,10.97500000002,8175163.23895016,364.278,16969.3151202097,655.157040281629,481.722923052704,4,"own","detected"
"3.1","hmgu","neg","taurodeoxycholic acid","[M - H]-","own",50848919.6865212,10.97500000002,7653461.64745171,355.31500000002,15885.9606058027,839.875661938626,481.722318321405,4,"consensus","detected"
"3.1","hmgu","neg","undecanedioic acid","[M - H]-","own",2069631.78693569,0.716000000040026,987669.210125794,315.33799999998,39091.2952943591,9.58895052972002,25.2654616261279,4,"own","detected"
"3.2","hmgu","neg","cholic acid","[M - H]-","own",6010440.50053844,1.32199999997999,2646790.50169856,367.788,20865.1854820762,203.095533756728,126.842265957247,4,"own","detected"
"3.2","hmgu","neg","hexadecanedioic acid","[M - H]-","own",3193325.12830768,1.32299999999998,1434780.58609157,432.45,15304.315376624,26.5476789271343,93.7483319642055,4,"own","detected"
"3.2","hmgu","neg","hexadecanoic acid","[M - H]-","own",52945.1361353133,1.44199999998,23559.6861671009,589.527,9911.61486619381,5.28099194301467,2.37644475629259,3,"consensus","detected"
"3.2","hmgu","neg","taurocholic acid","[M - H]-","consensus",14884433.2849261,3.42400000001999,2055536.22660644,320.18299999998,12061.1785898304,138.264851284985,170.414354322569,3,"consensus","detected"
"3.2","hmgu","neg","tauroursodeoxycholic acid","[M - H]-","own",15383350.9591575,1.40500000001998,7475249.53778472,320.90200000002,20416.6880716242,276.952299446333,366.120722384657,4,"own","detected"
"3.3","hmgu","neg","(S)-lipoic acid","[M - H]-","consensus",105853.932876067,0.721999999980028,51013.1866693197,332.043,4330.63153208847,25.2965463094256,11.7737770450355,3,"consensus","detected"
"3.3","hmgu","neg","2-hydroxyoctanoic acid","[M - H]-","own",NA,NA,NA,NA,NA,NA,NA,0,"consensus","no_data"
"3.3","hmgu","neg","5-phenylpentanoic acid","[M - H]-","consensus",122358.862944325,0.741999999960001,64003.6406958979,352.72000000002,24428.6454160729,5.47419794430061,2.61980005063424,3,"consensus","detected"
"3.3","hmgu","neg","estriol","[M - H]-","consensus",14994.2423368659,0.689999999999998,11330.1749366346,284.43199999998,6134.93222908285,7.84228350657577,1.84555138188066,2,"consensus","detected"
"3.3","hmgu","neg","undecanoic acid","[M - H]-","own",87213.7258866313,0.699999999960028,48211.8384772269,464.22700000002,37384.3695589595,9.59554320311327,1.28936888605285,4,"own","detected"
"1.1","hmgu","pos","5-hydroxy-L-tryptophan","[M + H]+","consensus",30513.0810652861,2.02100000004,9163.2826156592,40.74700000002,1355.46003108642,4.9159749595874,6.7566482453629,5,"consensus","detected"
"1.1","hmgu","pos","D-alpha-aminobutyric acid","[M + H]+","consensus",NA,NA,NA,NA,NA,NA,NA,0,"consensus","no_data"
"1.1","hmgu","pos","L-citrulline","[M + H]+","consensus",NA,NA,NA,28.66999999998,2.54316190275807,29.980493933539,17.7690968876895,3,"consensus","below_detection"
"1.1","hmgu","pos","L-citrulline","[M + Na]+","consensus",12144.2094800077,8.49799999998,493.238482138826,28.66999999998,76.3136583597985,12.6670411803825,6.29731887171072,5,"consensus","detected"
"1.1","hmgu","pos","L-homoserine","[M + H]+","own",6824.23174127286,25.05,33.8923393983059,27.96700000002,13.7879020261911,3.78371125767535,2.18369901986807,3,"consensus","detected"
"1.1","hmgu","pos","L-homoserine","[M + Na]+","consensus",NA,NA,NA,NA,NA,NA,NA,0,"consensus","no_data"
"1.1","hmgu","pos","L-lysine","[M + H]+","consensus",6103.74656585104,0.724000000019998,1462.41590036337,22.29799999998,143.753922694445,8.46568477944129,10.11416028399,4,"consensus","detected"
"1.1","hmgu","pos","L-lysine","[M + Na]+","consensus",3212.45824772301,1.473,1069.26061897596,23.022,294.778881516896,24.4577188827388,3.54436143700932,3,"consensus","detected"
"1.1","hmgu","pos","L-valine","[M + H]+","consensus",3772.87067981637,16.27900000002,24.3505751971534,34.26400000002,6.08810798926897,6.14751111671649,2.98993777911331,5,"consensus","detected"
"1.1","hmgu","pos","N(6)-acetyl-L-lysine","[M + H]+","consensus",68769.6034341314,3.624,1733.20153700175,30.87199999998,1353.31937638222,3.48582373402223,1.27812824042445,4,"consensus","detected"
"1.1","hmgu","pos","N(6)-acetyl-L-lysine","[M + Na]+","consensus",18877.1930735578,5.00200000002,161.723986089011,30.87199999998,57.3501121993706,7.41898646649042,2.69057886209705,4,"consensus","detected"
"1.1","hmgu","pos","N-acetyl-L-cysteine","[M + H]+","consensus",NA,NA,NA,91.96699999998,1.56137360949573,10.5390597367468,12.9573172197469,5,"consensus","below_detection"
"1.1","hmgu","pos","N-alpha-acetyl-L-asparagine","[M + H]+","consensus",9512.60808031059,0.734999999999999,3041.2607604933,37.14100000002,246.79009343237,20.803419105996,12.238973207468,2,"consensus","detected"
"1.1","hmgu","pos","O(4)-phospho-L-tyrosine","[M + H]+","consensus",38215.6195941112,0.734999999999999,10614.863453909,37.87600000002,1582.28929545704,12.8446455559551,6.70043009125625,3,"consensus","detected"
"1.1","hmgu","pos","alpha-D-glucosamine 6-phosphate","[M + H]+","consensus",7787.07223827499,14.11900000002,111.015199355214,27.96700000002,62.8374825560068,4.73917525243451,1.69128392449611,3,"consensus","detected"
"1.1","hmgu","pos","alpha-D-glucosamine 6-phosphate","[M + K]+","consensus",7787.07223827499,14.11900000002,111.015199355214,27.96700000002,62.8374825560068,4.73917525243451,1.69128392449611,3,"consensus","detected"
"1.1","hmgu","pos","alpha-D-glucosamine 6-phosphate","[M + Na]+","consensus",NA,NA,NA,28.66999999998,3.92481973101328,11.536561683195,10.6100340520618,3,"consensus","below_detection"
"1.1","hmgu","pos","carnosine","[M + H]+","consensus",53505.4661390515,8.574,9020.93187073528,29.37400000002,629.701089311527,27.8466433346298,14.2815144836943,4,"consensus","detected"
"1.1","hmgu","pos","glutathione","[M + H]+","consensus",167299.617660447,1.47700000002,63768.0338576758,37.14100000002,44465.2509344962,4.96492607173468,1.43399773062197,3,"consensus","detected"
"1.1","hmgu","pos","glutathione","[M + K]+","consensus",3660.90770851233,1.43200000002,1172.88574413059,36.399,326.034809537653,7.67505534982047,3.57388430527753,4,"consensus","detected"
"1.1","hmgu","pos","guanosine 5'-monophosphate","[M + H]+","consensus",56778.3446666891,17.59600000002,565.22422963901,42.795,74.9759552011713,9.74285542366533,7.40879356221483,5,"consensus","detected"
"1.1","hmgu","pos","homocystine","[M + H]+","consensus",235967.00165681,0.664999999980001,97386.579245756,25.90300000002,54502.0290239455,4.94107678281352,1.78675252853777,4,"consensus","detected"
"1.1","hmgu","pos","sarcosine","[M + H]+","consensus",NA,NA,NA,NA,NA,NA,NA,0,"consensus","no_data"
"1.2","hmgu","pos","(2R)-2-acetamidopropanoic acid","[M + H]+","consensus",NA,NA,NA,NA,NA,NA,NA,0,"consensus","no_data"
"1.2","hmgu","pos","Acetylcarnosine","[M + H]+","consensus",74317.542276895,0.68000000004,41484.1322350303,27.95200000002,13576.1532801752,3.85690725197492,3.0553776516615,3,"consensus","detected"
"1.2","hmgu","pos","D-erythronic acid","[M + Na]+","consensus",NA,NA,NA,25.91299999998,3.83198951790966,17.8813941050419,12.5000215463925,3,"consensus","below_detection"
"1.2","hmgu","pos","L-alpha-aminobutyric acid","[M + H]+","consensus",2919.46415004863,0.687000000000001,750.552281651891,25.91299999998,81.048972183404,12.0295461536278,9.11205553387001,3,"consensus","detected"
"1.2","hmgu","pos","L-homocitrulline","[M + H]+","consensus",22810.7673166665,0.687000000000001,8445.84009193314,26.59999999998,1519.6144953029,9.87705724533771,5.55138363102169,3,"consensus","detected"
"1.2","hmgu","pos","L-homocitrulline","[M + Na]+","consensus",4594.62602405927,0.687000000000001,2783.58634426041,25.91299999998,443.003725681362,7.65045077837567,6.26616827931301,2,"consensus","detected"
"1.2","hmgu","pos","L-tryptophan","[M + H]+","consensus",NA,NA,NA,136.635,-0.251686664758038,9.41704574595474,5.22589006350287,3,"consensus","below_detection"
"1.2","hmgu","pos","N(4)-acetylcytidine","[M + H]+","consensus",NA,NA,NA,NA,NA,NA,NA,0,"consensus","no_data"
"1.2","hmgu","pos","N(4)-acetylcytidine","[M + K]+","consensus",NA,NA,NA,113.37,2.06434962957567,9.39033713888784,6.47086155302563,4,"consensus","below_detection"
"1.2","hmgu","pos","N(4)-acetylcytidine","[M + Na]+","consensus",NA,NA,NA,NA,NA,NA,NA,0,"consensus","no_data"
"1.2","hmgu","pos","N-acetyl-L-aspartic acid","[M + H]+","consensus",2077.03312271807,1.41999999996001,996.191997645819,39.17899999998,654.917688915162,3.41195721767963,1.51588521310614,3,"consensus","detected"
"1.2","hmgu","pos","N-acetyl-L-glutamine","[M + H]+","consensus",7319.1748111261,0.709000000019998,3675.08140479942,37.74,223.688080087323,23.1355107749223,16.3260639216844,3,"consensus","detected"
"1.2","hmgu","pos","N-acetyl-L-glutamine","[M + Na]+","consensus",NA,NA,NA,NA,NA,NA,NA,0,"consensus","no_data"
"1.2","hmgu","pos","N-acetylglycine","[M + H]+","consensus",590.071716943368,1.40000000004,87.2497862734854,37.74,35.5744589299016,3.1930578390984,2.362839266228,3,"consensus","detected"
"1.2","hmgu","pos","N-carbamoylglutamic acid","[M + H]+","consensus",4427.54950088513,1.40000000004,1685.10807704788,38.44900000002,1681.95984185354,3.14823519434412,1,4,"consensus","detected"
"1.2","hmgu","pos","N-carbamoylglutamic acid","[M + Na]+","consensus",4792.82422850039,2.13,1322.67443096823,38.44900000002,1319.45725121892,3.21717974931335,1,5,"consensus","detected"
"1.2","hmgu","pos","folic acid","[M + H]+","consensus",NA,NA,NA,NA,NA,NA,NA,0,"consensus","no_data"
"1.2","hmgu","pos","folic acid","[M + K]+","consensus",NA,NA,NA,NA,NA,NA,NA,0,"consensus","no_data"
"1.2","hmgu","pos","folic acid","[M + Na]+","consensus",1882.71486301445,0.679000000019983,1002.55280889466,194.271,997.408661480075,5.14414741458404,1,3,"consensus","detected"
"1.2","hmgu","pos","kynurenine","[M + H]+","consensus",11605.9979529946,2.05000000002,3746.37220515251,54.42400000002,628.210062750012,15.6171313787017,5.93870632610101,5,"consensus","detected"
"1.2","hmgu","pos","kynurenine","[M + Na]+","consensus",1094.92499386754,1.35400000002,268.931947490855,54.42400000002,265.246428538911,3.68551895194469,1,5,"consensus","detected"
"1.3","hmgu","pos","2-aminoisobutyric acid","[M + H]+","own",4215.21017755015,1.48399999998,1160.08189894528,26.65999999998,238.808538528898,5.73368380526927,4.83378116314851,4,"consensus","detected"
"1.3","hmgu","pos","D-alanine","[M + H]+","consensus",220.652829749018,0.751999999980001,116.991972709415,25.15600000002,11.4928138483303,25.5179983531954,7.95923222662383,3,"consensus","detected"
"1.3","hmgu","pos","D-asparagine","[M + H]+","consensus",NA,NA,NA,NA,NA,NA,NA,0,"consensus","no_data"
"1.3","hmgu","pos","D-asparagine","[M + Na]+","consensus",NA,NA,NA,NA,NA,NA,NA,0,"consensus","no_data"
"1.3","hmgu","pos","L-arginine","[M + H]+","own",69129.1880332781,1.41,19405.8083981304,24.43900000002,4205.21796450624,8.55575943223539,4.61266283993338,4,"own","detected"
"1.3","hmgu","pos","L-arginine","[M + Na]+","consensus",NA,NA,NA,60.72,-1.8516110780034,40.8463512236394,19.4974113271489,3,"consensus","below_detection"
"1.3","hmgu","pos","L-cysteine","[M + H]+","consensus",1464.89431316342,2.23599999996,441.181859871991,25.908,363.951021769931,3.24638821784629,1.20328133583585,4,"consensus","detected"
"1.3","hmgu","pos","L-dopa","[M + H]+","consensus",3728.90537342699,1.44499999998,1739.62742829635,30.918,337.258320314071,7.59996483429768,5.13561077410666,3,"consensus","detected"
"1.3","hmgu","pos","L-ornithine","[M + H]+","consensus",796.418837699763,24.17300000004,80.014088279208,23.05099999998,75.4340226095672,2.96665826286346,1.02138832520079,4,"consensus","detected"
"1.3","hmgu","pos","L-ornithine","[M + Na]+","consensus",NA,NA,NA,23.74600000002,0.976266844453018,26.4871358695386,30.3174622080865,4,"consensus","below_detection"
"1.3","hmgu","pos","N(2)-acetyl-L-lysine","[M + H]+","consensus",76255.9943906309,1.48399999998,34188.6367196125,26.65999999998,9181.26829400204,4.59722491766934,3.72323718249544,3,"consensus","detected"
"1.3","hmgu","pos","N(2)-acetyl-L-lysine","[M + Na]+","consensus",1358.84590550229,2.16100000002,359.52856170365,28.06900000002,353.123606743816,6.40495495983396,1,4,"consensus","detected"
"1.3","hmgu","pos","N-acetyl-L-glutamic acid","[M + H]+","consensus",NA,NA,NA,NA,NA,NA,NA,0,"consensus","no_data"
"1.3","hmgu","pos","N-acetyl-beta-neuraminic acid","[M + Na]+","consensus",4771.65499373017,NA,4014.90365555101,38.00500000002,14.8718325097536,206.723907865053,256.06661083551,2,"consensus","detected"
"1.3","hmgu","pos","N-carbamoylaspartic acid","[M + H]+","consensus",2343.30446884382,NA,1014.93971009984,38.00500000002,173.635353114345,11.7312610888175,5.77767390693975,2,"consensus","detected"
"1.3","hmgu","pos","UDP","[M + H]+","consensus",14774.7219697971,9.52900000002,688.721520047775,43.722,45.8870646812605,21.4393888851578,14.5418351728897,5,"consensus","detected"
"1.3","hmgu","pos","guanosine","[M + H]+","consensus",NA,NA,NA,NA,NA,NA,NA,0,"consensus","no_data"
"1.3","hmgu","pos","guanosine","[M + Na]+","consensus",NA,NA,NA,65.19199999998,-1.67934013593642,1221.61796302241,724.377657262443,5,"consensus","below_detection"
"1.3","hmgu","pos","isocitric acid","[M + Na]+","consensus",3593.06744322725,16.29499999998,91.6800092862504,42.28900000002,87.586204120194,4.09380516605643,1,5,"consensus","detected"
"1.3","hmgu","pos","thiamine(1+) diphosphate","[M + H]+","consensus",53750.1484590565,10.14700000002,3566.83432323652,40.88200000002,82.0002999965788,196.912018467227,41.096463121597,5,"consensus","detected"
"1.4","hmgu","pos","2'-deoxyadenosine 5'-monophosphate","[M + H]+","consensus",107708.404994693,0.683999999999997,73033.1790454752,39.723,73028.8947464777,4.28429899748153,1,2,"consensus","detected"
"1.4","hmgu","pos","2'-deoxyguanosine 5'-monophosphate","[M + H]+","consensus",66004.0667157586,0.673999999980005,29749.2658662426,40.407,7050.56842330365,7.47033746556144,4.21835428622662,3,"consensus","detected"
"1.4","hmgu","pos","2'-deoxyguanosine 5'-monophosphate","[M + Na]+","consensus",4698.67518271563,1.428,1721.42918394064,41.08099999998,345.788433034282,8.47996073135073,4.95374934371926,3,"consensus","detected"
"1.4","hmgu","pos","D-arabinitol","[M + H]+","consensus",NA,NA,NA,NA,NA,NA,NA,0,"consensus","no_data"
"1.4","hmgu","pos","D-arabinitol","[M + Na]+","consensus",6447.1534007458,2.955,2171.33101915836,26.16,2167.44271528491,3.88830387345251,1,4,"consensus","detected"
"1.4","hmgu","pos","D-lysine","[M + H]+","consensus",8548.82345859075,0.674000000040003,1909.04517331286,23.28199999998,848.059599994905,4.32194321121187,2.24597803045103,3,"consensus","detected"
"1.4","hmgu","pos","D-lysine","[M + Na]+","consensus",2355.41995057995,1.40300000004,1069.92920080723,23.95600000002,121.985232599354,12.8975833110303,8.665242463962,3,"consensus","detected"
"1.4","hmgu","pos","L-homoarginine","[M + H]+","own",2025.67637877285,34.26999999996,28.9985547896522,59.35999999998,10.2917985692035,4.04160329151182,2.42493586814066,5,"own","detected"
"1.4","hmgu","pos","L-homoarginine","[M + Na]+","consensus",NA,NA,NA,38.36299999998,-0.0243240504476892,6.61853776850148,4.38745929648203,4,"consensus","below_detection"
"1.4","hmgu","pos","N(2)-phenylacetyl-L-glutamine","[M + H]+","consensus",NA,NA,NA,NA,NA,NA,NA,0,"consensus","no_data"
"1.4","hmgu","pos","N(2)-phenylacetyl-L-glutamine","[M + K]+","consensus",172855.658383158,1.452,85110.0292809614,193.446,5928.03015474192,11.3646812564371,14.3553022468405,4,"consensus","detected"
"1.4","hmgu","pos","N(2)-phenylacetyl-L-glutamine","[M + Na]+","consensus",110509.28818423,1.452,54633.4419004818,193.446,6324.67298094427,11.2662041109679,8.63636362875093,4,"consensus","detected"
"1.4","hmgu","pos","N-acetyl-L-serine","[M + H]+","consensus",1519.60461023016,0.740999999999993,475.153392544602,37.62199999998,418.612469737786,2.68196695876827,1.12866065810649,3,"consensus","detected"
"1.4","hmgu","pos","N-acetyl-L-serine","[M + K]+","consensus",10102.9047565312,12.20299999998,2665.13191849395,38.36299999998,1949.52504846842,3.45705748670389,1.36529400486457,3,"consensus","detected"
"1.4","hmgu","pos","N-benzoylglycine","[M + H]+","consensus",7598.26679234412,1.37500000002001,3094.98656176308,183.07600000002,3091.97960606545,3.00695569763002,1,4,"consensus","detected"
"1.4","hmgu","pos","N-benzoylglycine","[M + Na]+","consensus",7626.82254005068,1.37500000002001,3284.10216241851,182.38099999998,1209.08943614711,7.98911354266238,2.70957048414511,4,"consensus","detected"
"1.4","hmgu","pos","O-phospho-L-serine","[M + H]+","consensus",10102.9047565312,41.346,44.9917446315339,48.65599999998,41.8854081886814,3.10633644285258,1,5,"consensus","detected"
"1.4","hmgu","pos","O-phosphoethanolamine","[M + Na]+","consensus",1001.9096442861,NA,716.212194733065,25.449,47.2274951091892,24.4632309842923,14.6471660660694,3,"consensus","detected"
"1.4","hmgu","pos","citric acid","[M + H]+","consensus",919.148536431765,NA,482.008085068937,39.723,478.843717972056,3.16436709688105,1,3,"consensus","detected"
"1.4","hmgu","pos","creatine","[M + H]+","consensus",21195.2464762377,3.633,601.010602866481,29.082,113.065623243353,4.81281892443667,5.27302434497565,4,"consensus","detected"
"1.4","hmgu","pos","creatine","[M + Na]+","consensus",1970.35345547521,12.003,158.581797201594,40.407,27.7706570614455,6.52019518510087,5.4756213250569,3,"consensus","detected"
"1.4","hmgu","pos","glutathione disulfide","[M + H]+","consensus",170252.654046626,2.78500000001999,8531.11405159923,40.407,1703.90776831861,6.36745290260296,5.00305636091366,4,"consensus","detected"
"1.4","hmgu","pos","glycine","[M + H]+","own",NA,NA,NA,672.74800000002,6.98313741269914,2.49855286822014,1,1,"consensus","below_detection"
"1.4","hmgu","pos","uridine","[M + H]+","consensus",NA,NA,NA,104.11999999998,4.19843680051956,18.4027820209189,8.46522206357204,3,"consensus","below_detection"
"1.4","hmgu","pos","uridine","[M + Na]+","consensus",NA,NA,NA,NA,NA,NA,NA,0,"consensus","no_data"
"1.5","hmgu","pos","(2R)-2-amino-3-methoxypropanoic acid","[M + H]+","consensus",3603.41595556497,3.534,33.2480954714902,29.04100000002,8.31121846464245,4.22649652713517,3.49185851242132,4,"consensus","detected"
"1.5","hmgu","pos","3-amino-L-alanine","[M + H]+","own",1185.90979816412,2.12599999998,327.438602710513,23.39500000002,95.9430036182766,3.20061067875019,3.37948552582105,4,"own","detected"
"1.5","hmgu","pos","3-amino-L-alanine","[M + Na]+","consensus",882.046337420562,0.717000000000002,78.7541008133119,23.39500000002,36.9946869560683,7.37035602688411,1.9295674773839,2,"consensus","detected"
"1.5","hmgu","pos","D-arginine","[M + H]+","consensus",79905.1645710746,9.18799999998,7643.62394935935,31.209,3207.30078680744,3.88901239995221,2.38198268412611,5,"consensus","detected"
"1.5","hmgu","pos","D-arginine","[M + Na]+","consensus",NA,NA,NA,33.27700000002,-1.17090235573451,43.2185795258774,16.297329520823,3,"consensus","below_detection"
"1.5","hmgu","pos","L-alanine","[M + H]+","own",1655.16336776201,1.419,620.027953325564,42.49900000002,51.1187395267127,17.6393372888606,11.784105430102,5,"own","detected"
"1.5","hmgu","pos","L-cystine","[M + H]+","consensus",213478.39019637,1.35400000002,73178.3727226097,24.84,20896.0185852636,5.81724859312908,3.50174628604225,4,"consensus","detected"
"1.5","hmgu","pos","L-glutamic acid","[M + H]+","consensus",3828.27055674508,1.41099999996,596.288127442524,26.19400000002,151.668393660696,4.78279869025027,3.89999072631808,5,"consensus","detected"
"1.5","hmgu","pos","L-glutamine","[M + H]+","consensus",3891.25216800074,1.35400000002,1263.36152064478,25.50700000002,636.580358420838,2.76214637995599,1.98026746755426,4,"consensus","detected"
"1.5","hmgu","pos","L-glutamine","[M + Na]+","consensus",3891.25216800074,1.35400000002,1263.36152064478,25.50700000002,636.580358420838,2.76214637995599,1.98026746755426,4,"consensus","detected"
"1.5","hmgu","pos","L-serine","[M + H]+","consensus",NA,NA,NA,49.23700000002,3.2348341057447,6.84720337814269,2.74824747156278,4,"consensus","below_detection"
"1.5","hmgu","pos","N,N,N-trimethylglycinium","[M + H]+","consensus",118.044672952263,5.40799999998001,25.4683084744356,408.21199999998,5.10097941956245,7.82407826849453,3.45898870681085,4,"consensus","detected"
"1.5","hmgu","pos","N-acetyl-L-alanine","[M + H]+","own",2301.39439802349,NA,263.848905838508,41.77900000002,61.298138439805,10.6384008529021,4.13080252403194,3,"consensus","detected"
"1.5","hmgu","pos","N-acetyl-L-alanine","[M + Na]+","consensus",2623.01152679142,1.419,943.428874740023,42.49900000002,939.781351551689,3.64752318833462,1,5,"consensus","detected"
"1.5","hmgu","pos","N-acetyl-L-tyrosine","[M + H]+","consensus",8424.84919757784,1.39300000001998,3075.88053302603,155.21500000002,749.450673309917,5.4991664999875,4.09684249527169,5,"consensus","detected"
"1.5","hmgu","pos","alpha-D-glucose 1-phosphate","[M + Na]+","consensus",7961.78286327831,12.87199999998,1161.216308256,38.379,309.003752903075,3.95522184235233,3.7451360235636,3,"consensus","detected"
"1.5","hmgu","pos","cysteic acid","[M + H]+","consensus",3313.45782142252,0.733000000020006,1201.1926105992,38.379,143.633779369121,8.90909049722814,8.30085739816086,3,"consensus","detected"
"1.5","hmgu","pos","cysteic acid","[M + K]+","consensus",1453.9116784013,0.733000000020006,363.632057317125,38.379,104.531577782799,8.65316530392192,3.39590102381116,3,"consensus","detected"
"1.5","hmgu","pos","cytidine","[M + H]+","consensus",20716.5380206642,7.77,89.762574055494,31.902,86.2042309506942,3.55834310479986,1,5,"consensus","detected"
"1.6","hmgu","pos","(6S)-5-formyltetrahydrofolic acid","[M + H]+","consensus",1341.27294663698,2.07000000000002,451.012857480004,184.14499999998,31.4961400872149,27.8343166918294,13.4358857820789,5,"consensus","detected"
"1.6","hmgu","pos","(6S)-5-formyltetrahydrofolic acid","[M + K]+","consensus",1341.27294663698,2.07000000000002,451.012857480004,184.14499999998,31.4961400872149,27.8343166918294,13.4358857820789,5,"consensus","detected"
"1.6","hmgu","pos","(6S)-5-formyltetrahydrofolic acid","[M + Na]+","consensus",1341.27294663698,2.07000000000002,451.012857480004,184.14499999998,31.4961400872149,27.8343166918294,13.4358857820789,5,"consensus","detected"
"1.6","hmgu","pos","3-chloro-L-tyrosine","[M + H]+","consensus",64380.8544483373,3.42099999996,14236.8614225548,53.49799999998,14233.405757759,3.45566479577428,1,5,"consensus","detected"
"1.6","hmgu","pos","D-serine","[M + H]+","own",1942.51496867961,1.34299999998,753.421969235808,24.69400000002,278.341569202641,4.08562713719766,2.69214671831167,3,"own","detected"
"1.6","hmgu","pos","L-arabinitol","[M + H]+","consensus",629.911051586652,23.19800000004,79.3555669199322,26.037,6.69124998742539,21.4068946328716,8.6603657606518,3,"consensus","detected"
"1.6","hmgu","pos","L-arabinitol","[M + Na]+","consensus",3361.91796191666,0.643000000019999,1053.44058663512,25.39399999998,1049.55228633868,3.88830029643827,1,4,"consensus","detected"
"1.6","hmgu","pos","L-histidine","[M + H]+","own",5756.37828595536,9.15799999998,298.398418863791,35.889,295.553045323168,2.84537354062309,1,5,"consensus","detected"
"1.6","hmgu","pos","L-histidine","[M + Na]+","consensus",NA,NA,NA,54.16699999998,1.25971766704199,6.96063415272511,7.54897110162437,2,"consensus","below_detection"
"1.6","hmgu","pos","L-methionine S-oxide","[M + H]+","consensus",6998.23593540984,9.054,39.2900470672539,33.03,5.98614762688262,12.7810396533623,4.42839185837062,3,"consensus","detected"
"1.6","hmgu","pos","L-threonine","[M + H]+","consensus",5071.75092451629,1.34299999998,1959.31411557178,25.39399999998,1364.5596792992,4.95104157395599,1.43222982742794,4,"consensus","detected"
"1.6","hmgu","pos","N(alpha)-acetyl-L-arginine","[M + H]+","consensus",643898.278160762,2.052,45728.2085953779,28.82200000002,6473.6190698962,9.47279559154094,7.06231480508157,4,"consensus","detected"
"2.1","hmgu","pos","2'-deoxyguanosine","[M + H]+","consensus",35314.7800024949,25.17999999996,45.8338973182526,51.10600000002,6.93048739579995,6.85702111927094,5.62397331861575,5,"consensus","detected"
"2.1","hmgu","pos","2'-deoxyguanosine","[M + Na]+","consensus",35314.7800024949,25.17999999996,45.8338973182526,51.10600000002,6.93048739579995,6.85702111927094,5.62397331861575,5,"consensus","detected"
"2.1","hmgu","pos","3-hydroxybenzyl alcohol","[M + H]+","consensus",NA,NA,NA,126.57400000002,0.328628185591015,2.4648525956718,1,5,"consensus","below_detection"
"2.1","hmgu","pos","3-hydroxybenzyl alcohol","[M + Na]+","consensus",84.2754755172395,NA,11.3145539535635,122.56900000002,8.59728807063061,2.71726588293291,1,3,"consensus","detected"
"2.1","hmgu","pos","5-aminoimidazole-4-carboxamide","[M + H]+","consensus",7190.60967198366,1.458,1976.49836545748,25.75900000002,354.249073902152,19.2134142205978,5.5251660355152,4,"consensus","detected"
"2.1","hmgu","pos","5-methyl-2'-deoxycytidine","[M + H]+","consensus",42677.8875190942,8.62699999998,6605.83221028335,37.197,317.31496964558,17.5480796264383,20.7626010774581,3,"consensus","detected"
"2.1","hmgu","pos","9H-xanthine","[M + H]+","consensus",6873.81307424845,14.68300000002,45.3537070312195,46.911,9.21684744630107,3.63556964748568,4.52629140568842,3,"consensus","detected"
"2.1","hmgu","pos","L-leucine","[M + H]+","consensus",NA,NA,NA,59.26399999998,-0.313256111045033,3.92660517073455,1.75218076174235,4,"consensus","below_detection"
"2.1","hmgu","pos","L-phenylalanine","[M + H]+","consensus",235656.426453194,34.005,7704.24868987142,82.24000000002,817.8073085394,12.4036958753077,9.4054490754475,5,"consensus","detected"
"2.1","hmgu","pos","L-phenylalanine","[M + Na]+","consensus",235656.426453194,34.005,7704.24868987142,82.24000000002,913.256653991543,12.0249586628488,8.42284991583516,5,"consensus","detected"
"2.1","hmgu","pos","dopamine","[M + H]+","consensus",74093.6247096159,5.78899999998,5432.83204787767,32.89999999998,5430.00486801173,2.82717986593889,1,5,"consensus","detected"
"2.1","hmgu","pos","ethylmalonic acid","[M + H]+","consensus",NA,NA,NA,105.693,-0.639224140055418,14.9151791833388,19.2234329696201,3,"consensus","below_detection"
"2.1","hmgu","pos","ethylmalonic acid","[M + Na]+","consensus",NA,NA,NA,103.03699999998,2.4029061912719,8.14157464870004,2.16997691157993,5,"consensus","below_detection"
"2.1","hmgu","pos","methylmalonic acid","[M + Na]+","consensus",NA,NA,NA,NA,NA,NA,NA,0,"consensus","no_data"
"2.1","hmgu","pos","pyridoxamine","[M + H]+","consensus",52672.065138639,8.55499999998,8831.67218569588,23.616,529.94013460729,49.8713677190299,16.5713072939542,3,"consensus","detected"
"2.1","hmgu","pos","pyridoxamine","[M + Na]+","consensus",848.020356503086,7.869,196.820374137969,23.616,83.8147349519185,7.5152997591058,2.25861329141542,3,"consensus","detected"
"2.1","hmgu","pos","tricaproin","[M + H]+","consensus",955171.393507835,1.41100000002007,443898.860990897,581.17699999998,6102.52249651098,127.599383167571,72.71931596507,4,"consensus","detected"
"2.10","hmgu","pos","(5-hydroxyindol-3-yl)acetic acid","[M + H]+","consensus",NA,NA,NA,NA,NA,NA,NA,0,"consensus","no_data"
"2.10","hmgu","pos","(5-hydroxyindol-3-yl)acetic acid","[M + K]+","consensus",NA,NA,NA,NA,NA,NA,NA,0,"consensus","no_data"
"2.10","hmgu","pos","(S)-2-hydroxy-4-methylpentanoic acid","[M + H]+","consensus",NA,NA,NA,NA,NA,NA,NA,0,"consensus","no_data"
"2.10","hmgu","pos","2-hydroxy-2-methylbutyric acid","[M + Na]+","consensus",303.548292430396,59.82399999996,8.72577946682031,206.33200000002,6.10804186300697,2.61773760381334,1,4,"consensus","detected"
"2.10","hmgu","pos","3-methoxytyramine","[M + H]+","consensus",NA,NA,NA,NA,NA,NA,NA,0,"consensus","no_data"
"2.10","hmgu","pos","4-hydroxy-L-proline","[M + H]+","consensus",NA,NA,NA,NA,NA,NA,NA,0,"consensus","no_data"
"2.10","hmgu","pos","4-hydroxy-L-proline","[M + Na]+","consensus",1012.08932490174,31.96300000002,34.4683390618811,38.74600000002,31.7326831733099,2.73565588857127,1,2,"consensus","detected"
"2.10","hmgu","pos","7,9-dihydro-1H-purine-2,6,8(3H)-trione","[M + H]+","consensus",NA,NA,NA,NA,NA,NA,NA,0,"consensus","no_data"
"2.10","hmgu","pos","L-pipecolic acid","[M + H]+","consensus",178.137604464098,1.359,51.1999119312195,23.98999999998,48.4346237094605,2.76528822175896,1,4,"consensus","detected"
"2.10","hmgu","pos","N-isovalerylglycine","[M + H]+","consensus",NA,NA,NA,NA,NA,NA,NA,0,"consensus","no_data"
"2.10","hmgu","pos","N-isovalerylglycine","[M + Na]+","consensus",NA,NA,NA,NA,NA,NA,NA,0,"consensus","no_data"
"2.10","hmgu","pos","alpha-D-mannose","[M + Na]+","consensus",516.767711111473,44.4,23.2415685668484,75.357,20.0484469977921,3.1931215690563,1,3,"consensus","detected"
"2.10","hmgu","pos","glycinamide","[M + H]+","consensus",NA,NA,NA,NA,NA,NA,NA,0,"consensus","no_data"
"2.10","hmgu","pos","glycinamide","[M + Na]+","consensus",NA,NA,NA,NA,NA,NA,NA,0,"consensus","no_data"
"2.10","hmgu","pos","quinolinic acid","[M + H]+","consensus",NA,NA,NA,NA,NA,NA,NA,0,"consensus","no_data"
"2.10","hmgu","pos","trans-urocanic acid","[M + H]+","consensus",NA,NA,NA,NA,NA,NA,NA,0,"consensus","no_data"
"2.10","hmgu","pos","uracil","[M + H]+","consensus",NA,NA,NA,NA,NA,NA,NA,0,"consensus","no_data"
"2.2","hmgu","pos","2-oxobutanoic acid","[M + H]+","own",348.536188892003,2.70699999996,117.236590691696,100.671,106.79568891642,10.4409017752757,1,5,"consensus","detected"
"2.2","hmgu","pos","2-oxobutanoic acid","[M + K]+","consensus",NA,NA,NA,NA,NA,NA,NA,0,"consensus","no_data"
"2.2","hmgu","pos","3,3',5-triiodo-L-thyronine","[M + H]+","consensus",NA,NA,NA,NA,NA,NA,NA,0,"consensus","no_data"
"2.2","hmgu","pos","3-iodo-L-tyrosine","[M + H]+","consensus",NA,NA,NA,NA,NA,NA,NA,0,"consensus","no_data"
"2.2","hmgu","pos","5-methoxysalicylic acid","[M + H]+","consensus",30.8867399993343,1.34400000000002,9.45700159483067,246.36100000002,6.49573553964728,2.96126605518339,1,5,"consensus","detected"
"2.2","hmgu","pos","5-oxo-L-proline","[M + H]+","consensus",NA,NA,NA,NA,NA,NA,NA,0,"consensus","no_data"
"2.2","hmgu","pos","L-methionine","[M + H]+","consensus",137.907865199714,2.91100000002,40.4094398370944,31.05799999998,37.304480808182,3.10495902891239,1,2,"consensus","detected"
"2.2","hmgu","pos","N,N-dimethyl-beta-alanine","[M + H]+","own",NA,NA,NA,192.76999999998,3.9119974830196,7.86398180061531,3.84699562099774,3,"consensus","below_detection"
"2.2","hmgu","pos","N,N-dimethyl-beta-alanine","[M + Na]+","consensus",46.0492310619714,NA,12.1733042675019,193.43899999998,9.12996784721827,3.04333642028359,1,3,"consensus","detected"
"2.2","hmgu","pos","N-acetyl-L-phenylalanine","[M + H]+","consensus",NA,NA,NA,251.283,9.37972371679916,3.12657058765217,1,1,"consensus","below_detection"
"2.2","hmgu","pos","N-acetyl-L-phenylalanine","[M + Na]+","consensus",330.571628572686,1.43099999999998,214.637067718977,247.70500000002,121.056139633971,4.62485916651622,1.73483318720934,3,"consensus","detected"
"2.2","hmgu","pos","N-acetyl-L-proline","[M + H]+","consensus",NA,NA,NA,NA,NA,NA,NA,0,"consensus","no_data"
"2.2","hmgu","pos","alloxanthine","[M + H]+","consensus",NA,NA,NA,NA,NA,NA,NA,0,"consensus","no_data"
"2.2","hmgu","pos","biotin","[M + H]+","consensus",NA,NA,NA,170.79100000002,3.40204669537191,4.60088225531763,2.23142210816923,4,"consensus","below_detection"
"2.2","hmgu","pos","biotin","[M + Na]+","consensus",NA,NA,NA,NA,NA,NA,NA,0,"consensus","no_data"
"2.2","hmgu","pos","corticosterone","[M + H]+","consensus",1258.93528190641,NA,59.2796301965536,326.808,30.728569204953,4.38092276958741,1.78656894373453,5,"consensus","detected"
"2.2","hmgu","pos","kynurenic acid","[M + H]+","consensus",NA,NA,NA,NA,NA,NA,NA,0,"consensus","no_data"
"2.2","hmgu","pos","kynurenic acid","[M + Na]+","consensus",NA,NA,NA,NA,NA,NA,NA,0,"consensus","no_data"
"2.2","hmgu","pos","trans-3-coumaric acid","[M + H]+","consensus",NA,NA,NA,234.087,1.98213501220425,2.92607639436983,1,4,"consensus","below_detection"
"2.2","hmgu","pos","trans-3-coumaric acid","[M + Na]+","consensus",NA,NA,NA,NA,NA,NA,NA,0,"consensus","no_data"
"2.2","hmgu","pos","tyramine","[M + H]+","consensus",NA,NA,NA,62.91,4.5327076060446,3.06492412001512,1,5,"consensus","below_detection"
"2.2","hmgu","pos","tyramine","[M + Na]+","consensus",179139.003985984,32.433,604.950949402495,61.72300000002,67.3559605140924,17.6614043755421,8.71919189548307,5,"consensus","detected"
"2.3","hmgu","pos","(R)-adrenaline","[M + H]+","consensus",2069.22579611008,NA,1539.23817453043,25.473,1147.14042408256,4.03728965590585,1.33828505442333,2,"consensus","detected"
"2.3","hmgu","pos","2'-deoxyinosine","[M + H]+","consensus",NA,NA,NA,NA,NA,NA,NA,0,"consensus","no_data"
"2.3","hmgu","pos","2'-deoxyinosine","[M + K]+","consensus",NA,NA,NA,NA,NA,NA,NA,0,"consensus","no_data"
"2.3","hmgu","pos","2'-deoxyinosine","[M + Na]+","consensus",NA,NA,NA,NA,NA,NA,NA,0,"consensus","no_data"
"2.3","hmgu","pos","2'-deoxyuridine","[M + H]+","consensus",NA,NA,NA,NA,NA,NA,NA,0,"consensus","no_data"
"2.3","hmgu","pos","2'-deoxyuridine","[M + K]+","consensus",NA,NA,NA,NA,NA,NA,NA,0,"consensus","no_data"
"2.3","hmgu","pos","2-hydroxy-3-methylbutyric acid","[M + Na]+","consensus",NA,NA,NA,NA,NA,NA,NA,0,"consensus","no_data"
"2.3","hmgu","pos","2-hydroxy-4-(methylthio)butanoic acid","[M + H]+","consensus",NA,NA,NA,NA,NA,NA,NA,0,"consensus","no_data"
"2.3","hmgu","pos","2-hydroxy-4-(methylthio)butanoic acid","[M + Na]+","consensus",NA,NA,NA,NA,NA,NA,NA,0,"consensus","no_data"
"2.3","hmgu","pos","6-hydroxynicotinic acid","[M + H]+","consensus",NA,NA,NA,NA,NA,NA,NA,0,"consensus","no_data"
"2.3","hmgu","pos","L-isoglutamine","[M + H]+","consensus",NA,NA,NA,38.08000000002,0.179860282548473,9.1774320778527,1.98161911760188,3,"consensus","below_detection"
"2.3","hmgu","pos","L-isoglutamine","[M + Na]+","consensus",322.900268613153,37.32400000002,9.53384665224803,38.08000000002,6.50440248036693,3.0294441718811,1,3,"consensus","detected"
"2.3","hmgu","pos","L-proline","[M + H]+","consensus",NA,NA,NA,56.45200000002,0.719720385733701,2.92868366132484,2.85941102885727,4,"consensus","below_detection"
"2.3","hmgu","pos","N-acetyl-L-leucine","[M + H]+","consensus",NA,NA,NA,NA,NA,NA,NA,0,"consensus","no_data"
"2.3","hmgu","pos","N-acetyl-L-tryptophan","[M + H]+","consensus",NA,NA,NA,NA,NA,NA,NA,0,"consensus","no_data"
"2.3","hmgu","pos","N-acetyl-L-tryptophan","[M + Na]+","consensus",NA,NA,NA,NA,NA,NA,NA,0,"consensus","no_data"
"2.3","hmgu","pos","N-acetylserotonin","[M + H]+","own",NA,NA,NA,NA,NA,NA,NA,0,"consensus","no_data"
"2.3","hmgu","pos","N-acetylserotonin","[M + Na]+","consensus",NA,NA,NA,195.165,-0.151896788624314,19.4503875473856,9.38691819034752,3,"consensus","below_detection"
"2.3","hmgu","pos","gamma-aminobutyric acid","[M + H]+","own",510.482567870292,0.696999999960003,300.776248394885,28.28800000002,298.152976011365,2.62327238352026,1,3,"own","detected"
"2.3","hmgu","pos","imidazol-4-ylacetic acid","[M + H]+","consensus",NA,NA,NA,38.08000000002,1.49064387318708,5.79695264517409,1,3,"consensus","below_detection"
"2.3","hmgu","pos","imidazol-4-ylacetic acid","[M + Na]+","consensus",NA,NA,NA,38.08000000002,1.49064387318708,5.79695264517409,1,3,"consensus","below_detection"
"2.3","hmgu","pos","serotonin","[M + H]+","consensus",NA,NA,NA,NA,NA,NA,NA,0,"consensus","no_data"
"2.3","hmgu","pos","taurocyamine","[M + H]+","consensus",NA,NA,NA,NA,NA,NA,NA,0,"consensus","no_data"
"2.3","hmgu","pos","trans-3-hexenedioic acid","[M + H]+","consensus",NA,NA,NA,98.35600000002,4.33576715101503,2.65453150716144,1,5,"consensus","below_detection"
"2.3","hmgu","pos","trans-3-hexenedioic acid","[M + Na]+","consensus",348.361792250465,3.15199999998001,34.6577860008165,98.35600000002,31.7617054957279,2.89608050508855,1,5,"consensus","detected"
"2.4","hmgu","pos","(R)-carnitine","[M + H]+","consensus",NA,NA,NA,NA,NA,NA,NA,0,"consensus","no_data"
"2.4","hmgu","pos","(S)-methylsuccinic acid","[M + H]+","consensus",NA,NA,NA,NA,NA,NA,NA,0,"consensus","no_data"
"2.4","hmgu","pos","1-hexadecanoyl-sn-glycero-3-phosphocholine","[M + H]+","consensus",18817.6451062881,2.09200000001999,3149.56011749249,459.723,149.409707202005,31.4268112288846,20.8696835343357,5,"consensus","detected"
"2.4","hmgu","pos","1-hexadecanoyl-sn-glycero-3-phosphocholine","[M + Na]+","consensus",2771.74780854172,1.48099999997999,494.607018166796,459.723,62.6515910279994,12.9631539865004,7.68765575266949,5,"consensus","detected"
"2.4","hmgu","pos","2'-deoxyadenosine","[M + H]+","consensus",NA,NA,NA,NA,NA,NA,NA,0,"consensus","no_data"
"2.4","hmgu","pos","2-Methyl-4-pentenoic acid","[M + H]+","consensus",NA,NA,NA,253.89199999998,2.39042091290331,3.31016409343329,1.9782244446388,2,"consensus","below_detection"
"2.4","hmgu","pos","3-methylbut-2-enoic acid","[M + H]+","own",60.9284215526383,NA,19.7939445010124,601.15699999998,5.95210423012101,3.28667651218348,2.77334995333127,3,"consensus","detected"
"2.4","hmgu","pos","4-guanidinobutanoic acid","[M + H]+","consensus",NA,NA,NA,NA,NA,NA,NA,0,"consensus","no_data"
"2.4","hmgu","pos","5,6-dihydroxyindole-2-carboxylic acid","[M + H]+","consensus",NA,NA,NA,NA,NA,NA,NA,0,"consensus","no_data"
"2.4","hmgu","pos","5,6-dimethylbenzimidazole","[M + H]+","consensus",NA,NA,NA,202.956,19.6644813500895,4.09887319235622,2.12516584199723,1,"consensus","below_detection"
"2.4","hmgu","pos","5-methoxytryptamine","[M + H]+","consensus",NA,NA,NA,NA,NA,NA,NA,0,"consensus","no_data"
"2.4","hmgu","pos","Dimethyl adipate","[M + H]+","consensus",NA,NA,NA,NA,NA,NA,NA,0,"consensus","no_data"
"2.4","hmgu","pos","Homocysteine thiolactone","[M + H]+","consensus",NA,NA,NA,NA,NA,NA,NA,0,"consensus","no_data"
"2.4","hmgu","pos","L-tryptophanamide","[M + H]+","consensus",NA,NA,NA,NA,NA,NA,NA,0,"consensus","no_data"
"2.4","hmgu","pos","N-acetyl-alpha-D-galactosamine","[M + H]+","consensus",NA,NA,NA,NA,NA,NA,NA,0,"consensus","no_data"
"2.4","hmgu","pos","citraconic acid","[M + H]+","consensus",NA,NA,NA,NA,NA,NA,NA,0,"consensus","no_data"
"2.4","hmgu","pos","citraconic acid","[M + K]+","consensus",NA,NA,NA,NA,NA,NA,NA,0,"consensus","no_data"
"2.4","hmgu","pos","cortisol","[M + H]+","consensus",179.027910495454,NA,28.8443141904936,302.48299999998,22.9634546297093,5.8808595607843,1,2,"consensus","detected"
"2.4","hmgu","pos","cortisol","[M + Na]+","consensus",NA,NA,NA,283.23,2.19104941421816,8.21920490576213,7.70004659078172,3,"consensus","below_detection"
"2.4","hmgu","pos","creatinine","[M + H]+","consensus",NA,NA,NA,NA,NA,NA,NA,0,"consensus","no_data"
"2.4","hmgu","pos","phosphoenolpyruvic acid","[M + K]+","consensus",NA,NA,NA,NA,NA,NA,NA,0,"consensus","no_data"
"2.5","hmgu","pos","2-phenylethylamine","[M + H]+","consensus",NA,NA,NA,91.55800000002,3.95793039548662,4.05913282705228,3.85611194554276,5,"consensus","below_detection"
"2.5","hmgu","pos","3-hydroxybenzoic acid","[M + H]+","consensus",NA,NA,NA,188.685,4.67814723757715,2.59895863725046,1,5,"consensus","below_detection"
"2.5","hmgu","pos","3-hydroxybenzoic acid","[M + Na]+","consensus",NA,NA,NA,NA,NA,NA,NA,0,"consensus","no_data"
"2.5","hmgu","pos","5-aminolevulinic acid","[M + H]+","consensus",NA,NA,NA,NA,NA,NA,NA,0,"consensus","no_data"
"2.5","hmgu","pos","5-aminolevulinic acid","[M + Na]+","consensus",NA,NA,NA,46.86100000002,60.3282433055274,6.74785826896687,5.81331706085466,1,"consensus","below_detection"
"2.5","hmgu","pos","5-hydroxymethyl-2-furoic acid","[M + H]+","consensus",NA,NA,NA,NA,NA,NA,NA,0,"consensus","no_data"
"2.5","hmgu","pos","5-hydroxymethyl-2-furoic acid","[M + Na]+","consensus",NA,NA,NA,NA,NA,NA,NA,0,"consensus","no_data"
"2.5","hmgu","pos","5-oxo-L-proline","[M + Na]+","consensus",NA,NA,NA,NA,NA,NA,NA,0,"consensus","no_data"
"2.5","hmgu","pos","N-acetyl-L-valine","[M + H]+","consensus",NA,NA,NA,NA,NA,NA,NA,0,"consensus","no_data"
"2.5","hmgu","pos","N-acetyl-L-valine","[M + Na]+","consensus",NA,NA,NA,NA,NA,NA,NA,0,"consensus","no_data"
"2.5","hmgu","pos","N-carbamoyl-beta-alanine","[M + H]+","consensus",905.440761403599,1.38700000002,214.669589702586,38.388,212.042338232849,2.62725146973685,1,5,"consensus","detected"
"2.5","hmgu","pos","N-carbamoyl-beta-alanine","[M + Na]+","own",369.470699132053,6.987,59.3720796343441,46.19299999998,5.75419257951014,9.42275180932756,8.68051027747646,5,"consensus","detected"
"2.5","hmgu","pos","Phenylglyoxal","[M + H]+","consensus",NA,NA,NA,159.71200000002,3.32265069781065,5.97646697868868,2.64674015529357,4,"consensus","below_detection"
"2.5","hmgu","pos","Phenylglyoxal","[M + Na]+","consensus",NA,NA,NA,159.71200000002,3.32265069781065,5.97646697868868,2.64674015529357,4,"consensus","below_detection"
"2.5","hmgu","pos","cis-4-hydroxy-D-proline","[M + H]+","consensus",NA,NA,NA,NA,NA,NA,NA,0,"consensus","no_data"
"2.5","hmgu","pos","cis-4-hydroxy-D-proline","[M + Na]+","consensus",NA,NA,NA,46.86100000002,354.810609743412,2.64445458496812,1,1,"consensus","below_detection"
"2.5","hmgu","pos","hypoxanthine","[M + H]+","consensus",NA,NA,NA,NA,NA,NA,NA,0,"consensus","no_data"
"2.5","hmgu","pos","inosine","[M + H]+","consensus",NA,NA,NA,NA,NA,NA,NA,0,"consensus","no_data"
"2.5","hmgu","pos","picolinic acid","[M + H]+","consensus",220795.218063804,NA,75578.7075837951,29.19,10832.2963505226,16.3242033825384,6.97565695539407,3,"consensus","detected"
"2.5","hmgu","pos","picolinic acid","[M + Na]+","consensus",791.756944261885,0.684000000000005,284.364183614773,29.19,82.0277798770858,15.0927484679814,3.28268588459032,2,"consensus","detected"
"2.5","hmgu","pos","pyridin-2-ol","[M + H]+","own",14786.29746866,11.93599999998,63.7940593503008,39.75199999998,61.6340001362448,2.16005921405599,1,4,"consensus","detected"
"2.5","hmgu","pos","pyridoxal","[M + H]+","consensus",498.680541185772,2.74299999996001,40.9558876688416,55.857,15.268138222721,5.3813989611167,2.32998209662428,3,"consensus","detected"
"2.5","hmgu","pos","trans-cinnamic acid","[M + H]+","consensus",98.8139658000188,0.665999999999997,27.7169054764981,364.27300000002,17.6973084715436,3.58797804426558,1.3634235664158,3,"consensus","detected"
"2.5","hmgu","pos","xanthurenic acid","[M + H]+","consensus",1694.71090655352,36.153,28.1578870575249,172.03999999998,7.86127658270454,4.21846642151968,3.0452332244198,3,"consensus","detected"
"2.6","hmgu","pos","3-methyladipic acid","[M + H]+","consensus",629.809183329358,1.36299999995998,234.515070335359,185.68399999998,231.671064606483,2.84400572887625,1,4,"consensus","detected"
"2.6","hmgu","pos","3-methyladipic acid","[M + Na]+","consensus",17033.1765225816,2.02999999997999,5732.02148567545,185.68399999998,5728.93991984908,3.08156582636911,1,5,"consensus","detected"
"2.6","hmgu","pos","4-hydroxy-4-methyloxan-2-one","[M + H]+","consensus",NA,NA,NA,NA,NA,NA,NA,0,"consensus","no_data"
"2.6","hmgu","pos","5-aminopentanoic acid","[M + H]+","consensus",38.0923194497159,0.63300000000001,29.6997402692086,134.613,7.88887220121771,7.02572398860752,2.87417715768056,4,"consensus","detected"
"2.6","hmgu","pos","5-aminopentanoic acid","[M + Na]+","consensus",NA,NA,NA,142.01800000002,2.52158690978422,2.69553304417013,1,5,"consensus","below_detection"
"2.6","hmgu","pos","5-hydroxymethyluracil","[M + H]+","consensus",NA,NA,NA,53.22700000002,0.911865649028186,2.73556175263002,1,4,"consensus","below_detection"
"2.6","hmgu","pos","5-hydroxymethyluracil","[M + Na]+","consensus",NA,NA,NA,NA,NA,NA,NA,0,"consensus","no_data"
"2.6","hmgu","pos","esculin","[M + H]+","consensus",NA,NA,NA,NA,NA,NA,NA,0,"consensus","no_data"
"2.6","hmgu","pos","esculin","[M + K]+","consensus",694.346779542559,39.393,38.0779166735238,147.828,22.0137566685304,5.17972677013768,1.49443779172936,5,"consensus","detected"
"2.6","hmgu","pos","esculin","[M + Na]+","consensus",694.346779542559,39.393,38.0779166735238,147.828,22.0137566685304,5.17972677013768,1.49443779172936,5,"consensus","detected"
"2.6","hmgu","pos","guanine","[M + H]+","consensus",NA,NA,NA,19.52800000002,2.17427162474689,2.98971241615652,1,5,"consensus","below_detection"
"2.6","hmgu","pos","indole-3-butyric acid","[M + H]+","consensus",NA,NA,NA,318.67300000002,-0.174524598915148,4.1985073714568,6.01435527141948,5,"consensus","below_detection"
"2.6","hmgu","pos","indole-3-butyric acid","[M + K]+","consensus",NA,NA,NA,318.67300000002,-0.174524598915148,4.1985073714568,6.01435527141948,5,"consensus","below_detection"
"2.6","hmgu","pos","isonicotinic acid","[M + H]+","consensus",NA,NA,NA,37.56199999998,3.35481294820352,2.37295601206711,1,5,"consensus","below_detection"
"2.6","hmgu","pos","lipoamide","[M + H]+","consensus",NA,NA,NA,NA,NA,NA,NA,0,"consensus","no_data"
"2.6","hmgu","pos","lipoamide","[M + Na]+","consensus",NA,NA,NA,282.60100000002,11.2057818039793,3.43942539611999,1,3,"consensus","below_detection"
"2.6","hmgu","pos","phenylacetylglycine","[M + H]+","consensus",NA,NA,NA,NA,NA,NA,NA,0,"consensus","no_data"
"2.6","hmgu","pos","phenylacetylglycine","[M + Na]+","consensus",NA,NA,NA,NA,NA,NA,NA,0,"consensus","no_data"
"2.6","hmgu","pos","pyrimidine","[M + H]+","own",416.536983681454,30.8670000000001,28.3087169664391,704.96599999998,21.4366171019486,2.64564305616238,1.19716062418934,2,"consensus","detected"
"2.6","hmgu","pos","pyrrolidin-2-one","[M + H]+","consensus",10864.9829105343,25.16200000002,33.6015212020619,55.38100000002,31.5568093086931,2.04471189336886,1,5,"consensus","detected"
"2.6","hmgu","pos","xanthosine","[M + H]+","consensus",NA,NA,NA,NA,NA,NA,NA,0,"consensus","no_data"
"2.6","hmgu","pos","xanthosine","[M + K]+","consensus",NA,NA,NA,58.73200000002,-1.31162355879547,92.5418433764717,38.4931552220689,5,"consensus","below_detection"
"2.6","hmgu","pos","xanthosine","[M + Na]+","consensus",NA,NA,NA,58.73200000002,-1.31162355879547,92.5418433764717,38.4931552220689,5,"consensus","below_detection"
"2.7","hmgu","pos","3,3-dimethylglutaric acid","[M + H]+","consensus",NA,NA,NA,NA,NA,NA,NA,0,"consensus","no_data"
"2.7","hmgu","pos","3,3-dimethylglutaric acid","[M + Na]+","consensus",378.668902995714,37.791,14.0162680507656,197.96500000002,6.90794069744366,3.5786118635715,1.51096493793825,2,"consensus","detected"
"2.7","hmgu","pos","3,4,5-Trimethoxycinnamic acid","[M + H]+","consensus",NA,NA,NA,295.47799999998,1.12729903134259,181.08353486148,44.8445419195268,5,"consensus","below_detection"
"2.7","hmgu","pos","3-hydroxyphenylacetic acid","[M + H]+","consensus",NA,NA,NA,199.96399999998,1.68153156528422,2.77224944978173,1,5,"consensus","below_detection"
"2.7","hmgu","pos","3-hydroxyphenylacetic acid","[M + Na]+","consensus",NA,NA,NA,NA,NA,NA,NA,0,"consensus","no_data"
"2.7","hmgu","pos","4-acetamidobutanoic acid","[M + H]+","consensus",NA,NA,NA,NA,NA,NA,NA,0,"consensus","no_data"
"2.7","hmgu","pos","4-acetamidobutanoic acid","[M + Na]+","consensus",NA,NA,NA,NA,NA,NA,NA,0,"consensus","no_data"
"2.7","hmgu","pos","4-pyridoxic acid","[M + H]+","consensus",NA,NA,NA,46.50499999998,0.0498467893251018,3.04011694493079,1,5,"consensus","below_detection"
"2.7","hmgu","pos","4-pyridoxic acid","[M + Na]+","consensus",NA,NA,NA,NA,NA,NA,NA,0,"consensus","no_data"
"2.7","hmgu","pos","6-methyladenine","[M + H]+","consensus",NA,NA,NA,62.34400000002,3.24885440294454,60.6634830783298,14.8216364099373,5,"consensus","below_detection"
"2.7","hmgu","pos","Methyl 3-aminopropanoate","[M + H]+","consensus",NA,NA,NA,32.63200000002,0.374748553695554,2.62327145824702,1,3,"consensus","below_detection"
"2.7","hmgu","pos","N(4)-acetylcytosine","[M + H]+","consensus",NA,NA,NA,NA,NA,NA,NA,0,"consensus","no_data"
"2.7","hmgu","pos","N(4)-acetylcytosine","[M + Na]+","consensus",NA,NA,NA,NA,NA,NA,NA,0,"consensus","no_data"
"2.7","hmgu","pos","N-acetyl-L-isoleucine","[M + H]+","consensus",NA,NA,NA,NA,NA,NA,NA,0,"consensus","no_data"
"2.7","hmgu","pos","N-acetyl-L-isoleucine","[M + Na]+","consensus",1220.09277131504,53.79799999998,13.8893922063016,214.15000000002,10.7000170523338,3.18937515396783,1,2,"consensus","detected"
"2.7","hmgu","pos","N-acetyl-beta-D-mannosamine","[M + H]+","consensus",NA,NA,NA,NA,NA,NA,NA,0,"consensus","no_data"
"2.7","hmgu","pos","N-acetyl-beta-D-mannosamine","[M + Na]+","consensus",NA,NA,NA,NA,NA,NA,NA,0,"consensus","no_data"
"2.7","hmgu","pos","O-propanoyl-L-carnitine","[M + H]+","consensus",NA,NA,NA,NA,NA,NA,NA,0,"consensus","no_data"
"2.7","hmgu","pos","beta-alanine","[M + H]+","consensus",NA,NA,NA,NA,NA,NA,NA,0,"consensus","no_data"
"2.7","hmgu","pos","ethanolamine","[M + H]+","consensus",NA,NA,NA,NA,NA,NA,NA,0,"consensus","no_data"
"2.7","hmgu","pos","melatonin","[M + H]+","consensus",179.748154287106,4.94500000002,37.8043792598801,265.764,6.96983764131059,6.50635585073542,4.49049533430157,5,"consensus","detected"
"2.7","hmgu","pos","melatonin","[M + K]+","consensus",179.748154287106,4.94500000002,37.8043792598801,265.764,6.96983764131059,6.50635585073542,4.49049533430157,5,"consensus","detected"
"2.7","hmgu","pos","melatonin","[M + Na]+","consensus",NA,NA,NA,NA,NA,NA,NA,0,"consensus","no_data"
"2.8","hmgu","pos","2'-deoxycytidine","[M + H]+","consensus",NA,NA,NA,NA,NA,NA,NA,0,"consensus","no_data"
"2.8","hmgu","pos","3-amino-3-(4-hydroxyphenyl)propanoic acid","[M + H]+","consensus",156.991771908925,5.769,31.7243416534038,32.16499999998,28.2049371047801,3.5194045486237,1,2,"consensus","detected"
"2.8","hmgu","pos","L-isoleucine","[M + H]+","consensus",210.906472380378,0.737000000040013,157.401940007243,220.26499999998,146.171080362072,11.230859645171,1,3,"consensus","detected"
"2.8","hmgu","pos","cytosine","[M + Na]+","own",NA,NA,NA,70.44400000002,17.6920764505621,9.95162092911687,1,4,"consensus","below_detection"
"2.8","hmgu","pos","phenyl acetate","[M + H]+","own",23201.814882688,2.83199999999999,6541.13071172807,185.418,6408.29056250566,3.35448719269357,1.0202059598838,5,"consensus","detected"
"2.9","hmgu","pos","(R)-noradrenaline","[M + H]+","consensus",NA,NA,NA,24.26200000002,46.9495581546844,3.83261478906934,1,1,"consensus","below_detection"
"2.9","hmgu","pos","D-leucine","[M + H]+","consensus",NA,NA,NA,NA,NA,NA,NA,0,"consensus","no_data"
"2.9","hmgu","pos","D-proline","[M + H]+","consensus",1542.98633891671,0.685000000020004,530.09204304222,27.04000000002,527.717429336614,2.37461370560595,1,4,"consensus","detected"
"2.9","hmgu","pos","Gly-Pro","[M + H]+","consensus",NA,NA,NA,NA,NA,NA,NA,0,"consensus","no_data"
"2.9","hmgu","pos","N-acetyl-L-methionine","[M + H]+","consensus",NA,NA,NA,NA,NA,NA,NA,0,"consensus","no_data"
"2.9","hmgu","pos","N-acetyl-L-methionine","[M + Na]+","consensus",NA,NA,NA,NA,NA,NA,NA,0,"consensus","no_data"
"2.9","hmgu","pos","agmatine","[M + H]+","consensus",NA,NA,NA,NA,NA,NA,NA,0,"consensus","no_data"
"2.9","hmgu","pos","agmatine","[M + Na]+","consensus",NA,NA,NA,NA,NA,NA,NA,0,"consensus","no_data"
"2.9","hmgu","pos","diethyl 2-methyl-3-oxosuccinate","[M + H]+","consensus",NA,NA,NA,255.98899999998,11.5174314686897,3.24575107276132,1,1,"consensus","below_detection"
"2.9","hmgu","pos","diethyl 2-methyl-3-oxosuccinate","[M + Na]+","consensus",41.0328898725,NA,18.2972095880996,247.26400000002,9.44332288656465,4.4089067368127,1.47070083466555,3,"consensus","detected"
"2.9","hmgu","pos","fumaric acid","[M + H]+","consensus",NA,NA,NA,NA,NA,NA,NA,0,"consensus","no_data"
"2.9","hmgu","pos","homogentisic acid","[M + H]+","consensus",NA,NA,NA,NA,NA,NA,NA,0,"consensus","no_data"
"2.9","hmgu","pos","nicotinamide","[M + H]+","consensus",NA,NA,NA,59.49499999998,-0.0407415265863165,2.48575438837088,1,4,"consensus","below_detection"
"2.9","hmgu","pos","nicotinamide","[M + Na]+","own",744.307641503131,85.956,12.1218163570247,61.40899999998,7.31034104923673,2.74292661623304,1.2829619955653,4,"consensus","detected"
"2.9","hmgu","pos","nicotinic acid","[M + H]+","consensus",7023.09271324799,0.706000000019998,2684.94518852088,39.711,1888.90010762892,3.35487088863056,1.4196570304601,4,"consensus","detected"
"2.9","hmgu","pos","ritalinic acid","[M + H]+","consensus",NA,NA,NA,NA,NA,NA,NA,0,"consensus","no_data"
"2.9","hmgu","pos","ritalinic acid","[M + Na]+","consensus",NA,NA,NA,NA,NA,NA,NA,0,"consensus","no_data"
"2.9","hmgu","pos","taurine","[M + Na]+","consensus",NA,NA,NA,NA,NA,NA,NA,0,"consensus","no_data"
"2.9","hmgu","pos","thymine","[M + H]+","consensus",NA,NA,NA,NA,NA,NA,NA,0,"consensus","no_data"
"2.9","hmgu","pos","thymine","[M + Na]+","consensus",NA,NA,NA,NA,NA,NA,NA,0,"consensus","no_data"
"2.9","hmgu","pos","vanillin","[M + H]+","consensus",72.393126326618,2.79800000003999,18.9966413986067,225.279,16.1789507982025,2.81769060040415,1,5,"consensus","detected"
"2.9","hmgu","pos","vanillin","[M + Na]+","consensus",72.393126326618,2.79800000003999,18.9966413986067,225.279,16.1789507982025,2.81769060040415,1,5,"consensus","detected"
"3.1","hmgu","pos","(3S,5R)-fluvastatin","[M + Na]+","consensus",342824.173485523,0.676999999980012,123878.64153306,404.42800000002,20562.792157248,8.72594936604582,6.0239832526845,4,"consensus","detected"
"3.1","hmgu","pos","1,2-di-O-myristoyl-sn-glycero-3-phosphocholine","[M + H]+","consensus",1243.77360927815,28.71700000002,34.4474438170728,538.632,28.1319849985812,6.31545881849161,1,3,"consensus","detected"
"3.1","hmgu","pos","L-thyroxine","[M + H]+","consensus",5086431.05103365,0.661999999979969,2870102.35636017,324.444,37027.7058922775,328.126520278078,77.5034304903674,3,"consensus","detected"
"3.1","hmgu","pos","taurochenodeoxycholic acid","[M + H]+","consensus",806753.983061613,13.10599999998,24824.2815110054,356.604,847.401761105382,48.9715984816794,29.236793041598,3,"consensus","detected"
"3.1","hmgu","pos","taurochenodeoxycholic acid","[M + K]+","consensus",453712.456551551,11.74999999998,58627.598322972,356.604,1743.36559824774,39.6255982870425,33.6062457487814,4,"consensus","detected"
"3.1","hmgu","pos","taurochenodeoxycholic acid","[M + Na]+","consensus",806753.983061613,13.10599999998,24824.2815110054,356.604,847.401761105382,48.9715984816794,29.236793041598,3,"consensus","detected"
"3.1","hmgu","pos","taurodeoxycholic acid","[M + H]+","consensus",806753.983061613,12.39499999998,28840.7757009552,357.38800000002,984.779830725917,48.9715984816794,29.236793041598,4,"consensus","detected"
"3.1","hmgu","pos","taurodeoxycholic acid","[M + K]+","consensus",453712.456551551,11.07400000002,70816.6458771769,357.38800000002,2106.06744972268,39.6255982870425,33.6062457487814,4,"consensus","detected"
"3.1","hmgu","pos","undecanedioic acid","[M + Na]+","consensus",80654.6331348532,1.46899999998004,35158.6023989961,314.616,4894.10200009324,17.7233121127074,7.18025065399411,4,"consensus","detected"
"3.2","hmgu","pos","1,2-dioleoyl-sn-glycero-3-phosphocholine","[M + H]+","consensus",21694.5645149844,1.49499999995999,14257.4364846657,379.59100000002,217.6350358186,95.6101211624919,65.0714454602209,3,"consensus","detected"
"3.2","hmgu","pos","1-stearoyl-sn-glycerol","[M + H]+","consensus",NA,NA,NA,619.932,3.51639721844946,17.4780307796391,7.7427739057107,5,"consensus","below_detection"
"3.2","hmgu","pos","1-stearoyl-sn-glycerol","[M + Na]+","consensus",NA,NA,NA,634.695,0.545605868043988,14.4897220296843,33.6566105386824,2,"consensus","below_detection"
"3.2","hmgu","pos","Leucomalachite green","[M + H]+","consensus",513962.217209702,2.70799999997996,142885.814990792,340.50799999998,5094.38543517943,180.910078790504,28.0121923886145,5,"consensus","detected"
"3.2","hmgu","pos","all-trans-retinal","[M + H]+","consensus",438503.133557298,2.11600000001999,163335.151705635,580.66000000002,7303.29657623013,40.0154830295996,22.3590996912378,4,"consensus","detected"
"3.2","hmgu","pos","cholest-4-en-3-one","[M + H]+","consensus",14948.284075449,13.701,27.5465019747353,711.921,12.3999349174473,5.19203573107916,1.80278899788436,3,"consensus","detected"
"3.2","hmgu","pos","cholic acid","[M + Na]+","consensus",223665.766163212,1.37700000000001,83133.9018146585,367.49800000002,7001.46313823374,24.0308167097646,11.8703575748475,5,"consensus","detected"
"3.2","hmgu","pos","gamma-terpinene","[M + H]+","consensus",547.134338110732,1.42300000002001,155.724845721426,580.66000000002,132.710761776383,3.01125663123275,1.15072498300865,5,"consensus","detected"
"3.2","hmgu","pos","gamma-terpinene","[M + Na]+","consensus",547.134338110732,1.42300000002001,155.724845721426,580.66000000002,132.710761776383,3.01125663123275,1.15072498300865,5,"consensus","detected"
"3.2","hmgu","pos","hexadecanedioic acid","[M + H]+","consensus",25764.4889165339,2.13599999999997,10723.1447101581,432.06400000002,2414.53654257045,5.22958169711637,4.4389119565989,4,"consensus","detected"
"3.2","hmgu","pos","hexadecanedioic acid","[M + Na]+","consensus",94265.420596605,1.41899999999998,41281.1333035972,432.06400000002,3188.24212347268,30.1012419573199,12.9384878764191,4,"consensus","detected"
"3.2","hmgu","pos","hexanal","[M + Na]+","own",34.4762398557904,NA,11.5742443599793,69.561,6.87981583570411,3.26034779462248,1.20844754625702,3,"consensus","detected"
"3.2","hmgu","pos","hyodeoxycholic acid","[M + H]+","consensus",51697.63916905,0.736999999979957,11330.6262354487,635.37,707.678930538096,63.1627067681366,15.9217168160047,3,"consensus","detected"
"3.2","hmgu","pos","hyodeoxycholic acid","[M + Na]+","consensus",51697.63916905,0.736999999979957,11330.6262354487,635.37,707.678930538096,63.1627067681366,15.9217168160047,3,"consensus","detected"
"3.2","hmgu","pos","taurocholic acid","[M + H]+","consensus",NA,NA,NA,315.363,3.75528386262959,15.6923218364354,9.1575299027169,2,"consensus","below_detection"
"3.2","hmgu","pos","tauroursodeoxycholic acid","[M + H]+","consensus",NA,NA,NA,295.86,-0.458786582398189,22.8424867484282,24.715593890904,5,"consensus","below_detection"
"3.2","hmgu","pos","tauroursodeoxycholic acid","[M + Na]+","consensus",NA,NA,NA,311.07799999998,-0.253933840426657,14.4398804623052,13.8856632622308,5,"consensus","below_detection"
"3.3","hmgu","pos","(S)-lipoic acid","[M + Na]+","consensus",NA,NA,NA,331.40200000002,2212.73019025647,3.44684761249664,1,1,"consensus","below_detection"
"3.3","hmgu","pos","2-hydroxyoctanoic acid","[M + H]+","consensus",NA,NA,NA,NA,NA,NA,NA,0,"consensus","no_data"
"3.3","hmgu","pos","2-hydroxyoctanoic acid","[M + Na]+","own",164.392077371812,3.53299999998001,27.1403792675937,432.51700000002,7.50640418889596,5.36843431895068,2.90044932310597,3,"consensus","detected"
"3.3","hmgu","pos","Dipropyl hexanedioate","[M + H]+","consensus",NA,NA,NA,NA,NA,NA,NA,0,"consensus","no_data"
"3.3","hmgu","pos","Dipropyl hexanedioate","[M + Na]+","consensus",576090.178032066,10.46199999996,2553.42408162803,431.82100000002,49.0148643603278,43.3094837654298,51.2112933621472,5,"consensus","detected"
"3.3","hmgu","pos","bilirubin IXalpha","[M + H]+","consensus",9575.19702077464,0.721999999979971,4091.07304651445,320.697,152.460215411124,39.8140821415509,26.5725648717489,3,"consensus","detected"
"3.3","hmgu","pos","progesterone","[M + H]+","consensus",1787894.89872943,3.51299999999992,69984.8730673754,444.50200000002,1441.9128916292,109.703595439687,48.4600490623152,3,"consensus","detected"
"3.3","hmgu","pos","undecanoic acid","[M + H]+","own",29019.6709569624,1.452,13537.143967108,463.41499999998,7862.25244089007,3.76929297972583,1.72131011766346,4,"consensus","detected"
"1.1","icl","neg","5-hydroxy-L-tryptophan","[M - H]-","consensus",1642529.11920539,1.14199876788,554318.5,40.05699992178,41540.7242531888,24,13.3434,5,"consensus","detected"
"1.1","icl","neg","D-alpha-aminobutyric acid","[M - H]-","consensus",NA,NA,NA,75.99299669268,4.04503137925092,21.3827667236328,8.5,4,"consensus","below_detection"
"1.1","icl","neg","L-citrulline","[M - H]-","consensus",86507.9526993048,12.79199838636,1329.6181640625,30.2229988575,220.831337525715,20,5.9304,5,"consensus","detected"
"1.1","icl","neg","L-homoserine","[M - H]-","consensus",41254.3796628589,17.37200081352,516.8701171875,29.76600050928,223.743156209468,15,2.24306354522705,5,"consensus","detected"
"1.1","icl","neg","L-lysine","[M - H]-","consensus",58975.8125252937,4.11199986936,20915.796875,24.9699997902,3537.31239614868,15.9782257080078,5.90838928222656,4,"consensus","detected"
"1.1","icl","neg","L-valine","[M - H]-","consensus",NA,NA,NA,56.50400161746,12.194227187795,18.5,6.6834903717041,1,"consensus","below_detection"
"1.1","icl","neg","N(6)-acetyl-L-lysine","[M - H]-","consensus",561638.64843479,8.68000209336,26002.78125,30.2229988575,1111.44994632549,33.9181518554688,23.3648516372681,5,"consensus","detected"
"1.1","icl","neg","N-acetyl-L-cysteine","[M - H]-","consensus",603003.56284216,44.85600113868,7600.66796875,75.99299669268,349.230954259588,34.0055084228516,21.6666431427002,5,"consensus","detected"
"1.1","icl","neg","N-alpha-acetyl-L-asparagine","[M - H]-","consensus",535975.169089488,0.91300070286,298941,25.42600035666,24617.4504105632,24.5023574829102,12.1424636856079,5,"consensus","detected"
"1.1","icl","neg","O(4)-phospho-L-tyrosine","[M - H]-","consensus",721122.005612609,19.65699970722,14072.2265625,35.24900078772,64.2240871764727,471.228515625,211.774096679687,5,"consensus","detected"
"1.1","icl","neg","alpha-D-glucosamine 6-phosphate","[M - H]-","consensus",442809.663115851,11.64999783042,14064.984375,28.62399995328,156.228793243989,182.827697753906,88.8578628112793,5,"consensus","detected"
"1.1","icl","neg","carnosine","[M - H]-","consensus",1382613.28712957,1.14300012588,841902,21.3140004873,24170.2928670899,38.0419006347656,34.8305236816406,5,"consensus","detected"
"1.1","icl","neg","glutathione","[M - H]-","consensus",871886.24588837,1.59899890422,318141.75,26.56799912454,9033.58761071006,57,35.211342791748,5,"consensus","detected"
"1.1","icl","neg","guanosine 5'-monophosphate","[M - H]-","consensus",2194838.69652434,27.65200138092,17999.84375,43.71199965474,39.9743317593935,1586.876953125,410.587646484375,5,"consensus","detected"
"1.1","icl","neg","homocystine","[M - H]-","consensus",87376.0765319431,0.914000272740001,53511.375,23.59899938106,12513.1177186129,17.7967529296875,4.275,4,"consensus","detected"
"1.1","icl","neg","uridine 5'-monophosphate","[M - H]-","consensus",3015465.71008159,12.79200196272,49730.5,32.96399831772,151.719145844416,929.01904296875,321.656707763672,5,"consensus","detected"
"1.2","icl","neg","(2R)-2-acetamidopropanoic acid","[M - H]-","consensus",715710.442299804,40.26500165466,379.34619140625,61.35000228882,12.0183580678142,43,27.98603515625,4,"consensus","detected"
"1.2","icl","neg","D-erythronic acid","[M - H]-","consensus",717854.617245062,1.5990006924,309109.75,23.82699966432,6227.51400411345,73.4581909179688,49.6243431335449,5,"consensus","detected"
"1.2","icl","neg","IMP","[M - H]-","consensus",5725139.62603608,1.59899890422,1270593,25.19700050352,996.744085376149,6875.68359375,1267.8453125,5,"consensus","detected"
"1.2","icl","neg","L-alpha-aminobutyric acid","[M - H]-","consensus",125783.545707609,0.914000272740001,41788.5625,26.11100077632,1371.94516642744,40,30.4301975921631,4,"consensus","detected"
"1.2","icl","neg","L-homocitrulline","[M - H]-","consensus",60260.2813265458,1.14200055594,30489.328125,23.14099967478,1926.15902166874,27.4146575927734,15.8148486831665,5,"consensus","detected"
"1.2","icl","neg","N-acetyl-L-aspartic acid","[M - H]-","consensus",1714905.72497145,5.93900084496,90542.25,31.36399984362,4917.21572637695,30,18.4072155944824,5,"consensus","detected"
"1.2","icl","neg","N-acetyl-L-glutamine","[M - H]-","consensus",405500.329242397,0.457000136400001,276671.5,25.65400063992,9601.56329422768,43.1229400634766,28.8107643081665,4,"consensus","detected"
"1.2","icl","neg","NAD zwitterion","[M - H]-","consensus",51923.1964527557,0.91300070286,23001.84375,23.82699966432,2549.22138489492,17.2051086425781,9.01633682250977,5,"consensus","detected"
"1.2","icl","neg","cytidine 5'-monophosphate","[M - H]-","consensus",785047.507338808,13.02000224592,18813.375,31.13600134848,191.731751383781,227.385498046875,96.9374627197266,5,"consensus","detected"
"1.3","icl","neg","2-aminoisobutyric acid","[M - H]-","consensus",203409.39451304,1.5990006924,91688.1875,32.50399947168,32494.7717588485,18.5,2.82105959014893,5,"consensus","detected"
"1.3","icl","neg","D-alanine","[M - H]-","consensus",75447.0021380363,3.19799959662,19623.84375,25.18100023272,2697.86089263233,19.3762664794922,7.26667098999024,5,"consensus","detected"
"1.3","icl","neg","D-asparagine","[M - H]-","consensus",31914.2935319428,16.45899832248,213.0341796875,37.07299947738,33.9836389667636,17.9788208007812,5.7396842956543,4,"consensus","detected"
"1.3","icl","neg","D-glucopyranose 6-phosphate","[M - H]-","consensus",675426.517127553,8.0089992285,53353.40625,26.3240003586,263.115541479343,681.043701171875,200.187196289062,5,"consensus","detected"
"1.3","icl","neg","L-arginine","[M - H]-","consensus",173957.248143308,27.19599902628,396.1962890625,39.8139989376,117.643720314558,14.8406143188477,3.24161522369385,5,"consensus","detected"
"1.3","icl","neg","L-dopa","[M - H]-","consensus",146510.56786201,0.68599820136,115822.5,29.9919998646,11158.0524561099,22,10.3782,5,"consensus","detected"
"1.3","icl","neg","L-ornithine","[M - H]-","consensus",164517.809878603,1.37100040914,87916.0625,21.52700006964,9919.32420376122,19.9614410400391,8.86109771728515,5,"consensus","detected"
"1.3","icl","neg","N(2)-acetyl-L-lysine","[M - H]-","consensus",214009.612471433,8.00799965856,5635.59765625,28.8499993086,280.810845741206,30.4631958007812,19.9605340942383,5,"consensus","detected"
"1.3","icl","neg","N-acetyl-L-glutamic acid","[M - H]-","consensus",2422923.42068569,31.77200138568,581.458984375,57.1949994564,93.642417147138,16.1220397949219,6.03718872070312,5,"consensus","detected"
"1.3","icl","neg","N-acetyl-beta-neuraminic acid","[M - H]-","consensus",654543.26321211,10.97799897192,2935.126953125,32.9610013962,326.575173594266,21.1940078735352,8.92270197143555,5,"consensus","detected"
"1.3","icl","neg","N-carbamoylaspartic acid","[M - H]-","consensus",136011.479507549,4.58100020886,21778.765625,27.46599912642,2927.70158289371,21,7.43168830871582,5,"consensus","detected"
"1.3","icl","neg","UDP","[M - H]-","consensus",2075251.21800518,28.57099950312,23970.046875,43.23999881742,46.4025529249164,2052.068359375,472.34423828125,5,"consensus","detected"
"1.3","icl","neg","UDP-alpha-D-glucose","[M - H]-","consensus",1884637.1583793,20.11500120162,25621.609375,37.07299947738,142.149966105393,554.054565429688,176.345837402344,5,"consensus","detected"
"1.3","icl","neg","guanosine","[M - H]-","consensus",1784347.5719095,32.75199651714,818.25048828125,59.02300000188,107.29185782823,18.9261474609375,7.45,5,"consensus","detected"
"1.3","icl","neg","isocitric acid","[M - H]-","consensus",1633310.73988816,29.25599992272,3254.556640625,42.0980000496,33.5181182280042,150.274658203125,92.6150436401367,5,"consensus","detected"
"1.4","icl","neg","2'-deoxyadenosine 5'-monophosphate","[M - H]-","consensus",466333.939120655,1.37100040914,163056.75,26.10400021074,3206.6366501768,93.7438659667969,50.8205399963379,5,"consensus","detected"
"1.4","icl","neg","2'-deoxyguanosine 5'-monophosphate","[M - H]-","consensus",1504417.70788926,5.94000041484,111437.625,28.61699938776,536.141529420787,688.39501953125,206.567154199219,5,"consensus","detected"
"1.4","icl","neg","D-arabinitol","[M - H]-","consensus",14743.9139653748,2.51299917702,5115.796875,22.44900047778,2081.79791197485,15.3919906616211,2.45,4,"consensus","detected"
"1.4","icl","neg","D-lysine","[M - H]-","consensus",75825.3319533083,0.685999989479999,54504.1875,21.76400005818,9427.93004573457,15.9782257080078,5.77944564819335,5,"consensus","detected"
"1.4","icl","neg","L-homoarginine","[M - H]-","consensus",119738.533524384,23.316001296,442.76220703125,36.85699939728,84.6746650481028,17.6134033203125,5.02096823730469,5,"consensus","detected"
"1.4","icl","neg","N(2)-phenylacetyl-L-glutamine","[M - H]-","consensus",5584941.12552256,8.71200084684,14064.0234375,167.06999301912,1424.97587485304,21.6989593505859,9.85442962646484,5,"consensus","detected"
"1.4","icl","neg","N-acetyl-L-serine","[M - H]-","consensus",98692.9943310479,0.914000272740001,72603.6875,25.6470000744,24479.9096243722,15.8594818115234,2.9652,5,"consensus","detected"
"1.4","icl","neg","N-benzoylglycine","[M - H]-","consensus",1744638.35308079,17.37799644474,726.0517578125,160.88699340822,72.1532442406241,20.5946350097656,9.77720586547852,5,"consensus","detected"
"1.4","icl","neg","O-phospho-L-serine","[M - H]-","consensus",215769.85772487,48.05299937724,718.615234375,48.27799916268,17.3358810542464,64.7502136230469,37.7174381103516,5,"consensus","detected"
"1.4","icl","neg","O-phosphoethanolamine","[M - H]-","consensus",110516.843477498,2.28399932388,36664.1875,22.90600061418,1158.1542598011,61.1227722167969,31.6046540588379,5,"consensus","detected"
"1.4","icl","neg","UDP-alpha-D-glucose","[M - H]-","consensus",1645602.6345371,2.96999931336,307919.25,24.73399937154,1856.81656031144,443.844970703125,165.592773999023,5,"consensus","detected"
"1.4","icl","neg","citric acid","[M - H]-","consensus",1658349.73648002,21.9460004568,6993.2421875,40.74000120162,47.7290497052152,236.668212890625,141.561041259766,5,"consensus","detected"
"1.4","icl","neg","creatine","[M - H]-","consensus",1547.30365841979,14.39200043682,81,31.13000035284,18.1441509320878,16.3292083740234,3.56427764892578,4,"consensus","detected"
"1.4","icl","neg","glutathione disulfide","[M - H]-","consensus",268768.153787578,20.80400168898,2045.3896484375,40.28400063516,39.6816582780272,97.0042419433594,49.1004028320312,5,"consensus","detected"
"1.4","icl","neg","uridine","[M - H]-","consensus",NA,NA,NA,91.54199838636,1.60721122407842,28.650634765625,30.0827697753906,3,"consensus","below_detection"
"1.5","icl","neg","3-amino-L-alanine","[M - H]-","consensus",5975.10202066844,0.45700013634,4647.60546875,21.54399991038,2296.75591639254,15,2.01702124099731,5,"consensus","detected"
"1.5","icl","neg","D-arginine","[M - H]-","consensus",142979.547813148,11.42100155352,842.40087890625,30.90999841692,272.095734512631,16.9005584716797,3.03385983581543,5,"consensus","detected"
"1.5","icl","neg","L-alanine","[M - H]-","consensus",368779.440079723,7.76600003244,89537.6875,28.16900074482,7072.23909602488,28,12.6564849243164,5,"consensus","detected"
"1.5","icl","neg","L-aspartic acid","[M - H]-","consensus",75604.0478039457,1.37100040914,31079.828125,22.91500031946,6983.6386809209,18,4.4478,5,"consensus","detected"
"1.5","icl","neg","L-glutamic acid","[M - H]-","consensus",92584.2434456017,1.59900069234,36651.84375,23.14300060272,7506.41060090492,19,4.88020782470703,5,"consensus","detected"
"1.5","icl","neg","L-glutamine","[M - H]-","consensus",97098.015102922,0.91300070286,46957.9375,22.68700003626,12782.2248693255,19,3.67220401611328,5,"consensus","detected"
"1.5","icl","neg","L-serine","[M - H]-","consensus",NA,NA,NA,50.58300018312,0.661475887921515,18.3781509399414,46.5666198730469,5,"consensus","below_detection"
"1.5","icl","neg","N-acetyl-L-alanine","[M - H]-","consensus",574253.948210645,9.375,76949.5,35.02099871634,3292.16436109958,36.5,23.3624423217773,5,"consensus","detected"
"1.5","icl","neg","N-acetyl-L-tyrosine","[M - H]-","consensus",5291104.20510295,12.16400384904,102860.6875,129.7990036011,11708.7372546083,20.4452896118164,8.78320522308349,5,"consensus","detected"
"1.5","icl","neg","alpha-D-glucose 1-phosphate","[M - H]-","consensus",987288.312568504,3.42599987982,177896.625,24.97099936008,697.659452041035,820.77001953125,253.8141703125,5,"consensus","detected"
"1.5","icl","neg","cysteic acid","[M - H]-","consensus",982292.135264204,2.74099946022,288763.25,23.37200045586,15359.0809180543,34.8516235351562,18.7985466003418,5,"consensus","detected"
"1.5","icl","neg","cytidine","[M - H]-","consensus",57804.5888343815,7.99399852752,2417.83984375,30.45300006864,533.964409722222,15,4.5,5,"consensus","detected"
"1.5","icl","neg","sn-glycerol 3-phosphate","[M - H]-","consensus",463817.699153031,31.7809993029,2657.845703125,41.8830013275,15.6023210125668,241.052368164062,154.899603271484,5,"consensus","detected"
"1.6","icl","neg","(6S)-5-formyltetrahydrofolic acid","[M - H]-","own",5583486.40363542,3.42600345611999,1439051,155.62199592588,38205.9951436024,62,37.6639580932617,5,"own","detected"
"1.6","icl","neg","3-chloro-L-tyrosine","[M - H]-","consensus",1379724.54715488,9.6130013466,160102.75,53.0729985237,24927.0822784837,19,6.42208134155273,5,"consensus","detected"
"1.6","icl","neg","D-serine","[M - H]-","consensus",30305.6424544187,8.68000030518001,2159.802734375,26.79599940774,597.990335987208,17.5903625488281,3.58235282897949,5,"consensus","detected"
"1.6","icl","neg","L-arabinitol","[M - H]-","consensus",65798.3326443391,1.59900069234,17338.5,23.59899938106,5519.3404969269,15.7581176757812,3.13855285644531,5,"consensus","detected"
"1.6","icl","neg","L-histidine","[M - H]-","consensus",1169438.24177972,17.81699895864,2080.46875,35.4760015011,236.351915260336,19.8804168701172,8.71830605163574,5,"consensus","detected"
"1.6","icl","neg","L-methionine S-oxide","[M - H]-","consensus",37834.167131879,11.87799990174,642,31.82199954984,161.249859731159,16,3.88217391967773,4,"consensus","detected"
"1.6","icl","neg","L-threonine","[M - H]-","consensus",61591.8071273463,1.37100040914,22913.78125,23.14199924466,2573.71973222717,19,8.8956,5,"consensus","detected"
"1.6","icl","neg","N(alpha)-acetyl-L-arginine","[M - H]-","consensus",1655800.23584112,6.16799890998,71461.6875,28.62399995328,7537.05377319644,19.1444091796875,9.47884216308594,5,"consensus","detected"
"2.1","icl","neg","2'-deoxyguanosine","[M - H]-","consensus",984075.764263169,28.80400121214,1248.4208984375,54.68199849126,122.901006259237,19,10.0033428192139,5,"consensus","detected"
"2.1","icl","neg","2,4-dihydroxypyrimidine-5-carboxylic acid","[M - H]-","consensus",3375429.50317036,6.3949996233,490873.75,32.27300047872,13318.9023037873,58.4192199707031,36.8510346862793,5,"consensus","detected"
"2.1","icl","neg","3-hydroxybenzyl alcohol","[M - H]-","consensus",799.585373593082,12.4110031128,84,124.52799797058,8.88163430337637,18.9407424926758,7.32514481964111,5,"consensus","detected"
"2.1","icl","neg","5,6-dihydroxyindole","[M - H]-","consensus",NA,NA,NA,142.36800670626,3.89232521844402,34.3997497558594,28.6718719482422,4,"consensus","below_detection"
"2.1","icl","neg","5-aminoimidazole-4-carboxamide","[M - H]-","consensus",102366.333630408,1.3700008392,47142.59375,22.66299963,437.163364261872,139.30712890625,107.51881439209,4,"consensus","detected"
"2.1","icl","neg","5-methyl-2'-deoxycytidine","[M - H]-","consensus",67465.7081397636,8.01100015644,1423.4462890625,32.27300047872,230.559998206118,19.1083145141602,6.09098709869385,5,"consensus","detected"
"2.1","icl","neg","9H-xanthine","[M - H]-","consensus",73197.7078660452,44.12999868396,76.246826171875,55.59599876406,5.40928301369281,19,10.5830709960937,4,"consensus","detected"
"2.1","icl","neg","Gly-Phe","[M - H]-","consensus",4054321.41176913,13.04900407794,41534.78125,96.11999988558,2332.71399624533,33,17.7912,5,"consensus","detected"
"2.1","icl","neg","L-leucine","[M - H]-","consensus",NA,NA,NA,77.35500097272,0.563852201029915,39.9375305175781,30.3933,4,"consensus","below_detection"
"2.1","icl","neg","L-phenylalanine","[M - H]-","consensus",187296.49242268,5.51100254057999,34659.75,87.88199901582,36.9224226599398,151.296020507812,934.620523071289,5,"consensus","detected"
"2.1","icl","neg","dopamine","[M - H]-","consensus",191067.690459431,7.7670013905,3192.765625,32.50200033186,210.43008660253,28,15.0395111083984,5,"consensus","detected"
"2.1","icl","neg","ethylmalonic acid","[M - H]-","consensus",NA,NA,NA,105.03200054166,1.57871078632056,46.7976684570312,55.2364196777344,1,"consensus","below_detection"
"2.1","icl","neg","keto-phenylpyruvic acid","[M - H]-","consensus",31008.4674733709,5.94300270083997,4233.58984375,166.82400226596,112.187599466558,63.1903991699219,37.1734439849853,5,"consensus","detected"
"2.1","icl","neg","methylmalonic acid","[M - H]-","consensus",NA,NA,NA,107.08899736404,2.16800601260334,33,20.7564,3,"consensus","below_detection"
"2.1","icl","neg","pyridoxamine","[M - H]-","consensus",11648.3107092152,1.14199876782,8223.1796875,21.29199922086,2001.93246150067,15,4.10012817382812,5,"consensus","detected"
"2.1","icl","neg","vanillylmandelic acid","[M - H]-","consensus",4292788.88670091,6.1840009689,732613.5,49.86899971962,19003.9717128952,56,38.5476,5,"consensus","detected"
"2.10","icl","neg","(5-hydroxyindol-3-yl)acetic acid","[M - H]-","consensus",250443.02477469,13.47999572754,333,157.24599838254,58.0266105978038,17,5.44577732086182,4,"consensus","detected"
"2.10","icl","neg","(S)-2-hydroxy-4-methylpentanoic acid","[M - H]-","consensus",2142729.85497145,41.6510009766,2253.048828125,191.12600326536,9.11401151978294,360.473510742188,207.655576611328,5,"consensus","detected"
"2.10","icl","neg","2-hydroxy-2-methylbutyric acid","[M - H]-","consensus",1839.91238188469,3.8829946518,615.44189453125,213.07000637052,5.05210341597198,252.055541992188,71.927734375,5,"consensus","detected"
"2.10","icl","neg","4-hydroxy-L-proline","[M - H]-","consensus",100144.279330219,13.49299907682,1889.0869140625,30.9010004997,179.90469581069,22,10.3782,5,"consensus","detected"
"2.10","icl","neg","7,9-dihydro-1H-purine-2,6,8(3H)-trione","[M - H]-","consensus",3601786.74954278,1.84400081634,1283139,26.31600022314,26014.1606605213,85.86865234375,49.3213349487305,5,"consensus","detected"
"2.10","icl","neg","L-pipecolic acid","[M - H]-","consensus",480.681448625837,NA,207,25.40299952028,70.7735771560346,17.3431167602539,2.67976963806152,2,"consensus","detected"
"2.10","icl","neg","N-isovalerylglycine","[M - H]-","consensus",4454135.64779242,31.37900590902,4207.83203125,124.99600410462,106.230450338912,55,39.0926708679199,5,"consensus","detected"
"2.10","icl","neg","alpha-D-glucuronic acid","[M - H]-","consensus",83350.1164849445,1.59899890422,39558,23.34700047972,11316.3541964881,17,3.49414655227661,5,"consensus","detected"
"2.10","icl","neg","trans-urocanic acid","[M - H]-","consensus",80650.431189203,15.09200155734,979.61669921875,35.69799900054,107.164868533528,21.9449310302734,8.93643393859863,5,"consensus","detected"
"2.10","icl","neg","uracil","[M - H]-","consensus",14076.1868642205,1.14199876782,4685.58984375,27.24600076674,761.930972224468,18.4219818115234,6.12544709701538,5,"consensus","detected"
"2.2","icl","neg","2-oxobutanoic acid","[M - H]-","consensus",NA,NA,NA,91.33300065996,2.10498745647696,58.263916015625,52.7004165649414,4,"consensus","below_detection"
"2.2","icl","neg","3,3',5-triiodo-L-thyronine","[M - H]-","consensus",NA,NA,NA,321.2929916382,11.9807705871971,30.381462097168,19.8333267608643,1,"consensus","below_detection"
"2.2","icl","neg","3-iodo-L-tyrosine","[M - H]-","consensus",2487618.87594735,33.3849978447,310.1298828125,115.57800292968,13.2180184749192,33.3399047851562,20.9403533935547,5,"consensus","detected"
"2.2","icl","neg","5-methoxysalicylic acid","[M - H]-","consensus",4961414.79768113,2.05600261692001,1944015,237.77800083162,6452.9973676315,1029.71044921875,301.098106640625,5,"consensus","detected"
"2.2","icl","neg","5-oxo-L-proline","[M - H]-","consensus",1490472.14270007,5.25400042536,209996.375,30.2309989929,8756.11181213631,41.4585876464844,23.9780990600586,5,"consensus","detected"
"2.2","icl","neg","D-glucono-1,5-lactone","[M - H]-","consensus",NA,NA,NA,57.65200138092,4.07126728606031,32.9438781738281,41.5644088745117,3,"consensus","below_detection"
"2.2","icl","neg","L-methionine","[M - H]-","consensus",38776.7609486366,15.07599771024,559.09716796875,30.2309989929,119.41894698929,15.7409591674805,4.55,5,"consensus","detected"
"2.2","icl","neg","N-acetyl-L-phenylalanine","[M - H]-","consensus",2299.2259903664,11.19300842286,382.60302734375,243.77500534056,9.39324024101054,60.401611328125,34.3014133300781,5,"consensus","detected"
"2.2","icl","neg","N-acetyl-L-proline","[M - H]-","consensus",1278746.82204509,29.0780031681,1788.650390625,75.5359983444,234.184306718292,20,7.55238647460937,5,"consensus","detected"
"2.2","icl","neg","alloxanthine","[M - H]-","consensus",8987208.04045493,7.76600003244,786331,33.42900037764,21807.4542815016,74.3554992675781,36.0544901000977,5,"consensus","detected"
"2.2","icl","neg","biotin","[M - H]-","consensus",5108343.65404421,1.48499965668003,2994026,180.35900115966,163716.148055713,30.5,18.2877225952148,5,"consensus","detected"
"2.2","icl","neg","glutaric acid","[M - H]-","consensus",873298.196726281,10.0600004196,15996.6796875,50.57100176814,1786.58121406425,24,8.94036026000976,5,"consensus","detected"
"2.2","icl","neg","homovanillic acid","[M - H]-","consensus",97007.1409668892,16.7700004578,36873.90625,173.7130022049,6093.66976435436,17.2857513427734,6.0483455657959,5,"consensus","detected"
"2.2","icl","neg","kynurenic acid","[M - H]-","consensus",1843547.98423178,14.63800907136,7328.8046875,148.78900051116,143.534375472819,85.0791320800781,50.4668343841553,5,"consensus","detected"
"2.2","icl","neg","trans-3-coumaric acid","[M - H]-","consensus",3931411.97828213,16.91399574282,2035.3828125,226.3459968567,42.4721778253863,91.1438903808594,45.7767654418945,5,"consensus","detected"
"2.3","icl","neg","(R)-adrenaline","[M - H]-","consensus",188896.496955259,0.914000272800003,132635.625,24.74099993706,13261.4125,21.5,10,5,"consensus","detected"
"2.3","icl","neg","(S)-mandelic acid","[M - H]-","consensus",866670.859196383,5.48300743104001,134737.75,127.94799327852,2525.05702107815,87.0115356445312,53.3258208984375,5,"consensus","detected"
"2.3","icl","neg","2'-deoxyinosine","[M - H]-","consensus",2497060.48114935,12.33500003814,376842.75,39.13300037382,26178.6648113861,27.4157638549805,14.3939859786987,5,"consensus","detected"
"2.3","icl","neg","2'-deoxyuridine","[M - H]-","consensus",787665.134178117,8.45100045204,157416.875,28.39599967002,13509.9797504383,19.7769775390625,11.6504318237305,5,"consensus","detected"
"2.3","icl","neg","2-hydroxy-3-methylbutyric acid","[M - H]-","consensus",753265.249074589,39.10599946974,840.158203125,115.32099723816,8.18666590796648,213.177917480469,76.585546875,5,"consensus","detected"
"2.3","icl","neg","2-hydroxy-4-(methylthio)butanoic acid","[M - H]-","consensus",2140974.340731,41.3910055161,869.724609375,108.23600292204,16.6724552002032,94.5185546875,46.4962145874023,5,"consensus","detected"
"2.3","icl","neg","6-hydroxynicotinic acid","[M - H]-","consensus",718400.462916143,6.8529975414,99399.625,35.705999136,7849.28616276898,23.4190063476562,12.6605405807495,5,"consensus","detected"
"2.3","icl","neg","L-isoglutamine","[M - H]-","consensus",181668.375335375,0.457000136400001,170722.5,22.22900032998,13398.2850235444,24,12.7403245788574,5,"consensus","detected"
"2.3","icl","neg","L-proline","[M - H]-","consensus",1918.02704000547,11.25300049782,232.432373046875,65.47800064086,36.1581635381888,18,5.9304,5,"consensus","detected"
"2.3","icl","neg","N-acetyl-L-leucine","[M - H]-","consensus",4283074.84596916,34.10998821258,779.90478515625,210.74800014498,8.95332385840062,106.358337402344,75.2286478637695,5,"consensus","detected"
"2.3","icl","neg","N-acetyl-L-tryptophan","[M - H]-","consensus",6406064.991653,21.7110013962,1043.171875,229.032998085,39.3122012299274,47,25.3400177001953,5,"consensus","detected"
"2.3","icl","neg","N-acetylserotonin","[M - H]-","consensus",1283010.37219622,10.28001308442,1506.7490234375,173.21000576022,71.1948615095826,29,20.7564,5,"consensus","detected"
"2.3","icl","neg","gallic acid","[M - H]-","consensus",6341876.7893395,39.36800122266,1386.7333984375,70.73299884798,29.412514232863,103.449096679688,43.6305543823242,5,"consensus","detected"
"2.3","icl","neg","gamma-aminobutyric acid","[M - H]-","consensus",4194.36711583324,0.228000283199997,1950.0009765625,25.42600035666,78.207284109933,33.9225158691406,24.5,3,"consensus","detected"
"2.3","icl","neg","imidazol-4-ylacetic acid","[M - H]-","consensus",33380.6102083139,32.91100144386,1020.9716796875,29.08100008962,42.501028237096,23.4526748657227,23.4704675674438,5,"consensus","detected"
"2.3","icl","neg","pyruvic acid","[M - H]-","consensus",14607.1297347159,2.28399932382,3643.8984375,26.56799912454,218.911476636579,26.1466979980469,16.5260944519043,5,"consensus","detected"
"2.3","icl","neg","taurocyamine","[M - H]-","consensus",619047.308298401,1.82800054554,246469.125,24.05599951746,19218.6050024791,22.8822250366211,12.8233158828735,5,"consensus","detected"
"2.3","icl","neg","trans-3-hexenedioic acid","[M - H]-","consensus",NA,NA,NA,108.00699949266,3.41276041666667,21.046875,12,4,"consensus","below_detection"
"2.4","icl","neg","(S)-methylsuccinic acid","[M - H]-","consensus",NA,NA,NA,87.19900131228,2.25150329198362,55,54.6301666259766,5,"consensus","below_detection"
"2.4","icl","neg","1-hexadecanoyl-sn-glycero-3-phosphocholine","[M + CH2O2 - H]-","consensus",2918727.79945395,21.53600692752,4841.2265625,437.48800277712,114.569030536854,80.7725524902344,41.5509670257568,5,"consensus","detected"
"2.4","icl","neg","2'-deoxyadenosine","[M - H]-","consensus",NA,NA,NA,77.57100105288,4.60116460728457,23.7086334228516,8.97411201324463,3,"consensus","below_detection"
"2.4","icl","neg","4-guanidinobutanoic acid","[M - H]-","consensus",29300.2628977626,9.36599850654,502.48779296875,34.08899903298,78.6716723034157,18.7932891845703,6.14826772613525,2,"consensus","detected"
"2.4","icl","neg","5,6-dihydroxyindole-2-carboxylic acid","[M - H]-","consensus",2718229.61263552,26.92299842832,2784.4140625,144.89200115202,53.6122434833507,84.8441772460938,50.3536078674316,5,"consensus","detected"
"2.4","icl","neg","5,6-dimethylbenzimidazole","[M - H]-","consensus",2684.48605611748,0.914011001580008,2024.1708984375,204.15299892426,54.9589551646859,41.8567504882812,36.0689926147461,5,"consensus","detected"
"2.4","icl","neg","L-tryptophanamide","[M - H]-","consensus",26122.9021866462,15.5579996109,197.702392578125,78.95700216294,40.6273646697525,17,4.4478,4,"consensus","detected"
"2.4","icl","neg","N-acetyl-alpha-D-galactosamine","[M - H]-","consensus",20838.1518648953,10.27900099752,145,31.3469982147,55.9405302184207,16,2.30602033081055,5,"consensus","detected"
"2.4","icl","neg","citraconic acid","[M - H]-","consensus",575869.179780236,10.06399869918,63273.21875,43.23799967766,14416.5986827443,16,4.38780465087891,5,"consensus","detected"
"2.4","icl","neg","cortisol","[M - H]-","consensus",345117.14985292,20.79800605776,303.172607421875,287.4030017853,58.2810566409869,16.4047927856445,4.92042922973633,2,"consensus","detected"
"2.4","icl","neg","creatinine","[M - H]-","consensus",4643.79915856987,0.457000136400001,2515.69140625,22.43899941444,305.844465499726,21.7438812255859,8.1543,2,"consensus","detected"
"2.4","icl","neg","phloretic acid","[M - H]-","consensus",1643.42455491229,0.457005500820003,1323.0927734375,217.64000415804,125.19356554198,19.2164764404297,10.4148826766968,5,"consensus","detected"
"2.5","icl","neg","3-hydroxybenzoic acid","[M - H]-","consensus",1005784.12418041,22.0019960403,678.244140625,178.51800441744,25.6520678636,57.7368011474609,24.1893691680908,4,"consensus","detected"
"2.5","icl","neg","5-aminolevulinic acid","[M - H]-","consensus",329398.801297421,21.02400004866,768.30078125,40.51499962806,100.674667162852,21.9994735717773,7.413,5,"consensus","detected"
"2.5","icl","neg","5-hydroxymethyl-2-furoic acid","[M - H]-","consensus",215573.277992233,15.1430010795,1545.8671875,65.25099992754,191.1083984375,17,8,5,"consensus","detected"
"2.5","icl","neg","5-oxo-L-proline","[M - H]-","consensus",1166838.57909998,4.56800043582,298456.5,28.17099988458,15218.3406147856,29.7265472412109,19.6096789398193,5,"consensus","detected"
"2.5","icl","neg","D-glyceric acid","[M - H]-","consensus",88757.2851154827,16.68399989604,3468.767578125,34.5759987831,804.577829821021,15.8945999145508,4.29153383331299,5,"consensus","detected"
"2.5","icl","neg","D-ribofuranose","[M - H]-","consensus",8222.16552029599,7.08899974824,1675.8486328125,27.94299960138,469.087707397506,15,3.54059295654297,3,"consensus","detected"
"2.5","icl","neg","N-acetyl-L-valine","[M - H]-","consensus",4096889.56550359,25.87100028996,1747.1005859375,125.92100143434,28.4977573957625,73.6356811523438,58.7226875976562,5,"consensus","detected"
"2.5","icl","neg","N-carbamoyl-beta-alanine","[M - H]-","consensus",8522.1258807114,1.14199876788,1720.171875,27.02899932864,245.585915465648,19.4894104003906,6.925,3,"consensus","detected"
"2.5","icl","neg","Phenylglyoxal","[M - H]-","consensus",1541.5073797324,46.67299747464,41,180.11700153348,12.5,16,2,4,"consensus","detected"
"2.5","icl","neg","cis-4-hydroxy-D-proline","[M - H]-","consensus",329073.214487361,5.48299849032,4765.375,26.11500084402,401.116166097878,22.7164154052734,11.8236535583496,5,"consensus","detected"
"2.5","icl","neg","hypoxanthine","[M - H]-","consensus",1298304.41052494,9.60200071332,78864.375,34.34699892996,2474.12076488785,56.8634643554688,31.852734375,5,"consensus","detected"
"2.5","icl","neg","inosine","[M - H]-","consensus",7193311.05934237,9.14500057698,981291.5,34.5759987831,28944.2061357725,47,33.9012407318115,5,"consensus","detected"
"2.5","icl","neg","oxalic acid","[M - H]-","consensus",60729.5426375022,18.73899757866,2902.982421875,35.71800112722,210.172402675976,30.6997451782227,13.666316986084,5,"consensus","detected"
"2.5","icl","neg","picolinic acid","[M - H]-","consensus",3302.18619364081,1.142000556,571.4609375,25.88700056076,83.3789106429174,18.4733734130859,6.63222342224121,5,"consensus","detected"
"2.5","icl","neg","pyridoxal","[M - H]-","consensus",291873.942259,16.91199839118,8866.828125,29.77000057698,108.894684958726,176.897827148438,79.8012345703125,5,"consensus","detected"
"2.5","icl","neg","xanthurenic acid","[M - H]-","consensus",5277652.20037998,45.78500032428,2763.548828125,146.97800159454,18.8429700528577,384.463134765625,126.258529663086,5,"consensus","detected"
"2.6","icl","neg","(S)-2-hydroxybutyric acid","[M - H]-","consensus",1099.37534777182,2.28399753570001,262,71.43899917602,12.9461847964566,30.9630737304688,17.845946887207,3,"consensus","detected"
"2.6","icl","neg","2-oxoglutaric acid","[M - H]-","consensus",282633.515826555,3.65400016308,49754.40625,27.94900059702,3922.67894202719,31,12.6758796691894,5,"consensus","detected"
"2.6","icl","neg","3-methyl-2-oxovaleric acid","[M - H]-","consensus",471675.491075214,5.93900442125999,71150.0625,107.5670027733,1247.08380658893,65.1656494140625,57.0008979949951,5,"consensus","detected"
"2.6","icl","neg","3-methyladipic acid","[M - H]-","consensus",2228933.88597382,10.96399784088,1843.2509765625,166.8160057068,59.6707080908547,41.36767578125,30.1971161132812,5,"consensus","detected"
"2.6","icl","neg","4-hydroxy-4-methyloxan-2-one","[M - H]-","consensus",NA,NA,NA,97.49899864194,1.84984395457425,30,42.7063049316406,4,"consensus","below_detection"
"2.6","icl","neg","4-hydroxyphenylpyruvic acid","[M - H]-","consensus",358878.453645471,8.74799966814,35771.125,61.37799739836,829.884163169759,49.0332336425781,43.0446721984863,4,"consensus","detected"
"2.6","icl","neg","5-aminopentanoic acid","[M - H]-","consensus",977.343381930576,11.64899826048,162.164794921875,162.93299674986,6.35041158103889,42,18.92236328125,5,"consensus","detected"
"2.6","icl","neg","5-hydroxymethyluracil","[M - H]-","consensus",1934264.36338796,5.2540004253,249078.75,39.5979988575,3123.03649245228,83,79.7287353515625,5,"consensus","detected"
"2.6","icl","neg","esculin","[M - H]-","consensus",9435124.61883989,12.56399631498,51748.09375,144.8740053177,515.527926707843,138.838134765625,100.109524511719,5,"consensus","detected"
"2.6","icl","neg","glyceraldehyde","[M - H]-","consensus",3480.21406561775,24.90499913688,154,48.28599929808,40.1052365949789,16.6229934692383,3.42541319274902,2,"consensus","detected"
"2.6","icl","neg","guanine","[M - H]-","consensus",48527.3471868118,0.684998631479999,38255.75,25.20799934862,1445.55220931064,71.9778442382812,26.4146614074707,3,"consensus","detected"
"2.6","icl","neg","indole-3-butyric acid","[M - H]-","consensus",1108480.49497595,13.07699203494,3337.16015625,300.42700767516,392.521189531096,20.5,8.44963340759277,5,"consensus","detected"
"2.6","icl","neg","isonicotinic acid","[M - H]-","consensus",215259.372737773,8.22300016878,2046.4970703125,30.00499963758,102.072267857935,37,19.6870032623291,5,"consensus","detected"
"2.6","icl","neg","phenylacetylglycine","[M - H]-","consensus",1825780.61935818,15.36699771876,791.779296875,187.89400577544,91.5814511125587,19.0809783935547,8.43727970123291,5,"consensus","detected"
"2.6","icl","neg","xanthosine","[M - H]-","consensus",260393.874993233,19.6649980545,1103.271484375,50.81300139426,145.071202397554,16,7.4947437286377,5,"consensus","detected"
"2.7","icl","neg","3,3-dimethylglutaric acid","[M - H]-","consensus",4238332.29756837,14.62198734288,2162.16796875,169.60099697112,33.2803780517956,104.09326171875,61.8404846191406,5,"consensus","detected"
"2.7","icl","neg","3,4,5-Trimethoxycinnamic acid","[M - H]-","consensus",578243.016856056,6.16702079772,1144.427734375,270.08600234988,136.415874431295,22.9755706787109,8.22083330383301,4,"consensus","detected"
"2.7","icl","neg","3-hydroxyphenylacetic acid","[M - H]-","consensus",740.244387255706,1.37100219726,142,191.36499881742,17.6489424271052,19,6.96925611877441,3,"consensus","detected"
"2.7","icl","neg","3-hydroxypropionic acid","[M - H]-","consensus",224.30960242271,NA,113,17.40899920464,33.0500472143532,15,2.9652,2,"consensus","detected"
"2.7","icl","neg","4-acetamidobutanoic acid","[M - H]-","consensus",615832.859403709,20.33200085166,2256.08984375,48.2660007477,391.721322606856,17,5.71602747802734,5,"consensus","detected"
"2.7","icl","neg","4-pyridoxic acid","[M - H]-","consensus",5113299.01644324,20.10299921034,60995.59375,45.29500007628,572.736468622595,230.59130859375,106.095919799805,5,"consensus","detected"
"2.7","icl","neg","6-methyladenine","[M - H]-","consensus",751674.646096306,50.58900296688,522.6259765625,61.37100219726,9.80385533860275,88.2434692382812,44.3073150634766,5,"consensus","detected"
"2.7","icl","neg","LMFA01170001","[M - H]-","consensus",317093.718345008,28.11300158496,114.669311523438,52.15199947356,21.5093555293488,19,4.4478,5,"consensus","detected"
"2.7","icl","neg","Methyl 3-aminopropanoate","[M - H]-","consensus",155241.935688976,6.39599919324,17730.125,38.67000102996,6824.39955493199,14,2.59599761962891,5,"consensus","detected"
"2.7","icl","neg","N(4)-acetylcytosine","[M - H]-","consensus",230270.629755303,5.71099877357999,28891.90625,40.95399856566,9738.60321394847,15,2.9652,5,"consensus","detected"
"2.7","icl","neg","N-acetyl-L-isoleucine","[M - H]-","consensus",3342413.14460044,46.01298809052,654.6123046875,209.67099666594,14.836179416513,72.329345703125,39.2475004943848,4,"consensus","detected"
"2.7","icl","neg","N-acetyl-beta-D-mannosamine","[M - H]-","consensus",14560.2927568228,2.98399865628,2686.4296875,25.41999936102,900.590074025361,16,2.9652,5,"consensus","detected"
"2.7","icl","neg","O-propanoyl-L-carnitine","[M - H]-","consensus",NA,NA,NA,99.5539999008,3.64225010117361,15.5,3.7065,5,"consensus","below_detection"
"2.7","icl","neg","melatonin","[M - H]-","consensus",2070.20171729032,0.684986114460003,1668.943359375,288.14300537112,133.591794919428,27.1912002563477,12.2893188171387,4,"consensus","detected"
"2.7","icl","neg","methyl (R)-lactate","[M - H]-","consensus",423.320103411747,9.13999915122,67.591552734375,40.26900172236,16.3903328423599,16.8214263916016,3.09756530456543,4,"consensus","detected"
"2.8","icl","neg","2'-deoxycytidine","[M - H]-","consensus",29452.5840610178,0.685000419599998,17626.796875,24.96400058268,3554.40391619773,14,4.95520410461426,4,"consensus","detected"
"2.8","icl","neg","3-hydroxyisovaleric acid","[M - H]-","consensus",8401.56291219714,21.28199815752,570.09423828125,82.17699766158,7.93158723037959,101.262878417969,59.1093997009277,5,"consensus","detected"
"2.8","icl","neg","L-isoleucine","[M - H]-","consensus",61.688534826518,NA,161,218.34600448608,7.30758251483296,37,16.968675994873,4,"consensus","detected"
"2.8","icl","neg","itaconic acid","[M - H]-","consensus",NA,NA,NA,114.41699981688,4.18140380430631,28,11.9315637451172,2,"consensus","below_detection"
"2.8","icl","neg","thymidine","[M - H]-","consensus",2037107.20933337,9.13999915128001,210134.875,45.75199842456,19657.8155167977,20,10.6886177062988,5,"consensus","detected"
"2.9","icl","neg","(R)-noradrenaline","[M - H]-","consensus",33854.2349949729,0.914000272740001,22798,23.14700067042,4537.8322578862,18,5.0200180847168,5,"consensus","detected"
"2.9","icl","neg","(S)-lactic acid","[M - H]-","consensus",77256.6078386139,4.79699850084,16150.4921875,65.96199989316,1293.23417097355,22.6370391845703,12.470947265625,5,"consensus","detected"
"2.9","icl","neg","3-methylbutanal","[M - H]-","consensus",1167.62523105389,22.47000217434,37.5877685546875,194.3390035629,15.8045851038728,12.9484710693359,1.55899679260254,5,"consensus","detected"
"2.9","icl","neg","D-leucine","[M - H]-","consensus",2740.58578473583,1.14297866819999,2035.7314453125,251.53000831602,142.420686865253,30.9125366210938,14.0767395019531,4,"consensus","detected"
"2.9","icl","neg","D-proline","[M - H]-","consensus",19530.1222850905,6.16700112816,1375.337890625,27.71600067618,305.019750702247,18,4.45,5,"consensus","detected"
"2.9","icl","neg","Gly-Pro","[M - H]-","consensus",51200.6553004909,0.457000136400001,31237.96875,24.97499942778,4475.79751808499,17,6.97550964355469,4,"consensus","detected"
"2.9","icl","neg","N-acetyl-L-methionine","[M - H]-","consensus",4965022.85669214,20.39899349208,2817.833984375,127.51899719238,141.587468841337,31,19.6827728271484,5,"consensus","detected"
"2.9","icl","neg","dihydroorotic acid","[M - H]-","consensus",249375.73582644,1.37100040914,87296,25.88800013064,9830.86237941415,21.0851593017578,8.87764587402343,5,"consensus","detected"
"2.9","icl","neg","fumaric acid","[M - H]-","consensus",176636.555899928,16.45900011066,515.6943359375,46.23000025752,53.0063747262095,17,9.40819549560547,4,"consensus","detected"
"2.9","icl","neg","homogentisic acid","[M - H]-","consensus",387323.47506547,4.16900038716,90565.375,58.58100056646,5088.49178245425,35,17.7912,5,"consensus","detected"
"2.9","icl","neg","nicotinic acid","[M - H]-","consensus",10469.4972969855,46.47000074382,197.591430664062,39.821999073,22.2489817794713,19.4582214355469,8.0063533241272,5,"consensus","detected"
"2.9","icl","neg","propynoic acid","[M - H]-","consensus",2757.16025520028,6.85295104980003,223.534790039062,703.40297698974,21.7521987747002,19.6788482666016,9.37173955993652,3,"consensus","detected"
"2.9","icl","neg","ritalinic acid","[M - H]-","consensus",NA,NA,NA,204.16199684142,19.2592592592593,16,4.05,1,"consensus","below_detection"
"2.9","icl","neg","thymine","[M - H]-","consensus",88705.3916431632,2.51199960714001,25802.21875,38.45100045204,12348.6959571549,15,2.08825440673828,5,"consensus","detected"
"2.9","icl","neg","vanillin","[M - H]-","consensus",219196.149669686,60.84501743316,1360.3994140625,208.73099327088,19.6655291507777,77.7083740234375,65.2253509277344,5,"consensus","detected"
"3.1","icl","neg","(3S,5R)-fluvastatin","[M - H]-","consensus",808933.760964944,14.40599441526,595.73828125,387.1230125427,16.6260275171516,72.5178833007812,31.4699586181641,2,"consensus","detected"
"3.1","icl","neg","2-Methylheptanoic acid","[M - H]-","consensus",NA,NA,NA,311.4210033417,14.7879775617468,25.8859405517578,11.6916954620361,1,"consensus","below_detection"
"3.1","icl","neg","4-phenylbutyric acid","[M - H]-","consensus",39206.2714376175,24.27000045774,176,318.04498672488,13.0748283691321,24.2890472412109,11.6032844543457,3,"consensus","detected"
"3.1","icl","neg","L-thyroxine","[M - H]-","consensus",39397.9457479976,16.9109916687,159.92041015625,314.391002655,26.58984375,17,5.375,5,"consensus","detected"
"3.1","icl","neg","lithocholic acid","[M - H]-","consensus",356.074887323328,1.82802200315996,144,524.41600799562,12.9728358524814,21.3755569458008,9.45240072784424,4,"consensus","detected"
"3.1","icl","neg","taurochenodeoxycholic acid","[M - H]-","consensus",7191664.3764153,23.3210277556801,647.69384765625,327.87600517272,20.4486532169046,53.8314208984375,29.0416400756836,5,"consensus","detected"
"3.1","icl","neg","taurodeoxycholic acid","[M - H]-","consensus",7191664.3764153,32.91400909422,549,330.15998840334,17.7373576764698,53,27.9635788513184,5,"consensus","detected"
"3.1","icl","neg","undecanedioic acid","[M - H]-","consensus",3006900.66206474,1.14200592042005,2161178,288.50798606874,29337.8374119776,102.713562011719,73.6617105102539,5,"consensus","detected"
"3.2","icl","neg","cholic acid","[M - H]-","consensus",4058007.28676604,21.30100250244,323.19091796875,352.2780132294,20.7859776451312,30.4266586303711,14.0847,5,"consensus","detected"
"3.2","icl","neg","hexadecanedioic acid","[M - H]-","consensus",6658690.13628074,16.5089893341,10364.4453125,416.5480041504,132.68184725217,195.211791992188,76.6437438964844,5,"consensus","detected"
"3.2","icl","neg","hexadecanoic acid","[M - H]-","consensus",45591.7535737059,59.0239906311001,859.62060546875,575.10400772094,21.62096681579,56.7349243164062,37.1345873657227,4,"consensus","detected"
"3.2","icl","neg","taurocholic acid","[M - H]-","consensus",6904177.43010829,9.82798576355998,963.06396484375,290.29898643492,77.8411690560888,24.8705902099609,12.0526629547119,5,"consensus","detected"
"3.2","icl","neg","tauroursodeoxycholic acid","[M - H]-","consensus",7811180.2892841,32.27102279664,59206,314.34099197388,2852.57725165638,30,20.744749319458,5,"consensus","detected"
"3.3","icl","neg","(S)-lipoic acid","[M - H]-","consensus",1000.71743536058,1.14200592036002,190,349.76700782778,35.7791604638301,20.3131713867188,4.74261627197266,2,"consensus","detected"
"3.3","icl","neg","2-hydroxyoctanoic acid","[M - H]-","consensus",585.961923221861,3.42598915097994,203.71435546875,433.05101394654,7.54742709706083,43.4524688720703,21.2339761001587,5,"consensus","detected"
"3.3","icl","neg","5-phenylpentanoic acid","[M - H]-","consensus",5191.7564238156,0.91300964358004,2912.59375,339.25901412966,182.395125550593,34.8732757568359,15.7773979187012,5,"consensus","detected"
"3.3","icl","neg","estriol","[M - H]-","consensus",3160.5391303059,24.0500164032,231.159057617188,285.0359916687,20.2500489118718,21,10.3782,4,"consensus","detected"
"3.3","icl","neg","undecanoic acid","[M - H]-","consensus",1240.71389089878,NA,126.967224121094,463.9060020447,21.8577199272416,18.6577606201172,4.95520410461426,3,"consensus","detected"
"1.1","icl","pos","5-hydroxy-L-tryptophan","[M + H]+","consensus",450298.383176411,18.75200092794,26766.25,41.6439986229,2447.67534679985,24,10.9255706787109,5,"consensus","detected"
"1.1","icl","pos","D-alpha-aminobutyric acid","[M + H]+","consensus",1184.99918657791,0.456998348279996,116.619506835938,70.94000101092,7.95563983262787,22.5,11.8305389404297,4,"consensus","detected"
"1.1","icl","pos","L-citrulline","[M + H]+","consensus",209549.891439767,7.31299996374,6929.33984375,28.37599933146,439.690380823608,27.412353515625,15.6972446777344,5,"consensus","detected"
"1.1","icl","pos","L-citrulline","[M + Na]+","consensus",514907.930320415,11.65399789812,3732.693359375,28.37599933146,502.555375577022,19,7.38962020874023,5,"consensus","detected"
"1.1","icl","pos","L-homoserine","[M + H]+","consensus",35908.3467988239,8.22700023648,1373.30859375,28.83299946786,141.688316179025,22.1796264648438,9.53592366485596,5,"consensus","detected"
"1.1","icl","pos","L-homoserine","[M + Na]+","consensus",12183.8455752683,26.74800038334,608.58984375,32.26000070574,83.0408230633803,19,7.1,4,"consensus","detected"
"1.1","icl","pos","L-lysine","[M + H]+","consensus",125546.305325331,1.82699918742,37061.375,21.29099965098,4996.0036422501,26,7.413,5,"consensus","detected"
"1.1","icl","pos","L-lysine","[M + Na]+","consensus",25242.627804648,0.68500041966,21737.71875,21.74799978732,3303.44949443868,21,6.57395210266113,5,"consensus","detected"
"1.1","icl","pos","L-valine","[M + H]+","consensus",20676.1477186967,23.09199929238,550.23291015625,38.20199847222,19.4641938085269,51.0272521972656,25.6473842620849,5,"consensus","detected"
"1.1","icl","pos","N(6)-acetyl-L-lysine","[M + H]+","consensus",2230681.62416783,7.99699902534,49773.4375,30.20400166512,2909.46218269921,37.4698791503906,17.0945571716309,5,"consensus","detected"
"1.1","icl","pos","N(6)-acetyl-L-lysine","[M + Na]+","consensus",116328.27463856,8.68299901481999,5838.6015625,30.65999865534,363.870933389609,38.7509155273438,15.9393073608398,5,"consensus","detected"
"1.1","icl","pos","N-acetyl-L-cysteine","[M + H]+","consensus",47919.441995141,5.49400091171999,3666.240234375,76.43500328064,26.6611191809968,57.5,135.355916976929,5,"consensus","detected"
"1.1","icl","pos","N-alpha-acetyl-L-asparagine","[M + H]+","consensus",33532.1456646182,1.82799875736,9981.21875,25.40400087834,957.479160294776,23.9154205322266,10.3994987487793,5,"consensus","detected"
"1.1","icl","pos","O(4)-phospho-L-tyrosine","[M + H]+","consensus",392592.64613928,18.75199913976,8520.484375,35.22899866104,62.2165575380092,348.306884765625,131.350524902344,5,"consensus","detected"
"1.1","icl","pos","alpha-D-glucosamine 6-phosphate","[M + H]+","consensus",46820.2951220732,8.4560018778,4111.5859375,28.14699947832,423.692882306551,28.5,9.6369,5,"consensus","detected"
"1.1","icl","pos","alpha-D-glucosamine 6-phosphate","[M + K]+","consensus",46820.2951220732,8.4560018778,4111.5859375,28.14699947832,423.692882306551,28.5,9.6369,5,"consensus","detected"
"1.1","icl","pos","alpha-D-glucosamine 6-phosphate","[M + Na]+","consensus",133087.946935315,10.51199913024,2531.587890625,29.2899996042,92.8165932980618,56.9827575683594,26.6612363708496,5,"consensus","detected"
"1.1","icl","pos","carnosine","[M + H]+","consensus",1616261.97797612,1.14199876782,856619,21.29099965098,23672.1735089332,43,36.1849324768066,5,"consensus","detected"
"1.1","icl","pos","glutathione","[M + H]+","consensus",2384275.93702854,0.684998631480003,1668217,26.5469992161,27765.7700653161,114.772003173828,60.0776504333496,5,"consensus","detected"
"1.1","icl","pos","glutathione","[M + K]+","consensus",101976.61639988,0.914000272740001,54151.4375,26.31799936296,4815.01689389722,22.0516510009766,11.2417852401733,5,"consensus","detected"
"1.1","icl","pos","guanosine 5'-monophosphate","[M + H]+","consensus",464390.304399787,36.1120015383,3067.9921875,42.78600096702,35.4427976679829,193.256591796875,81.1091613769531,5,"consensus","detected"
"1.1","icl","pos","homocystine","[M + H]+","consensus",60104.1012467956,0.914000272739997,38767.4375,24.03400003908,8711.14652187598,22,4.4478,5,"consensus","detected"
"1.1","icl","pos","sarcosine","[M + H]+","consensus",NA,NA,NA,88.99899959562,1.15054958424958,43,37.3734436035156,4,"consensus","below_detection"
"1.2","icl","pos","(2R)-2-acetamidopropanoic acid","[M + H]+","consensus",6861.73795510591,62.71199941638,141.216064453125,66.36400222776,9.62106319593844,25.6049880981445,12.0164553543091,3,"consensus","detected"
"1.2","icl","pos","Acetylcarnosine","[M + H]+","consensus",7858016.08000838,0.68600177766,4973236,24.7100007534,142933.249763139,61.83740234375,34.7936828613281,5,"consensus","detected"
"1.2","icl","pos","D-erythronic acid","[M + Na]+","consensus",7576.20864878048,4.34000015262,1490.60546875,24.93799924848,97.4235085766655,27.0133666992188,15.0229869918823,5,"consensus","detected"
"1.2","icl","pos","L-alpha-aminobutyric acid","[M + H]+","consensus",14021.7965272193,0.914000272740001,6527.34375,23.79600048066,796.80759985075,20.5079803466797,8.1661316619873,5,"consensus","detected"
"1.2","icl","pos","L-homocitrulline","[M + H]+","consensus",527118.720542892,0.914000272740001,331607,23.5680001974,22364.629704573,29,14.826,5,"consensus","detected"
"1.2","icl","pos","L-homocitrulline","[M + Na]+","consensus",132729.410290168,0.91300070286,111667.125,23.11100006106,14633.8708515155,24.1457443237305,7.62908053436279,4,"consensus","detected"
"1.2","icl","pos","L-tryptophan","[M + H]+","consensus",NA,NA,NA,149.43099975588,1.34464976499539,94.9173278808594,94.5098682403564,2,"consensus","below_detection"
"1.2","icl","pos","N(4)-acetylcytidine","[M + H]+","consensus",NA,NA,NA,115.29499769208,0.935071026360614,40,58.8190612792969,4,"consensus","below_detection"
"1.2","icl","pos","N(4)-acetylcytidine","[M + K]+","consensus",NA,NA,NA,99.51099872592,1.03621338259605,63,131.694519042969,4,"consensus","below_detection"
"1.2","icl","pos","N(4)-acetylcytidine","[M + Na]+","consensus",NA,NA,NA,94.2560005188,4.91711090531953,23.5,9.05002975463867,4,"consensus","below_detection"
"1.2","icl","pos","N-acetyl-L-aspartic acid","[M + H]+","consensus",41225.1818659766,0.68500041966,2638.107421875,42.5289988518,160.840367528271,37.2919769287109,16.170166015625,3,"consensus","detected"
"1.2","icl","pos","N-acetyl-L-glutamine","[M + H]+","consensus",46978.8846201525,1.142000556,23237,26.53699994088,342.365705957052,183.170776367188,67.3368530273438,4,"consensus","detected"
"1.2","icl","pos","N-acetyl-L-glutamine","[M + Na]+","consensus",171.942276344735,0.457000136400001,226.532836914062,27.45100021362,16.3241563361393,23.7483367919922,12.4223571464539,3,"consensus","detected"
"1.2","icl","pos","N-acetylglycine","[M + H]+","consensus",5730.90952389059,34.28400099276,187.79345703125,30.8780014515,14.7164837223797,34.4480972290039,10.4199727798462,4,"consensus","detected"
"1.2","icl","pos","N-carbamoylglutamic acid","[M + H]+","consensus",11707.679563761,0.457000136400001,10022.4375,26.76599979402,709.873301599396,35.6333312988281,14.068431854248,3,"consensus","detected"
"1.2","icl","pos","N-carbamoylglutamic acid","[M + Na]+","consensus",81702.3575975312,0.457000136400001,41441.9375,26.76599979402,4333.7674464978,25.8030548095703,9.55661210632324,4,"consensus","detected"
"1.2","icl","pos","folic acid","[M + H]+","consensus",723.622006596421,6.39600276948002,158,185.6019973755,24.3076409505074,20.3329086303711,5.66353154754639,3,"consensus","detected"
"1.2","icl","pos","folic acid","[M + K]+","consensus",723.622006596421,6.39600276948002,158,185.6019973755,24.3076409505074,20.3329086303711,5.66353154754639,3,"consensus","detected"
"1.2","icl","pos","folic acid","[M + Na]+","consensus",53389.2917877499,23.30100059514,506.028564453125,175.47300338748,47.0136856545597,22.8412780761719,10.277587890625,2,"consensus","detected"
"1.2","icl","pos","kynurenine","[M + H]+","consensus",433184.228363305,28.34500193592,26584.859375,53.05499911308,2716.93739143805,26.5953063964844,9.77507400512695,5,"consensus","detected"
"1.2","icl","pos","kynurenine","[M + Na]+","consensus",48561.7873186941,26.74700081346,4638.40234375,52.14099884034,352.621099898888,25.7738800048828,13.0809769042969,5,"consensus","detected"
"1.3","icl","pos","2-aminoisobutyric acid","[M + H]+","consensus",NA,NA,NA,23.36700081828,1019.62204099748,44.5,17.2329174865723,1,"consensus","below_detection"
"1.3","icl","pos","D-alanine","[M + H]+","consensus",6510.60721711716,1.14300012588,2889.8125,22.91000068188,645.445501146634,19,4.4478,4,"consensus","detected"
"1.3","icl","pos","D-asparagine","[M + H]+","consensus",15399.8816585594,34.95299935344,147.41650390625,40.0440001488,15.843224691623,20.437614440918,8.01471240463257,2,"consensus","detected"
"1.3","icl","pos","D-asparagine","[M + Na]+","consensus",NA,NA,NA,52.1500003338,28.6116328307976,28.7891387939453,14.4001358032227,1,"consensus","below_detection"
"1.3","icl","pos","L-arginine","[M + H]+","consensus",319523.529327269,12.56399810316,3143.521484375,37.53099918366,97.9909541000779,69.6515197753906,31.3689155578613,5,"consensus","detected"
"1.3","icl","pos","L-arginine","[M + Na]+","consensus",617.326419996002,NA,310.01123046875,37.30199933052,32.4068807362724,27.3859558105469,8.72115020751953,4,"consensus","detected"
"1.3","icl","pos","L-cysteine","[M + H]+","consensus",16246.2174861241,2.28399932382,4234.390625,24.28099930284,297.551753565824,27.193603515625,14.139379019165,5,"consensus","detected"
"1.3","icl","pos","L-dopa","[M + H]+","consensus",53590.0818146412,1.82800054548,13974.46875,27.48000025752,1771.50327584478,24,7.87493251647949,3,"consensus","detected"
"1.3","icl","pos","L-ornithine","[M + H]+","consensus",15221.2107562259,4.34000015256,3791.84375,22.91000068188,346.584597004573,34.5527954101562,10.8409057617187,5,"consensus","detected"
"1.3","icl","pos","L-ornithine","[M + Na]+","consensus",4513.75351484192,0.457000136400001,1057.8232421875,22.22500026228,75.3130111081541,25.985481262207,13.7006573730469,2,"consensus","detected"
"1.3","icl","pos","N(2)-acetyl-L-lysine","[M + H]+","consensus",NA,NA,NA,30.6780016422,3556.81229732799,26.8326568603516,13.3193294677734,1,"consensus","below_detection"
"1.3","icl","pos","N(2)-acetyl-L-lysine","[M + Na]+","consensus",15517.0864197175,7.53899931912,989.31689453125,29.99299943448,55.0185509573901,30.6020965576172,17.4253007629395,5,"consensus","detected"
"1.3","icl","pos","N-acetyl-L-glutamic acid","[M + H]+","consensus",436.836227793641,NA,138,84.22199964522,5.75288410806332,27.035888671875,19.2884315490723,2,"consensus","detected"
"1.3","icl","pos","N-acetyl-beta-neuraminic acid","[M + Na]+","consensus",31576.6266010198,3.8829982281,1736.7353515625,33.64800095556,257.076759995299,22,6.67012977600098,4,"consensus","detected"
"1.3","icl","pos","N-carbamoylaspartic acid","[M + H]+","consensus",21849.7203474312,5.94000220296,1079.6337890625,29.308000803,159.968319280779,21,6.61777153015137,4,"consensus","detected"
"1.3","icl","pos","UDP","[M + H]+","consensus",54442.9955607813,38.67199838166,1203.95703125,48.95300030706,20.8480129103055,76,54.1038148864746,4,"consensus","detected"
"1.3","icl","pos","guanosine","[M + H]+","consensus",NA,NA,NA,64.78699922562,2.40057043153717,27.7322311401367,11.3588705841064,3,"consensus","below_detection"
"1.3","icl","pos","guanosine","[M + Na]+","consensus",470.513926187724,2.75799751278001,123.370483398438,67.98500061036,6.56848881868708,25.5,14.9,3,"consensus","detected"
"1.3","icl","pos","isocitric acid","[M + Na]+","consensus",NA,NA,NA,42.55700111388,29.3021792980671,25.8398208618164,12.081746673584,1,"consensus","below_detection"
"1.3","icl","pos","thiamine(1+) diphosphate","[M + H]+","consensus",55406.5688994516,9.36600208278,6633.2421875,43.47000002862,11.4344651607707,1509.47314453125,448.098706054687,4,"consensus","detected"
"1.4","icl","pos","2'-deoxyadenosine 5'-monophosphate","[M + H]+","consensus",674527.693601767,1.59900069234,242745.625,26.10499978068,11917.5829481643,38,20.3655075073242,5,"consensus","detected"
"1.4","icl","pos","2'-deoxyguanosine 5'-monophosphate","[M + H]+","consensus",287924.150305248,7.31200039386,14695.9921875,28.8470005989,296.650436848535,92.2044677734375,49.2289439208984,5,"consensus","detected"
"1.4","icl","pos","2'-deoxyguanosine 5'-monophosphate","[M + Na]+","consensus",49770.381780561,7.0829987526,4643.71484375,28.8470005989,273.373406520827,25.7232055664062,16.8926147460937,5,"consensus","detected"
"1.4","icl","pos","D-arabinitol","[M + H]+","consensus",1933.34407578118,3.19799959662,221.851196289062,24.73500072954,35.0791037846563,19,5.7826789855957,2,"consensus","detected"
"1.4","icl","pos","D-arabinitol","[M + Na]+","consensus",31109.5327513351,1.59900069234,18026.078125,23.36400032046,2207.55651925978,25,8.1543,5,"consensus","detected"
"1.4","icl","pos","D-lysine","[M + H]+","consensus",89190.5989895526,2.05700039862,25171.4375,21.53599977492,3173.46356798046,21.7387237548828,7.925,5,"consensus","detected"
"1.4","icl","pos","D-lysine","[M + Na]+","consensus",20082.8135848351,0.914000272740001,10397.59375,21.99299991132,1616.39262885372,19,6.42083709411621,5,"consensus","detected"
"1.4","icl","pos","L-homoarginine","[M + H]+","consensus",3663059.33240501,18.5200023651,4242.1875,36.84399962424,219.07523417154,32.6470642089844,19.2150447845459,5,"consensus","detected"
"1.4","icl","pos","L-homoarginine","[M + Na]+","consensus",194.12749122025,NA,127,46.45299911502,22.6110187091858,18.8915023803711,4.78123073577881,2,"consensus","detected"
"1.4","icl","pos","N(2)-phenylacetyl-L-glutamine","[M + H]+","consensus",268.587512911625,NA,299.155517578125,187.218003273,15.6657696240784,28.1845550537109,17.2970092773437,2,"consensus","detected"
"1.4","icl","pos","N(2)-phenylacetyl-L-glutamine","[M + K]+","consensus",1617471.05487534,9.37800407406002,6969.1953125,167.05800533292,252.507757143552,62.169677734375,27.3537166259766,5,"consensus","detected"
"1.4","icl","pos","N(2)-phenylacetyl-L-glutamine","[M + Na]+","consensus",4913038.86381375,9.60700035089999,15878.703125,167.05800533292,652.735246257353,45,24.2574661254883,5,"consensus","detected"
"1.4","icl","pos","N-acetyl-L-serine","[M + H]+","consensus",3244.24090967375,1.82699918748,685.78125,27.01900005342,94.7023091596965,20,7.03025360107422,2,"consensus","detected"
"1.4","icl","pos","N-acetyl-L-serine","[M + K]+","consensus",68579.4005914751,1.82699918748,16128.515625,24.2780005932,581.27904104565,70.3273315429688,27.6256103515625,5,"consensus","detected"
"1.4","icl","pos","N-benzoylglycine","[M + H]+","consensus",695.038034772371,3.42600345611999,146,169.1139936447,10.1600092254946,24.7054214477539,11.938431930542,4,"consensus","detected"
"1.4","icl","pos","N-benzoylglycine","[M + Na]+","consensus",33936.6656965725,18.97200107574,96.9158935546875,168.42800617218,11.7283459115854,20.4272689819336,6.5216890045166,2,"consensus","detected"
"1.4","icl","pos","O-phospho-L-serine","[M + H]+","consensus",71240.9520911326,41.87999904156,704.048828125,51.70699954032,34.1475171306971,36.5,19.5489711761475,4,"consensus","detected"
"1.4","icl","pos","O-phosphoethanolamine","[M + Na]+","consensus",13434.312093271,0.914000272799999,6822.265625,22.6789999008,764.565136134718,21,8.8956,5,"consensus","detected"
"1.4","icl","pos","citric acid","[M + H]+","consensus",NA,NA,NA,67.75699853898,3.63692080462348,28.5,17.1848669128418,2,"consensus","below_detection"
"1.4","icl","pos","creatine","[M + H]+","consensus",831795.414595573,8.91099929814,16537.625,29.30500030518,1504.0532036239,21.4066772460938,10.9811396850586,5,"consensus","detected"
"1.4","icl","pos","creatine","[M + Na]+","consensus",7788.93802715811,29.26800012588,283.40234375,29.53400015832,24.2547066165139,25,10.653699005127,5,"consensus","detected"
"1.4","icl","pos","glutathione disulfide","[M + H]+","consensus",818840.470394451,18.9770025015,1976.181640625,40.74200034144,106.702432505283,28.3867874145508,18.2544559432983,4,"consensus","detected"
"1.4","icl","pos","glycine","[M + H]+","consensus",NA,NA,NA,NA,NA,NA,NA,0,"consensus","no_data"
"1.4","icl","pos","uridine","[M + H]+","consensus",2137.56642152855,16.23400211334,251.088745117188,89.0249991417,8.51027173012242,47.6440124511719,23.9057857513428,4,"consensus","detected"
"1.4","icl","pos","uridine","[M + Na]+","consensus",NA,NA,NA,97.48000144956,8.15960447222724,24.4664535522461,8.20403596343994,1,"consensus","below_detection"
"1.5","icl","pos","(2R)-2-amino-3-methoxypropanoic acid","[M + H]+","consensus",11469.6542508966,21.27700120212,107,30.91200113298,7.94664395994282,25.5,10.2559017883301,5,"consensus","detected"
"1.5","icl","pos","3-amino-L-alanine","[M + H]+","consensus",5882.03140093904,3.88300001622,1985.4189453125,22.46100068094,442.110469290998,19,4.4478,3,"consensus","detected"
"1.5","icl","pos","3-amino-L-alanine","[M + Na]+","consensus",729.270748884001,NA,339.35693359375,22.2320008278,32.3088268627619,28,9.6369,3,"consensus","detected"
"1.5","icl","pos","D-arginine","[M + H]+","consensus",2586032.36261119,12.34600067136,15019.078125,30.91200113298,360.386648588748,76.3312072753906,41.4630979705811,5,"consensus","detected"
"1.5","icl","pos","D-arginine","[M + Na]+","consensus",59491.1966245533,32.24500134588,139,32.51099824908,16.2389539614973,21.865234375,7.213196484375,3,"consensus","detected"
"1.5","icl","pos","L-alanine","[M + H]+","consensus",2899.75455219391,5.48200070856,349.740234375,26.34400069716,20.7547659135001,27,15.5501746307373,5,"consensus","detected"
"1.5","icl","pos","L-cystine","[M + H]+","consensus",50607.0171866998,4.11199986936,12991.9140625,22.91699945928,1117.95265592378,23.6632537841797,11.6,5,"consensus","detected"
"1.5","icl","pos","L-glutamic acid","[M + H]+","consensus",20148.7490109151,3.65500152114,4763.578125,23.37399959562,389.463712920497,19,12.182336807251,5,"consensus","detected"
"1.5","icl","pos","L-glutamine","[M + H]+","consensus",28122.9332509904,0.685000419599998,18757.171875,22.91699945928,2066.32374377433,24.8280639648438,9.06554157714844,5,"consensus","detected"
"1.5","icl","pos","L-glutamine","[M + Na]+","consensus",28122.9332509904,0.685000419599998,18757.171875,22.91699945928,2066.32374377433,24.8280639648438,9.06554157714844,5,"consensus","detected"
"1.5","icl","pos","L-serine","[M + H]+","consensus",NA,NA,NA,46.44499897956,0.959089656879079,24.8900909423828,10.5411511688232,5,"consensus","below_detection"
"1.5","icl","pos","N,N,N-trimethylglycinium","[M + H]+","consensus",1066.06725038857,6.40997886653997,327.1708984375,400.68700790406,12.8844736583165,53.0405883789062,21.2760192871094,2,"consensus","detected"
"1.5","icl","pos","N-acetyl-L-alanine","[M + H]+","consensus",NA,NA,NA,35.70899963376,88.0613884076116,24,5.9304,1,"consensus","below_detection"
"1.5","icl","pos","N-acetyl-L-alanine","[M + Na]+","consensus",6152.12946551543,11.8779999018,915.53369140625,35.93700170514,142.671612371962,21.3295974731445,6.26756843261719,5,"consensus","detected"
"1.5","icl","pos","N-acetyl-L-tyrosine","[M + H]+","consensus",135272.355229264,8.68100166324001,8274.0390625,129.78900432588,177.08339753157,48.5909729003906,46.4495723724365,5,"consensus","detected"
"1.5","icl","pos","alpha-D-glucose 1-phosphate","[M + Na]+","consensus",47413.3030825407,0.912998914679999,19541.96875,22.91699945928,2012.66101426893,24,9.69759368896484,5,"consensus","detected"
"1.5","icl","pos","cysteic acid","[M + H]+","consensus",92003.6089369021,10.963999629,11315.2109375,27.94299960138,1360.8687876506,20,8.3,5,"consensus","detected"
"1.5","icl","pos","cysteic acid","[M + K]+","consensus",18421.3547627975,1.37099862096,3084.85546875,23.37399959562,313.911122308936,24.0447998046875,9.75056457519531,5,"consensus","detected"
"1.5","icl","pos","cytidine","[M + H]+","consensus",592307.754954404,7.9950016737,1344.6767578125,31.14100098612,124.62823946493,25.517204284668,10.5847563858032,3,"consensus","detected"
"1.6","icl","pos","(6S)-5-formyltetrahydrofolic acid","[M + H]+","consensus",836.91969655277,NA,103,164.10199642182,15.1282741598887,20.1726989746094,5.475,2,"consensus","detected"
"1.6","icl","pos","(6S)-5-formyltetrahydrofolic acid","[M + K]+","consensus",836.91969655277,NA,103,164.10199642182,15.1282741598887,20.1726989746094,5.475,2,"consensus","detected"
"1.6","icl","pos","(6S)-5-formyltetrahydrofolic acid","[M + Na]+","consensus",836.91969655277,NA,103,164.10199642182,15.1282741598887,20.1726989746094,5.475,2,"consensus","detected"
"1.6","icl","pos","3-chloro-L-tyrosine","[M + H]+","consensus",1192208.83647008,28.80900084972,81934.125,54.22999978068,13652.3541666667,20,6,5,"consensus","detected"
"1.6","icl","pos","D-serine","[M + H]+","consensus",2558.61343392783,21.71800017354,106.951171875,28.61900031564,10.7517116055167,19.3247222900391,8.15,5,"consensus","detected"
"1.6","icl","pos","L-arabinitol","[M + H]+","consensus",1685.9146616137,0.685000419600001,384.442138671875,26.79099977016,31.7651403963933,31.2296600341797,11.1195,3,"consensus","detected"
"1.6","icl","pos","L-arabinitol","[M + Na]+","consensus",34363.443766635,1.37100040914,17122.90625,23.59300017354,3012.27524565954,21.9127349853516,5.67710189819335,5,"consensus","detected"
"1.6","icl","pos","L-histidine","[M + H]+","consensus",1729293.36418475,17.60099887848,3544.95703125,35.47099828722,109.7606020566,43.8826141357422,31.8973689239502,5,"consensus","detected"
"1.6","icl","pos","L-histidine","[M + Na]+","consensus",195386.18572476,26.05600029234,178.086303710938,36.8530011177,25.4844258230947,19,6.24249119110107,4,"consensus","detected"
"1.6","icl","pos","L-methionine S-oxide","[M + H]+","consensus",100250.952454593,14.16300058362,439.631103515625,31.58800005912,52.8154858785962,23.7091522216797,7.875,5,"consensus","detected"
"1.6","icl","pos","L-threonine","[M + H]+","consensus",14232.6350213168,1.37100040914,5695.47265625,23.1360000372,1057.16397084023,20.9989471435547,5.36763819580078,5,"consensus","detected"
"1.6","icl","pos","N(alpha)-acetyl-L-arginine","[M + H]+","consensus",20005762.7355207,6.39600098136,411842,28.61900031564,8318.52395629489,102.465637207031,49.4967059692383,5,"consensus","detected"
"2.1","icl","pos","2'-deoxyguanosine","[M + H]+","consensus",622.169426166511,2.96899795536,193.028564453125,57.6479995251,14.4328936023106,23,11.7806289672852,3,"consensus","detected"
"2.1","icl","pos","2'-deoxyguanosine","[M + Na]+","consensus",622.169426166511,2.96899795536,193.028564453125,57.6479995251,14.4328936023106,23,11.7806289672852,3,"consensus","detected"
"2.1","icl","pos","3-hydroxybenzyl alcohol","[M + H]+","consensus",610.377146318158,NA,222.987182617188,111.18900060654,9.55791297325721,36.6078796386719,19.5,2,"consensus","detected"
"2.1","icl","pos","3-hydroxybenzyl alcohol","[M + Na]+","consensus",NA,NA,NA,130.44899940492,1.92945002979861,41.7914581298828,37.0260566711426,4,"consensus","below_detection"
"2.1","icl","pos","5-aminoimidazole-4-carboxamide","[M + H]+","consensus",24059.9355867419,1.37100040914,5839.22265625,24.04299974442,144.337810418801,55.6663360595703,40.0695860870361,5,"consensus","detected"
"2.1","icl","pos","5-methyl-2'-deoxycytidine","[M + H]+","consensus",585203.761618518,8.90899837014,16414.53125,32.03799963,1098.02563014757,29.0370330810547,14.922688293457,5,"consensus","detected"
"2.1","icl","pos","9H-xanthine","[M + H]+","consensus",NA,NA,NA,71.42699718474,2.43181964148026,56.7148132324219,66.7726570129394,2,"consensus","below_detection"
"2.1","icl","pos","L-leucine","[M + H]+","consensus",590.777949564862,2.96999931336,161,58.79099965098,7.13836053779397,34,17.7912,3,"consensus","detected"
"2.1","icl","pos","L-phenylalanine","[M + H]+","consensus",3472817.48053461,42.33899831772,237168,92.67800331114,44.6324231847032,258.299560546875,5308.01788330078,5,"consensus","detected"
"2.1","icl","pos","L-phenylalanine","[M + Na]+","consensus",3668139.54133449,42.33899831772,237168,92.67800331114,44.6455966703545,244.477661132812,5306.7612487793,5,"consensus","detected"
"2.1","icl","pos","dopamine","[M + H]+","consensus",21053.5813207948,13.47700059414,1206.9267578125,32.95199990274,139.878334962883,22,8.47112426757812,4,"consensus","detected"
"2.1","icl","pos","ethylmalonic acid","[M + H]+","consensus",NA,NA,NA,124.9630022049,4.72143531633617,25,7.413,4,"consensus","below_detection"
"2.1","icl","pos","ethylmalonic acid","[M + Na]+","consensus",378.036558977737,4.17200088498001,130,122.90499687192,12.0284185439993,23,8.8956,3,"consensus","detected"
"2.1","icl","pos","methylmalonic acid","[M + Na]+","consensus",NA,NA,NA,99.53199863436,2.55265148520926,33.5697860717773,25.6322550521851,4,"consensus","below_detection"
"2.1","icl","pos","pyridoxamine","[M + H]+","consensus",363302.804637362,1.37000083926,185543.625,21.53100013734,4903.74013783308,100,37.8167724609375,5,"consensus","detected"
"2.1","icl","pos","pyridoxamine","[M + Na]+","consensus",15056.9348754903,0.684998631479999,11252.109375,22.4440008402,909.66736170151,23.5104522705078,12.3436317443848,5,"consensus","detected"
"2.1","icl","pos","tricaproin","[M + H]+","consensus",309946.707302058,19.88903045658,1830.8134765625,574.33702468872,20.7810341781497,129.37548828125,81.8745580078125,4,"consensus","detected"
"2.10","icl","pos","(5-hydroxyindol-3-yl)acetic acid","[M + H]+","consensus",962177.208579924,18.52699756626,1168.5029296875,158.81299495698,128.583467672977,24.6758346557617,8.8956,3,"consensus","detected"
"2.10","icl","pos","(5-hydroxyindol-3-yl)acetic acid","[M + K]+","consensus",1102.18613199271,6.85199260709999,249.781616210938,167.49499797822,22.5600759364871,20,10.1853210449219,3,"consensus","detected"
"2.10","icl","pos","(S)-2-hydroxy-4-methylpentanoic acid","[M + H]+","consensus",241.603686837535,1.3700008392,284.0703125,219.92400169374,11.2398892391374,38.1625061035156,21.8781343093872,3,"consensus","detected"
"2.10","icl","pos","2-hydroxy-2-methylbutyric acid","[M + Na]+","consensus",522.806332081548,4.79799270629999,112.94140625,234.10200119016,7.03631158919543,27,12.2139852905273,2,"consensus","detected"
"2.10","icl","pos","3-methoxytyramine","[M + H]+","consensus",38113.7754898251,18.2799983025,2977.6171875,44.1519999504,290.73514080331,20,10.172891998291,5,"consensus","detected"
"2.10","icl","pos","4-hydroxy-L-proline","[M + H]+","consensus",810859.415397154,10.7359993458,8389.2265625,30.89699864388,839.690817906658,23.2776260375977,9.96313018798828,5,"consensus","detected"
"2.10","icl","pos","4-hydroxy-L-proline","[M + Na]+","consensus",17545.8258666632,8.22399795054,352.228759765625,30.66799879074,46.1751847028511,21,7.17330665588379,5,"consensus","detected"
"2.10","icl","pos","7,9-dihydro-1H-purine-2,6,8(3H)-trione","[M + H]+","consensus",46264.722790195,0.228999853139999,34605.46875,26.55700027944,559.304110903603,82.46240234375,61.7249286651611,3,"consensus","detected"
"2.10","icl","pos","L-pipecolic acid","[M + H]+","consensus",216006.945245223,3.65499794484,33269.8125,28.61299932006,2479.52176800247,29.2670822143555,13.4060308914185,4,"consensus","detected"
"2.10","icl","pos","N-isovalerylglycine","[M + H]+","consensus",730.299985822616,8.45699787138001,127.005493164062,131.6000032425,5.66770706202169,32.2736511230469,16.7143151550293,5,"consensus","detected"
"2.10","icl","pos","N-isovalerylglycine","[M + Na]+","consensus",NA,NA,NA,154.23099517824,0.907429105191616,82.234130859375,110.872583007812,3,"consensus","below_detection"
"2.10","icl","pos","alpha-D-mannose","[M + Na]+","consensus",2574.95456158478,21.77599668498,212.41357421875,75.06400108338,14.7674416702267,26.3127975463867,12.6021,3,"consensus","detected"
"2.10","icl","pos","glycinamide","[M + H]+","consensus",5022.74507922474,10.0520002842,96.9241943359375,31.3540005684,5.55895400090416,20.0716552734375,13.825,2,"consensus","detected"
"2.10","icl","pos","glycinamide","[M + Na]+","consensus",19895.0876327851,29.92999970916,314.60205078125,29.29799973966,49.8452129335711,19,5.9304,4,"consensus","detected"
"2.10","icl","pos","quinolinic acid","[M + H]+","consensus",12840.8637731035,34.72800135612,531.10205078125,50.54700136182,12.1215375862309,46.295166015625,39.9954940795898,4,"consensus","detected"
"2.10","icl","pos","trans-urocanic acid","[M + H]+","consensus",5072070.06310773,13.71299922462,17707.09375,35.23699879644,411.484603141048,68.522216796875,42.8656902313232,5,"consensus","detected"
"2.10","icl","pos","uracil","[M + H]+","consensus",2702.78271431267,11.655998826,537,26.55700027944,195.933077128493,22,2.62844848632812,2,"consensus","detected"
"2.2","icl","pos","2-oxobutanoic acid","[M + H]+","consensus",2462.55561747136,32.22199916838,175,95.64899682996,52.1757577390741,21,2.95156230926514,3,"consensus","detected"
"2.2","icl","pos","2-oxobutanoic acid","[M + K]+","consensus",316.424826862071,0.68600177766001,359.38671875,109.81500148776,7.84811264556965,70.8954162597656,36.7593223388672,2,"consensus","detected"
"2.2","icl","pos","3,3',5-triiodo-L-thyronine","[M + H]+","consensus",10090796.543095,46.44301414488,1537.755859375,308.18799018858,28.716135962194,77,50.868816796875,5,"consensus","detected"
"2.2","icl","pos","3-iodo-L-tyrosine","[M + H]+","consensus",2647902.84701898,51.93599939346,527.59130859375,116.90299987794,5.22750958137159,105.544494628906,80.7357322631836,4,"consensus","detected"
"2.2","icl","pos","5-methoxysalicylic acid","[M + H]+","consensus",8234.88611467731,1.37100219726003,3147.7421875,238.60699653624,193.434238787952,30.6532135009766,16.1144634658813,5,"consensus","detected"
"2.2","icl","pos","5-oxo-L-proline","[M + H]+","consensus",44993.1500674066,6.1680006981,7751.3046875,32.2699999809,528.948633085896,30.8447723388672,14.5958594696045,5,"consensus","detected"
"2.2","icl","pos","L-methionine","[M + H]+","consensus",109153.756920248,7.08199918272,5520.50390625,31.12800121308,244.569973780767,36.0877380371094,22.424732208252,5,"consensus","detected"
"2.2","icl","pos","N,N-dimethyl-beta-alanine","[M + H]+","consensus",1547.80330786363,1.37100219726,328.1357421875,207.98000335692,10.7448142223148,42.9344482421875,26.5431572891235,3,"consensus","detected"
"2.2","icl","pos","N,N-dimethyl-beta-alanine","[M + Na]+","consensus",4602.50327432359,7.38099575039999,732.4970703125,181.9339942932,10.550010609209,84,61.4688548034668,4,"consensus","detected"
"2.2","icl","pos","N-acetyl-L-phenylalanine","[M + H]+","consensus",NA,NA,NA,259.6800041199,4.03223857636993,52.1753540039062,56.8385173797607,4,"consensus","below_detection"
"2.2","icl","pos","N-acetyl-L-phenylalanine","[M + Na]+","consensus",1761.22506193669,1.14200592036002,919.57177734375,241.40599250796,37.9381509510326,32.195671081543,23.3900726318359,3,"consensus","detected"
"2.2","icl","pos","N-acetyl-L-proline","[M + H]+","consensus",NA,NA,NA,75.76199769972,0.741711346791654,110.207305908203,2033.9545211792,5,"consensus","below_detection"
"2.2","icl","pos","alloxanthine","[M + H]+","consensus",24988.904967289,2.52699851994,5487.6875,34.79799985884,682.68540763855,26.2042388916016,8,5,"consensus","detected"
"2.2","icl","pos","biotin","[M + H]+","consensus",4938802.29313543,1.88499927522,1502482,180.84799289706,40732.2805421759,52.8344116210938,36.88546640625,4,"consensus","detected"
"2.2","icl","pos","biotin","[M + Na]+","consensus",1117.86271206531,5.71600914006001,253.24658203125,191.30500316622,13.5053934875919,27,16.7523132324219,3,"consensus","detected"
"2.2","icl","pos","corticosterone","[M + H]+","consensus",11287417.6365506,11.19300842286,6629.95703125,310.9289932251,144.588939944546,95.246337890625,45.1950937316895,5,"consensus","detected"
"2.2","icl","pos","kynurenic acid","[M + H]+","consensus",13796769.1456484,46.46100282672,40593.21875,148.73600006106,228.563347725322,313.240600585938,176.23113482666,5,"consensus","detected"
"2.2","icl","pos","kynurenic acid","[M + Na]+","consensus",13797352.1927523,46.46100282672,40593.21875,148.73600006106,222.261682037948,318.098999023438,181.205862304687,5,"consensus","detected"
"2.2","icl","pos","trans-3-coumaric acid","[M + H]+","consensus",4028.09079802732,0.685000419600016,1294.490234375,230.84000587464,80.6048222551886,28.1608123779297,15.7103432098389,5,"consensus","detected"
"2.2","icl","pos","trans-3-coumaric acid","[M + Na]+","consensus",NA,NA,NA,255.34000396728,31.4017918085842,24,9.21816177368164,1,"consensus","below_detection"
"2.2","icl","pos","tyramine","[M + H]+","consensus",NA,NA,NA,81.01700305938,1.62445719233832,39.3458862304688,49.008821105957,3,"consensus","below_detection"
"2.2","icl","pos","tyramine","[M + Na]+","consensus",NA,NA,NA,69.82400178912,14.6569792731988,26,15.4608345031738,1,"consensus","below_detection"
"2.3","icl","pos","(R)-adrenaline","[M + H]+","consensus",113883.381089629,2.75500059132,32133.140625,24.2599993944,3106.16050360708,25.0278472900391,10.3369136077881,4,"consensus","detected"
"2.3","icl","pos","2'-deoxyinosine","[M + H]+","consensus",226257.84143712,15.57900130746,14069.4453125,40.99399924278,1175.18782052361,27.2919998168945,11.9488587844849,5,"consensus","detected"
"2.3","icl","pos","2'-deoxyinosine","[M + K]+","consensus",87226.2192912062,15.12199938294,10155.9453125,39.62300062182,682.985654424659,30,14.826,5,"consensus","detected"
"2.3","icl","pos","2'-deoxyinosine","[M + Na]+","consensus",224945.138294969,15.57900130746,14069.4453125,40.99399924278,1203.40483641486,26.5,11.66934425354,5,"consensus","detected"
"2.3","icl","pos","2'-deoxyuridine","[M + H]+","consensus",651.907198141585,2.74099946022,252.7158203125,34.81099963188,14.3782316842374,33.60009765625,15.2394068664551,3,"consensus","detected"
"2.3","icl","pos","2'-deoxyuridine","[M + K]+","consensus",21443.0280816142,9.6240001917,3977.34765625,35.72499990462,92.5583590587406,48.7550811767578,42.4444924804687,5,"consensus","detected"
"2.3","icl","pos","2-hydroxy-3-methylbutyric acid","[M + Na]+","consensus",NA,NA,NA,129.14999485014,4.98328327909734,36.0972290039062,25.6535543060303,3,"consensus","below_detection"
"2.3","icl","pos","2-hydroxy-4-(methylthio)butanoic acid","[M + H]+","consensus",NA,NA,NA,120.4079961777,13.8197807304668,51.5120697021484,29.9591368240356,1,"consensus","below_detection"
"2.3","icl","pos","2-hydroxy-4-(methylthio)butanoic acid","[M + Na]+","consensus",202.228370367894,NA,160,137.61600494382,6.47640590506315,33.4012756347656,19.5476821899414,4,"consensus","detected"
"2.3","icl","pos","6-hydroxynicotinic acid","[M + H]+","consensus",1114478.43108062,16.4920002222,146825,40.99399924278,4773.47824986652,39.0870666503906,30.7503051757812,5,"consensus","detected"
"2.3","icl","pos","L-isoglutamine","[M + H]+","consensus",4646.77142099315,0.457000136340003,2385.2734375,27.24300026892,189.456580293837,23,12.4686798095703,4,"consensus","detected"
"2.3","icl","pos","L-isoglutamine","[M + Na]+","consensus",5443.94453058617,0.2280002832,2385.2734375,27.24300026892,176.96190157681,24,13.3434,3,"consensus","detected"
"2.3","icl","pos","L-proline","[M + H]+","consensus",89019.1055507487,22.23300039768,578.0341796875,45.12200117112,34.5230064601765,35.2796936035156,15.7215301254272,5,"consensus","detected"
"2.3","icl","pos","N-acetyl-L-leucine","[M + H]+","consensus",738.754008281218,3.88300895693999,239.669311523438,236.8830013275,5.33710238090055,84.0357055664062,29.160693359375,4,"consensus","detected"
"2.3","icl","pos","N-acetyl-L-tryptophan","[M + H]+","consensus",1639.10261307191,NA,1321.2490234375,232.54300117494,96.995445196689,27,13.3434,3,"consensus","detected"
"2.3","icl","pos","N-acetyl-L-tryptophan","[M + Na]+","consensus",1481667.92512101,28.56598377228,435.39111328125,233.0000066757,20.4852713202094,33.2242126464844,19.6320026397705,3,"consensus","detected"
"2.3","icl","pos","N-acetylserotonin","[M + H]+","consensus",2359057.2641565,21.96001052856,1060.7548828125,173.29400539398,57.9254106629317,39.2467193603516,17.6348885879517,5,"consensus","detected"
"2.3","icl","pos","N-acetylserotonin","[M + Na]+","consensus",5238733.26520051,16.70599937442,12961.5625,173.52300167082,167.467268520508,110.984100341797,76.7348659423828,5,"consensus","detected"
"2.3","icl","pos","gamma-aminobutyric acid","[M + H]+","consensus",6074.40935535223,1.8270009756,736.6611328125,25.41599929332,150.474697290198,22,4.74937744140625,3,"consensus","detected"
"2.3","icl","pos","imidazol-4-ylacetic acid","[M + H]+","consensus",312108.091761632,9.39400076868,5025.90234375,29.07100081446,211.576240952068,21.9470062255859,23.6508377075195,5,"consensus","detected"
"2.3","icl","pos","imidazol-4-ylacetic acid","[M + Na]+","consensus",308902.338782952,9.39400076868,5025.90234375,29.07100081446,111.490666069502,45.21875,44.673547744751,5,"consensus","detected"
"2.3","icl","pos","serotonin","[M + H]+","consensus",147153.674508199,21.9910007715,5531.359375,44.6649992466,341.439354844062,40.2196960449219,16.082327947998,5,"consensus","detected"
"2.3","icl","pos","taurocyamine","[M + H]+","consensus",457835.441388767,1.14199876782,216824.75,23.80299925806,11371.1815497836,33,19.0650152801514,5,"consensus","detected"
"2.3","icl","pos","trans-3-hexenedioic acid","[M + H]+","consensus",327.340420919382,2.51199960708,165.825805664062,82.00100183484,8.36808791791366,29,16.3509044128418,2,"consensus","detected"
"2.3","icl","pos","trans-3-hexenedioic acid","[M + Na]+","consensus",NA,NA,NA,81.08799934386,1.24182777792798,122.366119384766,154.102089691162,3,"consensus","below_detection"
"2.4","icl","pos","(R)-carnitine","[M + H]+","consensus",9578454.77673057,30.39699912072,6790.28515625,46.4590001106,108.625852972954,105.366271972656,61.5407723052978,5,"consensus","detected"
"2.4","icl","pos","(S)-methylsuccinic acid","[M + H]+","consensus",127.208400667957,NA,356.58642578125,107.56100177766,6.08785998998383,76.5081787109375,46.0060263427734,3,"consensus","detected"
"2.4","icl","pos","1-hexadecanoyl-sn-glycero-3-phosphocholine","[M + H]+","consensus",27978190.1024527,21.0970115661599,62176.1875,437.72300720214,61.8443735070082,1518.01806640625,980.81953125,5,"consensus","detected"
"2.4","icl","pos","1-hexadecanoyl-sn-glycero-3-phosphocholine","[M + Na]+","consensus",2140135.69041194,22.23901748658,8080.87890625,437.4950122833,60.6223321404077,223.660766601562,129.609301757813,5,"consensus","detected"
"2.4","icl","pos","2'-deoxyadenosine","[M + H]+","consensus",NA,NA,NA,69.6140027046,0.0282156667538961,71.2379150390625,3481.29036140442,2,"consensus","below_detection"
"2.4","icl","pos","2-Methyl-4-pentenoic acid","[M + H]+","consensus",5247.62339934803,1.82802200316004,2143.912109375,253.77699851988,130.020337745116,36.0454711914062,16.2118225097656,5,"consensus","detected"
"2.4","icl","pos","3-methylbut-2-enoic acid","[M + H]+","consensus",2069.79689655671,NA,327.26513671875,610.24698257448,78.8823586869429,19,3.90790972595215,3,"consensus","detected"
"2.4","icl","pos","4-guanidinobutanoic acid","[M + H]+","consensus",4415851.67884515,11.4209997654,52196.4375,32.96600103378,499.05922502103,203.113891601562,104.182672119141,5,"consensus","detected"
"2.4","icl","pos","5,6-dihydroxyindole-2-carboxylic acid","[M + H]+","consensus",NA,NA,NA,148.06500434874,0.468410358139271,62.0325622558594,327.593679428101,2,"consensus","below_detection"
"2.4","icl","pos","5,6-dimethylbenzimidazole","[M + H]+","consensus",59825707.5104814,49.42299842832,13824.9375,204.35400009156,12.9623481616334,2739.318359375,855.21689453125,5,"consensus","detected"
"2.4","icl","pos","5-methoxytryptamine","[M + H]+","consensus",11673.5320831591,1.38400554660004,4216.37890625,207.56599903104,52.4503014061618,63.9254150390625,79.1692970275879,5,"consensus","detected"
"2.4","icl","pos","Dimethyl adipate","[M + H]+","consensus",3445054.19410396,3.44000816345999,549205.5,153.33200454714,84.9287310559848,11365.484375,6332.83941650391,5,"consensus","detected"
"2.4","icl","pos","Homocysteine thiolactone","[M + H]+","consensus",3161.07831014583,1.142000556,2128.8671875,27.71200060842,43.3064998347959,101.57470703125,46.8126606445312,4,"consensus","detected"
"2.4","icl","pos","L-tryptophanamide","[M + H]+","consensus",612385.153720308,19.49200630188,22590.953125,78.75100135806,316.016185987367,105.394653320312,71.1531860351563,5,"consensus","detected"
"2.4","icl","pos","N-acetyl-alpha-D-galactosamine","[M + H]+","consensus",NA,NA,NA,32.05200076104,26.0290608723958,19.8319702148438,7.5,1,"consensus","below_detection"
"2.4","icl","pos","citraconic acid","[M + H]+","consensus",6281.34642477686,31.31799817086,232.334594726562,51.9420003891,34.2900583837757,20.2844772338867,6.18401156158447,3,"consensus","detected"
"2.4","icl","pos","citraconic acid","[M + K]+","consensus",52601.2056691731,26.5130013228,1688.25390625,46.68699860574,143.238889951137,24.7643814086914,11.6133930206299,5,"consensus","detected"
"2.4","icl","pos","cortisol","[M + H]+","consensus",7778829.0240281,15.76300621032,2656.7734375,279.1450023651,81.7038431627979,58.2776794433594,31.8038375854492,5,"consensus","detected"
"2.4","icl","pos","cortisol","[M + Na]+","consensus",1334.05650566003,0.227994918839954,522.7265625,283.48600387572,16.5912164585116,47.5081939697266,28.6427682815552,2,"consensus","detected"
"2.4","icl","pos","creatinine","[M + H]+","consensus",448201.231374308,4.5690000057,149039.75,23.37200045586,3776.63601034098,51.5595245361328,39.4499734863281,5,"consensus","detected"
"2.4","icl","pos","phosphoenolpyruvic acid","[M + K]+","consensus",52601.2056691731,26.5130013228,1688.25390625,46.68699860574,143.238889951137,24.7643814086914,11.6133930206299,5,"consensus","detected"
"2.5","icl","pos","2-phenylethylamine","[M + H]+","consensus",48011.6941148277,36.17999911308,932.0087890625,80.8039999008,20.4209936193756,54,42.9954,5,"consensus","detected"
"2.5","icl","pos","3-hydroxybenzoic acid","[M + H]+","consensus",687.067125043789,NA,329.305908203125,201.1540031433,13.7440715979407,28.4118347167969,21.8926445007324,4,"consensus","detected"
"2.5","icl","pos","3-hydroxybenzoic acid","[M + Na]+","consensus",1550.9724018461,18.51499557498,131.3837890625,196.58500671384,9.20557551454258,22.9881057739258,11.7750034332275,2,"consensus","detected"
"2.5","icl","pos","5-aminolevulinic acid","[M + H]+","consensus",2934.14315027279,21.25999867914,170.432983398438,45.99499940874,11.1082872490292,19.3946914672852,13.5969018936157,3,"consensus","detected"
"2.5","icl","pos","5-aminolevulinic acid","[M + Na]+","consensus",NA,NA,NA,47.59400010108,2.96322670409841,43.0919189453125,59.3636932373047,1,"consensus","below_detection"
"2.5","icl","pos","5-hydroxymethyl-2-furoic acid","[M + H]+","consensus",5595.93726610181,24.22400236128,331.602294921875,95.19599676132,12.214321377221,48,23.2188335449219,4,"consensus","detected"
"2.5","icl","pos","5-hydroxymethyl-2-furoic acid","[M + Na]+","consensus",NA,NA,NA,74.6199989319,3.09091253880517,35,17.4705687469482,3,"consensus","below_detection"
"2.5","icl","pos","5-oxo-L-proline","[M + Na]+","consensus",2160.15663654054,10.76700031758,294.243408203125,30.90299963952,29.2655878481658,25,9.19999999999999,3,"consensus","detected"
"2.5","icl","pos","N-acetyl-L-valine","[M + H]+","consensus",NA,NA,NA,153.54499340058,-0.191350235397809,201.043090820312,281.433126068115,3,"consensus","below_detection"
"2.5","icl","pos","N-acetyl-L-valine","[M + Na]+","consensus",NA,NA,NA,128.17600250244,2.84424709498902,80.4087219238281,137.478018188477,2,"consensus","below_detection"
"2.5","icl","pos","N-carbamoyl-beta-alanine","[M + H]+","consensus",18964.1581449902,21.27499938012,587.88232421875,34.11599993706,59.0222375584617,22.8149108886719,9.57380534362793,3,"consensus","detected"
"2.5","icl","pos","N-carbamoyl-beta-alanine","[M + Na]+","consensus",10697.7331025596,10.76700031752,417.278564453125,30.67500114438,50.5545699205273,27,7.7199462890625,5,"consensus","detected"
"2.5","icl","pos","Phenylglyoxal","[M + H]+","consensus",610491.248550919,6.69600963594002,59504.53125,180.29600143434,215.692496740439,464.850341796875,273.721533203125,5,"consensus","detected"
"2.5","icl","pos","Phenylglyoxal","[M + Na]+","consensus",610916.906723041,6.69600963594002,59504.53125,180.29600143434,220.701322929098,473.727294921875,267.469189453125,5,"consensus","detected"
"2.5","icl","pos","cis-4-hydroxy-D-proline","[M + H]+","consensus",392008.292623592,4.5679986477,10735.1171875,26.31900072096,440.482434420001,42.6270751953125,24.2744983154297,4,"consensus","detected"
"2.5","icl","pos","cis-4-hydroxy-D-proline","[M + Na]+","consensus",51869.747242488,11.90900087358,751.70556640625,26.09100043776,59.6681462357684,28.5,12.1204631286621,3,"consensus","detected"
"2.5","icl","pos","hypoxanthine","[M + H]+","consensus",6281723.19636087,10.53900003432,407613.75,31.58800005912,3799.04468403901,186.446105957031,107.244672747803,5,"consensus","detected"
"2.5","icl","pos","inosine","[M + H]+","consensus",107643.083099897,10.76699852946,6056.6875,35.94400048254,1210.43654706164,20,4.98719863891602,5,"consensus","detected"
"2.5","icl","pos","picolinic acid","[M + H]+","consensus",110738.038040047,0.914000272740001,49622.25,26.31900072096,1304.56977408232,61,37.9904938659668,3,"consensus","detected"
"2.5","icl","pos","picolinic acid","[M + Na]+","consensus",NA,NA,NA,24.49100017548,165.451248728031,19,4.66801910400391,1,"consensus","below_detection"
"2.5","icl","pos","pyridin-2-ol","[M + H]+","consensus",301182.513462325,17.16399908064,24365.34375,40.05599856378,244.007864466068,199,99.0392002441406,5,"consensus","detected"
"2.5","icl","pos","pyridoxal","[M + H]+","consensus",723722.447168712,22.18899965286,15523.46875,41.65499925612,96.5329753767854,224.029663085938,158.489252270508,5,"consensus","detected"
"2.5","icl","pos","trans-cinnamic acid","[M + H]+","consensus",5437.80139725653,0.91300964358004,3865.8046875,341.1460018158,9.1247715175905,390.516967773438,380.862985229492,5,"consensus","detected"
"2.5","icl","pos","xanthurenic acid","[M + H]+","consensus",7344936.86790512,55.15199661252,5376.97265625,147.60599613192,19.5854216148828,723.808837890625,237.583030371094,5,"consensus","detected"
"2.6","icl","pos","3-methyladipic acid","[M + H]+","consensus",771.817528245324,0.228996276840007,215,192.02599525452,10.3179411725049,30,17.9299335891724,4,"consensus","detected"
"2.6","icl","pos","3-methyladipic acid","[M + Na]+","consensus",NA,NA,NA,187.6720046997,8.14710477503334,54.8892211914062,32.8,1,"consensus","below_detection"
"2.6","icl","pos","4-hydroxy-4-methyloxan-2-one","[M + H]+","consensus",NA,NA,NA,81.70200347898,3.63686022104031,63.8651885986328,43.426290512085,1,"consensus","below_detection"
"2.6","icl","pos","5-aminopentanoic acid","[M + H]+","consensus",477.651508682461,NA,569.13037109375,139.1520023346,6.11210483321063,116,74.1365509033203,2,"consensus","detected"
"2.6","icl","pos","5-aminopentanoic acid","[M + Na]+","consensus",9582.83640088421,10.74199676514,1265.1865234375,159.03000354768,16.1541751783358,116.808715820312,71.0886068115234,3,"consensus","detected"
"2.6","icl","pos","5-hydroxymethyluracil","[M + H]+","consensus",17749.2176554886,14.8700004816,2261.30078125,37.3140013218,167.586002409245,33.6461486816406,13.2926055908203,5,"consensus","detected"
"2.6","icl","pos","5-hydroxymethyluracil","[M + Na]+","consensus",2672.17393316826,6.39700055124,492.017333984375,40.28400063516,40.308845587426,28,11.5115510559082,3,"consensus","detected"
"2.6","icl","pos","esculin","[M + H]+","consensus",2196.09059228885,11.6750049591,213.527954101562,173.20399761198,11.8145083142284,28.8876647949219,15.6282669067383,5,"consensus","detected"
"2.6","icl","pos","esculin","[M + K]+","consensus",NA,NA,NA,145.3189945221,0.373706195104081,50.14208984375,2093.86084518433,5,"consensus","below_detection"
"2.6","icl","pos","esculin","[M + Na]+","consensus",NA,NA,NA,145.3189945221,0.373706195104081,50.14208984375,2093.86084518433,5,"consensus","below_detection"
"2.6","icl","pos","guanine","[M + H]+","consensus",1446259.44722757,1.15099847322,878905,24.9550008774,3117.08820436284,1873.87890625,281.3623046875,5,"consensus","detected"
"2.6","icl","pos","indole-3-butyric acid","[M + H]+","consensus",1448525.92087964,24.0730190277,1137.029296875,311.6659927368,68.2153030014012,32.9498901367188,16.1852158996582,5,"consensus","detected"
"2.6","icl","pos","indole-3-butyric acid","[M + K]+","consensus",1448525.92087964,24.0730190277,1137.029296875,311.6659927368,68.2153030014012,32.9498901367188,16.1852158996582,5,"consensus","detected"
"2.6","icl","pos","isonicotinic acid","[M + H]+","consensus",2813956.62273379,6.42299830914,63050.5,29.06800031664,376.88488481467,610.75,165.673266601563,5,"consensus","detected"
"2.6","icl","pos","lipoamide","[M + H]+","consensus",871.218935005195,1.14200592041999,576.25830078125,277.76999473572,23.5994743837829,35.8893127441406,22.8975009887695,3,"consensus","detected"
"2.6","icl","pos","lipoamide","[M + Na]+","consensus",928.5318497816,2.74100303652,394.726806640625,289.4189929962,13.3852424771781,38.0351715087891,26.6481265274048,2,"consensus","detected"
"2.6","icl","pos","phenylacetylglycine","[M + H]+","consensus",NA,NA,NA,191.32600307466,4.26340517121574,44.790283203125,27.7401685684204,2,"consensus","below_detection"
"2.6","icl","pos","phenylacetylglycine","[M + Na]+","consensus",266.81762026827,NA,442,209.6140050888,11.1747775714543,46.1453552246094,35.4239395141602,3,"consensus","detected"
"2.6","icl","pos","pyrimidine","[M + H]+","consensus",NA,NA,NA,702.7680015564,-0.674490759476595,23.2172622680664,7.09088696136475,3,"consensus","below_detection"
"2.6","icl","pos","pyrrolidin-2-one","[M + H]+","consensus",256.942557649916,NA,262.299072265625,59.69899892808,6.55734245778725,40,33.9007873535156,3,"consensus","detected"
"2.6","icl","pos","xanthosine","[M + H]+","consensus",1463.83494902112,NA,320.081787109375,80.08800029754,49.5380842645155,23,5.99703826904297,2,"consensus","detected"
"2.6","icl","pos","xanthosine","[M + K]+","consensus",3474.35383913039,20.5579984188,180.68505859375,54.90200042724,7.4566455906238,34.254638671875,19.6375727050781,4,"consensus","detected"
"2.6","icl","pos","xanthosine","[M + Na]+","consensus",3474.35383913039,20.5579984188,180.68505859375,54.90200042724,7.4566455906238,34.254638671875,19.6375727050781,4,"consensus","detected"
"2.7","icl","pos","3,3-dimethylglutaric acid","[M + H]+","consensus",3359.49705750063,1.82700634002001,548.888671875,177.77699947356,38.9081856015973,31.5,13.2976818084717,3,"consensus","detected"
"2.7","icl","pos","3,3-dimethylglutaric acid","[M + Na]+","consensus",260.838941084763,NA,212.273071289062,183.32300662992,10.2532789736973,27,18.0696411132812,2,"consensus","detected"
"2.7","icl","pos","3,4,5-Trimethoxycinnamic acid","[M + H]+","consensus",68398.9309620015,8.22401046755999,404.97119140625,270.46199798586,14.084840762522,53.8123474121094,24.9316871887207,4,"consensus","detected"
"2.7","icl","pos","3-hydroxyphenylacetic acid","[M + H]+","consensus",1453.62501727445,2.51300811767999,441.3955078125,196.35599613192,10.0779708210897,70,36.8522110656738,4,"consensus","detected"
"2.7","icl","pos","3-hydroxyphenylacetic acid","[M + Na]+","consensus",NA,NA,NA,193.6149930954,9.1398988002357,23.5,11.9804389953613,1,"consensus","below_detection"
"2.7","icl","pos","4-acetamidobutanoic acid","[M + H]+","consensus",NA,NA,NA,66.82800292968,11.1304347826087,22,11.5,1,"consensus","below_detection"
"2.7","icl","pos","4-acetamidobutanoic acid","[M + Na]+","consensus",216111.367316808,30.85100054742,1730.1044921875,48.25399875642,34.8865638802531,103.935760498047,46.6130381103516,5,"consensus","detected"
"2.7","icl","pos","4-pyridoxic acid","[M + H]+","consensus",982780.644930144,20.32900035378,17335.859375,45.05600094798,666.738331309861,37,25.9455,5,"consensus","detected"
"2.7","icl","pos","4-pyridoxic acid","[M + Na]+","consensus",55056.2997185948,19.18700158596,1802.609375,45.5129992962,285.2175,20,6.25,5,"consensus","detected"
"2.7","icl","pos","6-methyladenine","[M + H]+","consensus",11746120.0898717,51.26000225544,2211.443359375,62.48600006106,9.18042662626823,434.152099609375,193.595715332031,5,"consensus","detected"
"2.7","icl","pos","Methyl 3-aminopropanoate","[M + H]+","consensus",NA,NA,NA,54.65399980548,8.42824601366743,36,21.95,1,"consensus","below_detection"
"2.7","icl","pos","N(4)-acetylcytosine","[M + H]+","consensus",279130.76141343,14.61899936202,38384.5625,41.40100121496,3945.929710013,22.7752685546875,9.72186279296875,5,"consensus","detected"
"2.7","icl","pos","N(4)-acetylcytosine","[M + Na]+","consensus",279130.76141343,14.61899936202,38384.5625,41.40100121496,3945.929710013,22.7752685546875,9.72186279296875,5,"consensus","detected"
"2.7","icl","pos","N-acetyl-L-isoleucine","[M + H]+","consensus",7464.05713326418,22.170996666,604.53857421875,220.12500286104,23.1118987828656,39.2653503417969,24.4581039916992,4,"consensus","detected"
"2.7","icl","pos","N-acetyl-L-isoleucine","[M + Na]+","consensus",177.96978827829,NA,260,215.31599521638,7.66066245130923,46.126708984375,27.9183807373047,2,"consensus","detected"
"2.7","icl","pos","N-acetyl-beta-D-mannosamine","[M + H]+","consensus",7144.94775238312,0.457000136399998,2240,27.01099991796,201.171143368919,28.1877822875977,10.994679359436,3,"consensus","detected"
"2.7","icl","pos","N-acetyl-beta-D-mannosamine","[M + Na]+","consensus",255824.950374518,2.05700039862,68810.3125,25.17399966714,12560.9736701557,19.3061065673828,5.47656640319824,5,"consensus","detected"
"2.7","icl","pos","O-propanoyl-L-carnitine","[M + H]+","consensus",NA,NA,NA,97.25300073624,0.934415697363429,238.383972167969,456.264421081543,3,"consensus","below_detection"
"2.7","icl","pos","beta-alanine","[M + H]+","consensus",3312.06069798279,1.14199876782,369.78857421875,23.11800062658,57.6333087513068,28,5.9304,3,"consensus","detected"
"2.7","icl","pos","ethanolamine","[M + H]+","consensus",2859.05846426306,NA,106.454040527344,25.63099980354,53.1931552090369,20.9153671264648,1.60807669830322,2,"consensus","detected"
"2.7","icl","pos","melatonin","[M + H]+","consensus",3006983.14474194,34.57400321964,4621.5390625,266.57798767092,92.5390907191242,78,49.0985920349121,5,"consensus","detected"
"2.7","icl","pos","melatonin","[M + K]+","consensus",3006983.14474194,34.57400321964,4621.5390625,266.57798767092,92.5390907191242,78,49.0985920349121,5,"consensus","detected"
"2.7","icl","pos","melatonin","[M + Na]+","consensus",5594033.10159356,35.71599483492,3054.341796875,260.39800643922,19.8065445608543,316.08447265625,138.250128173828,5,"consensus","detected"
"2.8","icl","pos","2'-deoxycytidine","[M + H]+","consensus",1728431.84956502,0.913998484619999,1187893,24.72599923608,95034.7001645284,38.4305725097656,12.4991668029785,5,"consensus","detected"
"2.8","icl","pos","3-amino-3-(4-hydroxyphenyl)propanoic acid","[M + H]+","consensus",32666.4364746029,0.914000272740001,5680.66796875,25.86799979208,164.032602227778,41,34.3813845062256,4,"consensus","detected"
"2.8","icl","pos","L-isoleucine","[M + H]+","consensus",1195.94394803899,1.37100219726,289,232.9309988022,31.8077821843674,26.8327178955078,8.24223709106445,3,"consensus","detected"
"2.8","icl","pos","cytosine","[M + Na]+","consensus",178885.431202037,45.31599998472,589.755859375,66.84400320054,14.1352403934529,41.6515655517578,38.7757320404053,5,"consensus","detected"
"2.8","icl","pos","phenyl acetate","[M + H]+","consensus",439.007440449172,2.28399753570002,221.748901367188,185.61199665072,11.9470583058668,27.4938049316406,16.2596591949463,3,"consensus","detected"
"2.9","icl","pos","(R)-noradrenaline","[M + H]+","consensus",16115.6806348643,1.37000083926,8769.8203125,23.35799932482,2015.07723828011,19,4.3426724029541,5,"consensus","detected"
"2.9","icl","pos","D-leucine","[M + H]+","consensus",3788.26171489006,0.912981033299985,2702.142578125,251.98499679564,410.93691477873,24,6.51716232299805,5,"consensus","detected"
"2.9","icl","pos","D-proline","[M + H]+","consensus",1743163.23983485,2.28399932382,155875.25,26.5549993515,5432.81931665766,41.5,28.6837718902588,4,"consensus","detected"
"2.9","icl","pos","Gly-Pro","[M + H]+","consensus",2101030.18960565,0.914000272740001,1591383,25.18500030042,46466.1700709792,82.0845947265625,34.2464402160644,5,"consensus","detected"
"2.9","icl","pos","N-acetyl-L-methionine","[M + H]+","consensus",NA,NA,NA,152.44600296018,0.460022602949499,122.75830078125,167.908486938477,1,"consensus","below_detection"
"2.9","icl","pos","N-acetyl-L-methionine","[M + Na]+","consensus",1022290.70962044,35.7299995422,648.7998046875,127.51899719238,38.1787736346035,29.5,16.2210502258301,5,"consensus","detected"
"2.9","icl","pos","agmatine","[M + H]+","consensus",143827.281918489,30.84599912166,376.8486328125,41.859998703,17.2044422866985,32.5,20.0151,5,"consensus","detected"
"2.9","icl","pos","agmatine","[M + Na]+","consensus",2160.26935224596,16.28500342368,226.562377929688,65.00600337984,21.6396834753378,23.6762084960938,9.37565328369141,2,"consensus","detected"
"2.9","icl","pos","diethyl 2-methyl-3-oxosuccinate","[M + H]+","consensus",931.884288616132,2.28401184083998,300.4033203125,259.06700134278,15.1186574490656,37.1264953613281,17.4140346679687,3,"consensus","detected"
"2.9","icl","pos","diethyl 2-methyl-3-oxosuccinate","[M + Na]+","consensus",30518.7485444379,1.14197731014002,18978.640625,267.08899497984,15.2550530916262,365.321533203125,1220.14122009277,5,"consensus","detected"
"2.9","icl","pos","fumaric acid","[M + H]+","consensus",NA,NA,NA,55.11600136758,4.72143531633617,24,7.413,5,"consensus","below_detection"
"2.9","icl","pos","homogentisic acid","[M + H]+","consensus",8028.21738821469,17.48199820518,415,58.99899959562,70.5357142857143,20,5.6,5,"consensus","detected"
"2.9","icl","pos","nicotinamide","[M + H]+","consensus",2250435.87502096,38.89800131322,1908.171875,60.59799671172,7.92861875978176,274.152099609375,206.091353979492,5,"consensus","detected"
"2.9","icl","pos","nicotinamide","[M + Na]+","consensus",673.20322895716,1.48499608044,118.423156738281,59.45600152014,7.01357256288256,26.0289993286133,13.1736225128174,4,"consensus","detected"
"2.9","icl","pos","nicotinic acid","[M + H]+","consensus",929468.857524575,16.21900141242,5057.26171875,37.74899840352,40.9459352150444,246.7822265625,117.483688354492,5,"consensus","detected"
"2.9","icl","pos","ritalinic acid","[M + H]+","consensus",57380506.6033099,41.88500404362,3675.48046875,201.86299324038,23.8898074390341,232.179748535156,144.132627648926,5,"consensus","detected"
"2.9","icl","pos","ritalinic acid","[M + Na]+","consensus",51260810.4707045,41.88500404362,3675.48046875,201.86299324038,23.4582340978042,210.323608398438,147.716015020752,5,"consensus","detected"
"2.9","icl","pos","taurine","[M + Na]+","consensus",49575.6851002902,0.456998348220001,44060.625,22.67199933528,5586.5917910152,19.9560699462891,7.88328028564453,4,"consensus","detected"
"2.9","icl","pos","thymine","[M + H]+","consensus",149581.392185005,3.65499973302001,26646.640625,39.5760011673,1560.809190963,35,17.0499,5,"consensus","detected"
"2.9","icl","pos","thymine","[M + Na]+","consensus",669.35183687062,NA,140,37.06300020216,26.5299698727461,22,4.4478,2,"consensus","detected"
"2.9","icl","pos","vanillin","[M + H]+","consensus",137444.632668827,68.16999435426,1264.5537109375,211.68600082398,22.6453674762389,93.3905639648438,51.7175598144531,4,"consensus","detected"
"2.9","icl","pos","vanillin","[M + Na]+","consensus",137444.632668827,68.16999435426,1264.5537109375,211.68600082398,22.6453674762389,93.3905639648438,51.7175598144531,4,"consensus","detected"
"3.1","icl","pos","(3S,5R)-fluvastatin","[M + Na]+","consensus",207806.033300627,13.24799537664,480.319091796875,386.56700134278,60.406652193199,24,7.55411987304688,4,"consensus","detected"
"3.1","icl","pos","1,2-di-O-myristoyl-sn-glycero-3-phosphocholine","[M + H]+","own",362.188908274579,NA,276.95849609375,542.39999771118,24.4703798436868,23,10.3782,2,"own","detected"
"3.1","icl","pos","L-thyroxine","[M + H]+","own",13447274.2153643,1.14200592042005,8045908,304.20398712156,29668.694941827,225.911254882812,271.184226489258,5,"own","detected"
"3.1","icl","pos","taurochenodeoxycholic acid","[M + H]+","consensus",1397035.75302195,15.32898902892,1961.1572265625,327.07099914552,149.585245072603,24,12.9501892089844,4,"consensus","detected"
"3.1","icl","pos","taurochenodeoxycholic acid","[M + K]+","consensus",1377999.59369075,17.84099578854,2209.724609375,327.5279903412,103.776047333716,37.1113891601562,20.93559425354,5,"consensus","detected"
"3.1","icl","pos","taurochenodeoxycholic acid","[M + Na]+","consensus",1397035.75302195,15.32898902892,1961.1572265625,327.07099914552,149.585245072603,24,12.9501892089844,4,"consensus","detected"
"3.1","icl","pos","taurodeoxycholic acid","[M + H]+","consensus",1397035.75302195,22.63798713684,920.24169921875,328.44200134278,70.6851385885292,24,12.679351234436,5,"consensus","detected"
"3.1","icl","pos","taurodeoxycholic acid","[M + K]+","consensus",1377999.59369075,19.43999290464,1923.310546875,328.44200134278,88.0176300987881,37,21.4310535827637,5,"consensus","detected"
"3.1","icl","pos","undecanedioic acid","[M + Na]+","consensus",108214.507544666,1.37000083920003,58138.5,288.84201049806,1679.16507144099,58.9349975585938,34.5883594116211,5,"consensus","detected"
"3.2","icl","pos","1,2-dioleoyl-sn-glycero-3-phosphocholine","[M + H]+","consensus",3426.31851536054,0.685014724740029,1570.732421875,393.93198966978,244.367310531496,19,6.35,4,"consensus","detected"
"3.2","icl","pos","1-stearoyl-sn-glycerol","[M + H]+","consensus",NA,NA,NA,633.93299102784,2.09007450610445,23,11.961296081543,5,"consensus","below_detection"
"3.2","icl","pos","1-stearoyl-sn-glycerol","[M + Na]+","consensus",369.333150978685,1.82899475099998,224.327758789062,623.6480140686,8.41444631751149,34.5994110107422,22.5479301452637,3,"consensus","detected"
"3.2","icl","pos","Leucomalachite green","[M + H]+","consensus",17528040.9475348,28.1070041656801,23500.546875,335.59498786926,50.2486748990164,273.693115234375,462.238134765625,5,"consensus","detected"
"3.2","icl","pos","all-trans-retinal","[M + H]+","consensus",1514213.14766514,21.0460281372,12535.453125,572.38397598264,295.735094975087,83.0269775390625,42.106690612793,5,"consensus","detected"
"3.2","icl","pos","cholest-4-en-3-one","[M + H]+","consensus",34341.3355251948,4.56802368161993,4000.20703125,684.05799865722,670.647347775867,23,5.9304,4,"consensus","detected"
"3.2","icl","pos","cholic acid","[M + Na]+","consensus",369941.917476562,16.2179946899399,869.765625,354.55301284788,43.4056677960175,33.3382873535156,19.270002746582,4,"consensus","detected"
"3.2","icl","pos","gamma-terpinene","[M + H]+","consensus",13812.9535486952,26.0719871521201,646.646484375,576.95199966432,65.3648145693946,27.2627029418945,9.47579803466796,5,"consensus","detected"
"3.2","icl","pos","gamma-terpinene","[M + Na]+","consensus",13812.9535486952,26.0719871521201,646.646484375,576.95199966432,65.3648145693946,27.2627029418945,9.47579803466796,5,"consensus","detected"
"3.2","icl","pos","hexadecanedioic acid","[M + H]+","consensus",1340.19586252473,NA,453.998046875,423.01500320436,17.2415877038227,45,23.7216,2,"consensus","detected"
"3.2","icl","pos","hexadecanedioic acid","[M + Na]+","consensus",669.123834740859,4.11200523378,204.503295898438,427.12700843814,10.5596027229448,35.3014068603516,16.0235089782715,3,"consensus","detected"
"3.2","icl","pos","hexanal","[M + Na]+","consensus",NA,NA,NA,61.84199810028,22.3026112133706,22.5,8.1543,1,"consensus","below_detection"
"3.2","icl","pos","hyodeoxycholic acid","[M + H]+","consensus",640.592081545126,NA,487,635.99000930784,23.175552043068,35.0668334960938,19.5004272460938,2,"consensus","detected"
"3.2","icl","pos","hyodeoxycholic acid","[M + Na]+","consensus",640.592081545126,NA,487,635.99000930784,23.175552043068,35.0668334960938,19.5004272460938,2,"consensus","detected"
"3.2","icl","pos","taurocholic acid","[M + H]+","consensus",339983.777016187,7.55401611329995,1194.193359375,291.20799064638,97.8388835958767,28,11.9195284790039,4,"consensus","detected"
"3.2","icl","pos","tauroursodeoxycholic acid","[M + H]+","consensus",96435.9956731833,3.89900207519997,14481.8125,287.09601402282,1238.5992521276,25,11.6719047546387,3,"consensus","detected"
"3.2","icl","pos","tauroursodeoxycholic acid","[M + Na]+","consensus",259231.5856396,7.09699630739999,2797.578125,288.46598625186,118.240514811854,39,23.3302276245117,5,"consensus","detected"
"3.3","icl","pos","(S)-lipoic acid","[M + Na]+","consensus",308.999830967375,0.685014724739972,177.964965820312,326.65400505066,25.3140465546983,21.7521896362305,6.17099189758301,5,"consensus","detected"
"3.3","icl","pos","2-hydroxyoctanoic acid","[M + H]+","consensus",1191.42305241029,2.30000495910002,391.088623046875,440.8329963684,10.3665425576811,49.5,32.9510655212402,2,"consensus","detected"
"3.3","icl","pos","2-hydroxyoctanoic acid","[M + Na]+","consensus",2065.42683316185,13.28098297116,271,439.00500297546,14.1512372937769,37.7247314453125,16.4844432830811,2,"consensus","detected"
"3.3","icl","pos","Dipropyl hexanedioate","[M + H]+","consensus",559.095350748511,NA,263.515380859375,433.05101394654,14.157353131163,29.7931823730469,16.508890914917,2,"consensus","detected"
"3.3","icl","pos","Dipropyl hexanedioate","[M + Na]+","consensus",2124891.17877948,53.56101036072,6866.015625,435.79198837278,17.3399425861338,429.43359375,371.199731445313,5,"consensus","detected"
"3.3","icl","pos","bilirubin IXalpha","[M + H]+","consensus",33799.0109372397,1.94200515744001,5174.03515625,300.76500892638,164.322786103573,44.5430908203125,31.215951159668,4,"consensus","detected"
"3.3","icl","pos","progesterone","[M + H]+","consensus",14039182.4610909,43.26298713684,946.06005859375,444.95999336244,8.46545984292474,168.028930664062,91.9065405029297,4,"consensus","detected"
"3.3","icl","pos","undecanoic acid","[M + H]+","consensus",645.77417054575,0.685987472579995,135.32958984375,465.29199600222,16.4092710285536,19.6691589355469,7.04848074645996,2,"consensus","detected"
