"mixture","lab","compound","inchikey_2d","polarity","best_formula_rank","best_structure_rank","adducts","molecularFormula","expected_formula","expected_inchikey","mz_observed","confidenceExactMatch","confidenceApproxMatch","confidence_tier"
"1.1","afekta","carnosine","CQOVPNPJLQNMDC","neg",1,1,"[M - H]-","C9H14N4O3","C9H14N4O3","CQOVPNPJLQNMDC-ZETCQYMHSA-N",225.097412109375,0.749895872108442,0.919763919545918,"unfiltered"
"1.1","afekta","O(4)-phospho-L-tyrosine","DCWXELXMIBXGTH","neg",1,1,"[M - H]-","C9H12NO6P","C9H12NO6P","DCWXELXMIBXGTH-QMMMGPOBSA-N",260.03067452567,0.0934342283268415,0.0957609083389997,"unfiltered"
"1.1","afekta","N(6)-acetyl-L-lysine","DTERQYGMUDWYAZ","pos",1,1,"[M + H]+","C8H16N2O3","C8H16N2O3","DTERQYGMUDWYAZ-ZETCQYMHSA-N",189.122779846191,0.772444961417617,0.936657254424978,"unfiltered"
"1.1","afekta","N-alpha-acetyl-L-asparagine","HXFOXFJUNFFYMO","neg",1,1,"[M - H]-","C6H10N2O4","C6H10N2O4","HXFOXFJUNFFYMO-BYPYZUCNSA-N",173.055229187012,0.886885008326329,0.991058540833119,"unfiltered"
"1.1","afekta","N-alpha-acetyl-L-asparagine","HXFOXFJUNFFYMO","pos",1,5,"[M + H]+","C6H10N2O4","C6H10N2O4","HXFOXFJUNFFYMO-BYPYZUCNSA-N",NA,NA,NA,"unfiltered"
"1.1","afekta","L-valine","KZSNJWFQEVHDMF","pos",1,4,"[M + H]+","C5H11NO2","C5H11NO2","KZSNJWFQEVHDMF-BYPYZUCNSA-N",NA,NA,NA,"unfiltered"
"1.1","afekta","5-hydroxy-L-tryptophan","LDCYZAJDBXYCGN","pos",1,1,"[M + H]+","C11H12N2O3","C11H12N2O3","LDCYZAJDBXYCGN-VIFPVBQESA-N",221.091354370117,0.878139608307937,0.947059779049511,"unfiltered"
"1.1","afekta","L-citrulline","RHGKLRLOHDJJDR","pos",1,1,"[M + H]+","C6H13N3O3","C6H13N3O3","RHGKLRLOHDJJDR-BYPYZUCNSA-N",176.10237121582,0.807140227834568,0.807140227834568,"unfiltered"
"1.1","afekta","guanosine 5'-monophosphate","RQFCJASXJCIDSX","neg",1,1,"[M - H]-","C10H14N5O8P","C10H14N5O8P","RQFCJASXJCIDSX-UUOKFMHZSA-N",362.047570800781,0.196190749841435,0.196190749841435,"unfiltered"
"1.1","afekta","homocystine","ZTVZLYBCZNMWCF","neg",1,4,"[M - H]-","C8H16N2O4S2","C8H16N2O4S2","ZTVZLYBCZNMWCF-UHFFFAOYSA-N",NA,NA,NA,"unfiltered"
"1.1","cembio","carnosine","CQOVPNPJLQNMDC","neg",1,1,"[M - H]-","C9H14N4O3","C9H14N4O3","CQOVPNPJLQNMDC-ZETCQYMHSA-N",225.099502563477,0.70557515236652,0.939491617784345,"unfiltered"
"1.1","cembio","carnosine","CQOVPNPJLQNMDC","pos",1,20,"[M + H]+;[M + Na]+","C9H14N4O3","C9H14N4O3","CQOVPNPJLQNMDC-ZETCQYMHSA-N",NA,NA,NA,"unfiltered"
"1.1","cembio","O(4)-phospho-L-tyrosine","DCWXELXMIBXGTH","neg",2,1,"[M - H]-","C9H12NO6P","C9H12NO6P","DCWXELXMIBXGTH-QMMMGPOBSA-N",260.033294677734,0.0947498201024729,0.104027716049646,"unfiltered"
"1.1","cembio","O(4)-phospho-L-tyrosine","DCWXELXMIBXGTH","pos",1,1,"[M + H]+","C9H12NO6P","C9H12NO6P","DCWXELXMIBXGTH-QMMMGPOBSA-N",262.047210693359,0.723194355929786,0.723194355929786,"unfiltered"
"1.1","cembio","uridine 5'-monophosphate","DJJCXFVJDGTHFX","neg",2,1,"[M - H]-","C9H13N2O9P","C9H13N2O9P","DJJCXFVJDGTHFX-XVFCMESISA-N",323.029113769531,0.454715141584618,0.454715141584618,"unfiltered"
"1.1","cembio","uridine 5'-monophosphate","DJJCXFVJDGTHFX","pos",5,1,"[M + H]+","C9H13N2O9P","C9H13N2O9P","DJJCXFVJDGTHFX-XVFCMESISA-N",325.043090820313,0.672846611832726,0.551525342149741,"unfiltered"
"1.1","cembio","N(6)-acetyl-L-lysine","DTERQYGMUDWYAZ","neg",1,1,"[M - H]-","C8H16N2O3","C8H16N2O3","DTERQYGMUDWYAZ-ZETCQYMHSA-N",187.10920715332,0.382094131855373,0.945489773927273,"unfiltered"
"1.1","cembio","N(6)-acetyl-L-lysine","DTERQYGMUDWYAZ","pos",1,1,"[M + H]+;[M + Na]+","C8H16N2O3","C8H16N2O3","DTERQYGMUDWYAZ-ZETCQYMHSA-N",189.122299194336,0.795734756316913,0.928939222924803,"unfiltered"
"1.1","cembio","N-alpha-acetyl-L-asparagine","HXFOXFJUNFFYMO","pos",3,2,"[M + H]+","C6H10N2O4","C6H10N2O4","HXFOXFJUNFFYMO-BYPYZUCNSA-N",NA,NA,NA,"unfiltered"
"1.1","cembio","L-lysine","KDXKERNSBIXSRK","pos",1,1,"[M + H]+;[M + Na]+","C6H14N2O2","C6H14N2O2","KDXKERNSBIXSRK-YFKPBYRVSA-N",147.11279296875,0.986769363091129,0.989893435004215,"unfiltered"
"1.1","cembio","L-valine","KZSNJWFQEVHDMF","neg",1,4,"[M - H]-","C5H11NO2","C5H11NO2","KZSNJWFQEVHDMF-BYPYZUCNSA-N",NA,NA,NA,"unfiltered"
"1.1","cembio","L-valine","KZSNJWFQEVHDMF","pos",1,2,"[M + H]+","C5H11NO2","C5H11NO2","KZSNJWFQEVHDMF-BYPYZUCNSA-N",NA,NA,NA,"unfiltered"
"1.1","cembio","5-hydroxy-L-tryptophan","LDCYZAJDBXYCGN","pos",2,1,"[M + H]+","C11H12N2O3","C11H12N2O3","LDCYZAJDBXYCGN-VIFPVBQESA-N",221.091598510742,0.869641490542249,0.980814586106761,"unfiltered"
"1.1","cembio","N-acetyl-L-cysteine","PWKSKIMOESPYIA","pos",1,1,"[M + H]+","C5H9NO3S","C5H9NO3S","PWKSKIMOESPYIA-BYPYZUCNSA-N",164.037796020508,0.95438449608581,0.983400121018805,"unfiltered"
"1.1","cembio","L-citrulline","RHGKLRLOHDJJDR","neg",1,1,"[M - H]-","C6H13N3O3","C6H13N3O3","RHGKLRLOHDJJDR-BYPYZUCNSA-N",174.088500976563,0.434519822084876,0.434519822084876,"unfiltered"
"1.1","cembio","L-citrulline","RHGKLRLOHDJJDR","pos",2,3,"[M + H]+","C6H13N3O3","C6H13N3O3","RHGKLRLOHDJJDR-BYPYZUCNSA-N",NA,NA,NA,"unfiltered"
"1.1","cembio","guanosine 5'-monophosphate","RQFCJASXJCIDSX","neg",1,1,"[M - H]-","C10H14N5O8P","C10H14N5O8P","RQFCJASXJCIDSX-UUOKFMHZSA-N",362.051086425781,0.41663110270163,0.41663110270163,"unfiltered"
"1.1","cembio","guanosine 5'-monophosphate","RQFCJASXJCIDSX","pos",1,1,"[M + H]+","C10H14N5O8P","C10H14N5O8P","RQFCJASXJCIDSX-UUOKFMHZSA-N",364.064910888672,0.765591154987215,0.765591154987215,"unfiltered"
"1.1","cembio","glutathione","RWSXRVCMGQZWBV","neg",1,1,"[M - H]-","C10H17N3O6S","C10H17N3O6S","RWSXRVCMGQZWBV-WDSKDSINSA-N",306.077087402344,0.896540767124168,0.954043764761329,"unfiltered"
"1.1","cembio","glutathione","RWSXRVCMGQZWBV","pos",1,1,"[M + H]+;[M + Na]+","C10H17N3O6S","C10H17N3O6S","RWSXRVCMGQZWBV-WDSKDSINSA-N",308.090393066406,0.954151227955975,0.968968997738479,"unfiltered"
"1.1","cembio","L-homoserine","UKAUYVFTDYCKQA","neg",1,1,"[M - H]-","C4H9NO3","C4H9NO3","UKAUYVFTDYCKQA-VKHMYHEASA-N",118.05110168457,0.673975870096632,0.938372883070003,"unfiltered"
"1.1","cembio","alpha-D-glucosamine 6-phosphate","XHMJOUIAFHJHBW","neg",3,1,"[M - H]-","C6H14NO8P","C6H14NO8P","XHMJOUIAFHJHBW-UKFBFLRUSA-N",258.038787841797,0.194512856290523,0.31203812601132,"unfiltered"
"1.1","cembio","alpha-D-glucosamine 6-phosphate","XHMJOUIAFHJHBW","pos",3,2,"[M + H]+;[M + Na]+","C6H14NO8P","C6H14NO8P","XHMJOUIAFHJHBW-UKFBFLRUSA-N",NA,NA,NA,"unfiltered"
"1.1","cembio","homocystine","ZTVZLYBCZNMWCF","neg",4,1,"[M - H]-","C8H16N2O4S2","C8H16N2O4S2","ZTVZLYBCZNMWCF-UHFFFAOYSA-N",267.048095703125,0.652085524827613,0.652085524827613,"unfiltered"
"1.1","cembio","homocystine","ZTVZLYBCZNMWCF","pos",1,2,"[M + H]+","C8H16N2O4S2","C8H16N2O4S2","ZTVZLYBCZNMWCF-UHFFFAOYSA-N",NA,NA,NA,"unfiltered"
"1.1","hmgu","N-alpha-acetyl-L-asparagine","HXFOXFJUNFFYMO","neg",1,1,"[M - H]-","C6H10N2O4","C6H10N2O4","HXFOXFJUNFFYMO-BYPYZUCNSA-N",173.056368694914,0.735514514379216,0.959424210273192,"unfiltered"
"1.1","hmgu","L-lysine","KDXKERNSBIXSRK","neg",1,1,"[M - H]-","C6H14N2O2","C6H14N2O2","KDXKERNSBIXSRK-YFKPBYRVSA-N",145.098299769993,0.864034882997444,0.92924192509882,"unfiltered"
"1.1","hmgu","5-hydroxy-L-tryptophan","LDCYZAJDBXYCGN","neg",2,1,"[M - H]-","C11H12N2O3","C11H12N2O3","LDCYZAJDBXYCGN-VIFPVBQESA-N",219.077233860118,0.54433534088256,0.98952737956922,"unfiltered"
"1.1","hmgu","N-acetyl-L-cysteine","PWKSKIMOESPYIA","neg",1,1,"[M - H]-","C5H9NO3S","C5H9NO3S","PWKSKIMOESPYIA-BYPYZUCNSA-N",162.021744336845,0.632634318636101,0.867201480272301,"unfiltered"
"1.1","hmgu","L-homoserine","UKAUYVFTDYCKQA","neg",1,1,"[M - H]-","C4H9NO3","C4H9NO3","UKAUYVFTDYCKQA-VKHMYHEASA-N",118.05013224835,0.551402057282633,0.830315096271905,"unfiltered"
"1.1","hmgu","L-homoserine","UKAUYVFTDYCKQA","pos",1,2,"[M + H]+","C4H9NO3","C4H9NO3","UKAUYVFTDYCKQA-VKHMYHEASA-N",NA,NA,NA,"unfiltered"
"1.2","afekta","NAD zwitterion","BAWFJGJZGIEFAR","neg",7,1,"[M - H]-","C21H27N7O14P2","C21H27N7O14P2","BAWFJGJZGIEFAR-NNYOXOHSSA-N",662.09619140625,0.336505477797496,0.371228488065887,"unfiltered"
"1.2","afekta","IMP","GRSZFWQUAKGDAV","neg",1,1,"[M - H]-","C10H13N4O8P","C10H13N4O8P","GRSZFWQUAKGDAV-KQYNXXCUSA-N",347.037275834517,0.253187672335472,0.299654549067512,"unfiltered"
"1.2","afekta","N-acetyl-L-glutamine","KSMRODHGGIIXDV","neg",1,1,"[M - H]-","C7H12N2O4","C7H12N2O4","KSMRODHGGIIXDV-YFKPBYRVSA-N",187.071105957031,0.85816905369816,0.85816905369816,"unfiltered"
"1.2","afekta","N-acetyl-L-glutamine","KSMRODHGGIIXDV","pos",1,1,"[M + H]+;[M + Na]+","C7H12N2O4","C7H12N2O4","KSMRODHGGIIXDV-YFKPBYRVSA-N",189.086143493652,0.96634760972646,0.96634760972646,"unfiltered"
"1.2","afekta","L-homocitrulline","XIGSAGMEBXLVJJ","neg",1,1,"[M - H]-","C7H15N3O3","C7H15N3O3","XIGSAGMEBXLVJJ-YFKPBYRVSA-N",188.102493286133,0.301454588401238,0.301454588401238,"unfiltered"
"1.2","afekta","kynurenine","YGPSJZOEDVAXAB","pos",2,1,"[M + H]+","C10H12N2O3","C10H12N2O3","YGPSJZOEDVAXAB-UHFFFAOYSA-N",209.091300964355,0.995202924391685,0.995202924391685,"unfiltered"
"1.2","cembio","Acetylcarnosine","BKAYIFDRRZZKNF","pos",1,1,"[M + H]+","C11H16N4O4","C11H16N4O4","BKAYIFDRRZZKNF-SECBINFHSA-N",269.124694824219,0.963042336316842,0.963042336316842,"unfiltered"
"1.2","cembio","IMP","GRSZFWQUAKGDAV","pos",5,1,"[M + H]+","C10H13N4O8P","C10H13N4O8P","GRSZFWQUAKGDAV-KQYNXXCUSA-N",349.054901123047,0.906105665715303,0.921901164037601,"unfiltered"
"1.2","cembio","cytidine 5'-monophosphate","IERHLVCPSMICTF","neg",1,1,"[M - H]-","C9H14N3O8P","C9H14N3O8P","IERHLVCPSMICTF-XVFCMESISA-N",322.044311523438,0.45312837051454,0.298210088849988,"unfiltered"
"1.2","cembio","cytidine 5'-monophosphate","IERHLVCPSMICTF","pos",3,1,"[M + H]+","C9H14N3O8P","C9H14N3O8P","IERHLVCPSMICTF-XVFCMESISA-N",324.059600830078,0.758400274629821,0.758400274629821,"unfiltered"
"1.2","cembio","N-acetyl-L-glutamine","KSMRODHGGIIXDV","pos",1,1,"[M + H]+;[M + Na]+","C7H12N2O4","C7H12N2O4","KSMRODHGGIIXDV-YFKPBYRVSA-N",189.08740234375,0.952435905057258,0.952435905057258,"unfiltered"
"1.2","cembio","(2R)-2-acetamidopropanoic acid","KTHDTJVBEPMMGL","pos",1,1,"[M + H]+","C5H9NO3","C5H9NO3","KTHDTJVBEPMMGL-GSVOUGTGSA-N",132.065795898438,0.34073135749257,0.491882328407461,"unfiltered"
"1.2","cembio","N-carbamoylglutamic acid","LCQLHJZYVOQKHU","pos",1,2,"[M + H]+;[M + Na]+","C6H10N2O5","C6H10N2O5","LCQLHJZYVOQKHU-UHFFFAOYSA-N",NA,NA,NA,"unfiltered"
"1.2","cembio","N(4)-acetylcytidine","NIDVTARKFBZMOT","pos",4,1,"[M + H]+;[M + K]+","C11H15N3O6","C11H15N3O6","NIDVTARKFBZMOT-PEBGCTIMSA-N",286.103607177734,0.760465318407433,0.760465318407433,"unfiltered"
"1.2","cembio","N-acetyl-L-aspartic acid","OTCCIMWXFLJLIA","neg",1,1,"[M - H]-","C6H9NO5","C6H9NO5","OTCCIMWXFLJLIA-BYPYZUCNSA-N",174.041793823242,0.936556659939636,0.98689488353997,"unfiltered"
"1.2","cembio","folic acid","OVBPIULPVIDEAO","pos",1,1,"[M + H]+","C19H19N7O6","C19H19N7O6","OVBPIULPVIDEAO-LBPRGKRZSA-N",442.147003173828,0.821465265266534,0.821465265266534,"unfiltered"
"1.2","cembio","L-tryptophan","QIVBCDIJIAJPQS","pos",1,1,"[M + H]+","C11H12N2O2","C11H12N2O2","QIVBCDIJIAJPQS-VIFPVBQESA-N",205.097396850586,0.997007233603206,0.998046925807928,"unfiltered"
"1.2","cembio","L-alpha-aminobutyric acid","QWCKQJZIFLGMSD","pos",1,11,"[M + H]+","C4H9NO2","C4H9NO2","QWCKQJZIFLGMSD-VKHMYHEASA-N",NA,NA,NA,"unfiltered"
"1.2","cembio","L-homocitrulline","XIGSAGMEBXLVJJ","pos",1,1,"[M + H]+;[M + Na]+","C7H15N3O3","C7H15N3O3","XIGSAGMEBXLVJJ-YFKPBYRVSA-N",212.100494384766,0.597367281019345,0.64531672905509,"unfiltered"
"1.2","cembio","kynurenine","YGPSJZOEDVAXAB","pos",2,1,"[M + H]+","C10H12N2O3","C10H12N2O3","YGPSJZOEDVAXAB-UHFFFAOYSA-N",209.092407226563,0.832673777239822,0.832673777239822,"unfiltered"
"1.2","hmgu","D-erythronic acid","JPIJQSOTBSSVTP","neg",1,1,"[M - H]-","C4H8O5","C4H8O5","JPIJQSOTBSSVTP-PWNYCUMCSA-N",135.029596527218,0.78571222585309,0.859382979966906,"unfiltered"
"1.2","hmgu","(2R)-2-acetamidopropanoic acid","KTHDTJVBEPMMGL","neg",1,1,"[M - H]-","C5H9NO3","C5H9NO3","KTHDTJVBEPMMGL-GSVOUGTGSA-N",130.050332992456,0.684159089581692,0.713819030715397,"unfiltered"
"1.2","hmgu","L-alpha-aminobutyric acid","QWCKQJZIFLGMSD","neg",1,6,"[M - H]-","C4H9NO2","C4H9NO2","QWCKQJZIFLGMSD-VKHMYHEASA-N",NA,NA,NA,"unfiltered"
"1.2","icl","D-erythronic acid","JPIJQSOTBSSVTP","pos",1,13,"[M + Na]+","C4H8O5","C4H8O5","JPIJQSOTBSSVTP-PWNYCUMCSA-N",NA,NA,NA,"unfiltered"
"1.3","afekta","thiamine(1+) diphosphate","AYEKOFBPNLCAJY","pos",1,1,"[M + H]+","C12H18N4O7P2S","C12H19N4O7P2S","AYEKOFBPNLCAJY-UHFFFAOYSA-O",425.04175567627,0.136460822872288,0.136460822872288,"unfiltered"
"1.3","afekta","D-asparagine","DCXYFEDJOCDNAF","pos",1,1,"[M + H]+","C4H8N2O3","C4H8N2O3","DCXYFEDJOCDNAF-UWTATZPHSA-N",133.059997558594,0.888997660176884,0.916999786153751,"unfiltered"
"1.3","afekta","D-glucopyranose 6-phosphate","NBSCHQHZLSJFNQ","neg",4,10,"[M - H]-","C6H13O9P","C6H13O9P","NBSCHQHZLSJFNQ-GASJEMHNSA-N",NA,NA,NA,"unfiltered"
"1.3","afekta","isocitric acid","ODBLHEXUDAPZAU","neg",1,1,"[M - H]-","C6H8O7","C6H8O7","ODBLHEXUDAPZAU-UHFFFAOYSA-N",191.018422444661,0.592167398172028,0.777018093375486,"unfiltered"
"1.3","afekta","L-arginine","ODKSFYDXXFIFQN","neg",2,1,"[M - H]-","C6H14N4O2","C6H14N4O2","ODKSFYDXXFIFQN-BYPYZUCNSA-N",173.10285949707,0.747701297473637,0.747701297473637,"unfiltered"
"1.3","afekta","N(2)-acetyl-L-lysine","VEYYWZRYIYDQJM","pos",1,1,"[M + H]+","C8H16N2O3","C8H16N2O3","VEYYWZRYIYDQJM-ZETCQYMHSA-N",189.122856140137,0.916505917717134,0.984095171747459,"unfiltered"
"1.3","afekta","L-dopa","WTDRDQBEARUVNC","neg",1,1,"[M - H]-","C9H11NO4","C9H11NO4","WTDRDQBEARUVNC-LURJTMIESA-N",196.060348510742,0.0414076227892652,0.0414076227892652,"unfiltered"
"1.3","cembio","L-ornithine","AHLPHDHHMVZTML","pos",1,2,"[M + H]+;[M + Na]+","C5H12N2O2","C5H12N2O2","AHLPHDHHMVZTML-BYPYZUCNSA-N",NA,NA,NA,"unfiltered"
"1.3","cembio","D-asparagine","DCXYFEDJOCDNAF","pos",1,4,"[M + H]+","C4H8N2O3","C4H8N2O3","DCXYFEDJOCDNAF-UWTATZPHSA-N",NA,NA,NA,"unfiltered"
"1.3","cembio","2-aminoisobutyric acid","FUOOLUPWFVMBKG","pos",1,1,"[M + H]+","C4H9NO2","C4H9NO2","FUOOLUPWFVMBKG-UHFFFAOYSA-N",104.070899963379,0.865090414418429,0.886350629662209,"unfiltered"
"1.3","cembio","N-carbamoylaspartic acid","HLKXYZVTANABHZ","neg",1,1,"[M - H]-","C5H8N2O5","C5H8N2O5","HLKXYZVTANABHZ-UHFFFAOYSA-N",175.036193847656,0.786932295232394,0.786932295232394,"unfiltered"
"1.3","cembio","N-carbamoylaspartic acid","HLKXYZVTANABHZ","pos",3,1,"[M + H]+","C5H8N2O5","C5H8N2O5","HLKXYZVTANABHZ-UHFFFAOYSA-N",177.050796508789,0.866335231700955,0.866335231700955,"unfiltered"
"1.3","cembio","UDP-alpha-D-glucose","HSCJRCZFDFQWRP","neg",2,1,"[M - H]-","C15H24N2O17P2","C15H24N2O17P2","HSCJRCZFDFQWRP-JZMIEXBBSA-N",565.048217773438,0.315504886652537,0.504118297630305,"unfiltered"
"1.3","cembio","D-glucopyranose 6-phosphate","NBSCHQHZLSJFNQ","neg",1,1,"[M - H]-","C6H13O9P","C6H13O9P","NBSCHQHZLSJFNQ-GASJEMHNSA-N",259.022491455078,0.0957989930643388,0.183069421213747,"unfiltered"
"1.3","cembio","guanosine","NYHBQMYGNKIUIF","neg",3,1,"[M - H]-","C10H13N5O5","C10H13N5O5","NYHBQMYGNKIUIF-UUOKFMHZSA-N",282.084808349609,0.379249517425815,0.379249517425815,"unfiltered"
"1.3","cembio","guanosine","NYHBQMYGNKIUIF","pos",1,1,"[M + H]+;[M + Na]+","C10H13N5O5","C10H13N5O5","NYHBQMYGNKIUIF-UUOKFMHZSA-N",284.099487304688,0.879517548049144,0.879517548049144,"unfiltered"
"1.3","cembio","isocitric acid","ODBLHEXUDAPZAU","neg",1,1,"[M - H]-","C6H8O7","C6H8O7","ODBLHEXUDAPZAU-UHFFFAOYSA-N",191.020004272461,0.589261383009342,0.779564502953585,"unfiltered"
"1.3","cembio","L-arginine","ODKSFYDXXFIFQN","neg",1,1,"[M - H]-","C6H14N4O2","C6H14N4O2","ODKSFYDXXFIFQN-BYPYZUCNSA-N",173.104400634766,0.332678290742235,0.642374921190963,"unfiltered"
"1.3","cembio","L-arginine","ODKSFYDXXFIFQN","pos",1,1,"[M + H]+","C6H14N4O2","C6H14N4O2","ODKSFYDXXFIFQN-BYPYZUCNSA-N",175.119293212891,0.964475098640027,0.964475098640027,"unfiltered"
"1.3","cembio","N-acetyl-L-glutamic acid","RFMMMVDNIPUKGG","neg",1,1,"[M - H]-","C7H11NO5","C7H11NO5","RFMMMVDNIPUKGG-YFKPBYRVSA-N",188.056594848633,0.98526741239973,0.99545077559435,"unfiltered"
"1.3","cembio","N-acetyl-L-glutamic acid","RFMMMVDNIPUKGG","pos",1,1,"[M + H]+","C7H11NO5","C7H11NO5","RFMMMVDNIPUKGG-YFKPBYRVSA-N",190.071197509766,0.996442816748604,0.99787965529496,"unfiltered"
"1.3","cembio","N(2)-acetyl-L-lysine","VEYYWZRYIYDQJM","neg",1,5,"[M - H]-","C8H16N2O3","C8H16N2O3","VEYYWZRYIYDQJM-ZETCQYMHSA-N",NA,NA,NA,"unfiltered"
"1.3","cembio","N(2)-acetyl-L-lysine","VEYYWZRYIYDQJM","pos",1,1,"[M + H]+","C8H16N2O3","C8H16N2O3","VEYYWZRYIYDQJM-ZETCQYMHSA-N",189.12370300293,0.810717344099556,0.951928479040871,"unfiltered"
"1.3","cembio","UDP","XCCTYIAWTASOJW","neg",1,1,"[M - H]-","C9H14N2O12P2","C9H14N2O12P2","XCCTYIAWTASOJW-XVFCMESISA-N",402.996002197266,0.495584692275252,0.495584692275252,"unfiltered"
"1.3","cembio","L-cysteine","XUJNEKJLAYXESH","pos",2,1,"[M + H]+","C3H7NO2S","C3H7NO2S","XUJNEKJLAYXESH-REOHCLBHSA-N",122.027297973633,0.63864391700101,0.660350280147398,"unfiltered"
"1.3","hmgu","L-ornithine","AHLPHDHHMVZTML","neg",1,1,"[M - H]-","C5H12N2O2","C5H12N2O2","AHLPHDHHMVZTML-BYPYZUCNSA-N",131.082081860346,0.925623857707289,0.984234831833281,"unfiltered"
"1.3","hmgu","L-ornithine","AHLPHDHHMVZTML","pos",1,7,"[M + H]+","C5H12N2O2","C5H12N2O2","AHLPHDHHMVZTML-BYPYZUCNSA-N",NA,NA,NA,"unfiltered"
"1.3","hmgu","2-aminoisobutyric acid","FUOOLUPWFVMBKG","pos",1,5,"[M + H]+","C4H9NO2","C4H9NO2","FUOOLUPWFVMBKG-UHFFFAOYSA-N",NA,NA,NA,"unfiltered"
"1.3","hmgu","L-arginine","ODKSFYDXXFIFQN","neg",1,1,"[M - H]-","C6H14N4O2","C6H14N4O2","ODKSFYDXXFIFQN-BYPYZUCNSA-N",173.103696128913,0.82886535697942,0.90229268825759,"unfiltered"
"1.3","hmgu","L-arginine","ODKSFYDXXFIFQN","pos",1,1,"[M + H]+","C6H14N4O2","C6H14N4O2","ODKSFYDXXFIFQN-BYPYZUCNSA-N",175.1181394495,0.960567738921931,0.963847665259568,"unfiltered"
"1.3","hmgu","D-alanine","QNAYBMKLOCPYGJ","neg",1,1,"[M - H]-","C3H7NO2","C3H7NO2","QNAYBMKLOCPYGJ-UWTATZPHSA-N",88.03971706252,0.688089123550611,0.688089123550611,"unfiltered"
"1.3","hmgu","N(2)-acetyl-L-lysine","VEYYWZRYIYDQJM","neg",2,2,"[M - H]-","C8H16N2O3","C8H16N2O3","VEYYWZRYIYDQJM-ZETCQYMHSA-N",NA,NA,NA,"unfiltered"
"1.4","afekta","O-phospho-L-serine","BZQFBWGGLXLEPQ","neg",2,1,"[M - H]-","C3H8NO6P","C3H8NO6P","BZQFBWGGLXLEPQ-REOHCLBHSA-N",184.000221252441,0.364441964685124,0.468749973409132,"unfiltered"
"1.4","afekta","UDP-alpha-D-glucose","HSCJRCZFDFQWRP","neg",1,1,"[M - H]-","C15H24N2O17P2","C15H24N2O17P2","HSCJRCZFDFQWRP-JZMIEXBBSA-N",565.044006347656,0.273479996985461,0.467503487583162,"unfiltered"
"1.4","afekta","N(2)-phenylacetyl-L-glutamine","JFLIEFSWGNOPJJ","neg",2,1,"[M - H]-","C13H16N2O4","C13H16N2O4","JFLIEFSWGNOPJJ-JTQLQIEISA-N",263.101745605469,0.977411732906171,0.977411732906171,"unfiltered"
"1.4","afekta","N-acetyl-L-serine","JJIHLJJYMXLCOY","pos",1,5,"[M + K]+","C5H9NO4","C5H9NO4","JJIHLJJYMXLCOY-BYPYZUCNSA-N",NA,NA,NA,"unfiltered"
"1.4","afekta","2'-deoxyadenosine 5'-monophosphate","KHWCHTKSEGGWEX","neg",1,1,"[M - H]-","C10H14N5O6P","C10H14N5O6P","KHWCHTKSEGGWEX-RRKCRQDMSA-N",330.058517456055,0.608188117896635,0.448178349090191,"unfiltered"
"1.4","afekta","citric acid","KRKNYBCHXYNGOX","neg",4,1,"[M - H]-","C6H8O7","C6H8O7","KRKNYBCHXYNGOX-UHFFFAOYSA-N",191.018268585205,0.489274525742207,0.718409285473017,"unfiltered"
"1.4","afekta","2'-deoxyguanosine 5'-monophosphate","LTFMZDNNPPEQNG","neg",1,1,"[M - H]-","C10H14N5O7P","C10H14N5O7P","LTFMZDNNPPEQNG-KVQBGUIXSA-N",346.05347442627,0.566129936459451,0.675459060084343,"unfiltered"
"1.4","afekta","2'-deoxyguanosine 5'-monophosphate","LTFMZDNNPPEQNG","pos",1,1,"[M + H]+","C10H14N5O7P","C10H14N5O7P","LTFMZDNNPPEQNG-KVQBGUIXSA-N",348.070159912109,0.548331798184137,0.697960342593532,"unfiltered"
"1.4","afekta","L-homoarginine","QUOGESRFPZDMMT","neg",1,1,"[M - H]-","C7H16N4O2","C7H16N4O2","QUOGESRFPZDMMT-YFKPBYRVSA-N",187.118576049805,0.304057028218465,0.538077632634739,"unfiltered"
"1.4","cembio","O-phospho-L-serine","BZQFBWGGLXLEPQ","neg",1,1,"[M - H]-","C3H8NO6P","C3H8NO6P","BZQFBWGGLXLEPQ-REOHCLBHSA-N",184.001693725586,0.475846768319925,0.596747347724384,"unfiltered"
"1.4","cembio","creatine","CVSVTCORWBXHQV","neg",1,1,"[M - H]-","C4H9N3O2","C4H9N3O2","CVSVTCORWBXHQV-UHFFFAOYSA-N",130.061996459961,0.188712831781893,0.188712831781893,"unfiltered"
"1.4","cembio","creatine","CVSVTCORWBXHQV","pos",1,1,"[M + H]+;[M + Na]+","C4H9N3O2","C4H9N3O2","CVSVTCORWBXHQV-UHFFFAOYSA-N",132.076797485352,0.87639455483628,0.914741858822907,"unfiltered"
"1.4","cembio","uridine","DRTQHJPVMGBUCF","pos",6,1,"[M + Na]+","C9H12N2O6","C9H12N2O6","DRTQHJPVMGBUCF-XVFCMESISA-N",267.058410644531,0.316100083691974,0.658200145269388,"unfiltered"
"1.4","cembio","D-arabinitol","HEBKCHPVOIAQTA","neg",1,1,"[M - H]-","C5H12O5","C5H12O5","HEBKCHPVOIAQTA-QWWZWVQMSA-N",151.06120300293,0.630620891378916,0.665752645182994,"unfiltered"
"1.4","cembio","UDP-alpha-D-glucose","HSCJRCZFDFQWRP","neg",1,1,"[M - H]-","C15H24N2O17P2","C15H24N2O17P2","HSCJRCZFDFQWRP-JZMIEXBBSA-N",565.048400878906,0.34214516432125,0.534223535700388,"unfiltered"
"1.4","cembio","N(2)-phenylacetyl-L-glutamine","JFLIEFSWGNOPJJ","neg",1,1,"[M - H]-","C13H16N2O4","C13H16N2O4","JFLIEFSWGNOPJJ-JTQLQIEISA-N",263.103790283203,0.989561069329007,0.995841047475169,"unfiltered"
"1.4","cembio","N(2)-phenylacetyl-L-glutamine","JFLIEFSWGNOPJJ","pos",1,1,"[M + H]+;[M + Na]+","C13H16N2O4","C13H16N2O4","JFLIEFSWGNOPJJ-JTQLQIEISA-N",265.118591308594,0.998653930569898,0.998715393591029,"unfiltered"
"1.4","cembio","N-acetyl-L-serine","JJIHLJJYMXLCOY","pos",5,16,"[M + K]+","C5H9NO4","C5H9NO4","JJIHLJJYMXLCOY-BYPYZUCNSA-N",NA,NA,NA,"unfiltered"
"1.4","cembio","D-lysine","KDXKERNSBIXSRK","neg",1,1,"[M - H]-","C6H14N2O2","C6H14N2O2","KDXKERNSBIXSRK-RXMQYKEDSA-N",145.098205566406,0.674268133475227,0.884714266601532,"unfiltered"
"1.4","cembio","D-lysine","KDXKERNSBIXSRK","pos",1,1,"[M + H]+;[M + Na]+","C6H14N2O2","C6H14N2O2","KDXKERNSBIXSRK-RXMQYKEDSA-N",147.11279296875,0.988739779413596,0.993157002405449,"unfiltered"
"1.4","cembio","2'-deoxyadenosine 5'-monophosphate","KHWCHTKSEGGWEX","neg",1,1,"[M - H]-","C10H14N5O6P","C10H14N5O6P","KHWCHTKSEGGWEX-RRKCRQDMSA-N",330.061309814453,0.624459058167396,0.678719310061977,"unfiltered"
"1.4","cembio","2'-deoxyadenosine 5'-monophosphate","KHWCHTKSEGGWEX","pos",2,1,"[M + H]+","C10H14N5O6P","C10H14N5O6P","KHWCHTKSEGGWEX-RRKCRQDMSA-N",332.075988769531,0.894204129390193,0.936324847593964,"unfiltered"
"1.4","cembio","citric acid","KRKNYBCHXYNGOX","neg",1,1,"[M - H]-","C6H8O7","C6H8O7","KRKNYBCHXYNGOX-UHFFFAOYSA-N",191.019897460938,0.586279358409831,0.839276269915283,"unfiltered"
"1.4","cembio","2'-deoxyguanosine 5'-monophosphate","LTFMZDNNPPEQNG","neg",1,1,"[M - H]-","C10H14N5O7P","C10H14N5O7P","LTFMZDNNPPEQNG-KVQBGUIXSA-N",346.056304931641,0.490678095572047,0.490678095572047,"unfiltered"
"1.4","cembio","2'-deoxyguanosine 5'-monophosphate","LTFMZDNNPPEQNG","pos",1,1,"[M + H]+","C10H14N5O7P","C10H14N5O7P","LTFMZDNNPPEQNG-KVQBGUIXSA-N",348.07080078125,0.911053299370749,0.920315471284403,"unfiltered"
"1.4","cembio","N-benzoylglycine","QIAFMBKCNZACKA","neg",1,1,"[M - H]-","C9H9NO3","C9H9NO3","QIAFMBKCNZACKA-UHFFFAOYSA-N",178.05110168457,0.970598354731141,0.970598354731141,"unfiltered"
"1.4","cembio","N-benzoylglycine","QIAFMBKCNZACKA","pos",1,1,"[M + H]+","C9H9NO3","C9H9NO3","QIAFMBKCNZACKA-UHFFFAOYSA-N",180.065795898438,0.996654016973629,0.997185451468399,"unfiltered"
"1.4","cembio","L-homoarginine","QUOGESRFPZDMMT","neg",1,1,"[M - H]-","C7H16N4O2","C7H16N4O2","QUOGESRFPZDMMT-YFKPBYRVSA-N",187.11979675293,0.12626175914301,0.302486412762174,"unfiltered"
"1.4","cembio","L-homoarginine","QUOGESRFPZDMMT","pos",1,1,"[M + H]+","C7H16N4O2","C7H16N4O2","QUOGESRFPZDMMT-YFKPBYRVSA-N",189.13459777832,0.922461217381729,0.935890892728741,"unfiltered"
"1.4","cembio","O-phosphoethanolamine","SUHOOTKUPISOBE","neg",1,1,"[M - H]-","C2H8NO4P","C2H8NO4P","SUHOOTKUPISOBE-UHFFFAOYSA-N",140.011993408203,0.569265900066049,0.569265900066049,"unfiltered"
"1.4","cembio","glutathione disulfide","YPZRWBKMTBYPTK","neg",1,1,"[M - H]-","C20H32N6O12S2","C20H32N6O12S2","YPZRWBKMTBYPTK-BJDJZHNGSA-N",611.144714355469,0.457364428267871,0.546018062471449,"unfiltered"
"1.4","hmgu","glycine","DHMQDGOQFOQNFH","pos",1,2,"[M + H]+","C2H5NO2","C2H5NO2","DHMQDGOQFOQNFH-UHFFFAOYSA-N",NA,NA,NA,"unfiltered"
"1.4","hmgu","D-arabinitol","HEBKCHPVOIAQTA","neg",3,1,"[M - H]-","C5H12O5","C5H12O5","HEBKCHPVOIAQTA-QWWZWVQMSA-N",151.060845369386,0.493514909387787,0.756670888126832,"unfiltered"
"1.4","hmgu","N-acetyl-L-serine","JJIHLJJYMXLCOY","neg",1,1,"[M - H]-","C5H9NO4","C5H9NO4","JJIHLJJYMXLCOY-BYPYZUCNSA-N",146.045844923615,0.215728765694193,0.215728765694193,"unfiltered"
"1.4","hmgu","D-lysine","KDXKERNSBIXSRK","neg",1,1,"[M - H]-","C6H14N2O2","C6H14N2O2","KDXKERNSBIXSRK-RXMQYKEDSA-N",145.098324019408,0.889944956451752,0.954074910683597,"unfiltered"
"1.4","hmgu","D-lysine","KDXKERNSBIXSRK","pos",1,13,"[M + H]+","C6H14N2O2","C6H14N2O2","KDXKERNSBIXSRK-RXMQYKEDSA-N",NA,NA,NA,"unfiltered"
"1.4","hmgu","2'-deoxyadenosine 5'-monophosphate","KHWCHTKSEGGWEX","neg",1,1,"[M - H]-","C10H14N5O6P","C10H14N5O6P","KHWCHTKSEGGWEX-RRKCRQDMSA-N",330.060566349836,0.632517748773652,0.440868790109887,"unfiltered"
"1.4","hmgu","N-benzoylglycine","QIAFMBKCNZACKA","neg",1,1,"[M - H]-","C9H9NO3","C9H9NO3","QIAFMBKCNZACKA-UHFFFAOYSA-N",178.050975838596,0.968104977902133,0.968104977902133,"unfiltered"
"1.4","hmgu","L-homoarginine","QUOGESRFPZDMMT","neg",1,1,"[M - H]-","C7H16N4O2","C7H16N4O2","QUOGESRFPZDMMT-YFKPBYRVSA-N",187.118709440086,0.277554704126228,0.426904756282421,"unfiltered"
"1.4","hmgu","L-homoarginine","QUOGESRFPZDMMT","pos",1,1,"[M + H]+","C7H16N4O2","C7H16N4O2","QUOGESRFPZDMMT-YFKPBYRVSA-N",189.129154456725,0.728134531679116,0.816588244133544,"unfiltered"
"1.4","hmgu","O-phosphoethanolamine","SUHOOTKUPISOBE","neg",1,1,"[M - H]-","C2H8NO4P","C2H8NO4P","SUHOOTKUPISOBE-UHFFFAOYSA-N",140.011382392035,0.458088181790891,0.458088181790891,"unfiltered"
"1.4","icl","2'-deoxyguanosine 5'-monophosphate","LTFMZDNNPPEQNG","neg",3,4,"[M - H]-","C10H14N5O7P","C10H14N5O7P","LTFMZDNNPPEQNG-KVQBGUIXSA-N",NA,NA,NA,"unfiltered"
"1.5","afekta","N-acetyl-L-tyrosine","CAHKINHBCWCHCF","neg",1,1,"[M - H]-","C11H13NO4","C11H13NO4","CAHKINHBCWCHCF-JTQLQIEISA-N",222.075164794922,0.973299029750429,0.978897705640421,"unfiltered"
"1.5","afekta","alpha-D-glucose 1-phosphate","HXXFSFRBOHSIMQ","neg",1,1,"[M - H]-","C6H13O9P","C6H13O9P","HXXFSFRBOHSIMQ-VFUOTHLCSA-N",259.020088195801,0.0794336829277553,0.291171917474101,"unfiltered"
"1.5","afekta","(2R)-2-amino-3-methoxypropanoic acid","KNTFCRCCPLEUQZ","pos",1,1,"[M + H]+","C4H9NO3","C4H9NO3","KNTFCRCCPLEUQZ-GSVOUGTGSA-N",120.065139770508,0.579642291787777,0.680981188140249,"unfiltered"
"1.5","afekta","N-acetyl-L-alanine","KTHDTJVBEPMMGL","pos",1,1,"[M + H]+","C5H9NO3","C5H9NO3","KTHDTJVBEPMMGL-VKHMYHEASA-N",132.065002441406,0.874271524976986,0.910563692895367,"unfiltered"
"1.5","afekta","N,N,N-trimethylglycinium","KWIUHFFTVRNATP","pos",1,1,"[M + H]+","C5H11NO2","C5H12NO2","KWIUHFFTVRNATP-UHFFFAOYSA-O",118.085554203517,0.707809911582503,0.845665701941267,"unfiltered"
"1.5","afekta","L-glutamic acid","WHUUTDBJXJRKMK","neg",1,2,"[M - H]-","C5H9NO4","C5H9NO4","WHUUTDBJXJRKMK-VKHMYHEASA-N",NA,NA,NA,"unfiltered"
"1.5","afekta","L-glutamine","ZDXPYRJPNDTMRX","neg",1,1,"[M - H]-","C5H10N2O3","C5H10N2O3","ZDXPYRJPNDTMRX-VKHMYHEASA-N",145.060485839844,0.690510334711425,0.690510334711425,"unfiltered"
"1.5","cembio","sn-glycerol 3-phosphate","AWUCVROLDVIAJX","neg",2,1,"[M - H]-","C3H9O6P","C3H9O6P","AWUCVROLDVIAJX-GSVOUGTGSA-N",171.006500244141,0.430622680518451,0.430622680518451,"unfiltered"
"1.5","cembio","N-acetyl-L-tyrosine","CAHKINHBCWCHCF","pos",1,1,"[M + H]+","C11H13NO4","C11H13NO4","CAHKINHBCWCHCF-JTQLQIEISA-N",224.091995239258,0.968334880704526,0.970453608599125,"unfiltered"
"1.5","cembio","L-aspartic acid","CKLJMWTZIZZHCS","neg",1,1,"[M - H]-","C4H7NO4","C4H7NO4","CKLJMWTZIZZHCS-REOHCLBHSA-N",132.030303955078,0.868624662828376,0.926130689406393,"unfiltered"
"1.5","cembio","L-aspartic acid","CKLJMWTZIZZHCS","pos",1,1,"[M + H]+","C4H7NO4","C4H7NO4","CKLJMWTZIZZHCS-REOHCLBHSA-N",134.044799804688,0.918430573885972,0.918430573885972,"unfiltered"
"1.5","cembio","(2R)-2-amino-3-methoxypropanoic acid","KNTFCRCCPLEUQZ","neg",1,10,"[M - H]-","C4H9NO3","C4H9NO3","KNTFCRCCPLEUQZ-GSVOUGTGSA-N",NA,NA,NA,"unfiltered"
"1.5","cembio","(2R)-2-amino-3-methoxypropanoic acid","KNTFCRCCPLEUQZ","pos",1,1,"[M + H]+","C4H9NO3","C4H9NO3","KNTFCRCCPLEUQZ-GSVOUGTGSA-N",120.065696716309,0.623074664135289,0.808254658858566,"unfiltered"
"1.5","cembio","N-acetyl-L-alanine","KTHDTJVBEPMMGL","neg",1,1,"[M - H]-","C5H9NO3","C5H9NO3","KTHDTJVBEPMMGL-VKHMYHEASA-N",130.050994873047,0.711216465099283,0.711216465099283,"unfiltered"
"1.5","cembio","N-acetyl-L-alanine","KTHDTJVBEPMMGL","pos",1,1,"[M + H]+","C5H9NO3","C5H9NO3","KTHDTJVBEPMMGL-VKHMYHEASA-N",132.06559753418,0.929763375650508,0.944827278353064,"unfiltered"
"1.5","cembio","L-cystine","LEVWYRKDKASIDU","pos",1,1,"[M + H]+","C6H12N2O4S2","C6H12N2O4S2","LEVWYRKDKASIDU-IMJSIDKUSA-N",241.030807495117,0.509915813405793,0.509915813405793,"unfiltered"
"1.5","cembio","L-serine","MTCFGRXMJLQNBG","neg",1,1,"[M - H]-","C3H7NO3","C3H7NO3","MTCFGRXMJLQNBG-REOHCLBHSA-N",104.035400390625,0.88494981552292,0.88494981552292,"unfiltered"
"1.5","cembio","L-serine","MTCFGRXMJLQNBG","pos",1,1,"[M + H]+","C3H7NO3","C3H7NO3","MTCFGRXMJLQNBG-REOHCLBHSA-N",106.049797058105,0.865677851309916,0.865677851309916,"unfiltered"
"1.5","cembio","D-arginine","ODKSFYDXXFIFQN","neg",1,1,"[M - H]-","C6H14N4O2","C6H14N4O2","ODKSFYDXXFIFQN-SCSAIBSYSA-N",173.104507446289,0.672067954832237,0.848259796649661,"unfiltered"
"1.5","cembio","D-arginine","ODKSFYDXXFIFQN","pos",1,1,"[M + H]+;[M + Na]+","C6H14N4O2","C6H14N4O2","ODKSFYDXXFIFQN-SCSAIBSYSA-N",175.119094848633,0.961504368607523,0.963319404848254,"unfiltered"
"1.5","cembio","3-amino-L-alanine","PECYZEOJVXMISF","neg",1,1,"[M - H]-","C3H8N2O2","C3H8N2O2","PECYZEOJVXMISF-REOHCLBHSA-N",103.051200866699,0.75472223178545,0.792002856432647,"unfiltered"
"1.5","cembio","3-amino-L-alanine","PECYZEOJVXMISF","pos",1,1,"[M + H]+;[M + Na]+","C3H8N2O2","C3H8N2O2","PECYZEOJVXMISF-REOHCLBHSA-N",105.06600189209,0.936162184330806,0.936162184330806,"unfiltered"
"1.5","cembio","cytidine","UHDGCWIWMRVCDJ","neg",1,1,"[M - H]-","C9H13N3O5","C9H13N3O5","UHDGCWIWMRVCDJ-XVFCMESISA-N",242.078399658203,0.643206292535552,0.643206292535552,"unfiltered"
"1.5","cembio","cytidine","UHDGCWIWMRVCDJ","pos",1,1,"[M + H]+","C9H13N3O5","C9H13N3O5","UHDGCWIWMRVCDJ-XVFCMESISA-N",244.093200683594,0.916372244524336,0.916372244524336,"unfiltered"
"1.5","cembio","L-glutamic acid","WHUUTDBJXJRKMK","neg",1,1,"[M - H]-","C5H9NO4","C5H9NO4","WHUUTDBJXJRKMK-VKHMYHEASA-N",146.046401977539,0.566785774339223,0.809833840994803,"unfiltered"
"1.5","cembio","L-glutamic acid","WHUUTDBJXJRKMK","pos",1,1,"[M + H]+","C5H9NO4","C5H9NO4","WHUUTDBJXJRKMK-VKHMYHEASA-N",148.061294555664,0.882033030374831,0.919856991144865,"unfiltered"
"1.5","cembio","cysteic acid","XVOYSCVBGLVSOL","neg",1,1,"[M - H]-","C3H7NO5S","C3H7NO5S","XVOYSCVBGLVSOL-UHFFFAOYSA-N",167.997299194336,0.195506397858116,0.195506397858116,"unfiltered"
"1.5","cembio","L-glutamine","ZDXPYRJPNDTMRX","pos",1,1,"[M + H]+","C5H10N2O3","C5H10N2O3","ZDXPYRJPNDTMRX-VKHMYHEASA-N",147.076599121094,0.837896410455463,0.837896410455463,"unfiltered"
"1.5","hmgu","N-acetyl-L-tyrosine","CAHKINHBCWCHCF","neg",1,1,"[M - H]-","C11H13NO4","C11H13NO4","CAHKINHBCWCHCF-JTQLQIEISA-N",222.076564942742,0.955777722164346,0.976641357734051,"unfiltered"
"1.5","hmgu","L-aspartic acid","CKLJMWTZIZZHCS","neg",1,1,"[M - H]-","C4H7NO4","C4H7NO4","CKLJMWTZIZZHCS-REOHCLBHSA-N",132.029772643872,0.863729272064011,0.92619423625972,"unfiltered"
"1.5","hmgu","N-acetyl-L-alanine","KTHDTJVBEPMMGL","neg",1,1,"[M - H]-","C5H9NO3","C5H9NO3","KTHDTJVBEPMMGL-VKHMYHEASA-N",130.050754929748,0.733322962418662,0.795712670821138,"unfiltered"
"1.5","hmgu","N-acetyl-L-alanine","KTHDTJVBEPMMGL","pos",1,20,"[M + H]+","C5H9NO3","C5H9NO3","KTHDTJVBEPMMGL-VKHMYHEASA-N",NA,NA,NA,"unfiltered"
"1.5","hmgu","3-amino-L-alanine","PECYZEOJVXMISF","neg",1,1,"[M - H]-","C3H8N2O2","C3H8N2O2","PECYZEOJVXMISF-REOHCLBHSA-N",103.051098016634,0.787332558322418,0.815420492929404,"unfiltered"
"1.5","hmgu","3-amino-L-alanine","PECYZEOJVXMISF","pos",1,1,"[M + H]+","C3H8N2O2","C3H8N2O2","PECYZEOJVXMISF-REOHCLBHSA-N",105.065161845075,0.719615039415855,0.719615039415855,"unfiltered"
"1.5","hmgu","L-alanine","QNAYBMKLOCPYGJ","neg",1,1,"[M - H]-","C3H7NO2","C3H7NO2","QNAYBMKLOCPYGJ-REOHCLBHSA-N",88.039469491375,0.745589006825721,0.878261468206848,"unfiltered"
"1.5","hmgu","L-alanine","QNAYBMKLOCPYGJ","pos",1,1,"[M + H]+","C3H7NO2","C3H7NO2","QNAYBMKLOCPYGJ-REOHCLBHSA-N",90.05408629841,0.832734134745434,0.83805470206275,"unfiltered"
"1.5","hmgu","L-glutamic acid","WHUUTDBJXJRKMK","neg",1,17,"[M - H]-","C5H9NO4","C5H9NO4","WHUUTDBJXJRKMK-VKHMYHEASA-N",NA,NA,NA,"unfiltered"
"1.5","hmgu","cysteic acid","XVOYSCVBGLVSOL","neg",1,1,"[M - H]-","C3H7NO5S","C3H7NO5S","XVOYSCVBGLVSOL-UHFFFAOYSA-N",167.997011645093,0.333051873990031,0.333051873990031,"unfiltered"
"1.5","hmgu","L-glutamine","ZDXPYRJPNDTMRX","neg",1,1,"[M - H]-","C5H10N2O3","C5H10N2O3","ZDXPYRJPNDTMRX-VKHMYHEASA-N",145.061509741432,0.311201941836807,0.311201941836807,"unfiltered"
"1.6","afekta","L-threonine","AYFVYJQAPQTCCC","pos",1,1,"[M + H]+","C4H9NO3","C4H9NO3","AYFVYJQAPQTCCC-GBXIJSLDSA-N",120.065055847168,0.664583041470261,0.710206290803383,"unfiltered"
"1.6","afekta","L-arabinitol","HEBKCHPVOIAQTA","neg",1,1,"[M - H]-","C5H12O5","C5H12O5","HEBKCHPVOIAQTA-IMJSIDKUSA-N",151.059799194336,0.430206586264162,0.423766437657677,"unfiltered"
"1.6","afekta","L-methionine S-oxide","QEFRNWWLZKMPFJ","pos",1,3,"[M + H]+","C5H11NO3S","C5H11NO3S","QEFRNWWLZKMPFJ-YGVKFDHGSA-N",NA,NA,NA,"unfiltered"
"1.6","afekta","N(alpha)-acetyl-L-arginine","SNEIUMQYRCDYCH","neg",1,1,"[M - H]-","C8H16N4O3","C8H16N4O3","SNEIUMQYRCDYCH-LURJTMIESA-N",215.11328125,0.940315641221112,0.958350878403298,"unfiltered"
"1.6","cembio","3-chloro-L-tyrosine","ACWBBAGYTKWBCD","neg",1,1,"[M - H]-","C9H10ClNO3","C9H10ClNO3","ACWBBAGYTKWBCD-ZETCQYMHSA-N",214.027694702148,0.958149465656424,0.995676894285352,"unfiltered"
"1.6","cembio","3-chloro-L-tyrosine","ACWBBAGYTKWBCD","pos",1,1,"[M + H]+","C9H10ClNO3","C9H10ClNO3","ACWBBAGYTKWBCD-ZETCQYMHSA-N",216.042404174805,0.944959134114092,0.944959134114092,"unfiltered"
"1.6","cembio","L-threonine","AYFVYJQAPQTCCC","neg",1,1,"[M - H]-","C4H9NO3","C4H9NO3","AYFVYJQAPQTCCC-GBXIJSLDSA-N",118.051002502441,0.896633450179822,0.896633450179822,"unfiltered"
"1.6","cembio","L-threonine","AYFVYJQAPQTCCC","pos",1,1,"[M + H]+","C4H9NO3","C4H9NO3","AYFVYJQAPQTCCC-GBXIJSLDSA-N",120.06559753418,0.956329968024499,0.956329968024499,"unfiltered"
"1.6","cembio","L-arabinitol","HEBKCHPVOIAQTA","neg",1,1,"[M - H]-","C5H12O5","C5H12O5","HEBKCHPVOIAQTA-IMJSIDKUSA-N",151.06120300293,0.653857672685026,0.686942217359791,"unfiltered"
"1.6","cembio","L-arabinitol","HEBKCHPVOIAQTA","pos",1,1,"[M + H]+","C5H12O5","C5H12O5","HEBKCHPVOIAQTA-IMJSIDKUSA-N",153.075698852539,0.803625526225739,0.817551071633362,"unfiltered"
"1.6","cembio","L-histidine","HNDVDQJCIGZPNO","neg",1,1,"[M - H]-","C6H9N3O2","C6H9N3O2","HNDVDQJCIGZPNO-YFKPBYRVSA-N",154.062194824219,0.682315059946537,0.928285058346031,"unfiltered"
"1.6","cembio","L-histidine","HNDVDQJCIGZPNO","pos",1,1,"[M + H]+","C6H9N3O2","C6H9N3O2","HNDVDQJCIGZPNO-YFKPBYRVSA-N",156.076705932617,0.919527517916155,0.960280917723371,"unfiltered"
"1.6","cembio","D-serine","MTCFGRXMJLQNBG","neg",1,1,"[M - H]-","C3H7NO3","C3H7NO3","MTCFGRXMJLQNBG-UWTATZPHSA-N",104.035301208496,0.890734626411653,0.890734626411653,"unfiltered"
"1.6","cembio","D-serine","MTCFGRXMJLQNBG","pos",1,1,"[M + H]+","C3H7NO3","C3H7NO3","MTCFGRXMJLQNBG-UWTATZPHSA-N",106.049797058105,0.960018174062254,0.960018174062254,"unfiltered"
"1.6","cembio","L-methionine S-oxide","QEFRNWWLZKMPFJ","neg",1,1,"[M - H]-","C5H11NO3S","C5H11NO3S","QEFRNWWLZKMPFJ-YGVKFDHGSA-N",164.038696289063,0.519612895393215,0.519612895393215,"unfiltered"
"1.6","cembio","L-methionine S-oxide","QEFRNWWLZKMPFJ","pos",1,1,"[M + H]+","C5H11NO3S","C5H11NO3S","QEFRNWWLZKMPFJ-YGVKFDHGSA-N",166.053405761719,0.81666790567264,0.81666790567264,"unfiltered"
"1.6","cembio","N(alpha)-acetyl-L-arginine","SNEIUMQYRCDYCH","neg",1,1,"[M - H]-","C8H16N4O3","C8H16N4O3","SNEIUMQYRCDYCH-LURJTMIESA-N",215.115097045898,0.877802796422498,0.914392600481819,"unfiltered"
"1.6","cembio","N(alpha)-acetyl-L-arginine","SNEIUMQYRCDYCH","pos",1,1,"[M + H]+","C8H16N4O3","C8H16N4O3","SNEIUMQYRCDYCH-LURJTMIESA-N",217.130004882813,0.997472555350299,0.997814552562176,"unfiltered"
"1.6","cembio","(6S)-5-formyltetrahydrofolic acid","VVIAGPKUTFNRDU","neg",1,1,"[M - H]-","C20H23N7O7","C20H23N7O7","VVIAGPKUTFNRDU-STQMWFEESA-N",472.159088134766,0.354868425759699,0.456102048631164,"unfiltered"
"1.6","cembio","(6S)-5-formyltetrahydrofolic acid","VVIAGPKUTFNRDU","pos",1,1,"[M + H]+","C20H23N7O7","C20H23N7O7","VVIAGPKUTFNRDU-STQMWFEESA-N",474.173706054688,0.673382062501918,0.778824211242679,"unfiltered"
"1.6","hmgu","3-chloro-L-tyrosine","ACWBBAGYTKWBCD","neg",1,1,"[M - H]-","C9H10ClNO3","C9H10ClNO3","ACWBBAGYTKWBCD-ZETCQYMHSA-N",214.02764000146,0.949889274973779,0.996936250474664,"unfiltered"
"1.6","hmgu","L-threonine","AYFVYJQAPQTCCC","neg",1,1,"[M - H]-","C4H9NO3","C4H9NO3","AYFVYJQAPQTCCC-GBXIJSLDSA-N",118.049765885945,0.721057124107368,0.721057124107368,"unfiltered"
"1.6","hmgu","L-histidine","HNDVDQJCIGZPNO","neg",1,1,"[M - H]-","C6H9N3O2","C6H9N3O2","HNDVDQJCIGZPNO-YFKPBYRVSA-N",154.060950186501,0.475458194947205,0.767492829905749,"unfiltered"
"1.6","hmgu","L-histidine","HNDVDQJCIGZPNO","pos",1,1,"[M + H]+","C6H9N3O2","C6H9N3O2","HNDVDQJCIGZPNO-YFKPBYRVSA-N",156.07561893748,0.850285110541089,0.934718305161339,"unfiltered"
"1.6","hmgu","D-serine","MTCFGRXMJLQNBG","neg",1,1,"[M - H]-","C3H7NO3","C3H7NO3","MTCFGRXMJLQNBG-UWTATZPHSA-N",104.035054081048,0.829973133185487,0.829973133185487,"unfiltered"
"1.6","hmgu","D-serine","MTCFGRXMJLQNBG","pos",1,1,"[M + H]+","C3H7NO3","C3H7NO3","MTCFGRXMJLQNBG-UWTATZPHSA-N",106.049146382357,0.83345761909573,0.83345761909573,"unfiltered"
"1.6","hmgu","N(alpha)-acetyl-L-arginine","SNEIUMQYRCDYCH","neg",1,2,"[M - H]-","C8H16N4O3","C8H16N4O3","SNEIUMQYRCDYCH-LURJTMIESA-N",NA,NA,NA,"unfiltered"
"1.6","hmgu","(6S)-5-formyltetrahydrofolic acid","VVIAGPKUTFNRDU","neg",1,1,"[M - H]-","C20H23N7O7","C20H23N7O7","VVIAGPKUTFNRDU-STQMWFEESA-N",472.158478259698,0.287353652539359,0.383026440507281,"unfiltered"
"1.6","icl","(6S)-5-formyltetrahydrofolic acid","VVIAGPKUTFNRDU","neg",1,1,"[M - H]-","C20H23N7O7","C20H23N7O7","VVIAGPKUTFNRDU-STQMWFEESA-N",472.155242919922,0.305334884389396,0.417429416490428,"unfiltered"
"2.1","afekta","L-phenylalanine","COLNVLDHVKWLRT","pos",1,1,"[M + H]+","C9H11NO2","C9H11NO2","COLNVLDHVKWLRT-QMMMGPOBSA-N",166.085880279541,0.89241971004082,0.942737068865772,"unfiltered"
"2.1","afekta","5-aminoimidazole-4-carboxamide","DVNYTAVYBRSTGK","pos",1,1,"[M + H]+","C4H6N4O","C4H6N4O","DVNYTAVYBRSTGK-UHFFFAOYSA-N",127.060939788818,0.754214923118354,0.754214923118354,"unfiltered"
"2.1","afekta","5-methyl-2'-deoxycytidine","LUCHPKXVUGJYGU","pos",1,1,"[M + H]+","C10H15N3O4","C10H15N3O4","LUCHPKXVUGJYGU-XLPZGREQSA-N",242.112197875977,0.771941472041704,0.781845107089736,"unfiltered"
"2.1","afekta","pyridoxamine","NHZMQXZHNVQTQA","pos",2,1,"[M + H]+","C8H12N2O2","C8H12N2O2","NHZMQXZHNVQTQA-UHFFFAOYSA-N",169.096397399902,0.899161476128921,0.899161476128921,"unfiltered"
"2.1","cembio","keto-phenylpyruvic acid","BTNMPGBKDVTSJY","neg",4,1,"[M - H]-","C9H8O3","C9H8O3","BTNMPGBKDVTSJY-UHFFFAOYSA-N",163.039794921875,0.41605293802665,0.615797539433465,"unfiltered"
"2.1","cembio","L-phenylalanine","COLNVLDHVKWLRT","neg",1,1,"[M - H]-","C9H11NO2","C9H11NO2","COLNVLDHVKWLRT-QMMMGPOBSA-N",164.071792602539,0.963177764775798,0.983956273935918,"unfiltered"
"2.1","cembio","L-phenylalanine","COLNVLDHVKWLRT","pos",1,1,"[M + H]+","C9H11NO2","C9H11NO2","COLNVLDHVKWLRT-QMMMGPOBSA-N",166.086196899414,0.992539179311502,0.994270049658586,"unfiltered"
"2.1","cembio","5-aminoimidazole-4-carboxamide","DVNYTAVYBRSTGK","neg",2,1,"[M - H]-","C4H6N4O","C4H6N4O","DVNYTAVYBRSTGK-UHFFFAOYSA-N",125.047203063965,0.471267718204592,0.570853422601273,"unfiltered"
"2.1","cembio","5-aminoimidazole-4-carboxamide","DVNYTAVYBRSTGK","pos",1,1,"[M + H]+","C4H6N4O","C4H6N4O","DVNYTAVYBRSTGK-UHFFFAOYSA-N",127.062301635742,0.225736335087065,0.225736335087065,"unfiltered"
"2.1","cembio","Gly-Phe","JBCLFWXMTIKCCB","neg",1,1,"[M - H]-","C11H14N2O3","C11H14N2O3","JBCLFWXMTIKCCB-VIFPVBQESA-N",221.093399047852,0.991051599171186,0.991051599171186,"unfiltered"
"2.1","cembio","5-methyl-2'-deoxycytidine","LUCHPKXVUGJYGU","neg",1,3,"[M - H]-","C10H15N3O4","C10H15N3O4","LUCHPKXVUGJYGU-XLPZGREQSA-N",NA,NA,NA,"unfiltered"
"2.1","cembio","5-methyl-2'-deoxycytidine","LUCHPKXVUGJYGU","pos",1,1,"[M + H]+","C10H15N3O4","C10H15N3O4","LUCHPKXVUGJYGU-XLPZGREQSA-N",242.113693237305,0.931986753012228,0.943200870633355,"unfiltered"
"2.1","cembio","tricaproin","MAYCICSNZYXLHB","pos",1,3,"[M + Na]+","C21H38O6","C21H38O6","MAYCICSNZYXLHB-UHFFFAOYSA-N",NA,NA,NA,"unfiltered"
"2.1","cembio","pyridoxamine","NHZMQXZHNVQTQA","pos",2,1,"[M + H]+","C8H12N2O2","C8H12N2O2","NHZMQXZHNVQTQA-UHFFFAOYSA-N",169.097396850586,0.83660683567559,0.83660683567559,"unfiltered"
"2.1","cembio","L-leucine","ROHFNLRQFUQHCH","neg",1,2,"[M - H]-","C6H13NO2","C6H13NO2","ROHFNLRQFUQHCH-YFKPBYRVSA-N",NA,NA,NA,"unfiltered"
"2.1","cembio","L-leucine","ROHFNLRQFUQHCH","pos",1,2,"[M + H]+","C6H13NO2","C6H13NO2","ROHFNLRQFUQHCH-YFKPBYRVSA-N",NA,NA,NA,"unfiltered"
"2.1","cembio","ethylmalonic acid","UKFXDFUAPNAMPJ","neg",1,1,"[M - H]-","C5H8O4","C5H8O4","UKFXDFUAPNAMPJ-UHFFFAOYSA-N",131.034805297852,0.344413892048074,0.711632912089102,"unfiltered"
"2.1","cembio","ethylmalonic acid","UKFXDFUAPNAMPJ","pos",1,7,"[M + Na]+","C5H8O4","C5H8O4","UKFXDFUAPNAMPJ-UHFFFAOYSA-N",NA,NA,NA,"unfiltered"
"2.1","cembio","dopamine","VYFYYTLLBUKUHU","neg",2,1,"[M - H]-","C8H11NO2","C8H11NO2","VYFYYTLLBUKUHU-UHFFFAOYSA-N",152.07209777832,0.905955545832083,0.980314467140466,"unfiltered"
"2.1","cembio","dopamine","VYFYYTLLBUKUHU","pos",1,1,"[M + H]+","C8H11NO2","C8H11NO2","VYFYYTLLBUKUHU-UHFFFAOYSA-N",154.086250305176,0.955919820250131,0.97626502242736,"unfiltered"
"2.1","cembio","2'-deoxyguanosine","YKBGVTZYEHREMT","neg",1,1,"[M - H]-","C10H13N5O4","C10H13N5O4","YKBGVTZYEHREMT-KVQBGUIXSA-N",266.089691162109,0.48591635107036,0.666373595909173,"unfiltered"
"2.1","cembio","2'-deoxyguanosine","YKBGVTZYEHREMT","pos",1,1,"[M + H]+","C10H13N5O4","C10H13N5O4","YKBGVTZYEHREMT-KVQBGUIXSA-N",268.104095458984,0.537547617202299,0.660837091578488,"unfiltered"
"2.1","cembio","methylmalonic acid","ZIYVHBGGAOATLY","neg",1,1,"[M - H]-","C4H6O4","C4H6O4","ZIYVHBGGAOATLY-UHFFFAOYSA-N",117.019203186035,0.509164136897468,0.578650106648996,"unfiltered"
"2.1","cembio","2,4-dihydroxypyrimidine-5-carboxylic acid","ZXYAAVBXHKCJJB","neg",1,1,"[M - H]-","C5H4N2O4","C5H4N2O4","ZXYAAVBXHKCJJB-UHFFFAOYSA-N",155.009902954102,0.688489078220814,0.933206520808006,"unfiltered"
"2.1","hmgu","vanillylmandelic acid","CGQCWMIAEPEHNQ","neg",1,1,"[M - H]-","C9H10O5","C9H10O5","CGQCWMIAEPEHNQ-UHFFFAOYSA-N",197.044724363636,0.508302248465574,0.934035290594295,"unfiltered"
"2.1","hmgu","L-phenylalanine","COLNVLDHVKWLRT","neg",1,1,"[M - H]-","C9H11NO2","C9H11NO2","COLNVLDHVKWLRT-QMMMGPOBSA-N",164.071074647948,0.866260044140764,0.930578542235334,"unfiltered"
"2.1","hmgu","L-phenylalanine","COLNVLDHVKWLRT","pos",1,33,"[M + H]+","C9H11NO2","C9H11NO2","COLNVLDHVKWLRT-QMMMGPOBSA-N",NA,NA,NA,"unfiltered"
"2.1","hmgu","5-aminoimidazole-4-carboxamide","DVNYTAVYBRSTGK","neg",1,1,"[M - H]-","C4H6N4O","C4H6N4O","DVNYTAVYBRSTGK-UHFFFAOYSA-N",125.045516032423,0.577719471316124,0.577719471316124,"unfiltered"
"2.1","hmgu","Gly-Phe","JBCLFWXMTIKCCB","neg",1,1,"[M - H]-","C11H14N2O3","C11H14N2O3","JBCLFWXMTIKCCB-VIFPVBQESA-N",221.091572115496,0.768419727147332,0.768419727147332,"unfiltered"
"2.1","hmgu","9H-xanthine","LRFVTYWOQMYALW","neg",1,1,"[M - H]-","C5H4N4O2","C5H4N4O2","LRFVTYWOQMYALW-UHFFFAOYSA-N",151.025842319503,0.488475150115324,0.488475150115324,"unfiltered"
"2.1","hmgu","pyridoxamine","NHZMQXZHNVQTQA","neg",1,1,"[M - H]-","C8H12N2O2","C8H12N2O2","NHZMQXZHNVQTQA-UHFFFAOYSA-N",167.082995226809,0.918815341037093,0.918815341037093,"unfiltered"
"2.1","hmgu","pyridoxamine","NHZMQXZHNVQTQA","pos",1,1,"[M + Na]+","C8H12N2O2","C8H12N2O2","NHZMQXZHNVQTQA-UHFFFAOYSA-N",191.077715718307,0.892152957242757,0.892152957242757,"unfiltered"
"2.1","hmgu","3-hydroxybenzyl alcohol","OKVJCVWFVRATSG","neg",1,1,"[M - H]-","C7H8O2","C7H8O2","OKVJCVWFVRATSG-UHFFFAOYSA-N",123.044593977328,0.55466220327932,0.81403858709189,"unfiltered"
"2.1","hmgu","3-hydroxybenzyl alcohol","OKVJCVWFVRATSG","pos",1,2,"[M + H]+;[M + Na]+","C7H8O2","C7H8O2","OKVJCVWFVRATSG-UHFFFAOYSA-N",NA,NA,NA,"unfiltered"
"2.1","hmgu","L-leucine","ROHFNLRQFUQHCH","neg",1,1,"[M - H]-","C6H13NO2","C6H13NO2","ROHFNLRQFUQHCH-YFKPBYRVSA-N",130.087075973455,0.157376098013751,0.306150961747542,"unfiltered"
"2.1","hmgu","5,6-dihydroxyindole","SGNZYJXNUURYCH","neg",1,7,"[M - H]-","C8H7NO2","C8H7NO2","SGNZYJXNUURYCH-UHFFFAOYSA-N",NA,NA,NA,"unfiltered"
"2.1","hmgu","ethylmalonic acid","UKFXDFUAPNAMPJ","neg",1,1,"[M - H]-","C5H8O4","C5H8O4","UKFXDFUAPNAMPJ-UHFFFAOYSA-N",131.034336199126,0.648628750592747,0.795831442615167,"unfiltered"
"2.1","hmgu","methylmalonic acid","ZIYVHBGGAOATLY","neg",1,1,"[M - H]-","C4H6O4","C4H6O4","ZIYVHBGGAOATLY-UHFFFAOYSA-N",117.01894924145,0.766917901454199,0.784114475765266,"unfiltered"
"2.1","hmgu","2,4-dihydroxypyrimidine-5-carboxylic acid","ZXYAAVBXHKCJJB","neg",1,1,"[M - H]-","C5H4N2O4","C5H4N2O4","ZXYAAVBXHKCJJB-UHFFFAOYSA-N",155.009846463093,0.414948342411612,0.383518879704084,"unfiltered"
"2.10","afekta","quinolinic acid","GJAWHXHKYYXBSV","pos",1,1,"[M + H]+","C7H5NO4","C7H5NO4","GJAWHXHKYYXBSV-UHFFFAOYSA-N",168.027839660645,0.636603912897464,0.901635258650225,"unfiltered"
"2.10","afekta","L-pipecolic acid","HXEACLLIILLPRG","pos",1,1,"[M + H]+","C6H11NO2","C6H11NO2","HXEACLLIILLPRG-YFKPBYRVSA-N",130.085746765137,0.980209129510331,0.990925302796245,"unfiltered"
"2.10","afekta","trans-urocanic acid","LOIYMIARKYCTBW","neg",1,5,"[M - H]-","C6H6N2O2","C6H6N2O2","LOIYMIARKYCTBW-OWOJBTEDSA-N",NA,NA,NA,"unfiltered"
"2.10","afekta","trans-urocanic acid","LOIYMIARKYCTBW","pos",2,1,"[M + H]+","C6H6N2O2","C6H6N2O2","LOIYMIARKYCTBW-OWOJBTEDSA-N",139.049687703451,0.11029776545613,0.11029776545613,"unfiltered"
"2.10","afekta","2-hydroxy-2-methylbutyric acid","MBIQENSCDNJOIY","neg",1,2,"[M - H]-","C5H10O3","C5H10O3","MBIQENSCDNJOIY-UHFFFAOYSA-N",NA,NA,NA,"unfiltered"
"2.10","afekta","4-hydroxy-L-proline","PMMYEEVYMWASQN","pos",1,1,"[M + Na]+","C5H9NO3","C5H9NO3","PMMYEEVYMWASQN-BKLSDQPFSA-N",154.046600341797,0.87574146704117,0.937214511054252,"unfiltered"
"2.10","cembio","glycinamide","BEBCJVAWIBVWNZ","pos",1,2,"[M + H]+","C2H6N2O","C2H6N2O","BEBCJVAWIBVWNZ-UHFFFAOYSA-N",NA,NA,NA,"unfiltered"
"2.10","cembio","3-methoxytyramine","DIVQKHQLANKJQO","pos",1,4,"[M + H]+","C9H13NO2","C9H13NO2","DIVQKHQLANKJQO-UHFFFAOYSA-N",NA,NA,NA,"unfiltered"
"2.10","cembio","(5-hydroxyindol-3-yl)acetic acid","DUUGKQCEGZLZNO","neg",1,1,"[M - H]-","C10H9NO3","C10H9NO3","DUUGKQCEGZLZNO-UHFFFAOYSA-N",190.05110168457,0.747350339348757,0.841112218538027,"unfiltered"
"2.10","cembio","(5-hydroxyindol-3-yl)acetic acid","DUUGKQCEGZLZNO","pos",1,9,"[M + H]+","C10H9NO3","C10H9NO3","DUUGKQCEGZLZNO-UHFFFAOYSA-N",NA,NA,NA,"unfiltered"
"2.10","cembio","quinolinic acid","GJAWHXHKYYXBSV","pos",1,1,"[M + H]+","C7H5NO4","C7H5NO4","GJAWHXHKYYXBSV-UHFFFAOYSA-N",168.029403686523,0.254821680809733,0.254821680809733,"unfiltered"
"2.10","cembio","L-pipecolic acid","HXEACLLIILLPRG","pos",1,1,"[M + H]+","C6H11NO2","C6H11NO2","HXEACLLIILLPRG-YFKPBYRVSA-N",130.086303710938,0.986116155308158,0.991904783077431,"unfiltered"
"2.10","cembio","uracil","ISAKRJDGNUQOIC","neg",1,6,"[M - H]-","C4H4N2O2","C4H4N2O2","ISAKRJDGNUQOIC-UHFFFAOYSA-N",NA,NA,NA,"unfiltered"
"2.10","cembio","uracil","ISAKRJDGNUQOIC","pos",1,8,"[M + H]+","C4H4N2O2","C4H4N2O2","ISAKRJDGNUQOIC-UHFFFAOYSA-N",NA,NA,NA,"unfiltered"
"2.10","cembio","7,9-dihydro-1H-purine-2,6,8(3H)-trione","LEHOTFFKMJEONL","neg",1,1,"[M - H]-","C5H4N4O3","C5H4N4O3","LEHOTFFKMJEONL-UHFFFAOYSA-N",167.021102905273,0.281984884516962,0.281984884516962,"unfiltered"
"2.10","cembio","7,9-dihydro-1H-purine-2,6,8(3H)-trione","LEHOTFFKMJEONL","pos",1,1,"[M + H]+","C5H4N4O3","C5H4N4O3","LEHOTFFKMJEONL-UHFFFAOYSA-N",169.035903930664,0.378202392076224,0.378202392076224,"unfiltered"
"2.10","cembio","trans-urocanic acid","LOIYMIARKYCTBW","neg",1,1,"[M - H]-","C6H6N2O2","C6H6N2O2","LOIYMIARKYCTBW-OWOJBTEDSA-N",137.035797119141,0.222541358887308,0.222541358887308,"unfiltered"
"2.10","cembio","trans-urocanic acid","LOIYMIARKYCTBW","pos",2,1,"[M + H]+","C6H6N2O2","C6H6N2O2","LOIYMIARKYCTBW-OWOJBTEDSA-N",139.05029296875,0.897421175894293,0.897421175894293,"unfiltered"
"2.10","cembio","(S)-2-hydroxy-4-methylpentanoic acid","LVRFTAZAXQPQHI","neg",1,1,"[M - H]-","C6H12O3","C6H12O3","LVRFTAZAXQPQHI-YFKPBYRVSA-N",131.071304321289,0.450257462379713,0.85483858832632,"unfiltered"
"2.10","cembio","(S)-2-hydroxy-4-methylpentanoic acid","LVRFTAZAXQPQHI","pos",1,11,"[M + H]+","C6H12O3","C6H12O3","LVRFTAZAXQPQHI-YFKPBYRVSA-N",NA,NA,NA,"unfiltered"
"2.10","cembio","2-hydroxy-2-methylbutyric acid","MBIQENSCDNJOIY","neg",1,2,"[M - H]-","C5H10O3","C5H10O3","MBIQENSCDNJOIY-UHFFFAOYSA-N",NA,NA,NA,"unfiltered"
"2.10","cembio","4-hydroxy-L-proline","PMMYEEVYMWASQN","neg",1,1,"[M - H]-","C5H9NO3","C5H9NO3","PMMYEEVYMWASQN-BKLSDQPFSA-N",130.050994873047,0.585476587759576,0.956756660362264,"unfiltered"
"2.10","cembio","4-hydroxy-L-proline","PMMYEEVYMWASQN","pos",1,1,"[M + H]+","C5H9NO3","C5H9NO3","PMMYEEVYMWASQN-BKLSDQPFSA-N",132.065994262695,0.767171217102667,0.875664641942636,"unfiltered"
"2.10","cembio","N-isovalerylglycine","ZRQXMKMBBMNNQC","neg",1,1,"[M - H]-","C7H13NO3","C7H13NO3","ZRQXMKMBBMNNQC-UHFFFAOYSA-N",158.082305908203,0.540076861184874,0.927072004883598,"unfiltered"
"2.10","cembio","N-isovalerylglycine","ZRQXMKMBBMNNQC","pos",1,1,"[M + H]+;[M + Na]+","C7H13NO3","C7H13NO3","ZRQXMKMBBMNNQC-UHFFFAOYSA-N",160.09700012207,0.82030978209154,0.958853792364655,"unfiltered"
"2.10","hmgu","glycinamide","BEBCJVAWIBVWNZ","pos",1,4,"[M + H]+","C2H6N2O","C2H6N2O","BEBCJVAWIBVWNZ-UHFFFAOYSA-N",NA,NA,NA,"unfiltered"
"2.2","afekta","L-methionine","FFEARJCKVFRZRR","pos",1,1,"[M + H]+","C5H11NO2S","C5H11NO2S","FFEARJCKVFRZRR-BYPYZUCNSA-N",150.057762145996,0.93048418327758,0.947986800193131,"unfiltered"
"2.2","afekta","N-acetyl-L-proline","GNMSLDIYJOSUSW","neg",2,1,"[M - H]-","C7H11NO3","C7H11NO3","GNMSLDIYJOSUSW-LURJTMIESA-N",156.065200805664,0.98486609191507,0.98486609191507,"unfiltered"
"2.2","afekta","kynurenic acid","HCZHHEIFKROPDY","pos",1,1,"[M + H]+","C10H7NO3","C10H7NO3","HCZHHEIFKROPDY-UHFFFAOYSA-N",190.049301147461,0.818813370715325,0.818813370715325,"unfiltered"
"2.2","afekta","5-methoxysalicylic acid","IZZIWIAOVZOBLF","neg",1,1,"[M - H]-","C8H8O4","C8H8O4","IZZIWIAOVZOBLF-UHFFFAOYSA-N",167.033147176107,0.177921736745544,0.522395540432148,"unfiltered"
"2.2","afekta","glutaric acid","JFCQEDHGNNZCLN","neg",1,1,"[M - H]-","C5H8O4","C5H8O4","JFCQEDHGNNZCLN-UHFFFAOYSA-N",131.033924102783,0.482895104682842,0.504002601822429,"unfiltered"
"2.2","afekta","N,N-dimethyl-beta-alanine","JMOXSQYGVIXBBZ","pos",1,1,"[M + H]+","C5H11NO2","C5H11NO2","JMOXSQYGVIXBBZ-UHFFFAOYSA-N",118.085558361477,0.370537687531791,0.502549245374805,"unfiltered"
"2.2","afekta","trans-3-coumaric acid","KKSDGJDHHZEWEP","neg",1,1,"[M - H]-","C9H8O3","C9H8O3","KKSDGJDHHZEWEP-SNAWJCMRSA-N",163.038630167643,0.328130527361308,0.70642527416355,"unfiltered"
"2.2","cembio","3,3',5-triiodo-L-thyronine","AUYYCJSJGJYCDS","neg",1,1,"[M - H]-","C15H12I3NO4","C15H12I3NO4","AUYYCJSJGJYCDS-LBPRGKRZSA-N",649.78271484375,0.266643794803621,0.475054200950618,"unfiltered"
"2.2","cembio","3,3',5-triiodo-L-thyronine","AUYYCJSJGJYCDS","pos",1,1,"[M + H]+","C15H12I3NO4","C15H12I3NO4","AUYYCJSJGJYCDS-LBPRGKRZSA-N",651.797790527344,0.557484519746931,0.648525498795092,"unfiltered"
"2.2","cembio","N-acetyl-L-phenylalanine","CBQJSKKFNMDLON","neg",1,1,"[M - H]-","C11H13NO3","C11H13NO3","CBQJSKKFNMDLON-JTQLQIEISA-N",206.082397460938,0.991420468948429,0.991420468948429,"unfiltered"
"2.2","cembio","tyramine","DZGWFCGJZKJUFP","pos",1,1,"[M + H]+","C8H11NO","C8H11NO","DZGWFCGJZKJUFP-UHFFFAOYSA-N",138.091506958008,0.827159044624378,0.896836843164721,"unfiltered"
"2.2","cembio","L-methionine","FFEARJCKVFRZRR","neg",2,1,"[M - H]-","C5H11NO2S","C5H11NO2S","FFEARJCKVFRZRR-BYPYZUCNSA-N",148.043899536133,0.518435684050606,0.647527456303836,"unfiltered"
"2.2","cembio","L-methionine","FFEARJCKVFRZRR","pos",1,1,"[M + H]+","C5H11NO2S","C5H11NO2S","FFEARJCKVFRZRR-BYPYZUCNSA-N",150.058502197266,0.902552032541922,0.923782001598004,"unfiltered"
"2.2","cembio","N-acetyl-L-proline","GNMSLDIYJOSUSW","neg",1,1,"[M - H]-","C7H11NO3","C7H11NO3","GNMSLDIYJOSUSW-LURJTMIESA-N",156.066696166992,0.981191090907704,0.995101609020927,"unfiltered"
"2.2","cembio","kynurenic acid","HCZHHEIFKROPDY","neg",1,1,"[M - H]-","C10H7NO3","C10H7NO3","HCZHHEIFKROPDY-UHFFFAOYSA-N",188.035507202148,0.633953241855749,0.633953241855749,"unfiltered"
"2.2","cembio","kynurenic acid","HCZHHEIFKROPDY","pos",1,2,"[M + H]+","C10H7NO3","C10H7NO3","HCZHHEIFKROPDY-UHFFFAOYSA-N",NA,NA,NA,"unfiltered"
"2.2","cembio","alloxanthine","HXNFUBHNUDHIGC","neg",1,1,"[M - H]-","C5H4N4O2","C5H4N4O2","HXNFUBHNUDHIGC-UHFFFAOYSA-N",151.026092529297,0.656095025086303,0.656095025086303,"unfiltered"
"2.2","cembio","5-methoxysalicylic acid","IZZIWIAOVZOBLF","neg",1,1,"[M - H]-","C8H8O4","C8H8O4","IZZIWIAOVZOBLF-UHFFFAOYSA-N",167.034698486328,0.418506259766084,0.882493484581588,"unfiltered"
"2.2","cembio","glutaric acid","JFCQEDHGNNZCLN","neg",1,1,"[M - H]-","C5H8O4","C5H8O4","JFCQEDHGNNZCLN-UHFFFAOYSA-N",131.034896850586,0.616339718008761,0.815659056587746,"unfiltered"
"2.2","cembio","N,N-dimethyl-beta-alanine","JMOXSQYGVIXBBZ","pos",1,2,"[M + H]+;[M + Na]+","C5H11NO2","C5H11NO2","JMOXSQYGVIXBBZ-UHFFFAOYSA-N",NA,NA,NA,"unfiltered"
"2.2","cembio","trans-3-coumaric acid","KKSDGJDHHZEWEP","neg",1,1,"[M - H]-","C9H8O3","C9H8O3","KKSDGJDHHZEWEP-SNAWJCMRSA-N",163.040100097656,0.382839863892771,0.752634219664819,"unfiltered"
"2.2","cembio","5-oxo-L-proline","ODHCTXKNWHHXJC","neg",1,1,"[M - H]-","C5H7NO3","C5H7NO3","ODHCTXKNWHHXJC-VKHMYHEASA-N",128.035400390625,0.873647514657166,0.873647514657166,"unfiltered"
"2.2","cembio","5-oxo-L-proline","ODHCTXKNWHHXJC","pos",1,1,"[M + H]+","C5H7NO3","C5H7NO3","ODHCTXKNWHHXJC-VKHMYHEASA-N",130.050003051758,0.958954155515843,0.958954155515843,"unfiltered"
"2.2","cembio","corticosterone","OMFXVFTZEKFJBZ","neg",1,2,"[M - H]-","C21H30O4","C21H30O4","OMFXVFTZEKFJBZ-HJTSIMOOSA-N",NA,NA,NA,"unfiltered"
"2.2","cembio","corticosterone","OMFXVFTZEKFJBZ","pos",2,1,"[M + H]+","C21H30O4","C21H30O4","OMFXVFTZEKFJBZ-HJTSIMOOSA-N",347.221893310547,0.833766183550299,0.939447099241502,"unfiltered"
"2.2","cembio","homovanillic acid","QRMZSPFSDQBLIX","neg",2,7,"[M - H]-","C9H10O4","C9H10O4","QRMZSPFSDQBLIX-UHFFFAOYSA-N",NA,NA,NA,"unfiltered"
"2.2","cembio","2-oxobutanoic acid","TYEYBOSBBBHJIV","neg",1,1,"[M - H]-","C4H6O3","C4H6O3","TYEYBOSBBBHJIV-UHFFFAOYSA-N",101.024398803711,0.165921770826115,0.140082101308085,"unfiltered"
"2.2","cembio","3-iodo-L-tyrosine","UQTZMGFTRHFAAM","neg",1,1,"[M - H]-","C9H10INO3","C9H10INO3","UQTZMGFTRHFAAM-ZETCQYMHSA-N",305.963287353516,0.792749729767654,0.792749729767654,"unfiltered"
"2.2","cembio","3-iodo-L-tyrosine","UQTZMGFTRHFAAM","pos",1,1,"[M + H]+","C9H10INO3","C9H10INO3","UQTZMGFTRHFAAM-ZETCQYMHSA-N",307.977996826172,0.879999476326154,0.90012559911812,"unfiltered"
"2.2","cembio","biotin","YBJHBAHKTGYVGT","neg",1,1,"[M - H]-","C10H16N2O3S","C10H16N2O3S","YBJHBAHKTGYVGT-ZKWXMUAHSA-N",243.080902099609,0.997610461171634,0.997610461171634,"unfiltered"
"2.2","cembio","biotin","YBJHBAHKTGYVGT","pos",1,1,"[M + H]+","C10H16N2O3S","C10H16N2O3S","YBJHBAHKTGYVGT-ZKWXMUAHSA-N",245.095504760742,0.998506084247391,0.998506084247391,"unfiltered"
"2.2","hmgu","N,N-dimethyl-beta-alanine","JMOXSQYGVIXBBZ","pos",1,2,"[M + H]+","C5H11NO2","C5H11NO2","JMOXSQYGVIXBBZ-UHFFFAOYSA-N",NA,NA,NA,"unfiltered"
"2.2","hmgu","trans-3-coumaric acid","KKSDGJDHHZEWEP","pos",2,1,"[M + H]+","C9H8O3","C9H8O3","KKSDGJDHHZEWEP-SNAWJCMRSA-N",165.052880106144,0.0756122187084577,0.098381836693541,"unfiltered"
"2.2","hmgu","2-oxobutanoic acid","TYEYBOSBBBHJIV","neg",1,2,"[M - H]-","C4H6O3","C4H6O3","TYEYBOSBBBHJIV-UHFFFAOYSA-N",NA,NA,NA,"unfiltered"
"2.2","hmgu","2-oxobutanoic acid","TYEYBOSBBBHJIV","pos",1,16,"[M + H]+;[M + K]+","C4H6O3","C4H6O3","TYEYBOSBBBHJIV-UHFFFAOYSA-N",NA,NA,NA,"unfiltered"
"2.3","afekta","6-hydroxynicotinic acid","BLHCMGRVFXRYRN","neg",1,1,"[M - H]-","C6H5NO3","C6H5NO3","BLHCMGRVFXRYRN-UHFFFAOYSA-N",138.018402099609,0.225150751836151,0.305636526964543,"unfiltered"
"2.3","afekta","6-hydroxynicotinic acid","BLHCMGRVFXRYRN","pos",1,20,"[M + H]+","C6H5NO3","C6H5NO3","BLHCMGRVFXRYRN-UHFFFAOYSA-N",NA,NA,NA,"unfiltered"
"2.3","afekta","taurocyamine","JKLRIMRKZBSSED","pos",1,1,"[M + H]+","C3H9N3O3S","C3H9N3O3S","JKLRIMRKZBSSED-UHFFFAOYSA-N",168.042755126953,0.25320901734483,0.25320901734483,"unfiltered"
"2.3","afekta","pyruvic acid","LCTONWCANYUPML","neg",1,3,"[M - H]-","C3H4O3","C3H4O3","LCTONWCANYUPML-UHFFFAOYSA-N",NA,NA,NA,"unfiltered"
"2.3","afekta","N-acetylserotonin","MVAWJSIDNICKHF","pos",2,1,"[M + Na]+","C12H14N2O2","C12H14N2O2","MVAWJSIDNICKHF-UHFFFAOYSA-N",241.093994140625,0.926398120057178,0.926398120057178,"unfiltered"
"2.3","afekta","L-proline","ONIBWKKTOPOVIA","pos",1,1,"[M + H]+","C5H9NO2","C5H9NO2","ONIBWKKTOPOVIA-BYPYZUCNSA-N",116.070266723633,0.785235551273155,0.900994120311333,"unfiltered"
"2.3","afekta","imidazol-4-ylacetic acid","PRJKNHOMHKJCEJ","neg",1,2,"[M - H]-","C5H6N2O2","C5H6N2O2","PRJKNHOMHKJCEJ-UHFFFAOYSA-N",NA,NA,NA,"unfiltered"
"2.3","afekta","imidazol-4-ylacetic acid","PRJKNHOMHKJCEJ","pos",2,7,"[M + H]+","C5H6N2O2","C5H6N2O2","PRJKNHOMHKJCEJ-UHFFFAOYSA-N",NA,NA,NA,"unfiltered"
"2.3","afekta","serotonin","QZAYGJVTTNCVMB","pos",1,1,"[M + H]+","C10H12N2O","C10H12N2O","QZAYGJVTTNCVMB-UHFFFAOYSA-N",177.101371765137,0.986544570892927,0.992955330420493,"unfiltered"
"2.3","afekta","(R)-adrenaline","UCTWMZQNUQWSLP","pos",1,1,"[M + H]+","C9H13NO3","C9H13NO3","UCTWMZQNUQWSLP-VIFPVBQESA-N",184.096282958984,0.876082165754376,0.962536608165103,"unfiltered"
"2.3","afekta","2'-deoxyinosine","VGONTNSXDCQUGY","neg",1,1,"[M - H]-","C10H12N4O4","C10H12N4O4","VGONTNSXDCQUGY-RRKCRQDMSA-N",251.076461791992,0.459854104882729,0.646813929836947,"unfiltered"
"2.3","afekta","2'-deoxyinosine","VGONTNSXDCQUGY","pos",1,3,"[M + H]+","C10H12N4O4","C10H12N4O4","VGONTNSXDCQUGY-RRKCRQDMSA-N",NA,NA,NA,"unfiltered"
"2.3","afekta","N-acetyl-L-leucine","WXNXCEHXYPACJF","pos",1,1,"[M + H]+","C8H15NO3","C8H15NO3","WXNXCEHXYPACJF-ZETCQYMHSA-N",174.111915588379,0.900130731929827,0.964334895468933,"unfiltered"
"2.3","afekta","trans-3-hexenedioic acid","YHGNXQAFNHCBTK","pos",1,12,"[M + Na]+","C6H8O4","C6H8O4","YHGNXQAFNHCBTK-OWOJBTEDSA-N",NA,NA,NA,"unfiltered"
"2.3","cembio","L-isoglutamine","AEFLONBTGZFSGQ","neg",2,1,"[M - H]-","C5H10N2O3","C5H10N2O3","AEFLONBTGZFSGQ-VKHMYHEASA-N",145.061904907227,0.411790794450178,0.682914414228596,"unfiltered"
"2.3","cembio","L-isoglutamine","AEFLONBTGZFSGQ","pos",1,1,"[M + H]+","C5H10N2O3","C5H10N2O3","AEFLONBTGZFSGQ-VKHMYHEASA-N",147.076400756836,0.397505136773793,0.615771739008179,"unfiltered"
"2.3","cembio","6-hydroxynicotinic acid","BLHCMGRVFXRYRN","neg",1,1,"[M - H]-","C6H5NO3","C6H5NO3","BLHCMGRVFXRYRN-UHFFFAOYSA-N",138.01969909668,0.216329467439227,0.323723808517488,"unfiltered"
"2.3","cembio","gamma-aminobutyric acid","BTCSSZJGUNDROE","pos",1,3,"[M + H]+","C4H9NO2","C4H9NO2","BTCSSZJGUNDROE-UHFFFAOYSA-N",NA,NA,NA,"unfiltered"
"2.3","cembio","N-acetyl-L-tryptophan","DZTHIGRZJZPRDV","neg",1,1,"[M - H]-","C13H14N2O3","C13H14N2O3","DZTHIGRZJZPRDV-LBPRGKRZSA-N",245.093399047852,0.961161701004079,0.991841514131216,"unfiltered"
"2.3","cembio","N-acetyl-L-tryptophan","DZTHIGRZJZPRDV","pos",1,1,"[M + H]+","C13H14N2O3","C13H14N2O3","DZTHIGRZJZPRDV-LBPRGKRZSA-N",247.107894897461,0.99660009939908,0.998170719821371,"unfiltered"
"2.3","cembio","(S)-mandelic acid","IWYDHOAUDWTVEP","pos",3,11,"[M + Na]+","C8H8O3","C8H8O3","IWYDHOAUDWTVEP-ZETCQYMHSA-N",NA,NA,NA,"unfiltered"
"2.3","cembio","taurocyamine","JKLRIMRKZBSSED","neg",1,1,"[M - H]-","C3H9N3O3S","C3H9N3O3S","JKLRIMRKZBSSED-UHFFFAOYSA-N",166.029296875,0.508903783322383,0.508903783322383,"unfiltered"
"2.3","cembio","gallic acid","LNTHITQWFMADLM","neg",1,1,"[M - H]-","C7H6O5","C7H6O5","LNTHITQWFMADLM-UHFFFAOYSA-N",169.014205932617,0.84630468244974,0.969976350299409,"unfiltered"
"2.3","cembio","N-acetylserotonin","MVAWJSIDNICKHF","neg",1,1,"[M - H]-","C12H14N2O2","C12H14N2O2","MVAWJSIDNICKHF-UHFFFAOYSA-N",217.098297119141,0.860959595912522,0.978112785696502,"unfiltered"
"2.3","cembio","N-acetylserotonin","MVAWJSIDNICKHF","pos",1,1,"[M + H]+","C12H14N2O2","C12H14N2O2","MVAWJSIDNICKHF-UHFFFAOYSA-N",219.113098144531,0.991907453045291,0.996987225292875,"unfiltered"
"2.3","cembio","2'-deoxyuridine","MXHRCPNRJAMMIM","neg",1,1,"[M - H]-","C9H12N2O5","C9H12N2O5","MXHRCPNRJAMMIM-SHYZEUOFSA-N",227.067504882813,0.74260895188542,0.931878406328261,"unfiltered"
"2.3","cembio","2-hydroxy-3-methylbutyric acid","NGEWQZIDQIYUNV","neg",1,2,"[M - H]-","C5H10O3","C5H10O3","NGEWQZIDQIYUNV-UHFFFAOYSA-N",NA,NA,NA,"unfiltered"
"2.3","cembio","2-hydroxy-4-(methylthio)butanoic acid","ONFOSYPQQXJWGS","neg",2,1,"[M - H]-","C5H10O3S","C5H10O3S","ONFOSYPQQXJWGS-UHFFFAOYSA-N",149.027801513672,0.88343163434946,0.88343163434946,"unfiltered"
"2.3","cembio","2-hydroxy-4-(methylthio)butanoic acid","ONFOSYPQQXJWGS","pos",1,16,"[M + H]+","C5H10O3S","C5H10O3S","ONFOSYPQQXJWGS-UHFFFAOYSA-N",NA,NA,NA,"unfiltered"
"2.3","cembio","L-proline","ONIBWKKTOPOVIA","pos",1,8,"[M + H]+","C5H9NO2","C5H9NO2","ONIBWKKTOPOVIA-BYPYZUCNSA-N",NA,NA,NA,"unfiltered"
"2.3","cembio","imidazol-4-ylacetic acid","PRJKNHOMHKJCEJ","neg",1,4,"[M - H]-","C5H6N2O2","C5H6N2O2","PRJKNHOMHKJCEJ-UHFFFAOYSA-N",NA,NA,NA,"unfiltered"
"2.3","cembio","imidazol-4-ylacetic acid","PRJKNHOMHKJCEJ","pos",1,2,"[M + H]+","C5H6N2O2","C5H6N2O2","PRJKNHOMHKJCEJ-UHFFFAOYSA-N",NA,NA,NA,"unfiltered"
"2.3","cembio","(R)-adrenaline","UCTWMZQNUQWSLP","pos",1,1,"[M + H]+","C9H13NO3","C9H13NO3","UCTWMZQNUQWSLP-VIFPVBQESA-N",184.09700012207,0.991266835887903,0.998209469151636,"unfiltered"
"2.3","cembio","2'-deoxyinosine","VGONTNSXDCQUGY","neg",1,1,"[M - H]-","C10H12N4O4","C10H12N4O4","VGONTNSXDCQUGY-RRKCRQDMSA-N",251.078796386719,0.387213388830375,0.614620648808466,"unfiltered"
"2.3","cembio","2'-deoxyinosine","VGONTNSXDCQUGY","pos",1,1,"[M + H]+","C10H12N4O4","C10H12N4O4","VGONTNSXDCQUGY-RRKCRQDMSA-N",253.093200683594,0.867606371176283,0.882157388180377,"unfiltered"
"2.3","cembio","N-acetyl-L-leucine","WXNXCEHXYPACJF","neg",1,1,"[M - H]-","C8H15NO3","C8H15NO3","WXNXCEHXYPACJF-ZETCQYMHSA-N",172.098007202148,0.780906765500977,0.976206146484152,"unfiltered"
"2.3","cembio","trans-3-hexenedioic acid","YHGNXQAFNHCBTK","neg",1,13,"[M - H]-","C6H8O4","C6H8O4","YHGNXQAFNHCBTK-OWOJBTEDSA-N",NA,NA,NA,"unfiltered"
"2.3","cembio","trans-3-hexenedioic acid","YHGNXQAFNHCBTK","pos",1,11,"[M + Na]+","C6H8O4","C6H8O4","YHGNXQAFNHCBTK-OWOJBTEDSA-N",NA,NA,NA,"unfiltered"
"2.3","hmgu","L-isoglutamine","AEFLONBTGZFSGQ","pos",2,45,"[M + H]+","C5H10N2O3","C5H10N2O3","AEFLONBTGZFSGQ-VKHMYHEASA-N",NA,NA,NA,"unfiltered"
"2.3","hmgu","gamma-aminobutyric acid","BTCSSZJGUNDROE","neg",1,2,"[M - H]-","C4H9NO2","C4H9NO2","BTCSSZJGUNDROE-UHFFFAOYSA-N",NA,NA,NA,"unfiltered"
"2.3","hmgu","gamma-aminobutyric acid","BTCSSZJGUNDROE","pos",1,1,"[M + H]+","C4H9NO2","C4H9NO2","BTCSSZJGUNDROE-UHFFFAOYSA-N",104.069434129096,0.106019429666096,0.106019429666096,"unfiltered"
"2.3","hmgu","gallic acid","LNTHITQWFMADLM","neg",2,1,"[M - H]-","C7H6O5","C7H6O5","LNTHITQWFMADLM-UHFFFAOYSA-N",169.013224829128,0.620393288999715,0.620393288999715,"unfiltered"
"2.3","hmgu","N-acetylserotonin","MVAWJSIDNICKHF","pos",1,1,"[M + H]+","C12H14N2O2","C12H14N2O2","MVAWJSIDNICKHF-UHFFFAOYSA-N",219.111933904772,0.327799971532079,0.820198113680118,"unfiltered"
"2.3","hmgu","trans-3-hexenedioic acid","YHGNXQAFNHCBTK","neg",1,4,"[M - H]-","C6H8O4","C6H8O4","YHGNXQAFNHCBTK-OWOJBTEDSA-N",NA,NA,NA,"unfiltered"
"2.4","afekta","creatinine","DDRJAANPRJIHGJ","pos",1,3,"[M + H]+","C4H7N3O","C4H7N3O","DDRJAANPRJIHGJ-UHFFFAOYSA-N",NA,NA,NA,"unfiltered"
"2.4","afekta","citraconic acid","HNEGQIOMVPPMNR","pos",1,2,"[M + H]+","C5H6O4","C5H6O4","HNEGQIOMVPPMNR-IHWYPQMZSA-N",NA,NA,NA,"unfiltered"
"2.4","afekta","Homocysteine thiolactone","KIWQWJKWBHZMDT","pos",1,2,"[M + H]+","C4H7NOS","C4H7NOS","KIWQWJKWBHZMDT-UHFFFAOYSA-N",NA,NA,NA,"unfiltered"
"2.4","afekta","5,6-dimethylbenzimidazole","LJUQGASMPRMWIW","pos",1,2,"[M + H]+","C9H10N2","C9H10N2","LJUQGASMPRMWIW-UHFFFAOYSA-N",NA,NA,NA,"unfiltered"
"2.4","afekta","4-guanidinobutanoic acid","TUHVEAJXIMEOSA","pos",1,1,"[M + H]+","C5H11N3O2","C5H11N3O2","TUHVEAJXIMEOSA-UHFFFAOYSA-N",146.09204864502,0.925145238037471,0.9707510866575,"unfiltered"
"2.4","cembio","1-hexadecanoyl-sn-glycero-3-phosphocholine","ASWBNKHCZGQVJV","neg",1,1,"[M + CH2O2 - H]-","C24H50NO7P","C24H50NO7P","ASWBNKHCZGQVJV-HSZRJFAPSA-N",540.330871582031,0.437927250869839,0.437927250869839,"unfiltered"
"2.4","cembio","1-hexadecanoyl-sn-glycero-3-phosphocholine","ASWBNKHCZGQVJV","pos",1,1,"[M + H]+;[M + Na]+","C24H50NO7P","C24H50NO7P","ASWBNKHCZGQVJV-HSZRJFAPSA-N",496.339996337891,0.669205547289596,0.669205547289596,"unfiltered"
"2.4","cembio","creatinine","DDRJAANPRJIHGJ","neg",1,4,"[M - H]-","C4H7N3O","C4H7N3O","DDRJAANPRJIHGJ-UHFFFAOYSA-N",NA,NA,NA,"unfiltered"
"2.4","cembio","citraconic acid","HNEGQIOMVPPMNR","neg",1,3,"[M - H]-","C5H6O4","C5H6O4","HNEGQIOMVPPMNR-IHWYPQMZSA-N",NA,NA,NA,"unfiltered"
"2.4","cembio","citraconic acid","HNEGQIOMVPPMNR","pos",1,1,"[M + H]+;[M + K]+","C5H6O4","C5H6O4","HNEGQIOMVPPMNR-IHWYPQMZSA-N",168.988296508789,0.173511724038172,0.247758476426452,"unfiltered"
"2.4","cembio","L-tryptophanamide","JLSKPBDKNIXMBS","pos",2,1,"[M + H]+","C11H13N3O","C11H13N3O","JLSKPBDKNIXMBS-VIFPVBQESA-N",204.113296508789,0.92199720644829,0.975735848148547,"unfiltered"
"2.4","cembio","5-methoxytryptamine","JTEJPPKMYBDEMY","pos",1,1,"[M + H]+","C11H14N2O","C11H14N2O","JTEJPPKMYBDEMY-UHFFFAOYSA-N",191.118103027344,0.986038961247329,0.99719779990104,"unfiltered"
"2.4","cembio","cortisol","JYGXADMDTFJGBT","neg",2,1,"[M - H]-","C21H30O5","C21H30O5","JYGXADMDTFJGBT-VWUMJDOOSA-N",361.203002929688,0.579075148634187,0.830824950079013,"unfiltered"
"2.4","cembio","cortisol","JYGXADMDTFJGBT","pos",1,1,"[M + H]+","C21H30O5","C21H30O5","JYGXADMDTFJGBT-VWUMJDOOSA-N",363.217193603516,0.947105265236789,0.974690666183188,"unfiltered"
"2.4","cembio","Homocysteine thiolactone","KIWQWJKWBHZMDT","pos",1,6,"[M + H]+","C4H7NOS","C4H7NOS","KIWQWJKWBHZMDT-UHFFFAOYSA-N",NA,NA,NA,"unfiltered"
"2.4","cembio","5,6-dimethylbenzimidazole","LJUQGASMPRMWIW","pos",1,1,"[M + H]+","C9H10N2","C9H10N2","LJUQGASMPRMWIW-UHFFFAOYSA-N",147.091903686523,0.794730519045962,0.856962215610969,"unfiltered"
"2.4","cembio","phloretic acid","NMHMNPHRMNGLLB","neg",1,1,"[M - H]-","C9H10O3","C9H10O3","NMHMNPHRMNGLLB-UHFFFAOYSA-N",165.055694580078,0.1887815783625,0.288734211370656,"unfiltered"
"2.4","cembio","2'-deoxyadenosine","OLXZPDWKRNYJJZ","pos",1,1,"[M + H]+","C10H13N5O3","C10H13N5O3","OLXZPDWKRNYJJZ-RRKCRQDMSA-N",252.109603881836,0.900234752297095,0.952182533847692,"unfiltered"
"2.4","cembio","N-acetyl-alpha-D-galactosamine","OVRNDRQMDRJTHS","pos",1,2,"[M + H]+","C8H15NO6","C8H15NO6","OVRNDRQMDRJTHS-CBQIKETKSA-N",NA,NA,NA,"unfiltered"
"2.4","cembio","(R)-carnitine","PHIQHXFUZVPYII","pos",1,1,"[M + H]+","C7H15NO3","C7H15NO3","PHIQHXFUZVPYII-ZCFIWIBFSA-N",162.11279296875,0.971862709963612,0.971862709963612,"unfiltered"
"2.4","cembio","4-guanidinobutanoic acid","TUHVEAJXIMEOSA","neg",1,1,"[M - H]-","C5H11N3O2","C5H11N3O2","TUHVEAJXIMEOSA-UHFFFAOYSA-N",144.077896118164,0.238905859522796,0.759981509192915,"unfiltered"
"2.4","cembio","4-guanidinobutanoic acid","TUHVEAJXIMEOSA","pos",1,1,"[M + H]+","C5H11N3O2","C5H11N3O2","TUHVEAJXIMEOSA-UHFFFAOYSA-N",146.092697143555,0.859692377524895,0.936825018972558,"unfiltered"
"2.4","cembio","(S)-methylsuccinic acid","WXUAQHNMJWJLTG","neg",1,1,"[M - H]-","C5H8O4","C5H8O4","WXUAQHNMJWJLTG-VKHMYHEASA-N",131.035003662109,0.721044397572726,0.851917373275186,"unfiltered"
"2.4","cembio","(S)-methylsuccinic acid","WXUAQHNMJWJLTG","pos",2,9,"[M + H]+","C5H8O4","C5H8O4","WXUAQHNMJWJLTG-VKHMYHEASA-N",NA,NA,NA,"unfiltered"
"2.4","cembio","5,6-dihydroxyindole-2-carboxylic acid","YFTGOBNOJKXZJC","neg",1,1,"[M - H]-","C9H7NO4","C9H7NO4","YFTGOBNOJKXZJC-UHFFFAOYSA-N",192.030395507813,0.694618899039542,0.694618899039542,"unfiltered"
"2.4","cembio","5,6-dihydroxyindole-2-carboxylic acid","YFTGOBNOJKXZJC","pos",2,1,"[M + H]+","C9H7NO4","C9H7NO4","YFTGOBNOJKXZJC-UHFFFAOYSA-N",194.044799804688,0.765924675369979,0.765924675369979,"unfiltered"
"2.4","hmgu","1-hexadecanoyl-sn-glycero-3-phosphocholine","ASWBNKHCZGQVJV","neg",1,1,"[M + CH2O2 - H]-","C24H50NO7P","C24H50NO7P","ASWBNKHCZGQVJV-HSZRJFAPSA-N",540.329439409188,0.354015024293436,0.420070371752502,"unfiltered"
"2.4","hmgu","3-methylbut-2-enoic acid","YYPNJNDODFVZLE","pos",1,7,"[M + H]+","C5H8O2","C5H8O2","YYPNJNDODFVZLE-UHFFFAOYSA-N",NA,NA,NA,"unfiltered"
"2.5","afekta","2-phenylethylamine","BHHGXPLMPWCGHP","pos",1,1,"[M + H]+","C8H11N","C8H11N","BHHGXPLMPWCGHP-UHFFFAOYSA-N",122.095887472463,0.835154922494235,0.90088591010001,"unfiltered"
"2.5","afekta","xanthurenic acid","FBZONXHGGPHHIY","neg",2,1,"[M - H]-","C10H7NO4","C10H7NO4","FBZONXHGGPHHIY-UHFFFAOYSA-N",204.028791427612,0.251732453560658,0.606754010428019,"unfiltered"
"2.5","afekta","xanthurenic acid","FBZONXHGGPHHIY","pos",2,1,"[M + H]+","C10H7NO4","C10H7NO4","FBZONXHGGPHHIY-UHFFFAOYSA-N",206.043670654297,0.444641274213329,0.444641274213329,"unfiltered"
"2.5","afekta","hypoxanthine","FDGQSTZJBFJUBT","pos",1,1,"[M + H]+","C5H4N4O","C5H4N4O","FDGQSTZJBFJUBT-UHFFFAOYSA-N",137.045555114746,0.825207284223676,0.825207284223676,"unfiltered"
"2.5","afekta","N-carbamoyl-beta-alanine","JSJWCHRYRHKBBW","neg",1,1,"[M - H]-","C4H8N2O3","C4H8N2O3","JSJWCHRYRHKBBW-UHFFFAOYSA-N",131.045318603516,0.148885302288061,0.148885302288061,"unfiltered"
"2.5","afekta","N-carbamoyl-beta-alanine","JSJWCHRYRHKBBW","pos",1,13,"[M + H]+","C4H8N2O3","C4H8N2O3","JSJWCHRYRHKBBW-UHFFFAOYSA-N",NA,NA,NA,"unfiltered"
"2.5","afekta","cis-4-hydroxy-D-proline","PMMYEEVYMWASQN","pos",1,1,"[M + Na]+","C5H9NO3","C5H9NO3","PMMYEEVYMWASQN-QWWZWVQMSA-N",154.046905517578,0.75358888565901,0.836712799857372,"unfiltered"
"2.5","afekta","D-glyceric acid","RBNPOMFGQQGHHO","neg",1,1,"[M - H]-","C3H6O4","C3H6O4","RBNPOMFGQQGHHO-UWTATZPHSA-N",105.018549601237,0.709878164283531,0.755218390508482,"unfiltered"
"2.5","afekta","5-aminolevulinic acid","ZGXJTSGNIOSYLO","pos",1,2,"[M + Na]+","C5H9NO3","C5H9NO3","ZGXJTSGNIOSYLO-UHFFFAOYSA-N",NA,NA,NA,"unfiltered"
"2.5","cembio","2-phenylethylamine","BHHGXPLMPWCGHP","pos",1,1,"[M + H]+","C8H11N","C8H11N","BHHGXPLMPWCGHP-UHFFFAOYSA-N",122.096496582031,0.740386692985164,0.853250073378041,"unfiltered"
"2.5","cembio","xanthurenic acid","FBZONXHGGPHHIY","neg",1,1,"[M - H]-","C10H7NO4","C10H7NO4","FBZONXHGGPHHIY-UHFFFAOYSA-N",204.030395507813,0.609398481821481,0.82096020065837,"unfiltered"
"2.5","cembio","xanthurenic acid","FBZONXHGGPHHIY","pos",1,1,"[M + H]+","C10H7NO4","C10H7NO4","FBZONXHGGPHHIY-UHFFFAOYSA-N",206.045104980469,0.768371343176748,0.821501281058062,"unfiltered"
"2.5","cembio","hypoxanthine","FDGQSTZJBFJUBT","neg",1,1,"[M - H]-","C5H4N4O","C5H4N4O","FDGQSTZJBFJUBT-UHFFFAOYSA-N",135.031204223633,0.427148530448919,0.427148530448919,"unfiltered"
"2.5","cembio","hypoxanthine","FDGQSTZJBFJUBT","pos",1,1,"[M + H]+","C5H4N4O","C5H4N4O","FDGQSTZJBFJUBT-UHFFFAOYSA-N",137.0458984375,0.808805030123727,0.808805030123727,"unfiltered"
"2.5","cembio","D-ribofuranose","HMFHBZSHGGEWLO","neg",1,2,"[M - H]-","C5H10O5","C5H10O5","HMFHBZSHGGEWLO-SOOFDHNKSA-N",NA,NA,NA,"unfiltered"
"2.5","cembio","N-acetyl-L-valine","IHYJTAOFMMMOPX","neg",1,1,"[M - H]-","C7H13NO3","C7H13NO3","IHYJTAOFMMMOPX-LURJTMIESA-N",158.082305908203,0.834241006400028,0.926282184866443,"unfiltered"
"2.5","cembio","N-acetyl-L-valine","IHYJTAOFMMMOPX","pos",1,1,"[M + H]+;[M + Na]+","C7H13NO3","C7H13NO3","IHYJTAOFMMMOPX-LURJTMIESA-N",160.096893310547,0.841694376277285,0.882371649864224,"unfiltered"
"2.5","cembio","3-hydroxybenzoic acid","IJFXRHURBJZNAO","neg",1,3,"[M - H]-","C7H6O3","C7H6O3","IJFXRHURBJZNAO-UHFFFAOYSA-N",NA,NA,NA,"unfiltered"
"2.5","cembio","3-hydroxybenzoic acid","IJFXRHURBJZNAO","pos",1,6,"[M + H]+","C7H6O3","C7H6O3","IJFXRHURBJZNAO-UHFFFAOYSA-N",NA,NA,NA,"unfiltered"
"2.5","cembio","N-carbamoyl-beta-alanine","JSJWCHRYRHKBBW","pos",1,3,"[M + H]+;[M + Na]+","C4H8N2O3","C4H8N2O3","JSJWCHRYRHKBBW-UHFFFAOYSA-N",NA,NA,NA,"unfiltered"
"2.5","cembio","oxalic acid","MUBZPKHOEPUJKR","neg",1,1,"[M - H]-","C2H2O4","C2H2O4","MUBZPKHOEPUJKR-UHFFFAOYSA-N",88.987998962402,0.135093412185614,0.135093412185614,"unfiltered"
"2.5","cembio","5-oxo-L-proline","ODHCTXKNWHHXJC","neg",1,1,"[M - H]-","C5H7NO3","C5H7NO3","ODHCTXKNWHHXJC-VKHMYHEASA-N",128.035400390625,0.919016553584272,0.919016553584272,"unfiltered"
"2.5","cembio","5-oxo-L-proline","ODHCTXKNWHHXJC","pos",1,1,"[M + H]+","C5H7NO3","C5H7NO3","ODHCTXKNWHHXJC-VKHMYHEASA-N",130.049896240234,0.288473643938508,0.288473643938508,"unfiltered"
"2.5","cembio","Phenylglyoxal","OJUGVDODNPJEEC","pos",2,5,"[M + H]+","C8H6O2","C8H6O2","OJUGVDODNPJEEC-UHFFFAOYSA-N",NA,NA,NA,"unfiltered"
"2.5","cembio","5-hydroxymethyl-2-furoic acid","PCSKKIUURRTAEM","neg",1,1,"[M - H]-","C6H6O4","C6H6O4","PCSKKIUURRTAEM-UHFFFAOYSA-N",141.019393920898,0.438488091862274,0.531570167739577,"unfiltered"
"2.5","cembio","5-hydroxymethyl-2-furoic acid","PCSKKIUURRTAEM","pos",1,1,"[M + H]+;[M + Na]+","C6H6O4","C6H6O4","PCSKKIUURRTAEM-UHFFFAOYSA-N",143.034896850586,0.535414959664157,0.535414959664157,"unfiltered"
"2.5","cembio","cis-4-hydroxy-D-proline","PMMYEEVYMWASQN","neg",1,1,"[M - H]-","C5H9NO3","C5H9NO3","PMMYEEVYMWASQN-QWWZWVQMSA-N",130.050994873047,0.0986512909676246,0.483642601499335,"unfiltered"
"2.5","cembio","pyridoxal","RADKZDMFGJYCBB","neg",2,1,"[M - H]-","C8H9NO3","C8H9NO3","RADKZDMFGJYCBB-UHFFFAOYSA-N",166.05110168457,0.222419502864926,0.543411947431693,"unfiltered"
"2.5","cembio","pyridoxal","RADKZDMFGJYCBB","pos",1,1,"[M + H]+","C8H9NO3","C8H9NO3","RADKZDMFGJYCBB-UHFFFAOYSA-N",168.065902709961,0.88149506345464,0.93378119983786,"unfiltered"
"2.5","cembio","D-glyceric acid","RBNPOMFGQQGHHO","neg",1,1,"[M - H]-","C3H6O4","C3H6O4","RBNPOMFGQQGHHO-UWTATZPHSA-N",105.019302368164,0.691498610649069,0.738650308508014,"unfiltered"
"2.5","cembio","picolinic acid","SIOXPEMLGUPBBT","pos",1,1,"[M + H]+","C6H5NO2","C6H5NO2","SIOXPEMLGUPBBT-UHFFFAOYSA-N",124.039398193359,0.830950616082659,0.902690482251347,"unfiltered"
"2.5","cembio","pyridin-2-ol","UBQKCCHYAOITMY","pos",1,1,"[M + H]+","C5H5NO","C5H5NO","UBQKCCHYAOITMY-UHFFFAOYSA-N",96.044403076172,0.64185290591089,0.64185290591089,"unfiltered"
"2.5","cembio","inosine","UGQMRVRMYYASKQ","neg",1,1,"[M - H]-","C10H12N4O5","C10H12N4O5","UGQMRVRMYYASKQ-KQYNXXCUSA-N",267.073699951172,0.508171273683271,0.757507714176919,"unfiltered"
"2.5","cembio","inosine","UGQMRVRMYYASKQ","pos",1,1,"[M + H]+","C10H12N4O5","C10H12N4O5","UGQMRVRMYYASKQ-KQYNXXCUSA-N",269.088195800781,0.806932582647001,0.833381602749674,"unfiltered"
"2.5","cembio","trans-cinnamic acid","WBYWAXJHAXSJNI","pos",1,19,"[M + H]+","C9H8O2","C9H8O2","WBYWAXJHAXSJNI-VOTSOKGWSA-N",NA,NA,NA,"unfiltered"
"2.5","cembio","5-aminolevulinic acid","ZGXJTSGNIOSYLO","neg",1,5,"[M - H]-","C5H9NO3","C5H9NO3","ZGXJTSGNIOSYLO-UHFFFAOYSA-N",NA,NA,NA,"unfiltered"
"2.5","cembio","5-aminolevulinic acid","ZGXJTSGNIOSYLO","pos",1,1,"[M + H]+","C5H9NO3","C5H9NO3","ZGXJTSGNIOSYLO-UHFFFAOYSA-N",132.065795898438,0.321237526922037,0.321237526922037,"unfiltered"
"2.5","hmgu","N-acetyl-L-valine","IHYJTAOFMMMOPX","neg",1,1,"[M - H]-","C7H13NO3","C7H13NO3","IHYJTAOFMMMOPX-LURJTMIESA-N",158.080514941433,0.673718295960328,0.811666984926442,"unfiltered"
"2.5","hmgu","3-hydroxybenzoic acid","IJFXRHURBJZNAO","neg",1,2,"[M - H]-","C7H6O3","C7H6O3","IJFXRHURBJZNAO-UHFFFAOYSA-N",NA,NA,NA,"unfiltered"
"2.5","hmgu","N-carbamoyl-beta-alanine","JSJWCHRYRHKBBW","pos",1,3,"[M + Na]+","C4H8N2O3","C4H8N2O3","JSJWCHRYRHKBBW-UHFFFAOYSA-N",NA,NA,NA,"unfiltered"
"2.5","hmgu","Phenylglyoxal","OJUGVDODNPJEEC","neg",1,11,"[M - H]-","C8H6O2","C8H6O2","OJUGVDODNPJEEC-UHFFFAOYSA-N",NA,NA,NA,"unfiltered"
"2.5","hmgu","Phenylglyoxal","OJUGVDODNPJEEC","pos",1,14,"[M + H]+","C8H6O2","C8H6O2","OJUGVDODNPJEEC-UHFFFAOYSA-N",NA,NA,NA,"unfiltered"
"2.5","hmgu","picolinic acid","SIOXPEMLGUPBBT","neg",1,2,"[M - H]-","C6H5NO2","C6H5NO2","SIOXPEMLGUPBBT-UHFFFAOYSA-N",NA,NA,NA,"unfiltered"
"2.5","hmgu","picolinic acid","SIOXPEMLGUPBBT","pos",1,1,"[M + H]+","C6H5NO2","C6H5NO2","SIOXPEMLGUPBBT-UHFFFAOYSA-N",124.038013801871,0.321804338807216,0.581352675422561,"unfiltered"
"2.5","hmgu","pyridin-2-ol","UBQKCCHYAOITMY","pos",1,1,"[M + H]+","C5H5NO","C5H5NO","UBQKCCHYAOITMY-UHFFFAOYSA-N",96.043884963273,0.0702395533086593,0.0702395533086593,"unfiltered"
"2.5","hmgu","trans-cinnamic acid","WBYWAXJHAXSJNI","pos",1,5,"[M + H]+","C9H8O2","C9H8O2","WBYWAXJHAXSJNI-VOTSOKGWSA-N",NA,NA,NA,"unfiltered"
"2.6","afekta","lipoamide","FCCDDURTIIUXBY","pos",1,1,"[M + Na]+","C8H15NOS2","C8H15NOS2","FCCDDURTIIUXBY-UHFFFAOYSA-N",228.047294616699,0.759997054190434,0.759997054190434,"unfiltered"
"2.6","afekta","5-aminopentanoic acid","JJMDCOVWQOJGCB","pos",1,3,"[M + H]+","C5H11NO2","C5H11NO2","JJMDCOVWQOJGCB-UHFFFAOYSA-N",NA,NA,NA,"unfiltered"
"2.6","afekta","indole-3-butyric acid","JTEDVYBZBROSJT","neg",1,1,"[M - H]-","C12H13NO2","C12H13NO2","JTEDVYBZBROSJT-UHFFFAOYSA-N",202.085121154785,0.487744690488787,0.650643352137529,"unfiltered"
"2.6","afekta","4-hydroxyphenylpyruvic acid","KKADPXVIOXHVKN","neg",2,1,"[M - H]-","C9H8O4","C9H8O4","KKADPXVIOXHVKN-UHFFFAOYSA-N",179.032979329427,0.481190470452526,0.797129535225003,"unfiltered"
"2.6","afekta","2-oxoglutaric acid","KPGXRSRHYNQIFN","neg",1,1,"[M - H]-","C5H6O5","C5H6O5","KPGXRSRHYNQIFN-UHFFFAOYSA-N",145.013000488281,0.527749403859826,0.527749403859826,"unfiltered"
"2.6","afekta","3-methyladipic acid","SYEOWUNSTUDKGM","neg",1,1,"[M - H]-","C7H12O4","C7H12O4","SYEOWUNSTUDKGM-YFKPBYRVSA-N",159.064865112305,0.650118655050293,0.845864123872739,"unfiltered"
"2.6","afekta","3-methyladipic acid","SYEOWUNSTUDKGM","pos",1,4,"[M + H]+","C7H12O4","C7H12O4","SYEOWUNSTUDKGM-YFKPBYRVSA-N",NA,NA,NA,"unfiltered"
"2.6","afekta","phenylacetylglycine","UTYVDVLMYQPLQB","neg",1,1,"[M - H]-","C10H11NO3","C10H11NO3","UTYVDVLMYQPLQB-UHFFFAOYSA-N",192.064987182617,0.793813375627532,0.914902346846353,"unfiltered"
"2.6","cembio","(S)-2-hydroxybutyric acid","AFENDNXGAFYKQO","neg",1,1,"[M - H]-","C4H8O3","C4H8O3","AFENDNXGAFYKQO-VKHMYHEASA-N",103.040000915527,0.712339876096424,0.864320686930208,"unfiltered"
"2.6","cembio","lipoamide","FCCDDURTIIUXBY","pos",1,1,"[M + H]+;[M + Na]+","C8H15NOS2","C8H15NOS2","FCCDDURTIIUXBY-UHFFFAOYSA-N",206.06689453125,0.821160619463235,0.821160619463235,"unfiltered"
"2.6","cembio","pyrrolidin-2-one","HNJBEVLQSNELDL","pos",1,3,"[M + H]+;[M + Na]+","C4H7NO","C4H7NO","HNJBEVLQSNELDL-UHFFFAOYSA-N",NA,NA,NA,"unfiltered"
"2.6","cembio","5-hydroxymethyluracil","JDBGXEHEIRGOBU","neg",1,1,"[M - H]-","C5H6N2O3","C5H6N2O3","JDBGXEHEIRGOBU-UHFFFAOYSA-N",141.03059387207,0.497464602706458,0.66629205214493,"unfiltered"
"2.6","cembio","5-hydroxymethyluracil","JDBGXEHEIRGOBU","pos",1,1,"[M + H]+","C5H6N2O3","C5H6N2O3","JDBGXEHEIRGOBU-UHFFFAOYSA-N",143.04460144043,0.638228017198814,0.698498042323951,"unfiltered"
"2.6","cembio","indole-3-butyric acid","JTEDVYBZBROSJT","neg",1,1,"[M - H]-","C12H13NO2","C12H13NO2","JTEDVYBZBROSJT-UHFFFAOYSA-N",202.087493896484,0.76917258899834,0.76917258899834,"unfiltered"
"2.6","cembio","indole-3-butyric acid","JTEDVYBZBROSJT","pos",1,1,"[M + H]+","C12H13NO2","C12H13NO2","JTEDVYBZBROSJT-UHFFFAOYSA-N",204.102203369141,0.912334614219097,0.926101238180882,"unfiltered"
"2.6","cembio","4-hydroxy-4-methyloxan-2-one","JYVXNLLUYHCIIH","neg",1,3,"[M - H]-","C6H10O3","C6H10O3","JYVXNLLUYHCIIH-UHFFFAOYSA-N",NA,NA,NA,"unfiltered"
"2.6","cembio","4-hydroxy-4-methyloxan-2-one","JYVXNLLUYHCIIH","pos",1,2,"[M + H]+","C6H10O3","C6H10O3","JYVXNLLUYHCIIH-UHFFFAOYSA-N",NA,NA,NA,"unfiltered"
"2.6","cembio","2-oxoglutaric acid","KPGXRSRHYNQIFN","neg",1,1,"[M - H]-","C5H6O5","C5H6O5","KPGXRSRHYNQIFN-UHFFFAOYSA-N",145.014297485352,0.59461175587371,0.59461175587371,"unfiltered"
"2.6","cembio","glyceraldehyde","MNQZXJOMYWMBOU","neg",1,2,"[M - H]-","C3H6O3","C3H6O3","MNQZXJOMYWMBOU-UHFFFAOYSA-N",NA,NA,NA,"unfiltered"
"2.6","cembio","3-methyladipic acid","SYEOWUNSTUDKGM","neg",1,1,"[M - H]-","C7H12O4","C7H12O4","SYEOWUNSTUDKGM-YFKPBYRVSA-N",159.066299438477,0.602327852004267,0.812178921257161,"unfiltered"
"2.6","cembio","3-methyladipic acid","SYEOWUNSTUDKGM","pos",3,3,"[M + Na]+","C7H12O4","C7H12O4","SYEOWUNSTUDKGM-YFKPBYRVSA-N",NA,NA,NA,"unfiltered"
"2.6","cembio","isonicotinic acid","TWBYWOBDOCUKOW","neg",1,1,"[M - H]-","C6H5NO2","C6H5NO2","TWBYWOBDOCUKOW-UHFFFAOYSA-N",122.024803161621,0.292700530460904,0.802994229559905,"unfiltered"
"2.6","cembio","isonicotinic acid","TWBYWOBDOCUKOW","pos",1,1,"[M + H]+","C6H5NO2","C6H5NO2","TWBYWOBDOCUKOW-UHFFFAOYSA-N",124.039497375488,0.46013628713899,0.914659536427348,"unfiltered"
"2.6","cembio","xanthosine","UBORTCNDUKBEOP","neg",1,1,"[M - H]-","C10H12N4O6","C10H12N4O6","UBORTCNDUKBEOP-UUOKFMHZSA-N",283.068695068359,0.116168016217315,0.116168016217315,"unfiltered"
"2.6","cembio","xanthosine","UBORTCNDUKBEOP","pos",7,1,"[M + H]+","C10H12N4O6","C10H12N4O6","UBORTCNDUKBEOP-UUOKFMHZSA-N",285.082885742188,0.793551694386324,0.793551694386324,"unfiltered"
"2.6","cembio","phenylacetylglycine","UTYVDVLMYQPLQB","neg",1,1,"[M - H]-","C10H11NO3","C10H11NO3","UTYVDVLMYQPLQB-UHFFFAOYSA-N",192.066604614258,0.896348633272089,0.972408853330981,"unfiltered"
"2.6","cembio","phenylacetylglycine","UTYVDVLMYQPLQB","pos",1,1,"[M + H]+","C10H11NO3","C10H11NO3","UTYVDVLMYQPLQB-UHFFFAOYSA-N",194.081695556641,0.937441199489575,0.94160750739946,"unfiltered"
"2.6","cembio","esculin","XHCADAYNFIFUHF","neg",1,1,"[M - H]-","C15H16O9","C15H16O9","XHCADAYNFIFUHF-TVKJYDDYSA-N",339.072113037109,0.421242224002472,0.883657010851604,"unfiltered"
"2.6","hmgu","pyrimidine","CZPWVGJYEJSRLH","pos",1,2,"[M + H]+","C4H4N2","C4H4N2","CZPWVGJYEJSRLH-UHFFFAOYSA-N",NA,NA,NA,"unfiltered"
"2.6","hmgu","5-aminopentanoic acid","JJMDCOVWQOJGCB","neg",1,6,"[M - H]-","C5H11NO2","C5H11NO2","JJMDCOVWQOJGCB-UHFFFAOYSA-N",NA,NA,NA,"unfiltered"
"2.6","hmgu","5-aminopentanoic acid","JJMDCOVWQOJGCB","pos",1,7,"[M + H]+","C5H11NO2","C5H11NO2","JJMDCOVWQOJGCB-UHFFFAOYSA-N",NA,NA,NA,"unfiltered"
"2.6","hmgu","3-methyladipic acid","SYEOWUNSTUDKGM","neg",1,7,"[M - H]-","C7H12O4","C7H12O4","SYEOWUNSTUDKGM-YFKPBYRVSA-N",NA,NA,NA,"unfiltered"
"2.6","hmgu","esculin","XHCADAYNFIFUHF","pos",1,51,"[M + Na]+","C15H16O9","C15H16O9","XHCADAYNFIFUHF-TVKJYDDYSA-N",NA,NA,NA,"unfiltered"
"2.7","afekta","melatonin","DRLFMBDRBRZALE","pos",1,1,"[M + Na]+","C13H16N2O2","C13H16N2O2","DRLFMBDRBRZALE-UHFFFAOYSA-N",255.109191894531,0.974265336516334,0.978453919468691,"unfiltered"
"2.7","afekta","N-acetyl-beta-D-mannosamine","OVRNDRQMDRJTHS","pos",4,1,"[M + Na]+","C8H15NO6","C8H15NO6","OVRNDRQMDRJTHS-OZRXBMAMSA-N",244.077972412109,0.807891670578464,0.873195256795061,"unfiltered"
"2.7","afekta","Methyl 3-aminopropanoate","UZCXPYDBYUEZCV","pos",1,1,"[M + H]+","C4H9NO2","C4H9NO2","UZCXPYDBYUEZCV-UHFFFAOYSA-N",104.069915771484,0.0686915831527455,0.353496228912324,"unfiltered"
"2.7","afekta","4-acetamidobutanoic acid","UZTFMUBKZQVKLK","pos",1,1,"[M + H]+","C6H11NO3","C6H11NO3","UZTFMUBKZQVKLK-UHFFFAOYSA-N",146.080619812012,0.765068170177667,0.765068170177667,"unfiltered"
"2.7","cembio","6-methyladenine","CKOMXBHMKXXTNW","neg",1,1,"[M - H]-","C6H7N5","C6H7N5","CKOMXBHMKXXTNW-UHFFFAOYSA-N",148.062848772321,0.179683142760723,0.300377442250886,"unfiltered"
"2.7","cembio","6-methyladenine","CKOMXBHMKXXTNW","pos",1,7,"[M + H]+","C6H7N5","C6H7N5","CKOMXBHMKXXTNW-UHFFFAOYSA-N",NA,NA,NA,"unfiltered"
"2.7","cembio","melatonin","DRLFMBDRBRZALE","pos",1,1,"[M + H]+","C13H16N2O2","C13H16N2O2","DRLFMBDRBRZALE-UHFFFAOYSA-N",233.128692626953,0.997553931425388,0.998371714853201,"unfiltered"
"2.7","cembio","3,3-dimethylglutaric acid","DUHQIGLHYXLKAE","neg",1,1,"[M - H]-","C7H12O4","C7H12O4","DUHQIGLHYXLKAE-UHFFFAOYSA-N",159.066192626953,0.533498222862613,0.533498222862613,"unfiltered"
"2.7","cembio","3,3-dimethylglutaric acid","DUHQIGLHYXLKAE","pos",1,1,"[M + H]+","C7H12O4","C7H12O4","DUHQIGLHYXLKAE-UHFFFAOYSA-N",161.080993652344,0.700166183826617,0.700166183826617,"unfiltered"
"2.7","cembio","3-hydroxyphenylacetic acid","FVMDYYGIDFPZAX","neg",1,3,"[M - H]-","C8H8O3","C8H8O3","FVMDYYGIDFPZAX-UHFFFAOYSA-N",NA,NA,NA,"unfiltered"
"2.7","cembio","3-hydroxyphenylacetic acid","FVMDYYGIDFPZAX","pos",1,2,"[M + H]+","C8H8O3","C8H8O3","FVMDYYGIDFPZAX-UHFFFAOYSA-N",NA,NA,NA,"unfiltered"
"2.7","cembio","4-pyridoxic acid","HXACOUQIXZGNBF","neg",1,1,"[M - H]-","C8H9NO4","C8H9NO4","HXACOUQIXZGNBF-UHFFFAOYSA-N",182.046005249023,0.506386264266965,0.506386264266965,"unfiltered"
"2.7","cembio","4-pyridoxic acid","HXACOUQIXZGNBF","pos",1,1,"[M + H]+","C8H9NO4","C8H9NO4","HXACOUQIXZGNBF-UHFFFAOYSA-N",184.060699462891,0.879769406082658,0.879769406082658,"unfiltered"
"2.7","cembio","ethanolamine","HZAXFHJVJLSVMW","pos",1,2,"[M + H]+","C2H7NO","C2H7NO","HZAXFHJVJLSVMW-UHFFFAOYSA-N",NA,NA,NA,"unfiltered"
"2.7","cembio","N(4)-acetylcytosine","IJCKBIINTQEGLY","neg",1,1,"[M - H]-","C6H7N3O2","C6H7N3O2","IJCKBIINTQEGLY-UHFFFAOYSA-N",152.046600341797,0.228265576761839,0.228265576761839,"unfiltered"
"2.7","cembio","N(4)-acetylcytosine","IJCKBIINTQEGLY","pos",1,1,"[M + H]+","C6H7N3O2","C6H7N3O2","IJCKBIINTQEGLY-UHFFFAOYSA-N",154.061401367188,0.478054153156194,0.478054153156194,"unfiltered"
"2.7","cembio","N-acetyl-L-isoleucine","JDTWZSUNGHMMJM","neg",1,2,"[M - H]-","C8H15NO3","C8H15NO3","JDTWZSUNGHMMJM-FSPLSTOPSA-N",NA,NA,NA,"unfiltered"
"2.7","cembio","N-acetyl-L-isoleucine","JDTWZSUNGHMMJM","pos",1,1,"[M + H]+;[M + Na]+","C8H15NO3","C8H15NO3","JDTWZSUNGHMMJM-FSPLSTOPSA-N",174.112899780273,0.524179155909301,0.793614681498162,"unfiltered"
"2.7","cembio","LMFA01170001","KDYFGRWQOYBRFD","neg",1,1,"[M - H]-","C4H6O4","C4H6O4","KDYFGRWQOYBRFD-UHFFFAOYSA-N",117.019302368164,0.111087180314467,0.111087180314467,"unfiltered"
"2.7","cembio","N-acetyl-beta-D-mannosamine","OVRNDRQMDRJTHS","pos",1,1,"[M + H]+","C8H15NO6","C8H15NO6","OVRNDRQMDRJTHS-OZRXBMAMSA-N",222.098098754883,0.814536849456608,0.872974112380822,"unfiltered"
"2.7","cembio","beta-alanine","UCMIRNVEIXFBKS","pos",1,1,"[M + H]+","C3H7NO2","C3H7NO2","UCMIRNVEIXFBKS-UHFFFAOYSA-N",90.055000305176,0.899894531218898,0.914282241048815,"unfiltered"
"2.7","cembio","O-propanoyl-L-carnitine","UFAHZIUFPNSHSL","neg",1,1,"[M - H]-","C10H19NO4","C10H19NO4","UFAHZIUFPNSHSL-MRVPVSSYSA-N",216.124099731445,0.544685262439142,0.544685262439142,"unfiltered"
"2.7","cembio","O-propanoyl-L-carnitine","UFAHZIUFPNSHSL","pos",1,1,"[M + H]+","C10H19NO4","C10H19NO4","UFAHZIUFPNSHSL-MRVPVSSYSA-N",218.139099121094,0.981105277448141,0.981105277448141,"unfiltered"
"2.7","cembio","Methyl 3-aminopropanoate","UZCXPYDBYUEZCV","neg",1,6,"[M - H]-","C4H9NO2","C4H9NO2","UZCXPYDBYUEZCV-UHFFFAOYSA-N",NA,NA,NA,"unfiltered"
"2.7","cembio","Methyl 3-aminopropanoate","UZCXPYDBYUEZCV","pos",1,1,"[M + H]+","C4H9NO2","C4H9NO2","UZCXPYDBYUEZCV-UHFFFAOYSA-N",104.07080078125,0.693088300584773,0.75372927732669,"unfiltered"
"2.7","cembio","4-acetamidobutanoic acid","UZTFMUBKZQVKLK","neg",1,1,"[M - H]-","C6H11NO3","C6H11NO3","UZTFMUBKZQVKLK-UHFFFAOYSA-N",144.066696166992,0.899711305815682,0.899711305815682,"unfiltered"
"2.7","cembio","4-acetamidobutanoic acid","UZTFMUBKZQVKLK","pos",1,1,"[M + H]+","C6H11NO3","C6H11NO3","UZTFMUBKZQVKLK-UHFFFAOYSA-N",146.081497192383,0.371937186913417,0.371937186913417,"unfiltered"
"2.7","cembio","3,4,5-Trimethoxycinnamic acid","YTFVRYKNXDADBI","neg",1,1,"[M - H]-","C12H14O5","C12H14O5","YTFVRYKNXDADBI-SNAWJCMRSA-N",237.076995849609,0.72631752087769,0.952307523385893,"unfiltered"
"2.7","cembio","3,4,5-Trimethoxycinnamic acid","YTFVRYKNXDADBI","pos",1,1,"[M + H]+","C12H14O5","C12H14O5","YTFVRYKNXDADBI-SNAWJCMRSA-N",239.091796875,0.931812615645684,0.982384675799035,"unfiltered"
"2.7","hmgu","3-hydroxypropionic acid","ALRHLSYJTWAHJZ","neg",1,7,"[M - H]-","C3H6O3","C3H6O3","ALRHLSYJTWAHJZ-UHFFFAOYSA-N",NA,NA,NA,"unfiltered"
"2.7","hmgu","methyl (R)-lactate","LPEKGGXMPWTOCB","neg",2,4,"[M - H]-","C4H8O3","C4H8O3","LPEKGGXMPWTOCB-GSVOUGTGSA-N",NA,NA,NA,"unfiltered"
"2.8","afekta","2'-deoxycytidine","CKTSBUTUHBMZGZ","neg",1,1,"[M - H]-","C9H13N3O4","C9H13N3O4","CKTSBUTUHBMZGZ-SHYZEUOFSA-N",226.081298828125,0.229580374794347,0.749626831384706,"unfiltered"
"2.8","afekta","2'-deoxycytidine","CKTSBUTUHBMZGZ","pos",1,1,"[M + H]+","C9H13N3O4","C9H13N3O4","CKTSBUTUHBMZGZ-SHYZEUOFSA-N",228.096961975098,0.966972241810885,0.983655545734891,"unfiltered"
"2.8","afekta","thymidine","IQFYYKKMVGJFEH","neg",1,1,"[M - H]-","C10H14N2O5","C10H14N2O5","IQFYYKKMVGJFEH-XLPZGREQSA-N",241.080871582031,0.0666058025968862,0.0666058025968862,"unfiltered"
"2.8","afekta","3-amino-3-(4-hydroxyphenyl)propanoic acid","JYPHNHPXFNEZBR","pos",1,2,"[M + H]+","C9H11NO3","C9H11NO3","JYPHNHPXFNEZBR-UHFFFAOYSA-N",NA,NA,NA,"unfiltered"
"2.8","hmgu","L-isoleucine","AGPKZVBTJJNPAG","neg",1,1,"[M - H]-","C6H13NO2","C6H13NO2","AGPKZVBTJJNPAG-WHFBIAKZSA-N",130.086664169427,0.302282272240468,0.688916436256333,"unfiltered"
"2.8","hmgu","L-isoleucine","AGPKZVBTJJNPAG","pos",1,1,"[M + H]+","C6H13NO2","C6H13NO2","AGPKZVBTJJNPAG-WHFBIAKZSA-N",132.101651574426,0.324062568612943,0.430599770059076,"unfiltered"
"2.8","hmgu","3-hydroxyisovaleric acid","AXFYFNCPONWUHW","neg",1,13,"[M - H]-","C5H10O3","C5H10O3","AXFYFNCPONWUHW-UHFFFAOYSA-N",NA,NA,NA,"unfiltered"
"2.8","hmgu","phenyl acetate","IPBVNPXQWQGGJP","pos",1,12,"[M + H]+;[M + K]+","C8H8O2","C8H8O2","IPBVNPXQWQGGJP-UHFFFAOYSA-N",NA,NA,NA,"unfiltered"
"2.8","hmgu","itaconic acid","LVHBHZANLOWSRM","neg",1,10,"[M - H]-","C5H6O4","C5H6O4","LVHBHZANLOWSRM-UHFFFAOYSA-N",NA,NA,NA,"unfiltered"
"2.8","hmgu","cytosine","OPTASPLRGRRNAP","pos",1,16,"[M + Na]+","C4H5N3O","C4H5N3O","OPTASPLRGRRNAP-UHFFFAOYSA-N",NA,NA,NA,"unfiltered"
"2.9","afekta","nicotinamide","DFPAKSUCGFBDDF","pos",1,1,"[M + H]+","C6H6N2O","C6H6N2O","DFPAKSUCGFBDDF-UHFFFAOYSA-N",123.054904937744,0.808866088960709,0.910983798017951,"unfiltered"
"2.9","afekta","homogentisic acid","IGMNYECMUMZDDF","neg",2,2,"[M - H]-","C8H8O4","C8H8O4","IGMNYECMUMZDDF-UHFFFAOYSA-N",NA,NA,NA,"unfiltered"
"2.9","afekta","Gly-Pro","KZNQNBZMBZJQJO","neg",1,1,"[M - H]-","C7H12N2O3","C7H12N2O3","KZNQNBZMBZJQJO-YFKPBYRVSA-N",171.076110839844,0.746107839739899,0.746107839739899,"unfiltered"
"2.9","afekta","Gly-Pro","KZNQNBZMBZJQJO","pos",1,1,"[M + H]+","C7H12N2O3","C7H12N2O3","KZNQNBZMBZJQJO-YFKPBYRVSA-N",173.091720581055,0.994517028818399,0.994517028818399,"unfiltered"
"2.9","afekta","vanillin","MWOOGOJBHIARFG","neg",1,4,"[M - H]-","C8H8O3","C8H8O3","MWOOGOJBHIARFG-UHFFFAOYSA-N",NA,NA,NA,"unfiltered"
"2.9","afekta","propynoic acid","UORVCLMRJXCDCP","neg",1,1,"[M - H]-","C3H2O2","C3H2O2","UORVCLMRJXCDCP-UHFFFAOYSA-N",68.99517771403,0.146374822013175,0.146374822013175,"unfiltered"
"2.9","afekta","N-acetyl-L-methionine","XUYPXLNMDZIRQH","pos",1,1,"[M + Na]+","C7H13NO3S","C7H13NO3S","XUYPXLNMDZIRQH-LURJTMIESA-N",214.050201416016,0.329595315649038,0.317122117341748,"unfiltered"
"2.9","cembio","nicotinamide","DFPAKSUCGFBDDF","pos",1,1,"[M + H]+","C6H6N2O","C6H6N2O","DFPAKSUCGFBDDF-UHFFFAOYSA-N",123.055198669434,0.720806383646122,0.812479287015219,"unfiltered"
"2.9","cembio","homogentisic acid","IGMNYECMUMZDDF","neg",1,1,"[M - H]-","C8H8O4","C8H8O4","IGMNYECMUMZDDF-UHFFFAOYSA-N",167.035003662109,0.408309981422681,0.799806307487748,"unfiltered"
"2.9","cembio","homogentisic acid","IGMNYECMUMZDDF","pos",1,1,"[M + H]+","C8H8O4","C8H8O4","IGMNYECMUMZDDF-UHFFFAOYSA-N",169.049301147461,0.0702566126966772,0.249251303921689,"unfiltered"
"2.9","cembio","ritalinic acid","INGSNVSERUZOAK","neg",1,1,"[M - H]-","C13H17NO2","C13H17NO2","INGSNVSERUZOAK-UHFFFAOYSA-N",218.118804931641,0.972496394972113,0.972496394972113,"unfiltered"
"2.9","cembio","ritalinic acid","INGSNVSERUZOAK","pos",1,1,"[M + H]+","C13H17NO2","C13H17NO2","INGSNVSERUZOAK-UHFFFAOYSA-N",220.133499145508,0.997140546056794,0.997140546056794,"unfiltered"
"2.9","cembio","(S)-lactic acid","JVTAAEKCZFNVCJ","neg",1,1,"[M - H]-","C3H6O3","C3H6O3","JVTAAEKCZFNVCJ-REOHCLBHSA-N",89.02449798584,0.502304970912247,0.502304970912247,"unfiltered"
"2.9","cembio","Gly-Pro","KZNQNBZMBZJQJO","neg",1,14,"[M - H]-","C7H12N2O3","C7H12N2O3","KZNQNBZMBZJQJO-YFKPBYRVSA-N",NA,NA,NA,"unfiltered"
"2.9","cembio","Gly-Pro","KZNQNBZMBZJQJO","pos",1,1,"[M + H]+","C7H12N2O3","C7H12N2O3","KZNQNBZMBZJQJO-YFKPBYRVSA-N",173.091995239258,0.996377038409846,0.996377038409846,"unfiltered"
"2.9","cembio","vanillin","MWOOGOJBHIARFG","pos",1,1,"[M + H]+","C8H8O3","C8H8O3","MWOOGOJBHIARFG-UHFFFAOYSA-N",153.054794311523,0.855508435970873,0.918952982716716,"unfiltered"
"2.9","cembio","D-proline","ONIBWKKTOPOVIA","neg",1,2,"[M - H]-","C5H9NO2","C5H9NO2","ONIBWKKTOPOVIA-SCSAIBSYSA-N",NA,NA,NA,"unfiltered"
"2.9","cembio","D-proline","ONIBWKKTOPOVIA","pos",1,11,"[M + H]+","C5H9NO2","C5H9NO2","ONIBWKKTOPOVIA-SCSAIBSYSA-N",NA,NA,NA,"unfiltered"
"2.9","cembio","nicotinic acid","PVNIIMVLHYAWGP","neg",1,1,"[M - H]-","C6H5NO2","C6H5NO2","PVNIIMVLHYAWGP-UHFFFAOYSA-N",122.024696350098,0.30989458625758,0.784368602838162,"unfiltered"
"2.9","cembio","nicotinic acid","PVNIIMVLHYAWGP","pos",1,2,"[M + H]+","C6H5NO2","C6H5NO2","PVNIIMVLHYAWGP-UHFFFAOYSA-N",NA,NA,NA,"unfiltered"
"2.9","cembio","agmatine","QYPPJABKJHAVHS","pos",1,1,"[M + H]+","C5H14N4","C5H14N4","QYPPJABKJHAVHS-UHFFFAOYSA-N",131.129302978516,0.989856245296824,0.989856245296824,"unfiltered"
"2.9","cembio","D-leucine","ROHFNLRQFUQHCH","neg",1,1,"[M - H]-","C6H13NO2","C6H13NO2","ROHFNLRQFUQHCH-RXMQYKEDSA-N",130.087005615234,0.299014507477145,0.50044690068109,"unfiltered"
"2.9","cembio","D-leucine","ROHFNLRQFUQHCH","pos",1,2,"[M + H]+","C6H13NO2","C6H13NO2","ROHFNLRQFUQHCH-RXMQYKEDSA-N",NA,NA,NA,"unfiltered"
"2.9","cembio","thymine","RWQNBRDOKXIBIV","neg",1,1,"[M - H]-","C5H6N2O2","C5H6N2O2","RWQNBRDOKXIBIV-UHFFFAOYSA-N",125.035697937012,0.209956629770506,0.635445083601155,"unfiltered"
"2.9","cembio","thymine","RWQNBRDOKXIBIV","pos",1,1,"[M + H]+","C5H6N2O2","C5H6N2O2","RWQNBRDOKXIBIV-UHFFFAOYSA-N",127.050300598145,0.899878656788853,0.960099207444216,"unfiltered"
"2.9","cembio","(R)-noradrenaline","SFLSHLFXELFNJZ","neg",1,1,"[M - H]-","C8H11NO3","C8H11NO3","SFLSHLFXELFNJZ-QMMMGPOBSA-N",168.066802978516,0.649725348642678,0.934200062360123,"unfiltered"
"2.9","cembio","(R)-noradrenaline","SFLSHLFXELFNJZ","pos",1,1,"[M + H]+","C8H11NO3","C8H11NO3","SFLSHLFXELFNJZ-QMMMGPOBSA-N",170.080993652344,0.940203457019355,0.957540276752836,"unfiltered"
"2.9","cembio","dihydroorotic acid","UFIVEPVSAGBUSI","neg",1,1,"[M - H]-","C5H6N2O4","C5H6N2O4","UFIVEPVSAGBUSI-UHFFFAOYSA-N",157.025497436523,0.807063264763685,0.968436186365885,"unfiltered"
"2.9","cembio","fumaric acid","VZCYOOQTPOCHFL","neg",1,1,"[M - H]-","C4H4O4","C4H4O4","VZCYOOQTPOCHFL-OWOJBTEDSA-N",115.003700256348,0.177581977219585,0.177581977219585,"unfiltered"
"2.9","cembio","fumaric acid","VZCYOOQTPOCHFL","pos",1,1,"[M + H]+","C4H4O4","C4H4O4","VZCYOOQTPOCHFL-OWOJBTEDSA-N",117.017997741699,0.542667903880403,0.542667903880403,"unfiltered"
"2.9","cembio","taurine","XOAAWQZATWQOTB","pos",2,1,"[M + Na]+","C2H7NO3S","C2H7NO3S","XOAAWQZATWQOTB-UHFFFAOYSA-N",148.003799438477,0.311035677839588,0.375851229682058,"unfiltered"
"2.9","cembio","N-acetyl-L-methionine","XUYPXLNMDZIRQH","neg",1,1,"[M - H]-","C7H13NO3S","C7H13NO3S","XUYPXLNMDZIRQH-LURJTMIESA-N",190.054397583008,0.874634601290301,0.896744144444461,"unfiltered"
"2.9","cembio","N-acetyl-L-methionine","XUYPXLNMDZIRQH","pos",1,1,"[M + H]+","C7H13NO3S","C7H13NO3S","XUYPXLNMDZIRQH-LURJTMIESA-N",192.069107055664,0.973071172656453,0.880882464629468,"unfiltered"
"2.9","hmgu","nicotinamide","DFPAKSUCGFBDDF","pos",1,2,"[M + Na]+","C6H6N2O","C6H6N2O","DFPAKSUCGFBDDF-UHFFFAOYSA-N",NA,NA,NA,"unfiltered"
"2.9","hmgu","ritalinic acid","INGSNVSERUZOAK","pos",2,12,"[M + H]+","C13H17NO2","C13H17NO2","INGSNVSERUZOAK-UHFFFAOYSA-N",NA,NA,NA,"unfiltered"
"2.9","hmgu","nicotinic acid","PVNIIMVLHYAWGP","neg",2,2,"[M - H]-","C6H5NO2","C6H5NO2","PVNIIMVLHYAWGP-UHFFFAOYSA-N",NA,NA,NA,"unfiltered"
"2.9","hmgu","3-methylbutanal","YGHRJJRRZDOVPD","neg",1,1,"[M - H]-","C5H10O","C5H10O","YGHRJJRRZDOVPD-UHFFFAOYSA-N",85.065740565194,0.0376834090220103,0.101894683493362,"unfiltered"
"2.9","icl","N-acetyl-L-methionine","XUYPXLNMDZIRQH","pos",1,4,"[M + H]+","C7H13NO3S","C7H13NO3S","XUYPXLNMDZIRQH-LURJTMIESA-N",NA,NA,NA,"unfiltered"
"3.1","afekta","(3S,5R)-fluvastatin","FJLGEFLZQAZZCD","pos",5,1,"[M + Na]+","C24H26FNO4","C24H26FNO4","FJLGEFLZQAZZCD-JUFISIKESA-N",434.171447753906,0.0669743898597327,0.0669743898597327,"unfiltered"
"3.1","cembio","taurodeoxycholic acid","AWDRATDZQPNJFN","neg",2,2,"[M - H]-","C26H45NO6S","C26H45NO6S","AWDRATDZQPNJFN-VAYUFCLWSA-N",NA,NA,NA,"unfiltered"
"3.1","cembio","taurodeoxycholic acid","AWDRATDZQPNJFN","pos",3,2,"[M + H]+;[M + Na]+","C26H45NO6S","C26H45NO6S","AWDRATDZQPNJFN-VAYUFCLWSA-N",NA,NA,NA,"unfiltered"
"3.1","cembio","taurochenodeoxycholic acid","BHTRKEVKTKCXOH","neg",2,1,"[M - H]-","C26H45NO6S","C26H45NO6S","BHTRKEVKTKCXOH-BJLOMENOSA-N",498.289588479435,0.155131792972105,0.155131792972105,"unfiltered"
"3.1","cembio","taurochenodeoxycholic acid","BHTRKEVKTKCXOH","pos",3,1,"[M + H]+;[M + Na]+","C26H45NO6S","C26H45NO6S","BHTRKEVKTKCXOH-BJLOMENOSA-N",500.305206298828,0.806397253999124,0.993439980862562,"unfiltered"
"3.1","cembio","(3S,5R)-fluvastatin","FJLGEFLZQAZZCD","neg",1,1,"[M - H]-","C24H26FNO4","C24H26FNO4","FJLGEFLZQAZZCD-JUFISIKESA-N",410.177703857422,0.699941262805178,0.699941262805178,"unfiltered"
"3.1","cembio","undecanedioic acid","LWBHHRRTOZQPDM","neg",1,1,"[M - H]-","C11H20O4","C11H20O4","LWBHHRRTOZQPDM-UHFFFAOYSA-N",215.128997802734,0.653875467827952,0.653875467827952,"unfiltered"
"3.1","cembio","L-thyroxine","XUIIKFGFIJCVMT","neg",1,1,"[M - H]-","C15H11I4NO4","C15H11I4NO4","XUIIKFGFIJCVMT-LBPRGKRZSA-N",775.679321289063,0.438955053281385,0.490609557800233,"unfiltered"
"3.1","cembio","L-thyroxine","XUIIKFGFIJCVMT","pos",1,1,"[M + H]+","C15H11I4NO4","C15H11I4NO4","XUIIKFGFIJCVMT-LBPRGKRZSA-N",777.695373535156,0.66821375405797,0.688641436479697,"unfiltered"
"3.1","hmgu","taurodeoxycholic acid","AWDRATDZQPNJFN","neg",1,2,"[M - H]-","C26H45NO6S","C26H45NO6S","AWDRATDZQPNJFN-VAYUFCLWSA-N",NA,NA,NA,"unfiltered"
"3.1","hmgu","taurochenodeoxycholic acid","BHTRKEVKTKCXOH","neg",1,1,"[M - H]-","C26H45NO6S","C26H45NO6S","BHTRKEVKTKCXOH-BJLOMENOSA-N",498.289720368996,0.385932815169999,0.385932815169999,"unfiltered"
"3.1","hmgu","(3S,5R)-fluvastatin","FJLGEFLZQAZZCD","neg",1,1,"[M - H]-","C24H26FNO4","C24H26FNO4","FJLGEFLZQAZZCD-JUFISIKESA-N",410.177693848414,0.429399662462913,0.429399662462913,"unfiltered"
"3.1","hmgu","undecanedioic acid","LWBHHRRTOZQPDM","neg",1,1,"[M - H]-","C11H20O4","C11H20O4","LWBHHRRTOZQPDM-UHFFFAOYSA-N",215.128869109537,0.241186848501836,0.20136995376343,"unfiltered"
"3.1","hmgu","4-phenylbutyric acid","OBKXEAXTFZPCHS","neg",1,1,"[M - H]-","C10H12O2","C10H12O2","OBKXEAXTFZPCHS-UHFFFAOYSA-N",163.075641700631,0.583911424821407,0.583911424821407,"unfiltered"
"3.1","icl","1,2-di-O-myristoyl-sn-glycero-3-phosphocholine","CITHEXJVPOWHKC","pos",1,1,"[M + H]+","C36H72NO8P","C36H72NO8P","CITHEXJVPOWHKC-UUWRZZSWSA-N",678.506958007813,0.12755127192339,0.570069677676187,"unfiltered"
"3.1","icl","L-thyroxine","XUIIKFGFIJCVMT","pos",1,1,"[M + H]+","C15H11I4NO4","C15H11I4NO4","XUIIKFGFIJCVMT-LBPRGKRZSA-N",777.690490722656,0.629745497371106,0.651306163698068,"unfiltered"
"3.2","cembio","cholic acid","BHQCQFFYRZLCQQ","neg",5,1,"[M - H]-","C24H40O5","C24H40O5","BHQCQFFYRZLCQQ-OELDTZBJSA-N",407.279907226563,0.609872536512354,0.921120561472181,"unfiltered"
"3.2","cembio","tauroursodeoxycholic acid","BHTRKEVKTKCXOH","neg",1,1,"[M - H]-","C26H45NO6S","C26H45NO6S","BHTRKEVKTKCXOH-LBSADWJPSA-N",498.289703369141,0.360805304325789,0.360805304325789,"unfiltered"
"3.2","cembio","tauroursodeoxycholic acid","BHTRKEVKTKCXOH","pos",1,1,"[M + H]+","C26H45NO6S","C26H45NO6S","BHTRKEVKTKCXOH-LBSADWJPSA-N",500.303192138672,0.913397114886269,0.994929929921319,"unfiltered"
"3.2","cembio","hyodeoxycholic acid","DGABKXLVXPYZII","pos",3,5,"[M + H]+","C24H40O4","C24H40O4","DGABKXLVXPYZII-SIBKNCMHSA-N",NA,NA,NA,"unfiltered"
"3.2","cembio","hexadecanoic acid","IPCSVZSSVZVIGE","neg",2,1,"[M - H]-","C16H32O2","C16H32O2","IPCSVZSSVZVIGE-UHFFFAOYSA-N",255.232604980469,0.0466951691402724,0.0466951691402724,"unfiltered"
"3.2","cembio","all-trans-retinal","NCYCYZXNIZJOKI","pos",1,1,"[M + H]+","C20H28O","C20H28O","NCYCYZXNIZJOKI-OVSJKPMPSA-N",285.221405029297,0.790925692669939,0.898602488704322,"unfiltered"
"3.2","cembio","cholest-4-en-3-one","NYOXRYYXRWJDKP","pos",1,1,"[M + H]+","C27H44O","C27H44O","NYOXRYYXRWJDKP-GYKMGIIDSA-N",385.346893310547,0.85908198779481,0.945171799258365,"unfiltered"
"3.2","cembio","hexadecanedioic acid","QQHJDPROMQRDLA","neg",1,1,"[M - H]-","C16H30O4","C16H30O4","QQHJDPROMQRDLA-UHFFFAOYSA-N",285.207397460938,0.275288818076775,0.309160779573789,"unfiltered"
"3.2","cembio","hexadecanedioic acid","QQHJDPROMQRDLA","pos",5,8,"[M + Na]+","C16H30O4","C16H30O4","QQHJDPROMQRDLA-UHFFFAOYSA-N",NA,NA,NA,"unfiltered"
"3.2","cembio","1-stearoyl-sn-glycerol","VBICKXHEKHSIBG","pos",1,3,"[M + H]+;[M + Na]+","C21H42O4","C21H42O4","VBICKXHEKHSIBG-FQEVSTJZSA-N",NA,NA,NA,"unfiltered"
"3.2","cembio","taurocholic acid","WBWWGRHZICKQGZ","neg",1,1,"[M - H]-","C26H45NO7S","C26H45NO7S","WBWWGRHZICKQGZ-HZAMXZRMSA-N",514.284729003906,0.440807243123459,0.440807243123459,"unfiltered"
"3.2","cembio","taurocholic acid","WBWWGRHZICKQGZ","pos",3,1,"[M + H]+","C26H45NO7S","C26H45NO7S","WBWWGRHZICKQGZ-HZAMXZRMSA-N",516.2998046875,0.940285156637597,0.994446802116153,"unfiltered"
"3.2","cembio","Leucomalachite green","WZKXBGJNNCGHIC","pos",1,1,"[M + H]+","C23H26N2","C23H26N2","WZKXBGJNNCGHIC-UHFFFAOYSA-N",331.217498779297,0.800715385646792,0.800715385646792,"unfiltered"
"3.2","hmgu","cholic acid","BHQCQFFYRZLCQQ","neg",1,1,"[M - H]-","C24H40O5","C24H40O5","BHQCQFFYRZLCQQ-OELDTZBJSA-N",407.280601256473,0.813448182226595,0.972700654436483,"unfiltered"
"3.2","hmgu","tauroursodeoxycholic acid","BHTRKEVKTKCXOH","neg",1,1,"[M - H]-","C26H45NO6S","C26H45NO6S","BHTRKEVKTKCXOH-LBSADWJPSA-N",498.289978190611,0.373173799391683,0.373173799391683,"unfiltered"
"3.2","hmgu","hexadecanoic acid","IPCSVZSSVZVIGE","neg",1,1,"[M - H]-","C16H32O2","C16H32O2","IPCSVZSSVZVIGE-UHFFFAOYSA-N",255.232702815919,0.0532984959127981,0.0532984959127981,"unfiltered"
"3.2","hmgu","hexanal","JARKCYVAAOWBJS","pos",1,10,"[M + Na]+","C6H12O","C6H12O","JARKCYVAAOWBJS-UHFFFAOYSA-N",NA,NA,NA,"unfiltered"
"3.2","hmgu","hexadecanedioic acid","QQHJDPROMQRDLA","neg",1,1,"[M - H]-","C16H30O4","C16H30O4","QQHJDPROMQRDLA-UHFFFAOYSA-N",285.207151389297,0.126776172250225,0.126776172250225,"unfiltered"
"3.3","cembio","bilirubin IXalpha","BPYKTIZUTYGOLE","pos",4,1,"[M + H]+","C33H36N4O6","C33H36N4O6","BPYKTIZUTYGOLE-IFADSCNNSA-N",585.269775390625,0.157352364481277,0.157352364481277,"unfiltered"
"3.3","cembio","2-hydroxyoctanoic acid","JKRDADVRIYVCCY","neg",2,1,"[M - H]-","C8H16O3","C8H16O3","JKRDADVRIYVCCY-UHFFFAOYSA-N",159.102401733398,0.267307240744273,0.402882062551308,"unfiltered"
"3.3","cembio","2-hydroxyoctanoic acid","JKRDADVRIYVCCY","pos",1,14,"[M + Na]+","C8H16O3","C8H16O3","JKRDADVRIYVCCY-UHFFFAOYSA-N",NA,NA,NA,"unfiltered"
"3.3","cembio","Dipropyl hexanedioate","NKOUWLLFHNBUDW","pos",1,1,"[M + H]+","C12H22O4","C12H22O4","NKOUWLLFHNBUDW-UHFFFAOYSA-N",231.159393310547,0.714294916156877,0.714294916156877,"unfiltered"
"3.3","cembio","progesterone","RJKFOVLPORLFTN","pos",2,1,"[M + H]+","C21H30O2","C21H30O2","RJKFOVLPORLFTN-LEKSSAKUSA-N",315.232788085938,0.895344822887246,0.895344822887246,"unfiltered"
"3.3","hmgu","2-hydroxyoctanoic acid","JKRDADVRIYVCCY","neg",1,1,"[M - H]-","C8H16O3","C8H16O3","JKRDADVRIYVCCY-UHFFFAOYSA-N",159.102114330632,0.648453765734683,0.648453765734683,"unfiltered"
"3.3","hmgu","2-hydroxyoctanoic acid","JKRDADVRIYVCCY","pos",1,15,"[M + Na]+","C8H16O3","C8H16O3","JKRDADVRIYVCCY-UHFFFAOYSA-N",NA,NA,NA,"unfiltered"
"3.3","hmgu","undecanoic acid","ZDPHROOEEOARMN","neg",1,1,"[M - H]-","C11H22O2","C11H22O2","ZDPHROOEEOARMN-UHFFFAOYSA-N",185.154614198783,0.191807123205149,0.223694709255628,"unfiltered"
"3.3","hmgu","undecanoic acid","ZDPHROOEEOARMN","pos",1,9,"[M + H]+","C11H22O2","C11H22O2","ZDPHROOEEOARMN-UHFFFAOYSA-N",NA,NA,NA,"unfiltered"
