"mixture","lab","polarity","compound","adduct","source","areaUnderTic","xicFwhm","maxIntensity","apex_rt","snr","baseline","noise","n_scans_in_shape","prior_kind","detection","sample","aligned_rt","decile","factor_global","factor_decile","factor_loess","maxIntensity_global","maxIntensity_decile","maxIntensity_loess","areaUnderTic_global","areaUnderTic_decile","areaUnderTic_loess"
"1.1","afekta","neg","5-hydroxy-L-tryptophan","[M - H]-","consensus",1538623.77423042,1.79499999996,709043.5625,42.22099999998,10275.2469334267,285.470657348633,68.9772320251465,4,"consensus","detected",20,38.5005102246786,2,1.40685964336249,1.23711139872078,1.12476429800069,997524.77346722,877165.873358341,797506.884827221,2164627.69428286,1903449.00944324,1730589.08930945
"1.1","afekta","neg","D-alpha-aminobutyric acid","[M - H]-","consensus",NA,NA,NA,84.11200000002,-0.111693484934825,317.952117919922,83.3465366592407,5,"consensus","below_detection",20,82.3066932284475,3,1.40685964336249,1.46407398228802,1.26108466393109,NA,NA,NA,NA,NA,NA
"1.1","afekta","neg","L-citrulline","[M - H]-","consensus",1080818.00038599,4.18899999996,19076.3203125,28.45699999998,1931.13115604978,250.75,9.74846801757815,5,"consensus","detected",20,28.0930388395442,1,1.40685964336249,0.975338234237239,NA,26837.7051915124,18605.8645693377,NA,1520559.22656279,1054163.12002829,NA
"1.1","afekta","neg","L-homoserine","[M - H]-","consensus",635770.096858602,4.78699999998,9718.8271484375,27.85900000002,173.596766622263,298.612487792969,54.2649200439453,5,"consensus","detected",20,27.565997449977,1,1.40685964336249,0.975338234237239,NA,13673.0256959525,9479.14370981397,NA,894439.291727029,620090.883650907,NA
"1.1","afekta","neg","L-lysine","[M - H]-","consensus",99425.9061330505,1.79599999998,42650.4296875,23.67,403.3342680988,312.465057373047,104.96991696167,4,"consensus","detected",20,NA,NA,1.40685964336249,NA,NA,60003.1682994132,NA,NA,139878.294843336,NA,NA
"1.1","afekta","neg","L-valine","[M - H]-","consensus",124998.849967274,11.37,761.427307128906,34.44199999998,7.40136809728836,276.329681396484,65.541616003418,5,"consensus","detected",20,32.294433904893,2,1.40685964336249,1.23711139872078,1.10615554489137,1071.22134975383,941.970400946439,842.257037812344,175855.837485681,154637.502121503,138268.170996345
"1.1","afekta","neg","N(6)-acetyl-L-lysine","[M - H]-","consensus",1411133.89345322,4.18899999996,67675.3125,30.25300000002,3410.13506050469,265.871292114258,19.7673816467285,4,"consensus","detected",20,29.4776780577938,1,1.40685964336249,0.975338234237239,1.09797683528546,95209.6660081951,66006.3197952033,74305.9254457048,1985267.32608032,1376332.83991298,1549392.32649782
"1.1","afekta","neg","N-acetyl-L-cysteine","[M - H]-","consensus",NA,NA,NA,78.12799999998,3.76742140079338,609.201538085938,866.02102355957,5,"consensus","below_detection",20,75.5812075684149,3,1.40685964336249,1.46407398228802,1.23940228005137,NA,NA,NA,NA,NA,NA
"1.1","afekta","neg","N-alpha-acetyl-L-asparagine","[M - H]-","own",4456642.04177399,1.79600000004,1984428.125,27.85900000002,44743.748712558,276.148071289062,44.3447863449097,4,"own","detected",20,27.565997449977,1,1.40685964336249,0.975338234237239,NA,2791811.844216,1935488.62340821,NA,6269869.83348444,4346733.37965129,NA
"1.1","afekta","neg","O(4)-phospho-L-tyrosine","[M - H]-","own",2069287.16511837,13.764,74371.375,35.63899999998,49.4559503606652,6438.66650390625,1373.60030493164,5,"consensus","detected",20,33.154569759164,2,1.40685964336249,1.23711139872078,1.10869282507153,104630.086108878,92005.6757510378,82455.009853204,2911196.60313301,2559938.73919455,2294203.83297934
"1.1","afekta","neg","alpha-D-glucosamine 6-phosphate","[M - H]-","consensus",1090265.74007153,5.98399999998,66431.171875,27.85900000002,201.314181872956,1066.2724609375,324.690982055664,5,"consensus","detected",20,27.565997449977,1,1.40685964336249,0.975338234237239,NA,93459.3347722148,64792.861874873,NA,1533850.87024737,1063377.86177072,NA
"1.1","afekta","neg","carnosine","[M - H]-","own",967913.532249368,1.79500000002,368459.1875,24.867,10678.7454737455,261.173065185547,34.4795196533203,5,"own","detected",20,NA,NA,1.40685964336249,NA,NA,518370.361119883,NA,NA,1361718.48678607,NA,NA
"1.1","afekta","neg","glutathione","[M - H]-","consensus",747009.375096409,1.197,332256.53125,29.65399999998,3804.52740339425,290.510650634766,87.2555209625244,4,"consensus","detected",20,29.0430910710691,1,1.40685964336249,0.975338234237239,NA,467438.305059233,324062.498503165,NA,1050937.34303657,728586.804865195,NA
"1.1","afekta","neg","guanosine 5'-monophosphate","[M - H]-","own",1619474.36709989,18.552,48588.0859375,37.434,35.1760775742412,6656.76611328125,1192.04080488281,5,"own","detected",20,34.5146917096645,2,1.40685964336249,1.23711139872078,1.11273717391152,68356.6172536973,60108.8749553062,54065.7694318637,2278373.13053285,2003470.1994754,1802049.33046887
"1.1","afekta","neg","homocystine","[M - H]-","own",926144.555853933,1.19599999998,445587.9375,26.66200000002,25698.3658199872,254.640625,17.3292457580566,3,"consensus","detected",20,26.3835491990058,1,1.40685964336249,0.975338234237239,NA,626879.686837878,434598.952158663,NA,1302955.39955078,903304.195755007,NA
"1.1","afekta","neg","uridine 5'-monophosphate","[M - H]-","consensus",2881242.57432121,11.37,98031.8203125,33.24499999998,93.6406825303009,4654.48583984375,997.187674731445,5,"consensus","detected",20,31.4744252851197,1,1.40685964336249,0.975338234237239,1.10375292697616,137917.01176302,95614.182522656,108202.908606723,4053503.90055036,2810186.0448476,3180179.92473537
"1.2","afekta","neg","(2R)-2-acetamidopropanoic acid","[M - H]-","consensus",5761492.86154686,37.70200000002,1480.330078125,60.63100000002,13.6333621511532,300.777893066406,86.5195372924805,5,"consensus","detected",21,56.567913495936,2,1.17379861679631,1.33586960134486,1.03384667163309,1737.6093981051,1977.52795132365,1530.43432418788,6762832.35156554,7696603.17210586,5956500.218548
"1.2","afekta","neg","D-erythronic acid","[M - H]-","consensus",4192089.42789942,1.197,1764001.875,26.52,10092.2555000879,503.234039306641,174.737811676025,5,"consensus","detected",21,26.2312487789778,1,1.17379861679631,0.692868208189322,NA,2070582.9609011,1222220.81837385,NA,4920668.77195479,2904565.49047807,NA
"1.2","afekta","neg","IMP","[M - H]-","own",3772822.59925059,5.98400000004,282594.15625,28.914,84.1219958051482,20361.64453125,3117.28828125,5,"own","detected",21,28.4706522335101,1,1.17379861679631,0.692868208189322,NA,331708.629720971,195800.506685711,NA,4428533.94841822,2614068.83415894,NA
"1.2","afekta","neg","L-alpha-aminobutyric acid","[M - H]-","consensus",167299.102345845,1.197,47153.29296875,25.92199999998,296.135618022451,380.716766357422,157.943095513916,4,"consensus","detected",21,NA,NA,1.17379861679631,NA,NA,55348.4700641101,NA,NA,196375.454924818,NA,NA
"1.2","afekta","neg","L-homocitrulline","[M - H]-","own",747683.571742756,1.79599999998,344008.4375,25.92199999998,51033.0552563619,239.183822631836,6.73620758056639,4,"own","detected",21,NA,NA,1.17379861679631,NA,NA,403796.628103761,NA,NA,877629.942312975,NA,NA
"1.2","afekta","neg","N-acetyl-L-aspartic acid","[M - H]-","consensus",6059595.89750808,1.79500000002,1895081,31.308,8362.98985149893,591.3759765625,226.53257479248,5,"consensus","detected",21,30.1994784029807,1,1.17379861679631,0.692868208189322,0.996203999737856,2224443.45651698,1313041.37684363,1887887.27202722,7112745.2828396,4198501.35185779,6036593.66989265
"1.2","afekta","neg","N-acetyl-L-glutamine","[M - H]-","own",2348812.2655382,0.598999999979998,1026779.125,28.914,10800.6345690464,327.289459228516,95.0362526367187,4,"own","detected",21,28.4706522335101,1,1.17379861679631,0.692868208189322,NA,1205231.91668033,711422.61254495,NA,2757032.58840296,1627417.34579656,NA
"1.2","afekta","neg","NAD zwitterion","[M - H]-","own",578331.256216975,4.18900000002,81626.859375,28.31599999998,363.813634295184,542.131530761719,222.874351593018,5,"own","detected",21,27.972305749957,1,1.17379861679631,0.692868208189322,NA,95813.4946278023,56556.655795278,NA,678844.42859756,400707.341234935,NA
"1.2","afekta","neg","cytidine 5'-monophosphate","[M - H]-","consensus",1150143.56490634,13.16600000004,18318.630859375,31.90600000002,40.3835207207969,866.322052001953,432.164122787476,5,"consensus","detected",21,30.5940185548657,1,1.17379861679631,0.692868208189322,0.996745138864129,21502.3835643367,12692.3969400168,18259.0062597285,1350036.92560424,796897.910977135,1146400.00731625
"1.3","afekta","neg","2-aminoisobutyric acid","[M - H]-","consensus",131425.719582587,1.197,20972.630859375,25.383,436.519076781924,262.773933410645,47.4431886886597,4,"consensus","detected",22,NA,NA,1.22753099472089,NA,NA,25744.5544207225,NA,NA,161329.144291121,NA,NA
"1.3","afekta","neg","D-alanine","[M - H]-","consensus",91915.7044970126,4.18999999998,22618.0078125,24.78400000002,255.867025470624,278.713134765625,87.3082204971313,3,"consensus","detected",22,NA,NA,1.22753099472089,NA,NA,27764.3056286829,NA,NA,112829.376171689,NA,NA
"1.3","afekta","neg","D-asparagine","[M - H]-","consensus",NA,NA,NA,40.344,3.6336719793333,282.980514526367,41.5818331100464,5,"consensus","below_detection",22,36.8811288370743,2,1.22753099472089,1.59095231646068,1.22248177040336,NA,NA,NA,NA,NA,NA
"1.3","afekta","neg","D-glucopyranose 6-phosphate","[M - H]-","own",2715778.54568341,5.38599999996,232857.703125,27.777,98.9773167925447,12511.328125,2226.23104101562,5,"consensus","detected",22,27.4905561749664,1,1.22753099472089,1.10098112417356,NA,285840.047945452,256371.935759037,NA,3333702.3396244,2990020.91623297,NA
"1.3","afekta","neg","L-arginine","[M - H]-","own",233682.905243027,1.19600000004,83749.6484375,24.186,8917.79724856004,243.573532104492,9.36397998046875,5,"own","detected",22,NA,NA,1.22753099472089,NA,NA,102805.289254009,NA,NA,286853.009122239,NA,NA
"1.3","afekta","neg","L-dopa","[M - H]-","own",297599.251670432,1.197,142023.703125,30.16999999998,2464.86838115751,314.321807861328,57.4916625976562,4,"consensus","detected",22,29.4187520546165,1,1.22753099472089,1.10098112417356,1.2124106728035,174338.497570975,156365.416325855,172191.053459825,365312.305431197,327651.158657324,360812.508943566
"1.3","afekta","neg","L-ornithine","[M - H]-","consensus",44521.6630867466,1.19600000004,18950.6328125,24.186,484.026111665615,275.13362121582,38.5836605529785,4,"consensus","detected",22,NA,NA,1.22753099472089,NA,NA,23262.4891469184,NA,NA,54651.7213755022,NA,NA
"1.3","afekta","neg","N(2)-acetyl-L-lysine","[M - H]-","consensus",1263273.7872247,1.79500000002,485785.59375,26.58,23540.6904293623,278.915100097656,20.6241477966309,4,"consensus","detected",22,26.2959243884778,1,1.22753099472089,1.10098112417356,NA,596316.873117013,534840.769114197,NA,1550707.72863676,1390840.59439765,NA
"1.3","afekta","neg","N-acetyl-L-glutamic acid","[M - H]-","consensus",6583659.47555244,49.671,2941.34448242188,55.90300000002,32.1112829703677,309.014709472656,81.9752289367676,5,"consensus","detected",22,51.6818251088033,2,1.22753099472089,1.59095231646068,1.24289026521104,3610.59151832412,4679.53881781794,3655.76842383435,8081646.06492847,10474288.2934185,8182766.27162853
"1.3","afekta","neg","N-acetyl-beta-neuraminic acid","[M - H]-","consensus",2444910.59548844,16.158,7665.27099609375,33.16300000002,167.39275413801,249.30884552002,44.3027667999267,5,"consensus","detected",22,31.4197603668528,1,1.22753099472089,1.10098112417356,1.21520705900434,9409.35773064011,8439.31867837431,9314.89142363437,3001203.53528356,2691800.41592472,2971072.61427206
"1.3","afekta","neg","N-carbamoylaspartic acid","[M - H]-","consensus",2182411.0919776,1.79599999998,779969,28.37500000002,4625.65258343974,484.522094726562,168.513407318115,5,"consensus","detected",22,28.0230796335022,1,1.22753099472089,1.10098112417356,NA,957436.122421454,858731.146440531,NA,2678977.25862516,2402793.41745435,NA
"1.3","afekta","neg","UDP","[M - H]-","consensus",NA,NA,NA,57.10000000002,-0.34312392083682,405.818176269531,157.194149047852,5,"consensus","below_detection",22,52.9061802730687,2,1.22753099472089,1.59095231646068,1.24476322848098,NA,NA,NA,NA,NA,NA
"1.3","afekta","neg","UDP-alpha-D-glucose","[M - H]-","consensus",2332573.69818448,18.55099999998,94501.4453125,37.95,46.0282804041496,8243.6201171875,1874.0179828125,5,"consensus","detected",22,34.9203666232521,2,1.22753099472089,1.59095231646068,1.21991156290946,116003.453167014,150347.293328804,115283.405848375,2863306.51199217,3711013.52844186,2845533.62575373
"1.3","afekta","neg","guanosine","[M - H]-","consensus",1764050.54520823,36.50500000002,1103.81274414062,60.69100000002,9.97691211695676,258.329879760742,84.7439422607422,3,"consensus","detected",22,56.630751202032,2,1.22753099472089,1.59095231646068,1.25051583868704,1354.96435580053,1756.11344222934,1380.33531949245,2165426.72049738,2806520.30125276,2205973.1470274
"1.3","afekta","neg","isocitric acid","[M - H]-","own",3089609.89569573,2.99200000002,547562.875,28.974,369.253385699497,5875.30029296875,1466.98065795898,5,"own","detected",22,28.5187673409188,1,1.22753099472089,1.10098112417356,NA,672150.400620978,602856.389673209,NA,3792591.90856287,3401602.17622085,NA
"1.4","afekta","neg","2'-deoxyadenosine 5'-monophosphate","[M - H]-","own",778804.333059511,1.79499999996,243365.03125,28.40899999998,895.157321980926,755.987167358398,271.023917388916,4,"own","detected",23,28.0521722236838,1,1.12713485603749,1.01424163182138,NA,274305.209462528,246830.946423261,NA,877817.509824407,789895.777631838,NA
"1.4","afekta","neg","2'-deoxyguanosine 5'-monophosphate","[M - H]-","own",1802880.05329148,2.99199999996,238311.59375,30.20500000002,172.38990567156,6351.67138671875,1345.55397231445,5,"own","detected",23,29.4436468515109,1,1.12713485603749,1.01424163182138,1.58117929037554,268609.303913472,241705.539726953,376813.356693888,2032088.94931956,1828556.00722856,2850676.60329563
"1.4","afekta","neg","D-arabinitol","[M - H]-","consensus",874695.437701794,2.39299999998,298374.0625,24.819,4082.66643504106,318.366302490234,73.0051550720215,3,"consensus","detected",23,NA,NA,1.12713485603749,NA,NA,336307.805981259,NA,NA,985899.716250662,NA,NA
"1.4","afekta","neg","D-lysine","[M - H]-","consensus",91295.2693746381,1.79599999998,36178.68359375,24.22000000002,580.68203557856,263.858322143555,61.8493824005127,4,"consensus","detected",23,NA,NA,1.12713485603749,NA,NA,40778.2553240674,NA,NA,102902.080303487,NA,NA
"1.4","afekta","neg","L-homoarginine","[M - H]-","own",249710.275063154,1.79500000002,80067.359375,24.22000000002,1604.93911884506,257.600006103516,49.7275930480957,4,"own","detected",23,NA,NA,1.12713485603749,NA,NA,90246.7115824427,NA,NA,281457.154934391,NA,NA
"1.4","afekta","neg","N(2)-phenylacetyl-L-glutamine","[M - H]-","own",6838417.27167117,1.79500000002,2962632.5,173.83000000002,47078.4918233602,298.926666259766,62.92328956604,4,"own","detected",23,175.975983047928,4,1.12713485603749,0.861907553601951,1.0913113103594,3339286.35637949,2553515.33029663,3233154.35568836,7707818.46702938,5894083.50113543,7462842.11353185
"1.4","afekta","neg","N-acetyl-L-serine","[M - H]-","consensus",1936280.14213764,1.79499999996,912545.3125,28.40899999998,37839.2925537687,276.445007324219,24.1090360290527,4,"consensus","detected",23,28.0521722236838,1,1.12713485603749,1.01424163182138,NA,1028561.62943238,925541.446860949,NA,2182448.83925656,1963855.93102501,NA
"1.4","afekta","neg","N-benzoylglycine","[M - H]-","consensus",2876348.47001546,1.79499999996,1219572,164.25499999998,25585.6406906292,308.138000488281,47.6542243652344,4,"consensus","detected",23,166.848507289162,4,1.12713485603749,0.861907553601951,1.11135312395658,1374622.11064736,1051158.31896144,1355375.15208998,3242032.61866454,2479146.47309774,3196638.85773942
"1.4","afekta","neg","O-phospho-L-serine","[M - H]-","own",2218292.33400204,34.11099999996,36257.1953125,47.559,21.060229153483,8484.9482421875,1318.70583496094,5,"own","detected",23,43.4189769238602,2,1.12713485603749,2.97074355238039,1.51518624772583,40866.7486188779,107710.829202006,54936.4037186094,2500314.61053446,6589977.6485314,3361126.03791553
"1.4","afekta","neg","O-phosphoethanolamine","[M - H]-","consensus",1200459.40343576,1.79500000002,414629.90625,25.41700000002,1346.4630928781,774.952697753906,307.364498693848,4,"consensus","detected",23,NA,NA,1.12713485603749,NA,NA,467343.819689933,NA,NA,1353079.63687042,NA,NA
"1.4","afekta","neg","UDP-alpha-D-glucose","[M - H]-","own",3070505.29761964,9.57500000004,195178.765625,33.795,45.4807526694721,10252.48046875,4066.03396606445,5,"own","detected",23,31.8460785411783,1,1.12713485603749,1.01424163182138,1.57015024188832,219992.78989431,197958.429744382,306459.986057558,3460873.54659487,3114234.30357393,4821154.63577685
"1.4","afekta","neg","citric acid","[M - H]-","own",3459088.37451367,49.671,17390.9765625,52.94500000002,9.29744105164611,1145.02670288086,1747.35712432861,5,"own","detected",23,48.6957710010005,2,1.12713485603749,2.97074355238039,1.49159614496838,19601.9758641248,51664.1314926453,25940.3135978605,3898859.07702843,10276064.4857004,5159562.88452955
"1.4","afekta","neg","creatine","[M - H]-","consensus",95915.564339304,4.78699999998,1588.99096679688,29.60599999998,356.136373075125,237.980522155762,3.7935199737549,5,"consensus","detected",23,29.0072494204404,1,1.12713485603749,1.01424163182138,NA,1791.00710460548,1611.6207911135,NA,108109.775803336,97281.5584925641,NA
"1.4","afekta","neg","glutathione disulfide","[M - H]-","consensus",393244.836794075,31.119,10164.6865234375,40.37800000002,17.6637177896581,1755.4912109375,476.07165222168,5,"consensus","detected",23,36.9098542705582,2,1.12713485603749,2.97074355238039,1.5461050890433,11456.972481261,30196.6769514698,15715.6735624166,443239.962507377,1168229.56341288,607997.843407321
"1.4","afekta","neg","uridine","[M - H]-","consensus",NA,NA,NA,105.60799999998,0.253847376659601,386.312835693359,172.115028570557,5,"consensus","below_detection",23,106.642103837023,3,1.12713485603749,1.13377189491917,1.27941408171883,NA,NA,NA,NA,NA,NA
"1.5","afekta","neg","3-amino-L-alanine","[M - H]-","consensus",34415.7072750494,1.197,12859.271484375,23.99500000002,362.558154351024,211.771385192871,34.8840591430664,4,"consensus","detected",24,NA,NA,1.13726003004003,NA,NA,14624.3354746133,NA,NA,39139.6082894717,NA,NA
"1.5","afekta","neg","D-arginine","[M - H]-","consensus",150999.862912337,11.96899999998,1239.25805664062,31.77400000002,11.2197825477919,276.502227783203,85.8087779113769,5,"consensus","detected",24,30.5074123279297,1,1.13726003004003,0.951873789705195,1.1055547967011,1409.35865472247,1179.6172627972,1370.06768886952,171726.108631725,143732.811755331,166938.622743943
"1.5","afekta","neg","L-alanine","[M - H]-","consensus",986011.888056568,1.79600000004,385399.84375,37.75900000002,5014.95388231021,276.163452148438,76.7950592041016,5,"consensus","detected",24,34.7694683043466,2,1.13726003004003,1.32849248410428,1.10642265564557,438299.83788055,512000.795796839,426415.118607261,1121351.90943104,1309909.38252062,1090945.89168165
"1.5","afekta","neg","L-aspartic acid","[M - H]-","consensus",318337.13442373,1.197,161250.9375,25.78999999998,11352.6620933514,219.08332824707,14.1845016479492,3,"consensus","detected",24,NA,NA,1.13726003004003,NA,NA,183384.246025234,NA,NA,362032.09905759,NA,NA
"1.5","afekta","neg","L-glutamic acid","[M - H]-","own",366761.995002281,1.197,193149.265625,25.78999999998,3924.20809276637,255.862007141113,49.1547336578369,4,"consensus","detected",24,NA,NA,1.13726003004003,NA,NA,219660.939626898,NA,NA,417103.757453837,NA,NA
"1.5","afekta","neg","L-glutamine","[M - H]-","own",469862.561968308,0.598999999980002,240216.0625,25.191,2138.72351279286,285.238754272461,112.18412399292,4,"own","detected",24,NA,NA,1.13726003004003,NA,NA,273188.126454849,NA,NA,534355.911338766,NA,NA
"1.5","afekta","neg","L-serine","[M - H]-","consensus",NA,NA,NA,54.51499999998,0.0387913489121856,366.797760009766,1935.64323654175,5,"consensus","below_detection",24,50.2734881209051,2,1.13726003004003,1.32849248410428,1.10959839081033,NA,NA,NA,NA,NA,NA
"1.5","afekta","neg","N-acetyl-L-alanine","[M - H]-","consensus",5183430.79988364,1.197,2159626.5,37.75900000002,32488.5280592774,288.809005737305,66.46462059021,5,"consensus","detected",24,34.7694683043466,2,1.13726003004003,1.32849248410428,1.10642265564557,2456056.89826525,2869047.57372243,2389459.68733254,5894908.66718611,6886148.85952005,5735065.27096228
"1.5","afekta","neg","N-acetyl-L-tyrosine","[M - H]-","own",1586965.01739935,2.39300000004002,478756.75,133.509,7355.5263176783,258.595245361328,65.0528778076172,5,"own","detected",24,136.601360041578,4,1.13726003004003,1.16374027557632,1.12480613224015,544470.915886869,557148.512179022,538508.528251365,1804791.88336007,1846815.10667829,1785027.98322139
"1.5","afekta","neg","alpha-D-glucose 1-phosphate","[M - H]-","own",1449591.59914625,4.18900000002,153348.578125,26.98699999998,195.9657846719,4877.34521484375,757.638549804688,5,"consensus","detected",24,26.7222691123378,1,1.13726003004003,0.951873789705195,NA,174397.208565034,145968.492205747,NA,1648562.58559085,1379828.24900415,NA
"1.5","afekta","neg","cysteic acid","[M - H]-","consensus",979113.48040063,1.197,438911.90625,25.78999999998,9088.94507255412,273.630737304688,48.2606366317749,4,"consensus","detected",24,NA,NA,1.13726003004003,NA,NA,499156.967686804,NA,NA,1113506.62613302,NA,NA
"1.5","afekta","neg","cytidine","[M - H]-","consensus",374363.530624311,5.985,9513.1328125,29.979,108.601386150238,290.558074951172,84.9213353942871,5,"consensus","detected",24,29.2816495143345,1,1.13726003004003,0.951873789705195,1.10532788643728,10818.9057081186,9055.30178220321,10515.1309850378,425748.680083697,356346.83262278,413794.450064168
"1.5","afekta","neg","sn-glycerol 3-phosphate","[M - H]-","consensus",1061522.4826451,28.12699999998,16986.134765625,41.94799999998,36.4567801493715,1907.21557617188,413.610832543945,5,"consensus","detected",24,38.2608809997337,2,1.13726003004003,1.32849248410428,1.10718662806269,19317.6521338188,22565.9523701152,18806.8212749708,1207227.09050114,1410224.63990173,1175303.49817257
"1.6","afekta","neg","(6S)-5-formyltetrahydrofolic acid","[M - H]-","consensus",1840395.89773431,2.99199999996,458277.6875,166.953,2331.16353286447,515.956207275391,196.366202902222,5,"consensus","detected",25,169.426933676418,4,1.22376901797866,1.5089820646159,1.62206141832677,560826.035593405,691532.811051149,743354.555773762,2252219.48046227,2777124.40147375,2985235.18016168
"1.6","afekta","neg","3-chloro-L-tyrosine","[M - H]-","consensus",933464.88920763,2.39400000000001,317951.46875,53.24899999998,13868.7954194894,252.242950439453,22.9074851989746,5,"consensus","detected",25,48.9999691720011,2,1.22376901797866,1.17870283368414,0.930239870878079,389099.15667706,374770.297189659,295771.133235495,1142345.41078318,1100277.71005368,868346.258005726
"1.6","afekta","neg","D-serine","[M - H]-","consensus",681716.802420703,2.394,124834.65625,26.319,3183.56505703664,264.821891784668,39.1290368270874,4,"consensus","detected",25,NA,NA,1.22376901797866,NA,NA,152768.784688766,NA,NA,834263.901837935,NA,NA
"1.6","afekta","neg","L-arabinitol","[M - H]-","own",890765.960735321,2.394,297821.3125,26.319,17186.0419578103,246.684814453125,17.3149017333984,5,"own","detected",25,NA,NA,1.22376901797866,NA,NA,364464.49513124,NA,NA,1090091.78501788,NA,NA
"1.6","afekta","neg","L-histidine","[M - H]-","consensus",795102.32838305,37.70200000002,997.408813476562,37.689,57.5953338096537,220.25,13.4934336181641,5,"consensus","detected",25,34.7143807682114,2,1.22376901797866,1.17870283368414,0.861752090973892,1220.59800419147,1175.64859478636,859.519130569216,973021.59559787,937189.367533957,685181.094022304
"1.6","afekta","neg","L-methionine S-oxide","[M - H]-","consensus",186840.221888071,7.78000000002,1050.26342773438,31.70500000002,8.23525844454033,351.029418945312,84.9073545776367,5,"consensus","detected",25,30.4620570380606,1,1.22376901797866,0.653197213909997,0.842467332868773,1285.2798435774,686.02914486766,884.812628772998,228649.274858879,122043.512383614,157406.783406653
"1.6","afekta","neg","L-threonine","[M - H]-","consensus",1071241.249089,0.598999999980002,581146.875,25.122,11559.5468308302,255.111358642578,50.2521225219727,4,"consensus","detected",25,NA,NA,1.22376901797866,NA,NA,711189.540520116,NA,NA,1310951.85141588,NA,NA
"1.6","afekta","neg","N(alpha)-acetyl-L-arginine","[M - H]-","own",1994350.46286987,1.79500000002,842002.6875,27.516,17828.9745526787,277.140502929688,47.211102607727,4,"own","detected",25,27.2451334790788,1,1.22376901797866,0.653197213909997,NA,1030416.80201727,549993.80957973,NA,2440624.30745154,1302704.16590671,NA
"2.1","afekta","neg","2'-deoxyguanosine","[M - H]-","consensus",1854053.07518622,25.134,1085.13122558594,55.60300000002,21.0136267547078,243.285530090332,40.0618943756104,4,"consensus","detected",26,51.3763799779048,2,1.09037162424502,1.22062827542566,1.05045577252343,1183.19629696113,1324.54185649749,1139.88235986217,2021606.86302727,2263109.60771219,1947600.75539418
"2.1","afekta","neg","2,4-dihydroxypyrimidine-5-carboxylic acid","[M - H]-","consensus",5164373.85194962,2.99299999998,1327806.875,34.65799999998,4876.04587162118,508.875,272.207857543945,5,"consensus","detected",26,32.4467446934226,2,1.09037162424502,1.22062827542566,1.04424193470364,1447802.93897745,1620758.61592958,1386551.6200628,5631086.70515881,6303780.74855861,5392855.74269279
"2.1","afekta","neg","3-hydroxybenzyl alcohol","[M - H]-","consensus",28011.7680762872,7.77999999996,827.801635742188,108.26599999998,11.1528573476891,261.058242797852,50.8159815261841,5,"consensus","detected",26,109.614863355478,3,1.09037162424502,1.18265720481107,1.06482459015558,902.611414116893,979.005568664886,881.463537509297,30543.237055316,33128.3193349177,29827.6194613658
"2.1","afekta","neg","5,6-dihydroxyindole","[M - H]-","consensus",NA,NA,NA,115.44700000002,2.42407328960832,263.598419189453,20.5858383178711,5,"consensus","below_detection",26,117.542806842447,3,1.09037162424502,1.18265720481107,1.06839372364031,NA,NA,NA,NA,NA,NA
"2.1","afekta","neg","5-aminoimidazole-4-carboxamide","[M - H]-","consensus",784868.692329749,0.598000000020001,381357.40625,25.083,5245.15758307789,283.053558349609,72.6526032165527,4,"consensus","detected",26,NA,NA,1.09037162424502,NA,NA,415821.29447068,NA,NA,855798.550874652,NA,NA
"2.1","afekta","neg","5-methyl-2'-deoxycytidine","[M - H]-","consensus",644496.316295063,3.591,26956.6015625,32.26399999998,250.123148322648,431.359985351562,106.048727416992,4,"consensus","detected",26,30.8282902471546,1,1.09037162424502,0.859145854189993,1.04373116723465,29392.7134298289,23159.6524754734,28135.4452135074,702740.495218579,553716.338185626,672680.892485076
"2.1","afekta","neg","9H-xanthine","[M - H]-","consensus",NA,NA,NA,54.40600000002,2.97238924468761,240.076919555664,24.1252112457275,5,"consensus","below_detection",26,50.1634213261777,2,1.09037162424502,1.22062827542566,1.05018206875755,NA,NA,NA,NA,NA,NA
"2.1","afekta","neg","Gly-Phe","[M - H]-","consensus",2168531.76802898,1.79500000002001,703885.3125,96.297,11839.9148189386,272.557495117188,59.4271804962158,5,"consensus","detected",26,96.126512770717,3,1.09037162424502,1.18265720481107,1.0610765311191,767496.571472837,832455.036188815,746876.185693184,2364505.50613268,2564629.71932116,2300978.16604176
"2.1","afekta","neg","L-leucine","[M - H]-","consensus",NA,NA,NA,68.17000000002,-0.507393726010823,665.135375976562,738.240409851074,5,"consensus","below_detection",26,64.6068510729876,2,1.09037162424502,1.22062827542566,1.05399046703979,NA,NA,NA,NA,NA,NA
"2.1","afekta","neg","L-phenylalanine","[M - H]-","consensus",NA,NA,NA,95.1,4.65338357421622,779.459655761719,556.590793609619,3,"consensus","below_detection",26,94.7678881392844,3,1.09037162424502,1.18265720481107,1.06095873388282,NA,NA,NA,NA,NA,NA
"2.1","afekta","neg","dopamine","[M - H]-","consensus",2137558.42221994,3.58999999997999,45175.734375,32.862,1474.92791807424,259.531860351562,30.4531509399414,5,"consensus","detected",26,31.2204388275672,1,1.09037162424502,0.859145854189993,1.04385105532271,49258.3388669303,38812.5448982696,47156.7380023223,2330733.04875458,1836474.45653916,2231292.61484824
"2.1","afekta","neg","ethylmalonic acid","[M - H]-","consensus",3586826.3551396,46.08,4522.5595703125,103.47799999998,17.3048660372069,479.978210449219,233.609514871216,4,"consensus","detected",26,104.248438452687,3,1.09037162424502,1.18265720481107,1.06281870381204,4931.27062442649,5348.63766001732,4806.66090043228,3910973.67873841,4241986.03131207,3812146.13756835
"2.1","afekta","neg","keto-phenylpyruvic acid","[M - H]-","consensus",191474.43742813,4.78800000000001,32303.02734375,177.68500000002,255.374653096649,456.544464111328,124.704948175049,5,"consensus","detected",26,179.639317890833,4,1.09037162424502,1.03841556424536,1.05229646899381,35222.3043928359,33543.9663659934,33992.3616116386,208778.293339911,198830.035980494,201487.874408197
"2.1","afekta","neg","methylmalonic acid","[M - H]-","consensus",13967.5008448841,4.78800000000001,3025.80322265625,95.69899999998,6.97766951217407,611.471374511719,346.008340454102,5,"consensus","detected",26,95.4478589223939,3,1.09037162424502,1.18265720481107,1.06102033016757,3299.24997453351,3578.48798161496,3210.43873432483,15229.7665828799,16518.7655074069,14819.8023580547
"2.1","afekta","neg","pyridoxamine","[M - H]-","consensus",17271.2801637194,0.598000000020001,7572.0634765625,24.48400000002,61.1548563576123,300.603576660156,118.902411566162,3,"consensus","detected",26,NA,NA,1.09037162424502,NA,NA,8256.36315182584,NA,NA,18832.1138049055,NA,NA
"2.1","afekta","neg","vanillylmandelic acid","[M - H]-","consensus",6135751.76683515,1.79599999998,2278095.5,52.611,16234.841479473,382.765441894531,140.297811804199,5,"consensus","detected",26,48.3622825256003,2,1.09037162424502,1.22062827542566,1.04973650576905,2483970.69052027,2780707.78141995,2391400.0099782,6690249.61996828,7489472.09759191,6440922.61998381
"2.10","afekta","neg","(5-hydroxyindol-3-yl)acetic acid","[M - H]-","consensus",1622493.64140599,1.197,692527.4375,159.10900000002,13204.8311492921,291.835647583008,52.4229044677734,5,"consensus","detected",27,161.909178353373,4,1.08227321500082,0.808206786270154,0.965873198924843,749503.896259402,559705.37466578,668893.691401349,1755981.40960284,1311310.37166449,1567123.12366002
"2.10","afekta","neg","(S)-2-hydroxy-4-methylpentanoic acid","[M - H]-","consensus",11183372.636292,13.764,40248.43359375,190.82599999998,152.788212303891,632.055053710938,259.289495849609,5,"consensus","detected",27,192.149268649844,5,1.08227321500082,0.945298786345865,0.97450236571608,43559.8016242547,38046.795428494,39222.1937534759,12103464.6576319,10571628.5803404,10898223.090751
"2.10","afekta","neg","2-hydroxy-2-methylbutyric acid","[M - H]-","own",5053.01947372406,1.79599999998001,1698.61022949219,227.92900000002,13.6973970511879,373.297668457031,96.7565265197754,3,"consensus","detected",27,228.556311951818,5,1.08227321500082,0.945298786345865,1.02119600190422,1838.36035410579,1605.69418841364,1734.61397515104,5468.74763128907,4776.61317589338,5160.12328411118
"2.10","afekta","neg","4-hydroxy-L-proline","[M - H]-","consensus",746412.41099854,10.77200000004,3752.66162109375,32.838,83.6359845848039,249.066177368164,41.8910049438476,5,"consensus","detected",27,31.2046222273054,1,1.08227321500082,0.793292598974001,0.992552705207338,4061.40515747131,2976.95869046745,3724.71444374436,807822.159767901,592123.441427482,740853.657736933
"2.10","afekta","neg","7,9-dihydro-1H-purine-2,6,8(3H)-trione","[M - H]-","consensus",2790475.68130933,1.79500000002,1093054.375,29.247,4347.69693631006,572.661224365234,251.278258300781,4,"consensus","detected",27,28.7337324719861,1,1.08227321500082,0.793292598974001,NA,1182983.47260196,867111.945963652,NA,3020057.08699224,2213663.70559962,NA
"2.10","afekta","neg","L-pipecolic acid","[M - H]-","consensus",54855.8933211782,0.598999999980002,30244.94921875,28.05,618.063186521326,302.570434570312,48.4454978668213,4,"consensus","detected",27,27.7386878460304,1,1.08227321500082,0.793292598974001,NA,32733.298428513,23993.0943715789,NA,59369.0640264533,43516.774181798,NA
"2.10","afekta","neg","N-isovalerylglycine","[M - H]-","consensus",15254802.813626,16.75600000002,103647.5,124.998,651.244995017407,449.213668823242,158.463077828979,5,"consensus","detected",27,127.778045307118,4,1.08227321500082,0.808206786270154,0.966601898329261,112174.913051797,83768.6128799358,100185.870257082,16509864.4853065,12329035.1571856,14745321.3582894
"2.10","afekta","neg","alpha-D-glucuronic acid","[M - H]-","consensus",334072.326891098,1.79600000004,142025.546875,26.25499999998,1728.79381085064,304.697189331055,81.9767220336914,4,"consensus","detected",27,NA,NA,1.08227321500082,NA,NA,153710.445228655,NA,NA,361557.531267232,NA,NA
"2.10","afekta","neg","trans-urocanic acid","[M - H]-","own",1218988.34775831,11.96799999996,4023.05981445312,35.232,104.981811081066,296.85302734375,35.4938322052002,5,"consensus","detected",27,32.8577466301183,2,1.08227321500082,1.35841407819337,0.991825552071425,4354.04987952877,5464.98108936712,3990.17352148633,1319278.43817692,1655890.93274856,1209023.79098402
"2.10","afekta","neg","uracil","[M - H]-","consensus",945991.5946846,1.197,413197.28125,30.444,14707.5187066866,242.168518066406,28.0778233886719,5,"consensus","detected",27,29.6118877333982,1,1.08227321500082,0.793292598974001,0.993192861740667,447192.350008034,327786.345131804,410384.590228151,1023821.36454305,750448.130754906,939552.099107415
"2.2","afekta","neg","2-oxobutanoic acid","[M - H]-","consensus",943.624825421331,NA,1185.91723632812,89.66800000002,5.33804413603547,368.68098449707,153.096570767212,4,"consensus","detected",28,88.5995132344785,3,1.09837243892666,1.70531848748991,1.13648203470696,1302.57880723088,2022.36658774329,1347.77363373623,1036.45150092977,1609.18086004544,1072.41266159483
"2.2","afekta","neg","3,3',5-triiodo-L-thyronine","[M - H]-","consensus",1139149.0814472,14.961,3513.84106445312,299.721,126.827278878959,337.243576049805,25.0466423034668,5,"consensus","detected",28,300.962348001448,7,1.09837243892666,0.821866615548377,0.955099744784725,3859.50617996402,2887.90866321699,3356.06870387326,1251209.95489022,936228.600174053,1088000.99696197
"2.2","afekta","neg","3-iodo-L-tyrosine","[M - H]-","consensus",792447.853518366,27.528,993.343383789062,121.98400000002,13.0864422760394,275.579391479492,54.8479087875366,5,"consensus","detected",28,124.588839762845,4,1.09837243892666,1.10412793985511,1.13275229371428,1091.06099514405,1096.77818391172,1125.21199643296,870402.881591163,874963.815947835,897647.123721886
"2.2","afekta","neg","5-methoxysalicylic acid","[M - H]-","own",9327190.89320258,1.79500000002,3595957.5,251.247,7806.85988094111,1165.18493652344,460.46584284668,4,"own","detected",28,252.116750965627,6,1.09837243892666,0.974491438882601,0.936465052432165,3949700.60955161,3504229.79833568,3367488.52878134,10244729.4097014,9089267.67424968,8734588.30884777
"2.2","afekta","neg","5-oxo-L-proline","[M - H]-","consensus",7085022.97205381,1.79599999998,2465000.25,31.62,31982.5934293828,258.472366333008,77.0651005233765,5,"consensus","detected",28,30.4060884199595,1,1.09837243892666,0.839054811867224,1.15220890590775,2707488.33654732,2068270.32101641,2840195.24111483,7781993.96166615,5944722.61689157,8163426.56696139
"2.2","afekta","neg","D-glucono-1,5-lactone","[M - H]-","consensus",7283.84164219871,NA,594.437133789062,40.596,7.35954796400838,226.654418945312,49.9735468322754,5,"consensus","detected",28,37.0945876467846,2,1.09837243892666,1.24424398391343,1.15200607277444,652.913364428465,739.624827531783,684.795188007633,8000.37090929736,9062.87614308386,8391.02980494028
"2.2","afekta","neg","L-methionine","[M - H]-","consensus",506978.906125952,0.598999999980002,256783.359375,30.423,7333.20797191686,261.21875,34.9808898925781,3,"consensus","detected",28,29.5972224870898,1,1.09837243892666,0.839054811867224,1.1523749259646,282043.7647125,215455.313291024,295910.704748708,556851.657605932,425383.090700162,584229.77941251
"2.2","afekta","neg","N-acetyl-L-phenylalanine","[M - H]-","consensus",1074.71191700629,NA,1406.95141601562,257.829984375,7.19156166666376,425.747146606445,136.438275146484,2,"consensus","detected",28,258.793242398839,6,1.09837243892666,0.974491438882601,0.934736918829339,1545.35665826039,1371.06210983097,1315.12943154902,1180.43394942574,1047.29756238774,1004.57290593163
"2.2","afekta","neg","N-acetyl-L-proline","[M - H]-","own",2402236.53218289,8.37900000000001,261600.34375,69.321,7700.43187578811,232.668151855469,33.9419502456665,5,"own","detected",28,65.8571391231107,2,1.09837243892666,1.24424398391343,1.14576707585049,287334.60758874,325494.653900623,299733.060899921,2638550.39873244,2988968.35310562,2752403.52698042
"2.2","afekta","neg","alloxanthine","[M - H]-","consensus",6119451.55317283,5.38599999996,1182702.5,34.61200000002,10590.3038577239,282.75,111.65116373291,5,"consensus","detected",28,32.4141992894706,2,1.09837243892666,1.24424398391343,1.15196108235741,1299047.82944966,1471570.47038437,1362427.25200682,6721436.92735197,7614090.77988498,7049370.03462673
"2.2","afekta","neg","biotin","[M - H]-","consensus",4516287.80133577,1.79599999998001,1970015.625,192.00199999998,32817.412482598,268.611709594727,60.0213991378784,4,"consensus","detected",28,193.274181426602,5,1.09837243892666,0.818207969103421,1.02582716722236,2163810.86675488,1611882.48363326,2020895.54797755,4960566.04724789,3695262.6698175,4632930.72160519
"2.2","afekta","neg","glutaric acid","[M - H]-","own",3913652.16936599,19.14999999996,25632.673828125,63.33700000002,330.159185489915,316.834838867188,76.6776758056641,5,"own","detected",28,59.4210930495927,2,1.09837243892666,1.24424398391343,1.14778529799542,28154.2224688092,31893.3002022597,29420.8061682338,4298647.67837713,4869538.16686337,4492032.42146616
"2.2","afekta","neg","homovanillic acid","[M - H]-","consensus",246818.023769875,1.197,111015.2421875,185.41900000002,2478.90632235769,249.044998168945,44.6834945678711,4,"consensus","detected",28,186.991876502694,5,1.09837243892666,0.818207969103421,1.0376649023598,121936.082319518,90833.5558497588,115196.620444941,271098.114739176,201948.473966869,256114.400535806
"2.2","afekta","neg","kynurenic acid","[M - H]-","consensus",3698225.77849895,1.79500000002,1215717.625,150.70900000002,3776.20949685286,653.402740478516,321.768223736572,5,"consensus","detected",28,153.763839898057,4,1.09837243892666,1.10412793985511,1.10592556519622,1335310.73281738,1342307.79673679,1344493.20154714,4062029.26803133,4083314.40993309,4089962.4343097
"2.2","afekta","neg","trans-3-coumaric acid","[M - H]-","own",639734.094150028,0.598999999979981,128614.625,227.90800000002,636.176317834996,472.308837890625,201.42578805542,3,"own","detected",28,228.535232908916,5,1.09837243892666,0.818207969103421,0.955511789443255,141266.759342888,105233.511118248,122892.790482323,702666.297256103,523435.533940711,611273.469069153
"2.3","afekta","neg","(R)-adrenaline","[M - H]-","consensus",983378.119300014,0.598999999979998,476924.03125,27.38500000002,11400.0175033792,251.45491027832,41.8133196899414,4,"consensus","detected",29,27.1188657076732,1,1.08888278889586,0.978194198327167,NA,519314.369238956,466524.320411554,NA,1070783.50908256,961934.771061154,NA
"2.3","afekta","neg","(S)-mandelic acid","[M - H]-","consensus",4525582.24026563,2.39399999999998,1387218.625,136.30099999998,6970.13888970596,582.059509277344,198.939588928223,5,"consensus","detected",29,139.442590272432,4,1.08888278889586,0.911954943825801,1.01652491482721,1510518.48519828,1265080.88323598,1410142.29462485,4927828.61115801,4127127.09770049,4600367.10132957
"2.3","afekta","neg","2'-deoxyinosine","[M - H]-","own",1571554.87371918,1.79500000002,621929.5625,39.95200000002,13089.8225021482,245.540382385254,47.4936938232422,5,"own","detected",29,36.5516449973449,2,1.08888278889586,1.4101443331468,1.15514484742076,677208.396511782,877010.448175843,718418.729580524,1711239.05379822,2216119.19940434,1815373.5148157
"2.3","afekta","neg","2'-deoxyuridine","[M - H]-","consensus",2101079.04612377,2.39400000000001,644613.3125,36.96,11855.7433239639,262.70832824707,54.3492370376587,5,"consensus","detected",29,34.1476806445046,2,1.08888278889586,1.4101443331468,1.15899967776987,701908.341474398,908997.809692862,747106.621473667,2287828.8114339,2962824.71038492,2435149.93742647
"2.3","afekta","neg","2-hydroxy-3-methylbutyric acid","[M - H]-","consensus",6230446.09053755,47.87500000002,2061.5,117.75,10.3685766515519,492.55598449707,151.317202758789,5,"consensus","detected",29,120.045784454808,3,1.08888278889586,1.08862869143073,1.03871640265891,2244.73186930881,2244.20804738444,2141.31386408135,6784225.51512983,6782642.37457157,6471666.55012346
"2.3","afekta","neg","2-hydroxy-4-(methylthio)butanoic acid","[M - H]-","consensus",6436063.06141044,29.922,4207.2666015625,108.17500000002,31.6834974433861,448.877563476562,118.62292175293,5,"consensus","detected",29,109.513380444101,3,1.08888278889586,1.08862869143073,1.05113262443064,4581.22019073778,4580.15113495918,4422.39518457979,7008118.29581822,7006482.90850888,6765155.85674148
"2.3","afekta","neg","6-hydroxynicotinic acid","[M - H]-","own",2215793.92942763,1.197,1070653.25,41.748,31025.3263770883,278.199951171875,34.5000415802002,4,"own","detected",29,38.0861847668072,2,1.08888278889586,1.4101443331468,1.15267721162587,1165815.89680042,1509775.6132527,1234117.60282818,2412739.87349367,3124589.25300345,2554095.16811017
"2.3","afekta","neg","L-isoglutamine","[M - H]-","consensus",403232.247863494,1.197,184504.484375,24.99100000002,1057.36238080316,338.228744506836,174.175154113769,4,"consensus","detected",29,NA,NA,1.08888278889586,NA,NA,200903.757510043,NA,NA,439072.654626348,NA,NA
"2.3","afekta","neg","L-proline","[M - H]-","consensus",NA,NA,NA,42.945,0.968280846613023,351.090118408203,95.5222556854248,5,"consensus","below_detection",29,39.1423549911239,2,1.08888278889586,1.4101443331468,1.15097906555229,NA,NA,NA,NA,NA,NA
"2.3","afekta","neg","N-acetyl-L-leucine","[M - H]-","consensus",14329243.0676262,16.158,17968.267578125,208.11400000002,193.934493758412,338.066619873047,90.9080206237793,5,"consensus","detected",29,208.873214080536,5,1.08888278889586,0.872995238351464,0.976237033347362,19565.3373120958,15686.2120371281,17541.2882348603,15602866.1542435,12509360.9672184,13988737.7424527
"2.3","afekta","neg","N-acetyl-L-tryptophan","[M - H]-","consensus",3743322.10334628,1.79499999996003,1692197.875,229.65799999998,29991.1518724599,312.730133056641,56.4128097534179,4,"consensus","detected",29,230.293045954038,5,1.08888278889586,0.872995238351464,0.988605274144864,1842605.14149365,1477280.68722347,1672915.74412173,4076039.01162721,3267902.37183709,3700667.97419118
"2.3","afekta","neg","N-acetylserotonin","[M - H]-","consensus",1236782.65744121,1.79500000002,522265.9375,175.79800000002,17439.402055591,282.142852783203,29.9312896728516,4,"consensus","detected",29,177.846441779358,4,1.08888278889586,0.911954943825801,0.976733932309396,568686.390570311,476283.003694942,510114.862845628,1346711.34929262,1127890.05889152,1208007.58841462
"2.3","afekta","neg","gallic acid","[M - H]-","consensus",4988728.43032403,52.06400000004,2916.58764648438,72.867,22.6005302599213,379.428421020508,112.261048580933,4,"consensus","detected",29,69.7414206797828,3,1.08888278889586,1.08862869143073,1.10526530356234,3175.82209056312,3175.08099303531,3223.60313045772,5432140.52625529,5430872.9030069,5513868.44293215
"2.3","afekta","neg","gamma-aminobutyric acid","[M - H]-","consensus",16328.3684979797,NA,1408.310546875,24.99100000002,90.4784915376674,220.024993896484,13.1333484100342,3,"consensus","detected",29,NA,NA,1.08888278889586,NA,NA,1533.4851159127,NA,NA,17779.6794281994,NA,NA
"2.3","afekta","neg","imidazol-4-ylacetic acid","[M - H]-","own",18018.1355705951,1.79500000002,5408.2490234375,43.54300000002,53.3530354638639,333.203186035156,95.1219699737549,4,"consensus","detected",29,39.679169744971,2,1.08888278889586,1.4101443331468,1.15011669055789,5888.94927968393,7626.4117126471,6220.11746854886,19619.6377108133,25408.1717687455,20722.9584524762
"2.3","afekta","neg","pyruvic acid","[M - H]-","own",197202.216940076,1.197,76747.984375,28.58200000002,994.273767420474,437.066131591797,76.7504089355469,4,"consensus","detected",29,28.1983548451878,1,1.08888278889586,0.978194198327167,NA,83569.5592683859,75074.4330489291,NA,214730.099958156,192902.064508038,NA
"2.3","afekta","neg","taurocyamine","[M - H]-","consensus",2784813.73658711,1.197,1157556.75,26.18800000002,27569.9174456673,322.38020324707,41.9745315551758,5,"consensus","detected",29,NA,NA,1.08888278889586,NA,NA,1260443.62224523,NA,NA,3032335.74805047,NA,NA
"2.3","afekta","neg","trans-3-hexenedioic acid","[M - H]-","consensus",299890.599414102,5.98399999998001,5386.56860351562,80.04799999998,148.635078918153,262.778182983398,34.4722824371338,4,"consensus","detected",29,77.7310800796021,3,1.08888278889586,1.08862869143073,1.09401154370391,5865.34184357496,5863.97313014704,5892.96823319915,326545.712253678,326469.51081255,328083.777607313
"2.4","afekta","neg","(S)-methylsuccinic acid","[M - H]-","consensus",3746646.95514464,28.12600000002,1791.08325195312,87.285,14.5624523137009,343.279846191406,99.4203019226074,3,"consensus","detected",30,85.8967668512722,3,1.0127647006811,2.10193236803706,1.34621142639453,1813.94589355924,3764.73586112934,2411.17673940317,3794471.78208482,7875198.50662601,5043778.941682
"2.4","afekta","neg","1-hexadecanoyl-sn-glycero-3-phosphocholine","[M + CH2O2 - H]-","consensus",5693258.31152462,1.79599999997998,1957733,445.158,7342.25493813343,1213.7490234375,266.473892211914,5,"consensus","detected",30,446.276488372211,9,1.0127647006811,0.800024922819178,1.09435314484142,1982722.87575851,1566235.19222556,2142451.26530982,5765931.04977142,4554748.54126713,6230435.1376115
"2.4","afekta","neg","2'-deoxyadenosine","[M - H]-","consensus",NA,NA,NA,NA,NA,NA,NA,0,"consensus","no_data",30,NA,NA,1.0127647006811,NA,NA,NA,NA,NA,NA,NA,NA
"2.4","afekta","neg","4-guanidinobutanoic acid","[M - H]-","consensus",991832.356841024,6.58300000002,5128.43359375,32.82700000002,190.493843940481,233.23681640625,25.6974014282227,5,"consensus","detected",30,31.1973761227603,1,1.0127647006811,0.86912573994848,1.40505626242989,5193.89651353712,4457.25364194461,7205.73773735427,1004492.80000193,862027.0310443,1393580.26426008
"2.4","afekta","neg","5,6-dihydroxyindole-2-carboxylic acid","[M - H]-","consensus",2669109.58352318,23.33900781252,7447.4013671875,144.735,30.7471839258181,601.405151367188,222.654413891602,5,"consensus","detected",30,147.888250048654,4,1.0127647006811,1.24723433609237,1.26968324808454,7542.46521649167,9288.65469981751,9455.84075767987,2703179.96844191,3329005.11936332,3388923.72550129
"2.4","afekta","neg","5,6-dimethylbenzimidazole","[M - H]-","consensus",NA,NA,NA,217.14700000002,1.96734149930244,395.363754272461,147.055116027832,5,"consensus","below_detection",30,217.788913926643,5,1.0127647006811,0.896274894996534,1.03221706931676,NA,NA,NA,NA,NA,NA
"2.4","afekta","neg","L-tryptophanamide","[M - H]-","consensus",112576.630848408,2.99199999996,16884.056640625,78.90700000002,641.956361439926,261.5,25.8935928344727,4,"consensus","detected",30,76.4524254366346,3,1.0127647006811,2.10193236803706,1.35893399516242,17099.5765699253,35489.1451567007,22944.3185451931,114013.637844875,236628.464264828,152984.210720752
"2.4","afekta","neg","N-acetyl-alpha-D-galactosamine","[M - H]-","consensus",620787.966441119,7.78000000002,6597.57861328125,31.032,128.650046513847,280.920227050781,49.0995421875,5,"consensus","detected",30,30.0146756515995,1,1.0127647006811,0.86912573994848,1.40621279867946,6681.79472949982,5734.12539413633,9277.59948628996,628712.139019169,539542.80068425,872959.983675695
"2.4","afekta","neg","citraconic acid","[M - H]-","consensus",7110075.28741054,1.79500000002,2416032.75,44.19700000002,3501.24209510061,1456.66876220703,689.634140014648,5,"consensus","detected",30,40.2728108318841,2,1.0127647006811,1.74000525611794,1.39891998509601,2446872.68488949,4203909.68395308,3379836.49862146,7200833.27027443,12371568.3714886,9946426.41509583
"2.4","afekta","neg","cortisol","[M - H]-","consensus",92555.4919422166,0.598000000020022,19050.115234375,285.369,414.771940948044,329.036285400391,45.1358375549316,4,"consensus","detected",30,286.611789025106,6,1.0127647006811,0.848922960159709,0.953779365962049,19293.2842532823,16172.0802161492,18169.6068297462,93736.9350932511,78572.4821986246,88277.5184209529
"2.4","afekta","neg","creatinine","[M - H]-","consensus",114117.174649683,NA,76053.1171875,25.047,697.291972520947,288.829238891602,108.655041122437,3,"consensus","detected",30,NA,NA,1.0127647006811,NA,NA,77023.9124642632,NA,NA,115573.846226659,NA,NA
"2.4","afekta","neg","phloretic acid","[M - H]-","consensus",316671.454810669,1.197,159161,200.38999999998,5424.34104371945,305.655883789062,29.2856483093262,4,"consensus","detected",30,201.345511500624,5,1.0127647006811,0.896274894996534,1.08442579946097,161192.642525105,142652.008562543,172598.294668007,320713.671145576,283824.674908832,343406.695549527
"2.5","afekta","neg","3-hydroxybenzoic acid","[M - H]-","consensus",4836278.6880178,4.18900000002003,148002.828125,178.005,1234.36786226369,443.727767944336,119.542240905762,4,"consensus","detected",31,179.943333950239,4,1.03114119173484,0.954003386335653,0.973044190296311,152611.81257294,141195.199218504,144013.292054455,4986886.1699245,4613826.24563193,4705912.88002959
"2.5","afekta","neg","5-aminolevulinic acid","[M - H]-","consensus",816935.705562249,16.158,959.011962890625,37.371,17.0113098001012,285.349349975586,39.6008667663574,5,"consensus","detected",31,34.4655970563263,2,1.03114119173484,1.26486423016019,1.0263400351083,988.87673830301,1213.01992815606,984.272371662445,842376.057004202,1033312.75230637,838453.820727984
"2.5","afekta","neg","5-hydroxymethyl-2-furoic acid","[M - H]-","consensus",1903442.21044629,10.77199999998,3935.67700195312,66.69499999998,106.399331155245,305.102935791016,34.1221512084961,5,"consensus","detected",31,63.0128326797562,2,1.03114119173484,1.26486423016019,1.02132940995825,4058.23867407735,4978.0970612346,4019.62267019105,1962717.66927799,2407595.96617056,1944041.50968474
"2.5","afekta","neg","5-oxo-L-proline","[M - H]-","consensus",5415002.28427802,1.79600000004,1985678.5,31.38700000002,32174.2169031859,343.889190673828,61.7057632446289,4,"consensus","detected",31,30.2519939307268,1,1.03114119173484,0.85047854490284,1.02706714001034,2047514.89489226,1688776.96132485,2039425.13797503,5583631.90865733,4605343.26337833,5561570.9092629
"2.5","afekta","neg","D-glyceric acid","[M - H]-","own",2810820.82243621,1.197,1146804.375,27.198,5278.60921475023,536.715850830078,217.153347125244,4,"own","detected",31,26.9349806547589,1,1.03114119173484,0.85047854490284,NA,1182517.22992423,975332.516138211,NA,2898353.13259998,2390542.80304815,NA
"2.5","afekta","neg","D-ribofuranose","[M - H]-","consensus",304693.494495177,1.79500000002,99715.046875,27.198,2534.40466748704,263.657623291016,39.2405327087402,5,"consensus","detected",31,26.9349806547589,1,1.03114119173484,0.85047854490284,NA,102820.292268583,84805.5079711685,NA,314182.013027611,259135.27983962,NA
"2.5","afekta","neg","N-acetyl-L-valine","[M - H]-","consensus",10415584.9118943,10.77199999998,17095.611328125,125.34199999998,151.076761882719,362.63117980957,110.758133413696,5,"consensus","detected",31,128.13977954449,4,1.03114119173484,0.954003386335653,1.00992165182413,17627.9890383185,16309.2710985094,17265.2280314432,10739938.6386661,9936503.27661369,10518924.7189347
"2.5","afekta","neg","N-carbamoyl-beta-alanine","[M - H]-","own",177513.817291533,1.197,94007.1484375,29.59099999998,443.409395563566,411.864364624023,211.080967181396,3,"own","detected",31,28.9960151255858,1,1.03114119173484,0.85047854490284,NA,96934.643071438,79951.0628135903,NA,183041.809111393,150971.693030252,NA
"2.5","afekta","neg","Phenylglyoxal","[M - H]-","consensus",NA,NA,NA,NA,NA,NA,NA,0,"consensus","no_data",31,NA,NA,1.03114119173484,NA,NA,NA,NA,NA,NA,NA,NA
"2.5","afekta","neg","cis-4-hydroxy-D-proline","[M - H]-","consensus",816935.705562249,1.79500000002,270271.59375,26.001,10152.082394784,299.775833129883,26.5927528381348,4,"consensus","detected",31,NA,NA,1.03114119173484,NA,NA,278688.17327145,NA,NA,842376.057004202,NA,NA
"2.5","afekta","neg","hypoxanthine","[M - H]-","consensus",2181243.40760684,2.394,264419,31.98499999998,6154.58693463053,251.049423217773,42.9221251373291,4,"consensus","detected",31,30.6457715016907,1,1.03114119173484,0.85047854490284,1.02699430582672,272653.322777335,224882.686364664,271556.807352396,2249169.92678349,1855100.71938038,2240124.5592343
"2.5","afekta","neg","inosine","[M - H]-","consensus",3432266.23388957,3.59099999999999,787389.9375,36.77299999998,14631.7720987103,276.84375,53.7947890686035,5,"consensus","detected",31,34.0044078717403,2,1.03114119173484,1.26486423016019,1.02641493356308,811910.198513774,995941.367131818,808188.790387299,3539151.09476415,4341350.78763355,3522929.31842856
"2.5","afekta","neg","oxalic acid","[M - H]-","consensus",4664.54093344266,2.394,1683.8310546875,35.57599999998,8.62053507690466,448.649963378906,143.283575820923,5,"consensus","detected",31,33.1083355021692,2,1.03114119173484,1.26486423016019,1.0265631931042,1736.26756041061,2129.81767070713,1728.55898414802,4809.80029700602,5900.01097682965,4788.44603500016
"2.5","afekta","neg","picolinic acid","[M - H]-","consensus",20321.3609784486,1.79499999996,1279.47424316406,28.99300000002,53.8048272754415,230.840728759766,19.4895805358887,5,"consensus","detected",31,28.5339366980677,1,1.03114119173484,0.85047854490284,NA,1319.31859589023,1088.16539256683,NA,20954.1923769914,17282.8815153963,NA
"2.5","afekta","neg","pyridoxal","[M - H]-","consensus",1170377.23306138,1.79499999996,225415.90625,29.59099999998,2506.05375228235,340.399993896484,89.812720916748,4,"consensus","detected",31,28.9960151255858,1,1.03114119173484,0.85047854490284,NA,232435.626206615,191711.391945455,NA,1206824.17487824,995380.726161455,NA
"2.5","afekta","neg","xanthurenic acid","[M - H]-","own",NA,NA,NA,167.23300000002,3.62355696951765,8548.2978515625,4764.81998901367,5,"own","below_detection",31,169.694164289219,4,1.03114119173484,0.954003386335653,0.984157826619155,NA,NA,NA,NA,NA,NA
"2.6","afekta","neg","(S)-2-hydroxybutyric acid","[M - H]-","consensus",4650389.76259736,32.91399999996,2322.822265625,65.043,21.5200738992669,367.333480834961,90.8681259155273,5,"consensus","detected",32,61.2391264129215,2,1.10364047420157,1.24761017105839,1.08863928098725,2563.56066672033,2897.97668415465,2528.71556111118,5132358.36281505,5801873.5672023,5062596.96746446
"2.6","afekta","neg","2-oxoglutaric acid","[M - H]-","own",1381135.1453853,1.79499999996,441903.46875,29.73499999998,1766.73534390662,783.289703369141,249.680961309814,4,"own","detected",32,29.1032071960097,1,1.10364047420157,0.941469850046665,1.10353761727781,487702.553802566,416038.792459164,487657.100971176,1524276.64678948,1300297.09822008,1524134.58747714
"2.6","afekta","neg","3-methyl-2-oxovaleric acid","[M - H]-","consensus",4444198.12338424,2.39400000000001,1261134.125,118.90300000002,6079.35110515566,481.027404785156,207.366390884399,5,"consensus","detected",32,121.290492191272,3,1.10364047420157,1.232210156308,1.06749717814167,1391838.66374678,1553982.27729161,1346257.11969566,4904796.92433749,5476186.06427903,4744168.95581517
"2.6","afekta","neg","3-methyladipic acid","[M - H]-","own",5423180.08020231,1.79599999997998,2439291.25,169.17199999998,35709.7066160629,311.8447265625,68.3001804382324,4,"own","detected",32,171.543134999388,4,1.10364047420157,0.892602020500439,1.0389544950309,2692100.55186573,2177316.29833904,2534312.60887703,5985241.03539496,4840741.49712632,5634437.3216882
"2.6","afekta","neg","4-hydroxy-4-methyloxan-2-one","[M - H]-","consensus",NA,NA,NA,84.19300000002,0.23711028439458,610.914672851562,963.70975112915,5,"consensus","below_detection",32,82.398177725606,3,1.10364047420157,1.232210156308,1.07962452039797,NA,NA,NA,NA,NA,NA
"2.6","afekta","neg","4-hydroxyphenylpyruvic acid","[M - H]-","own",879022.719661619,4.78800000000001,139723.515625,68.03500000002,929.73957369218,386.211929321289,149.867024743652,5,"own","detected",32,64.4605673545761,2,1.10364047420157,1.24761017105839,1.08725621034398,154204.527041485,174320.479229786,151915.260094376,970125.051161299,1096677.68564125,955722.910985554
"2.6","afekta","neg","5-aminopentanoic acid","[M - H]-","consensus",30015.3086185312,93.357,336.760406494141,151.21900000002,20.5393955312458,265.694030761719,3.46000327148437,5,"consensus","detected",32,154.261937852369,4,1.10364047420157,0.892602020500439,1.05621240586708,371.662414715506,300.59301926122,355.690519143954,33126.1094370621,26791.7251188452,31702.5413288218
"2.6","afekta","neg","5-hydroxymethyluracil","[M - H]-","consensus",2131825.19480492,13.16600000004,405872.40625,40.50700000002,6635.89966947999,296.490142822266,61.1184521026611,5,"consensus","detected",32,37.0190538862639,2,1.10364047420157,1.24761017105839,1.09981533033898,447937.21489908,506370.542189445,446384.694555319,2352768.56890935,2659686.79595716,2344614.03084933
"2.6","afekta","neg","esculin","[M - H]-","consensus",4917141.5340215,1.79500000001997,1662019.625,146.43100000002,8911.95315613512,456.657958984375,186.442066955566,5,"consensus","detected",32,149.5644133527,4,1.10364047420157,0.892602020500439,1.05937220814541,1834272.12706731,1483522.07538638,1760697.40011726,5426756.4143237,4389050.46835422,5209083.08465988
"2.6","afekta","neg","glyceraldehyde","[M - H]-","consensus",2794.22941449921,0.59799999996001,1676.52233886719,60.25600000002,6.7377084632065,529.175262451172,170.28743269043,3,"consensus","detected",32,56.1756296373719,2,1.10364047420157,1.24761017105839,1.09085147330547,1850.2779090769,2091.64632197731,1828.8368633828,3083.82467604587,3486.10903779976,3048.08927355993
"2.6","afekta","neg","guanine","[M - H]-","consensus",427533.192509059,1.197,205033.796875,27.34099999998,3260.52217388303,302.691146850586,62.7908950805664,4,"consensus","detected",32,27.0759859222644,1,1.10364047420157,0.941469850046665,NA,226283.596810472,193033.137998405,NA,471842.935317607,402509.610641476,NA
"2.6","afekta","neg","indole-3-butyric acid","[M - H]-","own",828402.061200239,1.197,367048.9375,303.222,5164.97828282379,400.594619750977,70.9873929382324,4,"own","detected",32,304.449311635873,7,1.10364047420157,0.791454294905148,1.00540518559474,405090.063437681,290502.458024746,369032.90512954,914258.043652586,655642.369245206,832879.728088093
"2.6","afekta","neg","isonicotinic acid","[M - H]-","consensus",1703914.85532396,2.99200000002,116515.46875,29.13700000002,2046.59880458911,297.419769287109,56.785945892334,4,"consensus","detected",32,28.6478790682456,1,1.10364047420157,0.941469850046665,NA,128591.187183068,109695.800892179,NA,1880509.39892883,1604184.46333413,NA
"2.6","afekta","neg","phenylacetylglycine","[M - H]-","own",7388477.93484187,1.197,3383351.5,188.322,101130.329470726,303.681915283203,33.452356338501,5,"own","detected",32,189.758180743223,5,1.10364047420157,1.0476496920831,1.01750661843819,3734003.65385058,3544567.1571839,3442582.54375278,8154223.29163668,7740536.63339988,7517825.19888615
"2.6","afekta","neg","xanthosine","[M - H]-","consensus",365697.976667659,87.372,835.168701171875,51.279,24.9097753061262,245.117645263672,23.6875302429199,5,"consensus","detected",32,47.0400421014369,2,1.10364047420157,1.24761017105839,1.09502309640199,921.725981399633,1041.96496613166,914.529017175251,403599.088384048,456248.515226047,400447.730758561
"2.7","afekta","neg","3,3-dimethylglutaric acid","[M - H]-","consensus",9977179.78597668,1.79499999996003,4146363,169.54399999998,27651.8865856626,480.439025878906,149.931273156738,4,"consensus","detected",33,171.897569773303,4,1.06124594356441,0.772372680580197,0.940041885003338,4400310.91429557,3202537.50496855,3897754.8904281,10588241.5760806,7706101.09592536,9378966.89302672
"2.7","afekta","neg","3,4,5-Trimethoxycinnamic acid","[M - H]-","consensus",1133893.36409183,1.19699999999995,438792.5,280.854,12272.138477247,336.712005615234,35.7277412414551,4,"consensus","detected",33,282.075199581331,6,1.06124594356441,1.09790168350901,1.04321531639243,465666.760691488,481751.024461128,457755.056718127,1203339.73307706,1244903.43335612,1182894.92457634
"2.7","afekta","neg","3-hydroxyphenylacetic acid","[M - H]-","consensus",948462.634469213,16.158,1467.8186340332,191.088,63.5097945734192,263.045013427734,18.969886907959,3,"consensus","detected",33,192.399771505896,5,1.06124594356441,0.973172967881267,0.944588347972525,1557.71657125599,1428.44141639352,1386.48437864471,1006552.12345287,923018.196910889,895906.753006943
"2.7","afekta","neg","3-hydroxypropionic acid","[M - H]-","consensus",NA,NA,NA,4.37500000002,3.60105653884716,472.413040161133,206.186753823853,3,"consensus","below_detection",33,NA,NA,1.06124594356441,NA,NA,NA,NA,NA,NA,NA,NA
"2.7","afekta","neg","4-acetamidobutanoic acid","[M - H]-","consensus",2912825.73663248,19.15000000002,3894.72387695312,48.65899999998,108.553223370147,274.292816162109,33.3516679504394,5,"consensus","detected",33,44.4771902921695,2,1.06124594356441,1.12467071108839,0.892292196514197,4133.25991571997,4380.28187218581,3475.23172298279,3091224.49731125,3275969.79249503,2599091.67460288
"2.7","afekta","neg","4-pyridoxic acid","[M - H]-","consensus",6505896.0315422,6.58300000002,108590.1640625,45.069,430.238307733643,638.415435791016,250.911522024536,5,"consensus","detected",33,41.0743672327437,2,1.06124594356441,1.12467071108839,0.891313718770629,115240.871122322,122128.177033377,96787.9029524596,6904355.77272598,7316990.71606173,5798794.38580896
"2.7","afekta","neg","6-methyladenine","[M - H]-","consensus",2468600.85377297,35.30799999996,1409.89562988281,64.81699999998,13.2793628295783,310.955215454102,82.7555078155518,4,"consensus","detected",33,60.9974699059177,2,1.06124594356441,1.12467071108839,0.897781568563893,1496.24601806233,1585.66832062072,1265.77831010757,2619792.64234621,2776363.07760626,2216264.34665846
"2.7","afekta","neg","LMFA01170001","[M - H]-","consensus",503908.450854725,37.70199999996,1649.07141113281,52.24999999998,13.7225870848035,341.648162841797,95.2752742767334,5,"consensus","detected",33,48.0027012061261,2,1.06124594356441,1.12467071108839,0.893350910181133,1750.07034571274,1854.66231659428,1473.19944608918,534770.799397405,566731.075746235,450167.073219033
"2.7","afekta","neg","Methyl 3-aminopropanoate","[M - H]-","consensus",138016.384431362,1.79599999998,44870.42578125,40.87999999998,841.129466723417,253.736083984375,53.0437839385986,4,"consensus","detected",33,37.3366669596402,2,1.06124594356441,1.12467071108839,0.890252111621088,47618.5573463597,50464.4536702375,39945.9913010951,146469.32812321,155222.985220269,122869.377678328
"2.7","afekta","neg","N(4)-acetylcytosine","[M - H]-","consensus",840919.660054777,1.197,378523.9375,41.478,8693.47257528293,262.11198425293,43.5110161376953,5,"consensus","detected",33,37.851514209374,2,1.06124594356441,1.12467071108839,0.890398907775732,401706.993213905,425714.785952104,337037.30051697,892422.578096698,945757.712042017,748753.946839914
"2.7","afekta","neg","N-acetyl-L-isoleucine","[M - H]-","consensus",12451912.2970486,15.55900000002,6347.81298828125,203.655,63.567582546015,353.000396728516,94.3061282409668,5,"consensus","detected",33,204.515648806179,5,1.06124594356441,0.973172967881267,0.953290471842782,6736.59078431898,6177.52000536092,6051.30963876838,13214541.4148627,12117864.445916,11870289.3489984
"2.7","afekta","neg","N-acetyl-beta-D-mannosamine","[M - H]-","consensus",320717.606934391,1.79500000002,98429.3671875,27.11599999998,5922.33970307881,275.66943359375,16.5734663452148,5,"consensus","detected",33,26.8529792938723,1,1.06124594356441,0.708423689138411,NA,104457.766655347,69729.695422528,NA,340360.259388809,227203.950276104,NA
"2.7","afekta","neg","O-propanoyl-L-carnitine","[M - H]-","consensus",38998.1125434161,57.45099999996,400.143920898438,88.15699999998,49.852850178415,244.26602935791,3.1267598739624,5,"consensus","detected",33,86.8852746174912,3,1.06124594356441,1.02459020361982,0.907351009667276,424.651112895427,409.983541390562,363.07099063942,41386.5887433688,39957.0840716472,35384.9767913867
"2.7","afekta","neg","melatonin","[M - H]-","consensus",NA,NA,NA,NA,NA,NA,NA,0,"consensus","no_data",33,NA,NA,1.06124594356441,NA,NA,NA,NA,NA,NA,NA,NA
"2.7","afekta","neg","methyl (R)-lactate","[M - H]-","consensus",19525.4763611191,9.57499999998,1190.78881835938,43.872,25.0491777958936,267.474647521973,36.8600589752197,3,"consensus","detected",33,39.9769713005768,2,1.06124594356441,1.12467071108839,0.891002242519669,1263.71980312575,1339.24530710035,1060.99550752555,20721.3325844005,21959.7313833995,17397.2432240219
"2.8","afekta","neg","2'-deoxycytidine","[M - H]-","own",481185.47401024,1.197,245934.53125,27.51100000002,4696.15262222742,260.326934814453,52.3139310150146,4,"own","detected",34,27.2403522843265,1,1.19970155714055,1.00384671265605,NA,295048.040095257,246880.570723919,NA,577278.962443501,483036.456263022,NA
"2.8","afekta","neg","3-hydroxyisovaleric acid","[M - H]-","consensus",13762.9026960922,7.78000000002001,1872.96118164062,95.733,8.70887429897797,429.207946777344,165.779546850586,3,"consensus","detected",34,95.4864498097364,3,1.19970155714055,1.23504212842602,1.13098755100928,2246.99444607807,2313.18596423274,2118.29577995917,16511.3757952758,16997.7646391019,15565.6716150323
"2.8","afekta","neg","L-isoleucine","[M - H]-","consensus",NA,NA,NA,NA,NA,NA,NA,0,"consensus","no_data",34,NA,NA,1.19970155714055,NA,NA,NA,NA,NA,NA,NA,NA
"2.8","afekta","neg","itaconic acid","[M - H]-","consensus",NA,NA,NA,102.91399999998,3.53249806262675,380.882614135742,147.010822296143,4,"consensus","below_detection",34,103.613152731239,3,1.19970155714055,1.23504212842602,1.12459624674354,NA,NA,NA,NA,NA,NA
"2.8","afekta","neg","thymidine","[M - H]-","own",1694887.47430184,2.99200000001999,461665.9375,53.244,5147.85589464827,326.513885498047,89.6177812774658,5,"consensus","detected",34,48.994960823497,2,1.19970155714055,1.28159624673936,1.16563634753726,553861.344097504,591669.332747406,538134.597169863,2033359.14209794,2172161.42571079,1975622.44503184
"2.9","afekta","neg","(R)-noradrenaline","[M - H]-","consensus",596816.046390624,0.598999999979998,384552.59375,25.21300000002,3996.32093043515,377.527633666992,96.1321857788086,3,"consensus","detected",35,NA,NA,1.20730558753883,NA,NA,464272.495136925,NA,NA,720539.347540234,NA,NA
"2.9","afekta","neg","(S)-lactic acid","[M - H]-","consensus",1047667.41983621,1.197,405434,70.695,1656.73970838228,618.993896484375,244.344361431885,5,"consensus","detected",35,67.3566274922421,2,1.20730558753883,1.30409880198604,1.15535865356194,489482.733578218,528725.993684407,468421.680348231,1264854.72985065,1366261.8270882,1210431.61956267
"2.9","afekta","neg","3-methylbutanal","[M - H]-","consensus",NA,NA,NA,193.37500000002,-5.40155651411235,286.580017089844,9.90253551635742,5,"consensus","below_detection",35,194.58932066248,5,1.20730558753883,0.80556135897081,0.958499098861588,NA,NA,NA,NA,NA,NA
"2.9","afekta","neg","D-leucine","[M - H]-","consensus",NA,NA,NA,NA,NA,NA,NA,0,"consensus","no_data",35,NA,NA,1.20730558753883,NA,NA,NA,NA,NA,NA,NA,NA
"2.9","afekta","neg","D-proline","[M - H]-","consensus",86185.2367794897,1.197,39739.05078125,27.009,306.489321616625,301.231506347656,128.675997802734,4,"consensus","detected",35,26.7447093456335,1,1.20730558753883,1.07344842000396,NA,47977.1780516925,42657.8212735898,NA,104051.917927235,92515.40624861,NA
"2.9","afekta","neg","Gly-Pro","[M - H]-","own",637102.356789172,0.597999999959999,302326.46875,27.60700000002,8152.10519318277,269.200012207031,37.0526706390381,4,"own","detected",35,27.3316254484808,1,1.20730558753883,1.07344842000396,NA,365000.434982759,324531.870205063,NA,769177.235185725,683896.518276133,NA
"2.9","afekta","neg","N-acetyl-L-methionine","[M - H]-","consensus",7851170.18070361,8.97599999999998,29342.345703125,126.948,554.321913610326,288.642639160156,52.4130516052246,5,"consensus","detected",35,129.822627635296,4,1.20730558753883,0.782767086825635,1.03499022582974,35425.1779188788,22968.2224666659,30369.0410056517,9478761.62788172,6145637.61052166,8125884.39835415
"2.9","afekta","neg","dihydroorotic acid","[M - H]-","consensus",4999537.74772486,1.197,2220071.25,28.20499999998,46023.7937909756,254.920875549316,48.2319284500122,4,"consensus","detected",35,27.8757682757841,1,1.20730558753883,1.07344842000396,NA,2680304.42485932,2383131.97560871,NA,6035969.85793952,5366745.89604539,NA
"2.9","afekta","neg","fumaric acid","[M - H]-","consensus",2667101.14236336,23.937,3682.35009765625,45.55999999998,50.1799704965842,300.033660888672,67.403715133667,5,"consensus","detected",35,41.5304533065913,2,1.20730558753883,1.30409880198604,1.21671747583512,4445.72184817455,4802.14835084668,4480.37971596153,3220006.11170648,3478163.40453165,3245108.56973332
"2.9","afekta","neg","homogentisic acid","[M - H]-","own",2956495.00170069,1.79600000004,1148835.25,61.71799999998,27726.2692628697,287.679718017578,41.4245263000488,5,"consensus","detected",35,57.7093684364856,2,1.20730558753883,1.30409880198604,1.17771957637336,1386995.21648657,1498194.67320433,1353005.76395278,3569392.93508387,3855561.58979557,3481922.04095288
"2.9","afekta","neg","nicotinic acid","[M - H]-","consensus",339759.922627872,23.33899999998,989.270385742188,40.17400000002,17.8617553713002,257.890625,40.9466900390625,5,"consensus","detected",35,36.7378537581709,2,1.20730558753883,1.30409880198604,1.22889595633932,1194.35166429324,1290.10632488665,1215.71037676482,410194.053010391,443080.508061876,417529.595043553
"2.9","afekta","neg","propynoic acid","[M - H]-","own",NA,NA,NA,714.036,-0.07662811172838,13799.9013671875,5069.41841806641,5,"own","below_detection",35,NA,NA,1.20730558753883,NA,NA,NA,NA,NA,NA,NA,NA
"2.9","afekta","neg","ritalinic acid","[M - H]-","consensus",607268.524932217,10.77199999998,1258.10308837891,201.15499999998,11.6611888366105,376.449951171875,75.6057679504394,5,"consensus","detected",35,202.086671288781,5,1.20730558753883,0.80556135897081,0.960520638536865,1518.91488829972,1013.47923359989,1208.43398179491,733158.683287129,489192.058204596,583293.951331233
"2.9","afekta","neg","thymine","[M - H]-","consensus",1094987.72729941,1.79500000002,467484.03125,40.17400000002,11809.0581275227,260.266990661621,39.5648627700806,4,"consensus","detected",35,36.7378537581709,2,1.20730558753883,1.30409880198604,1.22889595633932,564396.083013302,609645.365100728,574489.235656331,1321984.80145502,1427972.18336057,1345625.99031943
"2.9","afekta","neg","vanillin","[M - H]-","own",896551.081038266,4.18899999996,25296.9453125,207.73699999998,558.152799211691,318.538452148438,44.7519154174805,5,"consensus","detected",35,208.503595182799,5,1.20730558753883,0.80556135897081,0.964356247696084,30541.1434234455,20378.2416437478,24395.2672597355,1082411.12965148,722226.907227934,864594.63637793
"3.1","afekta","neg","(3S,5R)-fluvastatin","[M - H]-","consensus",7821078.16521132,1.19699999999995,3013005.75,397.36999999998,21858.05164511,461.206115722656,137.823104858398,5,"consensus","detected",36,398.123088442716,8,1.17923924309351,1.02216721730316,1.0537629572495,3553054.6200664,3079795.70319593,3174993.84932974,9222922.29571898,7994449.70444458,8241562.45625256
"3.1","afekta","neg","2-Methylheptanoic acid","[M - H]-","consensus",NA,NA,NA,298.62199999998,2.10995695702914,319.667602539062,23.433422088623,5,"consensus","below_detection",36,299.866766574258,7,1.17923924309351,0.994429357588968,1.19848290629993,NA,NA,NA,NA,NA,NA
"3.1","afekta","neg","4-phenylbutyric acid","[M - H]-","consensus",174076.321816443,1.79500000002002,47117.86328125,311.19,1037.85036235037,337.754776000977,45.074039767456,5,"consensus","detected",36,312.369560690426,7,1.17923924309351,0.994429357588968,1.16456452536079,55563.2334319648,46855.3865137382,54871.7920881435,205277.629979325,173106.604875376,202723.109092718
"3.1","afekta","neg","L-thyroxine","[M - H]-","consensus",1497711.11521704,1.79499999996,621456.875,317.77300000002,7882.67724441471,401.415008544922,78.7873765136719,5,"consensus","detected",36,318.900149897167,7,1.17923924309351,0.994429357588968,1.14473069664711,732846.334890259,617994.960975497,711400.761454883,1766159.72188128,1489367.90215914,1714475.88829852
"3.1","afekta","neg","lithocholic acid","[M - H]-","consensus",NA,NA,NA,504.49099999998,2.72154849146729,2443.52709960938,2336.81815185547,5,"consensus","below_detection",36,506.293525860112,10,1.17923924309351,1.38155887706161,1.12926183801022,NA,NA,NA,NA,NA,NA
"3.1","afekta","neg","taurochenodeoxycholic acid","[M - H]-","consensus",27496996.4655808,8.97700000001998,5433983.5,341.71000000002,13488.0667502872,1252.6787109375,402.780540893555,4,"consensus","detected",36,342.626274132236,7,1.17923924309351,0.994429357588968,1.09603521495184,6407966.58952263,5403712.72105405,5955837.27346724,32425537.2994165,27343820.5308936,30137676.4316828
"3.1","afekta","neg","taurodeoxycholic acid","[M - H]-","consensus",27496996.4655808,8.97700000001998,5433983.5,341.71000000002,13142.8125726428,1265.83947753906,413.360354223633,4,"consensus","detected",36,342.626274132236,7,1.17923924309351,0.994429357588968,1.09603521495184,6407966.58952263,5403712.72105405,5955837.27346724,32425537.2994165,27343820.5308936,30137676.4316828
"3.1","afekta","neg","undecanedioic acid","[M - H]-","consensus",10575961.5670936,1.19599999997996,4853813,303.40999999998,102049.660913239,370.281921386719,47.5596163146973,5,"consensus","detected",36,304.636428325725,7,1.17923924309351,0.994429357588968,1.18620208268347,5723806.76823745,4826774.14344698,5757603.08955609,12471588.9133655,10517046.6670505,12545227.6372667
"3.2","afekta","neg","cholic acid","[M - H]-","consensus",5920234.90572097,1.79499999995994,2366158.5,359.08699999998,47682.5841400994,377.381118774414,49.6152035705566,5,"consensus","detected",37,359.911298325027,8,1.15237841395525,0.850615284104751,1.0577194320096,2726709.97939672,2012690.58471437,2502731.82466468,6822350.91089721,5035842.2962967,6261947.50184256
"3.2","afekta","neg","hexadecanedioic acid","[M - H]-","consensus",6618356.22089965,1.197,3203069.75,423.12700000002,13725.0396282573,712.408142089844,233.322265625,4,"consensus","detected",37,423.921173528736,9,1.15237841395525,1.03404272845631,1.15327816414032,3691148.43829302,3312110.98372586,3694030.40089341,7626850.84483117,6843663.12455484,7632805.71206584
"3.2","afekta","neg","hexadecanoic acid","[M - H]-","consensus",28744.0785514625,1.19600000003993,10547.7646484375,573.342,289.358158810815,367.892868041992,35.1808700408936,4,"consensus","detected",37,NA,NA,1.15237841395525,NA,NA,12155.0162963396,NA,NA,33124.0556517393,NA,NA
"3.2","afekta","neg","taurocholic acid","[M - H]-","consensus",9341799.50465756,1.79500000001997,3912850.25,303.432,23066.4313438711,439.975448608398,169.614892578125,4,"consensus","detected",37,304.658324127036,7,1.15237841395525,0.810372151013929,1.14593614121688,4509084.16513938,3170864.87368789,4483876.5166445,10765288.0966652,7570334.1589302,10705105.676389
"3.2","afekta","neg","tauroursodeoxycholic acid","[M - H]-","consensus",10626510.0341745,1.197,4547100.5,302.23600000002,10046.1325614867,922.764587402344,452.530136108398,5,"consensus","detected",37,303.467733231302,7,1.15237841395525,0.810372151013929,1.14895889353329,5239980.4622851,3684843.61306151,5224431.55926465,12245760.7790615,8611427.79416509,12209423.2109855
"3.3","afekta","neg","(S)-lipoic acid","[M - H]-","consensus",819532.291486859,13.764,1342.87048339844,327.20800000002,10.4662631021084,427.039031982422,87.5031940704346,5,"consensus","detected",38,328.249571212944,7,1.07358516806699,1.06535859655185,1.04578867780155,1441.68583361151,1430.63861354427,1404.35874729198,879837.712892243,873095.771887365,857057.591529715
"3.3","afekta","neg","2-hydroxyoctanoic acid","[M - H]-","consensus",26340.6829697747,NA,9594.126953125,452.88499999998,36.8358359185461,907.395874023438,235.822830200195,5,"consensus","detected",38,454.127883960762,9,1.07358516806699,1.0553460176851,1.28154057033091,10300.1123974267,10125.1236731458,12295.262927335,28278.9665531048,27798.5348752576,33756.6538759908
"3.3","afekta","neg","5-phenylpentanoic acid","[M - H]-","consensus",80931.9454061913,1.197,40119.65625,340.97200000002,1127.87492364603,410.222229003906,35.2073028564453,4,"consensus","detected",38,341.893840843533,7,1.07358516806699,1.06535859655185,1.045649504751,43071.867897946,42741.8206766428,41951.098688593,86887.3362108941,86221.5437741512,84626.4486325192
"3.3","afekta","neg","estriol","[M - H]-","consensus",19455.66483844,1.197,2392.39282226562,269.15899999998,79.9195100003121,314.100616455078,26.0048166687012,4,"consensus","detected",38,270.272291023163,6,1.07358516806699,0.947373481562164,1.11582341017711,2568.43745017429,2266.48951729411,2669.48791742365,20887.3132054316,18431.7809340995,21709.0862872909
"3.3","afekta","neg","undecanoic acid","[M - H]-","consensus",43535.4640231504,1.197,25471.984375,452.88499999998,74.0466600170618,616.305038452148,335.675901260376,4,"consensus","detected",38,454.127883960762,9,1.07358516806699,1.0553460176851,1.28154057033091,27346.3446262341,26881.7572726935,32643.3813833975,46739.0284601682,45944.9785849049,55792.463393849
"1.1","afekta","pos","5-hydroxy-L-tryptophan","[M + H]+","own",6840161.6087051,1.197,3101239,43.49899999998,20048.337780733,381.627792358398,154.66905067749,4,"own","detected",1,43.2645620575839,2,1.89515059870432,2.06072427032348,1.30051536134606,5877314.94757518,6390798.47537372,4033208.95870551,12963136.3679718,14095687.0399935,8895735.24621059
"1.1","afekta","pos","D-alpha-aminobutyric acid","[M + H]+","consensus",NA,NA,NA,82.99600000002,-0.827056560747366,783.896148681641,617.546826934814,5,"consensus","below_detection",1,86.5287092798983,2,1.89515059870432,2.06072427032348,1.65531600893781,NA,NA,NA,NA,NA,NA
"1.1","afekta","pos","L-citrulline","[M + H]+","own",4613318.43173282,1.79500000002,1977732.75,26.14399999998,18252.3435311364,314.02392578125,108.337799072266,4,"own","detected",1,NA,NA,1.89515059870432,NA,NA,3748101.40523964,NA,NA,8742933.18791212,NA,NA
"1.1","afekta","pos","L-citrulline","[M + Na]+","consensus",838062.377164807,13.764,1811.35961914062,31.53,60.0050123587985,219.945106506348,26.5213596343994,3,"consensus","detected",1,31.0593874382197,1,1.89515059870432,0.760747379738939,1.21198363285825,3432.79926668317,1377.98708402615,2195.33821161878,1588254.41583545,637553.757485913,1015717.88443802
"1.1","afekta","pos","L-homoserine","[M + H]+","consensus",4159627.65317072,2.99199999996,332790.90625,27.34099999998,2219.74012620328,352.036285400391,149.764770227051,4,"consensus","detected",1,27.0458264609419,1,1.89515059870432,0.760747379738939,NA,630688.88522304,253169.809930634,NA,7883120.83729353,3164425.83783926,NA
"1.1","afekta","pos","L-homoserine","[M + Na]+","consensus",95505.8553823229,44.28500000004,645.000244140625,47.688,24.2942677693626,181.183601379395,19.091608241272,4,"consensus","detected",1,45.4303765619649,2,1.89515059870432,2.06072427032348,1.31743347314873,1222.37259884754,1329.16765746516,849.744911819961,180997.979007577,196811.234144357,125822.610762374
"1.1","afekta","pos","L-lysine","[M + H]+","consensus",3530372.8141411,1.79499999996,1378193.625,23.74999999998,16796.9142856343,329.8525390625,82.0307676177978,4,"consensus","detected",1,NA,NA,1.89515059870432,NA,NA,2611884.47354922,NA,NA,6690588.15236895,NA,NA
"1.1","afekta","pos","L-lysine","[M + Na]+","consensus",191363.32588674,1.197,101500.265625,24.34900000002,2138.40191639586,238.916046142578,47.3537499206543,3,"consensus","detected",1,NA,NA,1.89515059870432,NA,NA,192358.289167866,NA,NA,362662.321624305,NA,NA
"1.1","afekta","pos","L-valine","[M + H]+","own",17026695.5510201,8.97700000002001,102251.7265625,34.52200000002,24.7479884213866,47651.818359375,2206.2362109375,5,"consensus","detected",1,32.9765567334898,2,1.89515059870432,2.06072427032348,1.22497988538187,193782.420813472,210712.614609824,125256.308284629,32268152.2674719,35087324.7653959,20857359.5645206
"1.1","afekta","pos","N(6)-acetyl-L-lysine","[M + H]+","own",16034907.8664455,1.79500000002,6742243,27.939,44503.9841053503,328.261489868164,151.490139007568,4,"own","detected",1,27.4876332920467,1,1.89515059870432,0.760747379738939,NA,12777565.85806,5129143.6958132,NA,30388565.2432628,12198514.1437537,NA
"1.1","afekta","pos","N(6)-acetyl-L-lysine","[M + Na]+","consensus",107972.180141586,4.788,2445.19262695312,30.93100000002,23.4899261859867,293.917587280273,91.5828778106689,5,"consensus","detected",1,30.7457773406646,1,1.89515059870432,0.760747379738939,1.20989468465394,4634.00827091759,1860.17388391156,2958.42556230558,204623.541838737,82139.5531274123,130634.966843802
"1.1","afekta","pos","N-acetyl-L-cysteine","[M + H]+","consensus",NA,NA,NA,82.39699999998,2.63880783494387,489.720443725586,371.507649230957,4,"consensus","below_detection",1,85.758056333101,2,1.89515059870432,2.06072427032348,1.64830846342968,NA,NA,NA,NA,NA,NA
"1.1","afekta","pos","N-alpha-acetyl-L-asparagine","[M + H]+","own",1502320.78509195,1.79500000002,678189.375,27.939,11286.6121940554,279.518753051758,60.0631832290649,4,"consensus","detected",1,27.4876332920467,1,1.89515059870432,0.760747379738939,NA,1285271.00006616,515930.789998039,NA,2847124.13531295,1142886.60078605,NA
"1.1","afekta","pos","O(4)-phospho-L-tyrosine","[M + H]+","consensus",2124490.45027712,14.36299999998,73132.0390625,35.71900000002,59.5366648857904,6748.65771484375,1115,5,"consensus","detected",1,34.4846116467706,2,1.89515059870432,2.06072427032348,1.23546602779018,138596.227613764,150704.967834339,90352.1498047431,4026229.34878429,4377989.03295652,2624735.77768204
"1.1","afekta","pos","alpha-D-glucosamine 6-phosphate","[M + H]+","consensus",661665.006773525,6.58300000002,37072.78515625,27.939,170.747867227123,703.087036132812,213.002356695557,5,"consensus","detected",1,27.4876332920467,1,1.89515059870432,0.760747379738939,NA,70258.5109845037,28203.0241672418,NA,1253954.83372854,503359.920167907,NA
"1.1","afekta","pos","alpha-D-glucosamine 6-phosphate","[M + K]+","consensus",661665.006773525,6.58300000002,37072.78515625,27.939,170.747867227123,703.087036132812,213.002356695557,5,"consensus","detected",1,27.4876332920467,1,1.89515059870432,0.760747379738939,NA,70258.5109845037,28203.0241672418,NA,1253954.83372854,503359.920167907,NA
"1.1","afekta","pos","alpha-D-glucosamine 6-phosphate","[M + Na]+","consensus",134925.07719109,8.37800000004,581.296325683594,27.939,9.5079914449817,254.005004882812,34.4227613891602,5,"consensus","detected",1,27.4876332920467,1,1.89515059870432,0.760747379738939,NA,1101.64407964388,442.219656615667,NA,255703.340818921,102643.898934196,NA
"1.1","afekta","pos","carnosine","[M + H]+","consensus",2285513.00041476,2.39299999998,718372.1875,23.74999999998,9985.0895136991,322.53076171875,71.912190246582,4,"consensus","detected",1,NA,NA,1.89515059870432,NA,NA,1361423.48123316,NA,NA,4331391.33108253,NA,NA
"1.1","afekta","pos","glutathione","[M + H]+","consensus",2391480.36334868,1.197,990555.875,30.333,3433.55645001505,601.260864257812,288.317558935547,4,"consensus","detected",1,30.3332066044545,1,1.89515059870432,0.760747379738939,1.20716278851175,1877252.55955633,753562.786391262,1195762.1922417,4532215.44238987,1819312.42011463,2886906.1040911
"1.1","afekta","pos","glutathione","[M + K]+","consensus",21549.5035837324,1.79599999998,3955.71557617188,31.53,88.8703005922571,254.23681640625,41.6503458984375,4,"consensus","detected",1,31.0593874382197,1,1.89515059870432,0.760747379738939,1.21198363285825,7496.67674248613,3009.30025956527,4794.26253456275,40839.5546184913,16393.7283859993,26117.6456397038
"1.1","afekta","pos","guanosine 5'-monophosphate","[M + H]+","consensus",1787876.65821181,31.71700000002,28939.072265625,45.89200000002,23.8141847090655,5750.84130859375,973.715087890625,5,"consensus","detected",1,44.5827092186107,2,1.89515059870432,2.06072427032348,1.31077818988601,54843.9001301467,59635.4485784186,37932.7047613165,3388295.51921959,3684320.82192191,2343509.72979033
"1.1","afekta","pos","homocystine","[M + H]+","consensus",1762636.69836279,1.197,718855.375,26.742,11698.9202808742,285.822814941406,61.4218692779541,4,"consensus","detected",1,NA,NA,1.89515059870432,NA,NA,1362339.19431307,NA,NA,3340461.99420044,NA,NA
"1.1","afekta","pos","sarcosine","[M + H]+","consensus",NA,NA,NA,74.61700000002,0.214494509584028,423.985702514648,365.078611755371,5,"consensus","below_detection",1,75.5455035178062,2,1.89515059870432,2.06072427032348,1.55987240102754,NA,NA,NA,NA,NA,NA
"1.2","afekta","pos","(2R)-2-acetamidopropanoic acid","[M + H]+","consensus",NA,NA,NA,58.992,2.23394280518223,345.320617675781,51.4267825927734,5,"consensus","below_detection",2,54.8005880773976,2,1.60740228384428,1.94455761617685,1.11917685376003,NA,NA,NA,NA,NA,NA
"1.2","afekta","pos","Acetylcarnosine","[M + H]+","consensus",14709387.6051716,1.197,6007367.5,27.27499999998,39767.452147361,520.446411132812,151.049331280518,4,"consensus","detected",2,27.015125012401,1,1.60740228384428,0.753355090587957,NA,9656256.23939192,4525680.88715765,NA,23643903.2305036,11081392.0317874,NA
"1.2","afekta","pos","D-erythronic acid","[M + Na]+","consensus",115270.596346717,10.77199999998,10065.421875,36.25099999998,12.3547494322655,1313.1953125,708.409879980469,2,"consensus","detected",2,35.2468713003679,2,1.60740228384428,1.94455761617685,1.03727283175643,16179.1821097312,19572.7927670644,10440.5886511044,185286.219827805,224150.316047256,119567.057890811
"1.2","afekta","pos","L-alpha-aminobutyric acid","[M + H]+","consensus",573527.073625191,1.197,236009.078125,27.873,1162.61491678729,378.143524169922,202.6732421875,3,"consensus","detected",2,27.4254790110856,1,1.60740228384428,0.753355090587957,NA,379361.531186109,177798.64043044,NA,921888.72799166,432069.540505551,NA
"1.2","afekta","pos","L-homocitrulline","[M + H]+","consensus",5470295.49904417,0.598000000019997,2749245.75,26.07799999998,39765.2365499498,342.711303710938,69.1282958984375,4,"consensus","detected",2,NA,NA,1.60740228384428,NA,NA,4419143.89739919,NA,NA,8792965.4784667,NA,NA
"1.2","afekta","pos","L-homocitrulline","[M + Na]+","consensus",314079.75378954,NA,299116.59375,25.479,1062.70293966753,350.164459228516,281.138235473633,2,"consensus","detected",2,NA,NA,1.60740228384428,NA,NA,480800.695929473,NA,NA,504852.513550557,NA,NA
"1.2","afekta","pos","L-tryptophan","[M + H]+","consensus",11801165.9158656,52.06399999998,3647.69384765625,134.39500000002,11.5759746804405,661.926208496094,257.927969055176,5,"consensus","detected",2,132.443667250895,3,1.60740228384428,1.08782758205702,1.51883082570154,5863.3114214874,3968.06197838017,5540.22985854218,18969221.0451877,12837633.7837098,17923974.5722351
"1.2","afekta","pos","N(4)-acetylcytidine","[M + H]+","consensus",NA,NA,NA,108.663,1.92567134349624,727.75,542.075625,2,"consensus","below_detection",2,115.537389165539,3,1.60740228384428,1.08782758205702,1.42359842500469,NA,NA,NA,NA,NA,NA
"1.2","afekta","pos","N(4)-acetylcytidine","[M + K]+","consensus",136589.711788412,47.87500000002,2466.54278564453,91.308,7.14677002151115,547.556457519531,268.510994805908,4,"consensus","detected",2,96.88884970495,2,1.60740228384428,1.94455761617685,1.31985075196831,3964.72650684466,4796.33455945115,3255.46835039495,219554.614678326,265606.564349558,180278.033815071
"1.2","afekta","pos","N(4)-acetylcytidine","[M + Na]+","consensus",NA,NA,NA,NA,NA,NA,NA,0,"consensus","no_data",2,NA,NA,1.60740228384428,NA,NA,NA,NA,NA,NA,NA,NA
"1.2","afekta","pos","N-acetyl-L-aspartic acid","[M + H]+","consensus",1004404.81143898,1.79599999998,361872.375,31.464,2892.21688608576,342.662673950195,125.000899505615,4,"consensus","detected",2,31.028068096311,1,1.60740228384428,0.753355090587957,1.02059042282502,581674.482035155,272618.395849404,369323.480209943,1614482.5878112,756673.477708592,1025085.93119399
"1.2","afekta","pos","N-acetyl-L-glutamine","[M + H]+","own",3263264.24158945,1.79500000002,1358710.125,29.66800000002,15281.0450413465,300.793258666992,88.895054498291,4,"own","detected",2,29.6926769029846,1,1.60740228384428,0.753355090587957,NA,2183993.75800735,1023591.18930215,NA,5245378.39471826,2458396.72833506,NA
"1.2","afekta","pos","N-acetyl-L-glutamine","[M + Na]+","own",549112.968122301,2.99200000002,159045.359375,30.267,1710.80473576455,304.246383666992,92.787393951416,5,"own","detected",2,30.2792806353643,1,1.60740228384428,0.753355090587957,1.01767301618623,255649.87389421,119817.631119547,161856.170585579,882645.4390483,413677.049842798,558817.450495993
"1.2","afekta","pos","N-acetylglycine","[M + H]+","consensus",217357.343756977,2.394,55901.2109375,30.86500000002,2346.25024817432,241.004028320312,23.7230478515625,5,"consensus","detected",2,30.7060932563468,1,1.60740228384428,0.753355090587957,1.01933430278086,89855.7341305985,42113.4618297968,56982.0218755822,349380.690765292,163747.261395995,221559.796452817
"1.2","afekta","pos","N-carbamoylglutamic acid","[M + H]+","consensus",1794073.98656483,1.79599999998,740281.6875,30.267,2874.75370415056,469.595993041992,257.347991390991,4,"consensus","detected",2,30.2792806353643,1,1.60740228384428,0.753355090587957,1.01767301618623,1189930.4751756,557694.977747168,753364.697745554,2883798.62338993,1351574.77067004,1825780.68516868
"1.2","afekta","pos","N-carbamoylglutamic acid","[M + Na]+","consensus",77907.6217066892,1.79500000002,20138.14453125,30.86500000002,237.642319839883,295.363647460938,83.4985153198242,5,"consensus","detected",2,30.7060932563468,1,1.60740228384428,0.753355090587957,1.01933430278086,32370.0995119175,15171.1736976132,20527.5015150619,125228.889060209,58692.1034083351,79413.9112537028
"1.2","afekta","pos","folic acid","[M + H]+","consensus",23637.6834799676,0.598999999979981,1345.25061035156,176.88499999998,285.794825259811,205.631866455078,3.98754156188965,5,"consensus","detected",2,173.325872523238,3,1.60740228384428,1.08782758205702,1.71806736217243,2162.35890342201,1463.40071871947,2311.23116758756,37995.2664104882,25713.7240654423,40611.1325042948
"1.2","afekta","pos","folic acid","[M + K]+","consensus",23637.6834799676,0.598999999979981,1345.25061035156,176.88499999998,285.794825259811,205.631866455078,3.98754156188965,5,"consensus","detected",2,173.325872523238,3,1.60740228384428,1.08782758205702,1.71806736217243,2162.35890342201,1463.40071871947,2311.23116758756,37995.2664104882,25713.7240654423,40611.1325042948
"1.2","afekta","pos","folic acid","[M + Na]+","consensus",25176.3301691424,1.197,4462.24353027344,176.88499999998,90.4911523025681,241.875,46.638466003418,5,"consensus","detected",2,173.325872523238,3,1.60740228384428,1.08782758205702,1.71806736217243,7172.6204416309,4854.15159008694,7666.43497142788,40468.4906126972,27387.5063729674,43254.6311628807
"1.2","afekta","pos","kynurenine","[M + H]+","own",7388187.27212382,1.79599999998,2695110.25,54.80299999998,18101.1632608736,533.871551513672,148.862055969238,5,"own","detected",2,50.1679228605947,2,1.60740228384428,1.94455761617685,1.099199169642,4332126.37106214,5240797.16307381,2962462.94889365,11875789.0946811,14366755.8297493,8121089.31467813
"1.2","afekta","pos","kynurenine","[M + Na]+","consensus",45775.6494726414,30.52099999998,5901.8271484375,54.80299999998,71.395169341311,213.113632202148,79.6792495727539,5,"consensus","detected",2,50.1679228605947,2,1.60740228384428,1.94455761617685,1.099199169642,9486.61043725263,11476.4429308535,6487.28350093314,73579.8835067792,89013.3878174669,50316.5558901509
"1.3","afekta","pos","2-aminoisobutyric acid","[M + H]+","consensus",106373.22304646,4.788,25508.96484375,28.33300000002,157.362013216368,309.015625,160.139977264404,5,"consensus","detected",3,27.9185881301699,1,1.75598630011043,0.869916472605356,NA,44793.3927956235,22190.668716689,NA,186789.922368174,92535.8189722393,NA
"1.3","afekta","pos","D-alanine","[M + H]+","consensus",44464.6502726882,0.599000000040004,4627.068359375,25.33999999998,90.4256073413436,230.005058288574,48.6263065338135,4,"consensus","detected",3,NA,NA,1.75598630011043,NA,NA,8125.06864873693,NA,NA,78079.3167180418,NA,NA
"1.3","afekta","pos","D-asparagine","[M + H]+","own",850855.584870644,1.197,352814.28125,25.33999999998,11137.4554872732,247.723823547363,31.6559341430664,4,"own","detected",3,NA,NA,1.75598630011043,NA,NA,619537.044358307,NA,NA,1494090.7504053,NA,NA
"1.3","afekta","pos","D-asparagine","[M + Na]+","consensus",NA,NA,NA,47.48299999998,1.19010151443749,249.019165039062,54.7733287811279,5,"consensus","below_detection",3,45.3348817257214,2,1.75598630011043,2.1404961894354,1.52588721877543,NA,NA,NA,NA,NA,NA
"1.3","afekta","pos","L-arginine","[M + H]+","consensus",6221303.84708081,16.75699999998,7241.0859375,37.30900000002,70.0165891260382,344.627014160156,98.4974990844726,5,"consensus","detected",3,36.8265427525128,2,1.75598630011043,2.1404961894354,1.45087978734391,12715.2477041723,15499.516856593,10505.945225139,10924524.3242982,13316677.1779962,9026364.00265449
"1.3","afekta","pos","L-arginine","[M + Na]+","consensus",NA,NA,NA,NA,NA,NA,NA,0,"consensus","no_data",3,NA,NA,1.75598630011043,NA,NA,NA,NA,NA,NA,NA,NA
"1.3","afekta","pos","L-cysteine","[M + H]+","consensus",45625.9992067012,21.54399999996,5552.14111328125,25.33999999998,130.652201728703,253.112808227539,40.5582778930664,5,"consensus","detected",3,NA,NA,1.75598630011043,NA,NA,9749.48373120173,NA,NA,80118.6295358165,NA,NA
"1.3","afekta","pos","L-dopa","[M + H]+","consensus",2064513.12741487,1.79499999996001,979213.5,30.12799999998,29554.3936097082,255.023811340332,33.1239574432373,4,"consensus","detected",3,30.1593019745018,1,1.75598630011043,0.869916472605356,1.39796232589279,1719485.49088318,851833.953847545,1368903.58200562,3625256.76813864,1795953.9774482,2886111.57343708
"1.3","afekta","pos","L-ornithine","[M + H]+","consensus",780647.119340706,1.79500000002,269248.75,23.54500000002,8821.35187898947,238.75,30.4953258514404,4,"consensus","detected",3,NA,NA,1.75598630011043,NA,NA,472797.116321857,NA,NA,1370805.64678295,NA,NA
"1.3","afekta","pos","L-ornithine","[M + Na]+","consensus",70314.9124807624,1.197,19846.787109375,24.74200000002,904.86915701435,237.694190979004,21.6706390823364,4,"consensus","detected",3,NA,NA,1.75598630011043,NA,NA,34850.6862652707,NA,NA,123472.023009682,NA,NA
"1.3","afekta","pos","N(2)-acetyl-L-lysine","[M + H]+","own",16203089.011105,1.79499999996,6109886,26.53699999998,39229.1230279365,480.495880126953,155.736479241943,4,"own","detected",3,NA,NA,1.75598630011043,NA,NA,10728876.1112365,NA,NA,28452402.3229702,NA,NA
"1.3","afekta","pos","N(2)-acetyl-L-lysine","[M + Na]+","consensus",133515.622798389,1.79499999996,20803.48828125,26.53699999998,791.469640519349,261.561370849609,25.9541564941406,4,"consensus","detected",3,NA,NA,1.75598630011043,NA,NA,36530.6404163828,NA,NA,234451.604484682,NA,NA
"1.3","afekta","pos","N-acetyl-L-glutamic acid","[M + H]+","consensus",4287355.06140543,28.12699999998,3206.60144042969,57.05800000002,34.0850982340772,271.026580810547,86.1248760223389,4,"consensus","detected",3,52.5274255336184,2,1.75598630011043,2.1404961894354,1.59337133947902,5630.7481993089,6863.7181642778,5109.30683231282,7528536.75153703,9177067.17169488,6831348.67701374
"1.3","afekta","pos","N-acetyl-beta-neuraminic acid","[M + Na]+","consensus",227294.51684918,8.37799999998001,1065.48303222656,33.12,10.1350999597935,323.132354736328,73.2455210540771,5,"consensus","detected",3,31.8113091750751,1,1.75598630011043,0.869916472605356,1.41049865610596,1870.97360758996,926.881241015388,1502.86238505927,399126.057677379,197727.244339977,320598.610556023
"1.3","afekta","pos","N-carbamoylaspartic acid","[M + H]+","consensus",1553986.64168748,1.79600000004,599837.5625,28.33300000002,3367.94054664929,512.521667480469,177.950006103516,4,"consensus","detected",3,27.9185881301699,1,1.75598630011043,0.869916472605356,NA,1053306.54204163,521808.576506195,NA,2728779.25335783,1351838.57781262,NA
"1.3","afekta","pos","UDP","[M + H]+","consensus",388973.652050624,32.316,11126.642578125,43.29400000002,27.1188105375059,1337.63479614258,360.967446136475,5,"consensus","detected",3,43.1328261127272,2,1.75598630011043,2.1404961894354,1.50583537523511,19538.2319334129,23816.5360396862,16754.8920017379,683032.404104816,832596.620005131,585730.285292224
"1.3","afekta","pos","guanosine","[M + H]+","consensus",8480153.27600555,34.11100000002,3376.51867675781,59.45200000002,28.9547878937559,320.042755126953,105.560293960571,5,"consensus","detected",3,55.3680056535824,2,1.75598630011043,2.1404961894354,1.62044863710366,5929.1205384537,7227.42536115754,5471.47508790725,14891032.9755023,18151735.773118,13741652.8185333
"1.3","afekta","pos","guanosine","[M + Na]+","consensus",NA,NA,NA,59.45200000002,0.728562212762368,283.339279174805,330.218347549438,5,"consensus","below_detection",3,55.3680056535824,2,1.75598630011043,2.1404961894354,1.62044863710366,NA,NA,NA,NA,NA,NA
"1.3","afekta","pos","isocitric acid","[M + Na]+","consensus",28220.052578217,17.95300000002,628.125,45.687,12.8375686310057,228,31.1682851715088,5,"consensus","detected",3,44.4816027380314,2,1.75598630011043,2.1404961894354,1.51807315523128,1102.97889475686,1344.49916898911,953.539700629649,49554.025715745,60404.91500934,42840.1042582066
"1.3","afekta","pos","thiamine(1+) diphosphate","[M + H]+","own",796075.870715096,13.16499999996,33199.16796875,34.317,35.2831193600846,6434.76196289062,758.561218261719,5,"own","detected",3,32.7594283276807,1,1.75598630011043,0.869916472605356,1.41787268480807,58297.2841281899,28880.5030928077,47072.1934212456,1397898.32282419,692519.513378714,1128734.23212173
"1.4","afekta","pos","2'-deoxyadenosine 5'-monophosphate","[M + H]+","consensus",1821026.55392763,1.79499999996,524789.0625,29.385,1655.40990269406,601.680786132812,316.651109106445,5,"consensus","detected",4,29.3455088626813,1,1.47149825020277,0.720420104386574,NA,772226.1871943,378068.591187182,NA,2679637.38767728,1311904.14007127,NA
"1.4","afekta","pos","2'-deoxyguanosine 5'-monophosphate","[M + H]+","own",2211122.75592649,14.36199999996,64594.36328125,36.567,78.2754033586818,4210.00634765625,771.434631347656,5,"own","detected",4,35.714229961153,2,1.47149825020277,3.4105576220885,1.32138071790196,95050.4925413212,220302.798032821,85353.7461249982,3253663.26632935,7541161.56859843,2921734.97459551
"1.4","afekta","pos","2'-deoxyguanosine 5'-monophosphate","[M + Na]+","consensus",35455.9814647685,2.99299804686,3393.37121582031,31.18099999998,101.561076526586,221.173080444336,31.2343886444092,3,"consensus","detected",4,30.8857171759493,1,1.47149825020277,0.720420104386574,1.30837712112145,4993.33980636802,2444.65284552366,4439.80926225136,52173.4146846286,25543.2018679769,46389.7949554091
"1.4","afekta","pos","D-arabinitol","[M + H]+","consensus",NA,NA,NA,NA,NA,NA,NA,0,"consensus","no_data",4,NA,NA,1.47149825020277,NA,NA,NA,NA,NA,NA,NA,NA
"1.4","afekta","pos","D-arabinitol","[M + Na]+","consensus",347220.020023792,1.197,159350.046875,25.79500000002,7225.34192332634,214.255699157715,22.0246727233887,4,"consensus","detected",4,NA,NA,1.47149825020277,NA,NA,234483.315146291,NA,NA,510933.65190038,NA,NA
"1.4","afekta","pos","D-lysine","[M + H]+","consensus",2698533.27194018,1.197,1041711.5,23.40100000002,12875.7694628284,264.972717285156,80.8842166900634,4,"consensus","detected",4,NA,NA,1.47149825020277,NA,NA,1532876.6494661,NA,NA,3970886.98777392,NA,NA
"1.4","afekta","pos","D-lysine","[M + Na]+","consensus",132050.106151232,0.598000000020001,70063.2734375,24,1647.96447871144,211.059204101562,42.3869659423828,3,"consensus","detected",4,NA,NA,1.47149825020277,NA,NA,103097.984266759,NA,NA,194311.500140628,NA,NA
"1.4","afekta","pos","L-homoarginine","[M + H]+","consensus",5140936.10964602,15.55900000002,8095.71142578125,37.16500000002,79.0454360054985,324.199996948242,98.3170164093018,5,"consensus","detected",4,36.610795691687,2,1.47149825020277,3.4105576220885,1.32383163731532,11912.8251971837,27610.8903094272,10717.3589120243,7564878.48974834,17533458.8334232,6805733.86736614
"1.4","afekta","pos","L-homoarginine","[M + Na]+","consensus",156585.047787358,19.74799999998,667.299072265625,41.95300000002,8.74520740446081,242.95841217041,48.5226525192261,5,"consensus","detected",4,42.1671720460238,2,1.47149825020277,3.4105576220885,1.33922724641513,981.929417200797,2275.86193712811,893.665099085662,230414.623827014,534042.328236266,209702.962378044
"1.4","afekta","pos","N(2)-phenylacetyl-L-glutamine","[M + H]+","consensus",87740.9109733055,0.599000000040007,3087.654296875,177.79900000002,570.548769883072,224.625,5.01802728881836,2,"consensus","detected",4,174.40130041577,3,1.47149825020277,1.18204405474866,1.70676548784814,4543.47789508262,3649.74340474025,5269.90179231226,129110.596968416,103713.622174227,149753.158721594
"1.4","afekta","pos","N(2)-phenylacetyl-L-glutamine","[M + K]+","consensus",9075922.80948106,1.79600000003998,3797683.25,177.79900000002,69081.5403136489,241.832443237305,54.9704219146728,4,"consensus","detected",4,174.40130041577,3,1.47149825020277,1.18204405474866,1.70676548784814,5588284.25719936,4489028.90748107,6481754.70487896,13355204.5331268,10728140.5983048,15490471.821596
"1.4","afekta","pos","N(2)-phenylacetyl-L-glutamine","[M + Na]+","consensus",545698.332989377,1.79600000003998,217459.703125,177.79900000002,3896.14705698823,237.020095825195,55.7532043457031,4,"consensus","detected",4,174.40130041577,3,1.47149825020277,1.18204405474866,1.70676548784814,319991.572638051,257046.949226315,371152.716291452,802994.142132435,645039.470196348,931379.081522531
"1.4","afekta","pos","N-acetyl-L-serine","[M + H]+","consensus",341133.882895084,0.597999999959999,162224.125,28.18900000002,2753.3191756469,306.12744140625,58.8082918212891,4,"consensus","detected",4,27.7497645667398,1,1.47149825020277,0.720420104386574,NA,238712.516078175,116869.521066521,NA,501977.911764992,245759.707525074,NA
"1.4","afekta","pos","N-acetyl-L-serine","[M + K]+","own",2765810.41702726,8.37800000004,174967.921875,29.385,101.020423077566,7723.794921875,1655.54767895508,5,"consensus","detected",4,29.3455088626813,1,1.47149825020277,0.720420104386574,NA,257464.990880677,126050.408541489,NA,4069885.1890482,1992545.42934825,NA
"1.4","afekta","pos","N-benzoylglycine","[M + H]+","consensus",2248032.85549933,1.79500000002,976345.1875,168.822,26005.806911787,231.115570068359,37.5344658691406,4,"consensus","detected",4,164.014359063005,3,1.47149825020277,1.18204405474866,1.69826013280203,1436690.23500014,1154083.02426684,1658088.10778438,3307976.41326559,2657273.87172264,3817744.57572363
"1.4","afekta","pos","N-benzoylglycine","[M + Na]+","consensus",62216.1212438442,1.79500000002,26893.23046875,168.822,1687.63341823347,238.160720825195,15.7943481445313,4,"consensus","detected",4,164.014359063005,3,1.47149825020277,1.18204405474866,1.69826013280203,39573.3415770654,31788.9831885715,45671.7011473351,91550.9135447199,73542.1962258079,105659.158325998
"1.4","afekta","pos","O-phospho-L-serine","[M + H]+","consensus",2722640.75106902,36.50499999996,34965.40625,49.73200000002,11.029437802406,7821.55590820312,2461.03662109375,5,"consensus","detected",4,46.4310635763926,2,1.47149825020277,3.4105576220885,1.35122758699602,51451.5341145039,119251.532795358,47246.221515523,4006361.10112881,9285723.16576721,3678907.29232402
"1.4","afekta","pos","O-phosphoethanolamine","[M + Na]+","consensus",177577.989618685,1.197,100576.9921875,25.19599999998,1443.60184451938,311.396865844727,69.4551587768555,3,"consensus","detected",4,NA,NA,1.47149825020277,NA,NA,147998.868014564,NA,NA,261305.70099842,NA,NA
"1.4","afekta","pos","citric acid","[M + H]+","consensus",63858.0079791905,35.30800000002,1974.93884277344,41.95300000002,34.6619556184773,282.440490722656,48.8287034545898,4,"consensus","detected",4,42.1671720460238,2,1.47149825020277,3.4105576220885,1.33922724641513,2906.11905139859,6735.6427233796,2644.89190824575,93966.9470028131,217791.415844817,85520.3841875265
"1.4","afekta","pos","creatine","[M + H]+","consensus",8945701.17182512,5.98399999998,187889.484375,29.385,2189.35473606906,302.231094360352,85.6815253326416,5,"consensus","detected",4,29.3455088626813,1,1.47149825020277,0.720420104386574,NA,276479.047489313,135359.361946577,NA,13163583.6211775,6444662.97201735,NA
"1.4","afekta","pos","creatine","[M + Na]+","consensus",67143.2453938739,5.38599999996,1030.85656738281,29.98399999998,37.2210378485806,272.767425537109,20.3672220245361,5,"consensus","detected",4,30.025252992154,1,1.47149825020277,0.720420104386574,1.30609824641059,1516.90363511384,742.649795881509,1346.39995495953,98801.1681100204,48371.343855508,87695.6750672546
"1.4","afekta","pos","glutathione disulfide","[M + H]+","consensus",537757.371979718,11.96900000004,11669.7275390625,40.15699999998,47.485713715417,545.412231445312,234.266570663452,5,"consensus","detected",4,40.5207809056483,2,1.47149825020277,3.4105576220885,1.33463213119295,17171.9836540735,39800.2782060457,15574.7933359001,791309.031901793,1834052.50383971,717708.267430014
"1.4","afekta","pos","glycine","[M + H]+","consensus",NA,NA,NA,NA,NA,NA,NA,0,"consensus","no_data",4,NA,NA,1.47149825020277,NA,NA,NA,NA,NA,NA,NA,NA
"1.4","afekta","pos","uridine","[M + H]+","consensus",NA,NA,NA,104.78899999998,3.12599690237542,264,107.728875732422,5,"consensus","below_detection",4,111.819243265219,3,1.47149825020277,1.18204405474866,1.56755620634353,NA,NA,NA,NA,NA,NA
"1.4","afekta","pos","uridine","[M + Na]+","consensus",NA,NA,NA,78.45799999998,-0.357499049454057,307.789352416992,74.0030188934326,5,"consensus","below_detection",4,80.6288662629264,2,1.47149825020277,3.4105576220885,1.44998900349125,NA,NA,NA,NA,NA,NA
"1.5","afekta","pos","(2R)-2-amino-3-methoxypropanoic acid","[M + H]+","own",4666882.45492545,1.197,1988824.125,26.52,16318.6759074884,327.571548461914,121.854037957764,5,"own","detected",5,NA,NA,1.37254170924362,NA,NA,2729744.06391244,NA,NA,6405490.82152242,NA,NA
"1.5","afekta","pos","3-amino-L-alanine","[M + H]+","consensus",294950.773216906,1.197,120883.0390625,23.52700000002,2526.54711191324,236.636367797852,47.7514953613281,4,"consensus","detected",5,NA,NA,1.37254170924362,NA,NA,165917.013053407,NA,NA,404832.238413858,NA,NA
"1.5","afekta","pos","3-amino-L-alanine","[M + Na]+","consensus",50302.6035405708,0.598000000019997,14928.939453125,24.126,493.382509786411,220.059204101562,29.8123260498047,3,"consensus","detected",5,NA,NA,1.37254170924362,NA,NA,20490.5920741866,NA,NA,69042.421442979,NA,NA
"1.5","afekta","pos","D-arginine","[M + H]+","consensus",3283898.90493213,10.17400195308,12578.4296875,31.30699999998,86.6492991738691,324.088973999023,141.424579660034,5,"consensus","detected",5,30.9508932027184,1,1.37254170924362,0.807803981414784,1.2567061972666,17264.4193828819,10160.9055815084,15807.3905401634,4507288.21595879,2652746.60996782,4126896.10502519
"1.5","afekta","pos","D-arginine","[M + Na]+","consensus",106753.096811191,14.36200000002,446.125,37.29100000002,6.34379080682507,210.690528869629,37.1125843048096,5,"consensus","detected",5,36.7996141288219,2,1.37254170924362,1.96408317412069,1.27206044285469,612.325170036308,876.226606054595,567.497965068548,146523.077964281,209671.961232138,135796.391605753
"1.5","afekta","pos","L-alanine","[M + H]+","consensus",1934669.14827862,1.79500000002,722924.5,38.48800000002,17213.531183755,259.510215759277,41.9823789825439,5,"consensus","detected",5,38.52400000002,2,1.37254170924362,1.96408317412069,1.2768010372944,992244.028884087,1419883.84660962,923030.751485538,2655414.09959923,3799851.12162445,2470187.57534362
"1.5","afekta","pos","L-cystine","[M + H]+","consensus",216676.376162602,1.79500000002,74128.8828125,25.323,558.549523951866,239.876441955566,132.287296295166,5,"consensus","detected",5,NA,NA,1.37254170924362,NA,NA,101744.983519788,NA,NA,297397.363690931,NA,NA
"1.5","afekta","pos","L-glutamic acid","[M + H]+","consensus",1062342.13369085,1.197,406969.90625,25.92100000002,5812.13332556102,261.311676025391,69.975785446167,5,"consensus","detected",5,NA,NA,1.37254170924362,NA,NA,558583.170735089,NA,NA,1458108.88797755,NA,NA
"1.5","afekta","pos","L-glutamine","[M + H]+","consensus",1739512.26301961,1.79599999998,752201.3125,25.323,13708.0150468702,238.209838867188,54.855724923706,4,"consensus","detected",5,NA,NA,1.37254170924362,NA,NA,1032427.67515404,NA,NA,2387553.13473517,NA,NA
"1.5","afekta","pos","L-glutamine","[M + Na]+","consensus",1739512.26301961,1.79599999998,752201.3125,25.323,13708.0150468702,238.209838867188,54.855724923706,4,"consensus","detected",5,NA,NA,1.37254170924362,NA,NA,1032427.67515404,NA,NA,2387553.13473517,NA,NA
"1.5","afekta","pos","L-serine","[M + H]+","consensus",1046002.83419928,27.528,45026.5703125,51.05599999998,1258.26387622697,216.024993896484,35.6129951477051,5,"consensus","detected",5,47.1861736454465,2,1.37254170924362,1.96408317412069,1.30154795231301,61800.8457780966,88435.9291391436,58604.2403899121,1435682.51792555,2054436.56673336,1361422.84696568
"1.5","afekta","pos","N,N,N-trimethylglycinium","[M + H]+","own",NA,NA,NA,397.557,2.87135279464808,33654.75,1771.9380859375,5,"own","below_detection",5,398.804767611358,8,1.37254170924362,1.17050441586297,1.31942837023189,NA,NA,NA,NA,NA,NA
"1.5","afekta","pos","N-acetyl-L-alanine","[M + H]+","own",3974578.17159642,1.79500000002,1560823.375,38.48800000002,24939.4363162582,278.717666625977,62.5733732528686,5,"own","detected",5,38.52400000002,2,1.37254170924362,1.96408317412069,1.2768010372944,2142295.18294989,3065586.92861177,1992860.90423335,5455274.31716532,7806402.11105992,5074745.532302
"1.5","afekta","pos","N-acetyl-L-alanine","[M + Na]+","consensus",161192.46008903,2.39400000000001,48636.15234375,38.48800000002,988.3692179389,217.059204101562,48.9888720336914,5,"consensus","detected",5,38.52400000002,2,1.37254170924362,1.96408317412069,1.2768010372944,66755.1476689235,95525.4484723301,62098.6897625086,221243.374687781,316595.398655985,205810.70024571
"1.5","afekta","pos","N-acetyl-L-tyrosine","[M + H]+","consensus",1909691.21381534,2.39399999999998,681012.25,142.617,34963.9894981509,223.31867980957,19.4711456298828,5,"consensus","detected",5,138.238116677019,3,1.37254170924362,2.3504899322909,1.55803395452227,934717.717630841,1600712.43739177,1061040.20894561,2621130.84273762,4488709.97185734,2975363.75377714
"1.5","afekta","pos","alpha-D-glucose 1-phosphate","[M + Na]+","consensus",36276.4234619956,0.598000000020001,10482.7939453125,25.92100000002,338.195019249961,298.0625,30.1149658203125,5,"consensus","detected",5,NA,NA,1.37254170924362,NA,NA,14388.0719193479,NA,NA,49790.9042637727,NA,NA
"1.5","afekta","pos","cysteic acid","[M + H]+","consensus",230821.842109539,2.99199999996,64525.84375,25.92100000002,1928.11969750933,291.072662353516,33.3147216796875,5,"consensus","detected",5,NA,NA,1.37254170924362,NA,NA,88564.4118710115,NA,NA,316812.605699787,NA,NA
"1.5","afekta","pos","cysteic acid","[M + K]+","consensus",106838.637431615,1.197,37646.8125,25.323,1204.03390308659,230.164474487305,31.0760751251221,3,"consensus","detected",5,NA,NA,1.37254170924362,NA,NA,51671.8203763239,NA,NA,146640.486033648,NA,NA
"1.5","afekta","pos","cytidine","[M + H]+","consensus",2191408.96622335,5.38600000002,45108.37109375,30.10999999998,422.608054241222,317.254028320312,105.987372024536,5,"consensus","detected",5,30.1431035287728,1,1.37254170924362,0.807803981414784,1.25468959799492,61913.120762211,36438.7217646668,56597.0039938228,3007800.20815198,1770228.88782328,2749538.03487323
"1.6","afekta","pos","(6S)-5-formyltetrahydrofolic acid","[M + H]+","consensus",30621.8564285219,NA,1876.70245361328,169.40200000002,35.4342445544576,208.125,47.0894038970947,3,"consensus","detected",6,164.670979770506,3,1.51597120017394,1.35147853960867,2.09483972510697,2845.0268709735,2536.32309128928,3931.39085203482,46421.8524415003,41384.7818061251,64147.8813029899
"1.6","afekta","pos","(6S)-5-formyltetrahydrofolic acid","[M + K]+","consensus",30621.8564285219,NA,1876.70245361328,169.40200000002,35.4342445544576,208.125,47.0894038970947,3,"consensus","detected",6,164.670979770506,3,1.51597120017394,1.35147853960867,2.09483972510697,2845.0268709735,2536.32309128928,3931.39085203482,46421.8524415003,41384.7818061251,64147.8813029899
"1.6","afekta","pos","(6S)-5-formyltetrahydrofolic acid","[M + Na]+","consensus",30621.8564285219,NA,1876.70245361328,169.40200000002,35.4342445544576,208.125,47.0894038970947,3,"consensus","detected",6,164.670979770506,3,1.51597120017394,1.35147853960867,2.09483972510697,2845.0268709735,2536.32309128928,3931.39085203482,46421.8524415003,41384.7818061251,64147.8813029899
"1.6","afekta","pos","3-chloro-L-tyrosine","[M + H]+","consensus",4052543.38293567,2.39400000000001,1369488.25,55.698,15740.4216318821,293.269256591797,86.9859151657104,5,"consensus","detected",6,51.0612922501184,2,1.51597120017394,3.37971619383871,1.40120090306521,2076104.74597661,4628481.61579684,1918928.1726372,6143539.05598594,13696446.4975416,5678427.44788042
"1.6","afekta","pos","D-serine","[M + H]+","consensus",1604073.62404088,1.79599999998,653777.75,25.776,12270.0549359549,235.066177368164,53.26322394104,4,"consensus","detected",6,NA,NA,1.51597120017394,NA,NA,991108.240314516,NA,NA,2431729.41700461,NA,NA
"1.6","afekta","pos","L-arabinitol","[M + H]+","consensus",203792.959935031,1.197,78034.140625,26.37499999998,838.377451854431,307.907501220703,92.7103096008301,5,"consensus","detected",6,NA,NA,1.51597120017394,NA,NA,118297.509817823,NA,NA,308944.258059708,NA,NA
"1.6","afekta","pos","L-arabinitol","[M + Na]+","consensus",469141.177983225,0.598000000019997,299532.03125,25.776,5800.97874562103,192.08332824707,51.601628112793,3,"consensus","detected",6,NA,NA,1.51597120017394,NA,NA,454081.9329046,NA,NA,711204.514638244,NA,NA
"1.6","afekta","pos","L-histidine","[M + H]+","consensus",9514944.63362756,21.54399999996,6975.0400390625,35.95000000002,50.9341014380106,299.940567016602,131.053641540527,5,"consensus","detected",6,34.8108511361037,2,1.51597120017394,3.37971619383871,1.31625075106912,10573.9598192788,23573.6557726929,9180.90169015322,14424382.0358289,32157812.4617498,12524053.0203934
"1.6","afekta","pos","L-histidine","[M + Na]+","consensus",502762.551167744,27.528,474.125,50.31199999998,12.1223277304614,223.403411865234,20.6826274383545,5,"consensus","detected",6,46.7472533552287,2,1.51597120017394,3.37971619383871,1.37801662895794,718.759845282468,1602.40794040378,653.352134204685,762173.548096275,1699194.73583729,692815.155926471
"1.6","afekta","pos","L-methionine S-oxide","[M + H]+","own",1259582.42641834,10.77200000004,3638.93530273438,32.958,57.1011835018933,229.288116455078,59.7123733200073,5,"consensus","detected",6,31.7205599951465,1,1.51597120017394,0.742825942414632,1.30103838146388,5516.52111824155,2703.09554563954,4734.39449652133,1909490.68269541,935650.502953112,1638765.08138767
"1.6","afekta","pos","L-threonine","[M + H]+","own",6422313.27619228,1.197,3147630.5,25.776,44053.5171053997,312.89143371582,71.443049621582,4,"own","detected",6,NA,NA,1.51597120017394,NA,NA,4771717.18678909,NA,NA,9736041.96520222,NA,NA
"1.6","afekta","pos","N(alpha)-acetyl-L-arginine","[M + H]+","consensus",20603001.0800173,2.394,4076889.25,28.76899999998,14182.1435851948,696.735534667969,287.417236328125,4,"consensus","detected",6,28.4937098459755,1,1.51597120017394,0.742825942414632,NA,6180446.68929872,3028419.09925133,NA,31233556.2744588,15304443.6938335,NA
"2.1","afekta","pos","2'-deoxyguanosine","[M + H]+","consensus",2849484.53392547,37.701,2898.21533203125,53.86300000002,34.0461895127467,264.057876586914,77.3701108154297,5,"consensus","detected",7,49.2984425265919,2,1.2625987927434,1.37292167662175,1.03333556891194,3659.28317933306,3979.02265286321,2994.82898895381,3597755.73247528,3912119.08382471,2944473.72196964
"2.1","afekta","pos","2'-deoxyguanosine","[M + Na]+","consensus",2849484.53392547,37.701,2898.21533203125,53.86300000002,34.0461895127467,264.057876586914,77.3701108154297,5,"consensus","detected",7,49.2984425265919,2,1.2625987927434,1.37292167662175,1.03333556891194,3659.28317933306,3979.02265286321,2994.82898895381,3597755.73247528,3912119.08382471,2944473.72196964
"2.1","afekta","pos","3-hydroxybenzyl alcohol","[M + H]+","consensus",NA,NA,NA,108.91999999998,4.70673855807609,240.088851928711,44.3742809295654,5,"consensus","below_detection",7,115.773453000883,3,1.2625987927434,1.63159559346042,1.31430202963523,NA,NA,NA,NA,NA,NA
"2.1","afekta","pos","3-hydroxybenzyl alcohol","[M + Na]+","consensus",18843.8713116931,1.19699999999999,814.719543457031,108.91999999998,18.9165574000913,252.130813598633,29.7405451721191,5,"consensus","detected",7,115.773453000883,3,1.2625987927434,1.63159559346042,1.31430202963523,1028.6639119933,1329.29281701058,1070.78754954906,23792.2491687557,30745.5773958937,24766.5383111433
"2.1","afekta","pos","5-aminoimidazole-4-carboxamide","[M + H]+","own",6478794.62493562,1.79599999998,3119382,25.737,9414.27087800608,1038.65380859375,331.235778808594,4,"own","detected",7,NA,NA,1.2625987927434,NA,NA,3938527.94730549,NA,NA,8180118.27187613,NA,NA
"2.1","afekta","pos","5-methyl-2'-deoxycytidine","[M + H]+","own",3122305.53371304,1.197,1191328.75,30.52399999998,5036.43367199546,607.931465148926,236.421423587036,4,"own","detected",7,30.479035507871,1,1.2625987927434,0.749239848582421,0.962796517983616,1504170.2415105,892590.972261885,1147007.17227377,3942219.19744212,2339355.72530721,3006144.89593989
"2.1","afekta","pos","9H-xanthine","[M + H]+","consensus",NA,NA,NA,51.46999999998,4.23206906898816,204.615386962891,45.5883712768555,5,"consensus","below_detection",7,47.4497595500212,2,1.2625987927434,1.37292167662175,1.02604939837354,NA,NA,NA,NA,NA,NA
"2.1","afekta","pos","L-leucine","[M + H]+","consensus",23208832.6149708,37.104,4485.25634765625,57.45400000002,33.7986076533166,321.131256103516,123.204042434692,5,"consensus","detected",7,52.9763736963167,2,1.2625987927434,1.37292167662175,1.04794027678197,5663.07924969545,6157.90566490257,4700.28077840099,29303444.0406457,31863909.3861793,24321470.474319
"2.1","afekta","pos","L-phenylalanine","[M + H]+","own",36402164.679134,49.07200000002,306564.15625,101.14000000002,857.870252130528,689.017425537109,356.551749014282,5,"own","detected",7,108.060848344177,3,1.2625987927434,1.63159559346042,1.27872319518017,387067.533579649,500188.726450413,392010.697407713,45961329.177121,59393611.4828957,46548292.329977
"2.1","afekta","pos","L-phenylalanine","[M + Na]+","consensus",36403335.53801,52.662,14949.9072265625,83.78500000002,51.774910209044,716.369140625,274.911883544922,5,"consensus","detected",7,87.5395612585627,2,1.2625987927434,1.37292167662175,1.1864358790303,18875.7348158836,20525.0516948318,17737.1063217682,45962807.5021243,49978928.4614689,43190223.398674
"2.1","afekta","pos","dopamine","[M + H]+","consensus",12567689.4625554,4.18900000002,657502.75,32.91799999998,2443.16046234473,757.053039550781,268.80989074707,5,"consensus","detected",7,31.6991127682838,1,1.2625987927434,0.749239848582421,0.967042206849727,830162.178375465,492627.260852526,635832.910369764,15867949.5429964,9416213.7499559,12153486.1528716
"2.1","afekta","pos","ethylmalonic acid","[M + H]+","consensus",13857.9867051769,1.197,5662.84326171875,101.14000000002,131.520278907179,266.340347290039,41.0317173843384,4,"consensus","detected",7,108.060848344177,3,1.2625987927434,1.63159559346042,1.27872319518017,7149.89906574118,9239.47011227736,7241.2090294295,17497.0772838104,22610.6300423998,17720.5290384081
"2.1","afekta","pos","ethylmalonic acid","[M + Na]+","consensus",31281.7746090476,30.52000000002,829.026794433594,101.739,11.7229709330472,246.961959838867,49.6516487091064,5,"consensus","detected",7,108.693801906629,3,1.2625987927434,1.63159559346042,1.28164128842338,1046.72822980379,1352.63646465847,1062.51496895537,39496.3308562546,51039.2056077442,40092.0139141094
"2.1","afekta","pos","methylmalonic acid","[M + Na]+","consensus",NA,NA,NA,102.93499999998,3.65370519967199,236.25,58.403029119873,5,"consensus","below_detection",7,109.939130965316,3,1.2625987927434,1.63159559346042,1.2873861126318,NA,NA,NA,NA,NA,NA
"2.1","afekta","pos","pyridoxamine","[M + H]+","own",4479304.74690113,2.394,1209026.875,23.94100000002,2782.60101129199,1351.28637695312,434.009613208008,5,"own","detected",7,NA,NA,1.2625987927434,NA,NA,1526515.87276932,NA,NA,5655564.76576714,NA,NA
"2.1","afekta","pos","pyridoxamine","[M + Na]+","consensus",31895.9217085483,1.197,7240.03173828125,24.54,97.4574405634442,253.821838378906,71.6847257583618,4,"consensus","detected",7,NA,NA,1.2625987927434,NA,NA,9141.2553321778,NA,NA,40271.752242651,NA,NA
"2.1","afekta","pos","tricaproin","[M + H]+","consensus",424127.648268295,1.197,174609.53125,569.73,1929.81707226504,371.384613037109,90.2873900024414,4,"consensus","detected",7,NA,NA,1.2625987927434,NA,NA,220461.783357741,NA,NA,535503.056672646,NA,NA
"2.10","afekta","pos","(5-hydroxyindol-3-yl)acetic acid","[M + H]+","consensus",2438964.5909993,1.79500000002002,952995.625,163.85200000002,22366.232791082,223.816665649414,42.5986717224121,4,"consensus","detected",8,158.497891066623,3,1.18206753106856,1.15220734206338,1.34752365470046,1126505.18556289,1098048.55607928,1284184.14751355,2883020.85244618,2810192.908782,3286562.47934839
"2.10","afekta","pos","(5-hydroxyindol-3-yl)acetic acid","[M + K]+","consensus",263123.435683231,1.19599999998002,91127.46875,163.85200000002,1000.40846283542,359.52018737793,90.7308883666992,4,"consensus","detected",8,158.497891066623,3,1.18206753106856,1.15220734206338,1.34752365470046,107718.82199784,104997.738557401,122796.419733602,311029.669984354,303172.75446316,354565.053689209
"2.10","afekta","pos","(S)-2-hydroxy-4-methylpentanoic acid","[M + H]+","consensus",2963.51564120019,1.79500000002,742.266906738281,207.53800000002,8.11960045286515,274.245697021484,57.6409162536621,5,"consensus","detected",8,209.027699048887,4,1.18206753106856,1.21192772007374,1.37748413717808,877.409609842017,899.573839969515,1022.46088958422,3503.07561727657,3591.56675444263,4082.19578603238
"2.10","afekta","pos","2-hydroxy-2-methylbutyric acid","[M + Na]+","consensus",NA,NA,NA,209.33299999998,3.92126889432095,266.387817382812,48.1865586639404,5,"consensus","below_detection",8,210.969759839641,4,1.18206753106856,1.21192772007374,1.38097622682557,NA,NA,NA,NA,NA,NA
"2.10","afekta","pos","3-methoxytyramine","[M + H]+","consensus",13768859.1409595,1.79500000002,3768067.75,44.16400000002,9984.59622733595,1021.57104492188,377.285780334473,4,"consensus","detected",8,43.6677076063405,2,1.18206753106856,2.21564809840332,1.22080770721007,4454110.54214157,8348712.14494239,4600086.1504897,16275721.3303848,30506946.5728501,16809129.3587732
"2.10","afekta","pos","4-hydroxy-L-proline","[M + H]+","consensus",13176610.6844751,10.77199999998,26461.802734375,33.99100000002,188.77750013757,341.021026611328,138.368087768555,4,"consensus","detected",8,32.4455908146038,1,1.18206753106856,0.820815473409862,1.21036180698265,31279.6378258459,21720.2571386944,32028.3553735966,15575643.6596491,10815565.9369149,15948466.3179682
"2.10","afekta","pos","4-hydroxy-L-proline","[M + Na]+","own",398087.628152857,0.598000000020001,276366.125,25.61200000002,3609.04020867765,279.702590942383,76.4985720428467,3,"own","detected",8,NA,NA,1.18206753106856,NA,NA,326683.423049735,NA,NA,470566.459759587,NA,NA
"2.10","afekta","pos","7,9-dihydro-1H-purine-2,6,8(3H)-trione","[M + H]+","consensus",158918.618222814,6.58300000002,16871.52734375,33.39199999998,73.7354407883168,447,222.749429150391,3,"consensus","detected",8,31.9800291583382,1,1.18206753106856,0.820815473409862,1.20991711520606,19943.2846725823,13848.4107038076,20413.1496928701,187852.538683469,130442.8608502,192278.35611268
"2.10","afekta","pos","L-pipecolic acid","[M + H]+","own",NA,NA,NA,27.408,16367.4111546643,884.098876953125,236.363580322266,1,"own","below_detection",8,27.0809079243694,1,1.18206753106856,0.820815473409862,NA,NA,NA,NA,NA,NA,NA
"2.10","afekta","pos","N-isovalerylglycine","[M + H]+","consensus",14536450.2562115,1.79500781249997,4252587,127.347,27811.0586767336,373.584411621094,152.896495779419,5,"consensus","detected",8,128.644206342688,3,1.18206753106856,1.15220734206338,1.32700039118261,5026845.01574426,4899861.96416327,5643184.6125381,17183065.8648609,16749004.712746,19289875.1763993
"2.10","afekta","pos","N-isovalerylglycine","[M + Na]+","consensus",265683.992793059,1.79500781249997,71531.109375,127.347,1339.80180904234,235.036338806152,53.213895185852,5,"consensus","detected",8,128.644206342688,3,1.18206753106856,1.15220734206338,1.32700039118261,84554.6018535014,82418.6694078135,94921.8101223514,314056.421405328,306123.047164876,352562.762367348
"2.10","afekta","pos","alpha-D-mannose","[M + Na]+","consensus",2271.40927009475,1.79600000004,969.402770996094,77.07799999998,6.71167665741694,323.778137207031,96.1942397918701,5,"consensus","detected",8,78.810297123203,2,1.18206753106856,2.21564809840332,1.25506967198951,1145.89954012237,2147.85540614441,1216.66801781979,2684.95914794714,5032.64362998112,2850.77688757175
"2.10","afekta","pos","glycinamide","[M + H]+","consensus",38245.5134066858,43.686,873.497619628906,37.581,23.2682379619462,242.804992675781,27.1053024291992,5,"consensus","detected",8,37.2313497798512,2,1.18206753106856,2.21564809840332,1.21487231538039,1032.53317462901,1935.36333989062,1061.18807563783,45208.7796070906,84738.5990519823,46463.4154252923
"2.10","afekta","pos","glycinamide","[M + Na]+","consensus",NA,NA,NA,32.79400000002,2.98328307611704,243.132354736328,63.2949802093506,5,"consensus","below_detection",8,31.6347669061661,1,1.18206753106856,0.820815473409862,1.20958657345283,NA,NA,NA,NA,NA,NA
"2.10","afekta","pos","quinolinic acid","[M + H]+","own",1744144.09968246,8.37800000004,101317.828125,37.581,83.129734946615,6133.29931640625,1145.01181640625,5,"own","detected",8,37.2313497798512,2,1.18206753106856,2.21564809840332,1.21487231538039,119764.514944948,224484.653219511,123088.224443532,2061696.10973944,3864409.55780282,2118912.38073828
"2.10","afekta","pos","trans-urocanic acid","[M + H]+","own",NA,NA,NA,27.408,7190.90000313426,1500.90563964844,444.874472314453,1,"own","below_detection",8,27.0809079243694,1,1.18206753106856,0.820815473409862,NA,NA,NA,NA,NA,NA,NA
"2.10","afekta","pos","uracil","[M + H]+","consensus",60623.1865415165,0.599000000039993,17981.892578125,33.39199999998,323.204872008318,265,54.816291809082,2,"consensus","detected",8,31.9800291583382,1,1.18206753106856,0.820815473409862,1.20991711520606,21255.8113637643,14759.8156693189,21756.5995940702,71660.7004406392,49760.4495606892,73349.0309749103
"2.2","afekta","pos","2-oxobutanoic acid","[M + H]+","consensus",NA,NA,NA,111.75199999998,4.87609241441773,225.942306518555,15.6578964233398,5,"consensus","below_detection",9,118.282352644741,3,1.04461213392811,1.71639828087561,1.34371043732277,NA,NA,NA,NA,NA,NA
"2.2","afekta","pos","2-oxobutanoic acid","[M + K]+","consensus",18510.0896706599,4.18899999996,2471.71508789062,101.57899999998,6.23311109214106,1062.46771240234,226.090527612305,5,"consensus","detected",9,108.525328698329,3,1.04461213392811,1.71639828087561,1.33963837626454,2581.98357242373,4242.44752766977,3311.20438693035,19335.8642700687,31770.6860895741,24796.8264709138
"2.2","afekta","pos","3,3',5-triiodo-L-thyronine","[M + H]+","consensus",3925309.55870993,6.58300000001998,14365.04296875,299.66299999998,152.359349210654,323.176788330078,92.1628128051758,5,"consensus","detected",9,301.4398760447,6,1.04461213392811,1.07217186594316,1.08700675526963,15005.8981895549,15401.7949241584,15614.8987467698,4100425.99445239,4208606.47396655,4266838.00684215
"2.2","afekta","pos","3-iodo-L-tyrosine","[M + H]+","consensus",3425123.84407251,19.15000000002,5326.02478027344,117.138,28.198129602655,393.70768737793,174.916462985229,4,"consensus","detected",9,122.555107792167,3,1.04461213392811,1.71639828087561,1.34459964405788,5563.63011107543,9141.57977676224,7161.37102379911,3577925.92772463,5878876.67775212,4605420.30159405
"2.2","afekta","pos","5-methoxysalicylic acid","[M + H]+","consensus",351475.818844977,1.79599999998001,139912.953125,253.58299999998,2079.97528459052,317.285705566406,67.1140991210937,4,"consensus","detected",9,254.997380739147,5,1.04461213392811,1.19259258500486,1.16345936446624,146154.76852809,166859.150443008,162783.035523407,367155.905147781,419167.455363031,408927.832818628
"2.2","afekta","pos","5-oxo-L-proline","[M + H]+","consensus",4018879.62410575,2.99299999998,1033869,32.16,10824.3778516619,287.038436889648,95.4865005386353,5,"consensus","detected",9,31.3404167827272,1,1.04461213392811,0.817690697778949,1.30867322441003,1079992.10229212,845385.064022024,1352996.67784758,4198170.42013731,3286200.48412463,5259400.15619425
"2.2","afekta","pos","L-methionine","[M + H]+","own",11428554.6703144,1.19600000003999,5483124,30.963,36053.3953298602,360.623733520508,152.073426818848,4,"own","detected",9,30.7645776987923,1,1.04461213392811,0.817690697778949,1.30853205443672,5727737.86223243,4483499.4895685,7174843.51245126,11938406.8818712,9345022.84297424,14954630.1219888
"2.2","afekta","pos","N,N-dimethyl-beta-alanine","[M + H]+","own",NA,NA,NA,NA,NA,NA,NA,0,"consensus","no_data",9,NA,NA,1.04461213392811,NA,NA,NA,NA,NA,NA,NA,NA
"2.2","afekta","pos","N,N-dimethyl-beta-alanine","[M + Na]+","consensus",5962.4692346164,1.197,2950.658203125,188.95099999998,10.4073903109346,627.534698486328,223.218639373779,5,"consensus","detected",9,187.651368471421,4,1.04461213392811,1.01705240191306,1.32769553742422,3082.29336205889,3000.97401271275,3917.57572875323,6228.46771065334,6064.14365639932,7916.34379482941
"2.2","afekta","pos","N-acetyl-L-phenylalanine","[M + H]+","consensus",8519448.24640249,36.50500000002,1186.83569335938,238.023,19.7677172942084,259.640625,46.9045087280273,5,"consensus","detected",9,239.816042874319,5,1.04461213392811,1.19259258500486,1.19489993828204,1239.78296626219,1415.4114475195,1418.14989674605,8899519.0125646,10160230.8069923,10179888.1838234
"2.2","afekta","pos","N-acetyl-L-phenylalanine","[M + Na]+","consensus",NA,NA,NA,240.417,0.14905206661329,470.171630859375,356.436275482178,5,"consensus","below_detection",9,242.134739467933,5,1.04461213392811,1.19259258500486,1.18950971538729,NA,NA,NA,NA,NA,NA
"2.2","afekta","pos","N-acetyl-L-proline","[M + H]+","consensus",28289347.885654,9.57499999997999,2457934.25,75.846,12156.638243455,475.507995605469,202.149532855225,5,"consensus","detected",9,77.1790531678204,2,1.04461213392811,2.12053422399958,1.32335243631449,2567587.94194749,5212133.69746575,3252713.27803834,29551396.0622677,59988530.3661596,37436777.4462285
"2.2","afekta","pos","alloxanthine","[M + H]+","consensus",1322557.9227185,2.99199999995999,354662.9375,35.74999999998,6929.46399338965,254.834358215332,51.1450962844849,5,"consensus","detected",9,34.5279006401393,2,1.04461213392811,2.12053422399958,1.30963135927506,370485.207967087,752074.896952976,464477.704922609,1381560.0538945,2804529.33834638,1732063.33004982
"2.2","afekta","pos","biotin","[M + H]+","consensus",NA,NA,NA,189.55000000002,2.76928182195971,344.26091003418,90.5951489501953,5,"consensus","below_detection",9,188.36326506567,4,1.04461213392811,1.01705240191306,1.32714099033575,NA,NA,NA,NA,NA,NA
"2.2","afekta","pos","biotin","[M + Na]+","consensus",34945.3986458515,77.79699999996,383.969818115234,169.203,16.2992696977914,203.742630004883,11.0573781188965,5,"consensus","detected",9,164.44541797551,3,1.04461213392811,1.71639828087561,1.32965685348415,401.099531065343,659.045135721109,510.548100187982,36504.3874504114,59980.2221602524,46465.388807192
"2.2","afekta","pos","corticosterone","[M + H]+","consensus",6690627.97785744,1.79499999996,2739372,320.01,22000.9497840048,389.424728393555,124.493833319092,4,"consensus","detected",9,321.761887201703,6,1.04461213392811,1.07217186594316,1.0676994125527,2861581.23054291,2937077.58875245,2924825.87516331,6989111.16926877,7173503.08335093,7143579.56156705
"2.2","afekta","pos","kynurenic acid","[M + H]+","own",13525392.9415791,1.79499999996003,4598932.5,156.63499999998,9397.22702675399,1841.30133056641,489.196566772461,5,"own","detected",9,150.920452656594,3,1.04461213392811,1.71639828087561,1.33047386329069,4804100.69261634,7893599.83686297,6118759.49028813,14128789.5829191,23214961.1930935,17995181.7995074
"2.2","afekta","pos","kynurenic acid","[M + Na]+","consensus",13525392.9415791,1.79499999996003,4598932.5,156.63499999998,8096.63313084395,1734.82257080078,567.791278564453,5,"consensus","detected",9,150.920452656594,3,1.04461213392811,1.71639828087561,1.33047386329069,4804100.69261634,7893599.83686297,6118759.49028813,14128789.5829191,23214961.1930935,17995181.7995074
"2.2","afekta","pos","trans-3-coumaric acid","[M + H]+","consensus",605013.079318581,1.79499999995997,265710.625,230.244,3157.93155255332,411.453765869141,84.0104248046875,4,"consensus","detected",9,232.254300509179,4,1.04461213392811,1.01705240191306,1.21386669357274,277564.542988622,270241.62937007,322537.277815896,632004.003841399,615330.005509778,734405.226160708
"2.2","afekta","pos","trans-3-coumaric acid","[M + Na]+","consensus",13543.9277194864,1.19599999997999,4952.41064453125,230.244,170.969831542075,274.265716552734,27.3624000549316,4,"consensus","detected",9,232.254300509179,4,1.04461213392811,1.01705240191306,1.21386669357274,5173.34825147207,5036.8611412803,6011.56633429159,14148.1512368208,13774.8842184405,16440.5227588411
"2.2","afekta","pos","tyramine","[M + H]+","consensus",10918461.7726019,37.70199999996,3265.01220703125,63.279,10.9010588096909,727.361541748047,232.789374829102,5,"consensus","detected",9,60.3442036244671,2,1.04461213392811,2.12053422399958,1.32104621870224,3410.67136888824,6923.57012678618,4313.23203011528,11405557.6514902,23152971.8622335,14423792.6387407
"2.2","afekta","pos","tyramine","[M + Na]+","consensus",4389.22941452186,5.38599999996001,536.437744140625,72.85399999998,5.27279390627904,233.789474487305,57.3980843994141,5,"consensus","detected",9,73.1930859849691,2,1.04461213392811,2.12053422399958,1.32264129235013,560.369376626319,1137.53459549533,709.514711175546,4585.04230500371,9307.51119047926,5805.37606524441
"2.3","afekta","pos","(R)-adrenaline","[M + H]+","own",6112052.45971964,1.197,2930208.75,27.30799999998,12651.2900141762,678.730438232422,231.559786889648,4,"own","detected",10,27.0299917258018,1,1.1531324621826,1.0100119998659,NA,3378918.83059648,2959545.99961206,NA,7048006.1018657,6173246.32812672,NA
"2.3","afekta","pos","2'-deoxyinosine","[M + H]+","consensus",327421.020699279,2.39399999999999,97676.6171875,42.26899999998,1437.28165731687,236.002975463867,67.7950725357056,5,"consensus","detected",10,42.4124537103073,2,1.1531324621826,1.40660754722042,1.17192250513657,112634.078075089,137392.666922897,114469.425907641,377559.807769298,460552.878834219,383712.062812271
"2.3","afekta","pos","2'-deoxyinosine","[M + K]+","consensus",160463.699809656,0.598999999979995,66255.3203125,39.876,2074.70784409906,227.627975463867,31.8250555252075,4,"consensus","detected",10,40.2191196565619,2,1.1531324621826,1.40660754722042,1.16980374094192,76401.1606446496,93195.2335950688,77505.7215588678,185035.901252437,225709.451207174,187711.036322717
"2.3","afekta","pos","2'-deoxyinosine","[M + Na]+","own",314583.178517737,2.39399999999999,97676.6171875,42.26899999998,1809.5261281647,244.913650512695,53.8437671722412,5,"consensus","detected",10,42.4124537103073,2,1.1531324621826,1.40660754722042,1.17192250513657,112634.078075089,137392.666922897,114469.425907641,362756.075205385,442495.073131637,368667.10664233
"2.3","afekta","pos","2'-deoxyuridine","[M + H]+","consensus",84909.5251343617,2.99200000002,21713.767578125,38.08000000002,479.771220239088,215.322860717773,44.8097839355469,5,"consensus","detected",10,37.9569115587701,2,1.1531324621826,1.40660754722042,1.16761567157833,25038.8502706239,30542.7493539806,25353.3353132283,97911.9297809415,119434.378884895,99141.6922131551
"2.3","afekta","pos","2'-deoxyuridine","[M + K]+","consensus",659744.639419901,1.79599999998,265242.625,38.08000000002,11898.1320575973,233.623031616211,22.2731602478027,5,"consensus","detected",10,37.9569115587701,2,1.1531324621826,1.40660754722042,1.16761567157833,305859.881242025,373092.278169555,309701.445720575,760772.960466039,928001.789046246,770328.180226473
"2.3","afekta","pos","2-hydroxy-3-methylbutyric acid","[M + Na]+","consensus",NA,NA,NA,115.87699999998,2.00677468406615,261.198295593262,78.8028956726074,5,"consensus","below_detection",10,121.616377321186,3,1.1531324621826,1.41325784871933,1.25846519714649,NA,NA,NA,NA,NA,NA
"2.3","afekta","pos","2-hydroxy-4-(methylthio)butanoic acid","[M + H]+","consensus",209500.308585267,18.55100000004,1240.97845458984,110.49100000002,16.9315392621015,260.330688476562,57.9184060546875,3,"consensus","detected",10,117.186444181559,3,1.1531324621826,1.41325784871933,1.25322833769429,1431.01254085673,1753.82254104068,1555.22936576006,241581.606666942,296077.95541725,262551.723474756
"2.3","afekta","pos","2-hydroxy-4-(methylthio)butanoic acid","[M + Na]+","consensus",NA,NA,NA,129.04300000002,3.97889938331174,288.667419433594,63.6297393264771,5,"consensus","below_detection",10,129.470368667547,3,1.1531324621826,1.41325784871933,1.26748407596908,NA,NA,NA,NA,NA,NA
"2.3","afekta","pos","6-hydroxynicotinic acid","[M + H]+","own",2798596.3962427,1.197,1357866,42.26899999998,11757.1180335518,330.002075195312,115.465030975342,3,"consensus","detected",10,42.4124537103073,2,1.1531324621826,1.40660754722042,1.17192250513657,1565799.36389403,1909984.563714,1591313.72435977,3227152.35305468,3936526.81257885,3279738.09955092
"2.3","afekta","pos","L-isoglutamine","[M + H]+","consensus",1078768.17167013,1.197,479890.6875,24.915,12903.3941137027,298.023803710938,37.1679466247558,4,"consensus","detected",10,NA,NA,1.1531324621826,NA,NA,553377.530055373,NA,NA,1243962.59792219,NA,NA
"2.3","afekta","pos","L-isoglutamine","[M + Na]+","consensus",1078245.56273159,1.197,479890.6875,24.915,11622.2781244456,299.586898803711,41.2648101745605,4,"consensus","detected",10,NA,NA,1.1531324621826,NA,NA,553377.530055373,NA,NA,1243359.96059014,NA,NA
"2.3","afekta","pos","L-proline","[M + H]+","own",14937577.4293301,1.197,6683520,26.71000000002,30489.8483454869,941.966003417969,219.173869226074,5,"own","detected",10,NA,NA,1.1531324621826,NA,NA,7706983.87364662,NA,NA,17225005.4401266,NA,NA
"2.3","afekta","pos","N-acetyl-L-leucine","[M + H]+","own",12676118.7531331,1.197,5701448,204.447,55535.5694043492,291.551666259766,102.657747268677,5,"own","detected",10,205.625187281311,4,1.1531324621826,1.03846091895685,1.35148317820683,6574524.77024603,5920730.92946472,7705411.06342095,14617244.0287193,13163653.9291848,17131561.2598115
"2.3","afekta","pos","N-acetyl-L-tryptophan","[M + H]+","consensus",27958.8266056834,NA,1538.93029785156,231.37600000002,55.6763901705413,236.044998168945,23.4010375976563,2,"consensus","detected",10,233.360027889199,4,1.1531324621826,1.03846091895685,1.35994493172979,1774.59048348896,1598.11897131748,2092.86045884864,32240.2305635479,29034.1487698933,38022.4645395111
"2.3","afekta","pos","N-acetyl-L-tryptophan","[M + Na]+","consensus",341553.536966248,0.598000000020022,192730.578125,231.975,1324.87397098953,347.953125,145.208245623779,4,"consensus","detected",10,233.944137380812,4,1.1531324621826,1.03846091895685,1.35971247807106,222243.886091156,200143.173270773,262058.171982413,393856.471049064,354689.999870934,464414.606142314
"2.3","afekta","pos","N-acetylserotonin","[M + H]+","consensus",10336980.0650907,1.79499999996,3562967.25,179.91100000002,4639.63917238747,2545.04760742188,767.39204711914,5,"consensus","detected",10,176.896637035752,3,1.1531324621826,1.41325784871933,1.31753998621884,4108573.19766845,5035391.43079243,4694351.82146318,11919907.2739904,14608818.2090447,13619384.572504
"2.3","afekta","pos","N-acetylserotonin","[M + Na]+","own",850016.714427495,1.79499999996,339614.46875,179.91100000002,4688.53813172271,281.520050048828,72.375000302124,5,"own","detected",10,176.896637035752,3,1.1531324621826,1.41325784871933,1.31753998621884,391620.468542522,479962.813499583,447455.642476594,980181.866804137,1201292.79320727,1119931.01021259
"2.3","afekta","pos","gamma-aminobutyric acid","[M + H]+","consensus",19870.1783904354,NA,3525.60571289062,25.51300000002,61.1239136354789,280.440216064453,53.0915856628418,3,"consensus","detected",10,NA,NA,1.1531324621826,NA,NA,4065.49039639058,NA,NA,22912.9477313702,NA,NA
"2.3","afekta","pos","imidazol-4-ylacetic acid","[M + H]+","consensus",8894106.64697529,5.98399999998,82342.578125,29.10400000002,432.289838013739,477.278106689453,189.375952935791,5,"consensus","detected",10,28.9640778241236,1,1.1531324621826,1.0100119998659,NA,94951.8998557439,83166.9920061453,NA,10256083.0967412,8983154.4415321,NA
"2.3","afekta","pos","imidazol-4-ylacetic acid","[M + Na]+","own",8890897.2443866,5.98399999998,82342.578125,29.10400000002,335.488104074356,606.888916015625,243.632153320312,5,"consensus","detected",10,28.9640778241236,1,1.1531324621826,1.0100119998659,NA,94951.8998557439,83166.9920061453,NA,10252382.230432,8979912.90640512,NA
"2.3","afekta","pos","serotonin","[M + H]+","own",6521603.16220892,1.197,2843553,43.46599999998,13862.6752155031,861.724838256836,205.060800384521,4,"own","detected",10,43.2436080134255,2,1.1531324621826,1.40660754722042,1.17272494010185,3278993.2722367,3999763.11072126,3334705.52160143,7520272.31181577,9173336.22793961,7648046.67776948
"2.3","afekta","pos","taurocyamine","[M + H]+","own",2461937.1494038,1.79499999996,1053964.625,26.11099999998,21313.2026588564,285.143905639648,49.4378765106201,4,"own","detected",10,NA,NA,1.1531324621826,NA,NA,1215360.82307961,NA,NA,2838939.6468308,NA,NA
"2.3","afekta","pos","trans-3-hexenedioic acid","[M + H]+","consensus",558255.016846456,1.79500000002001,200166.1875,80.56900000002,4114.27349032133,262.040924072266,48.5879577636719,5,"consensus","detected",10,83.3901921399866,2,1.1531324621826,1.40660754722042,1.21307726331307,230818.128637578,281555.270035837,242817.050940311,643741.98210194,785245.719969887,677206.46806689
"2.3","afekta","pos","trans-3-hexenedioic acid","[M + Na]+","own",203042.806577788,2.39300000004,72372.09375,79.971,647.62933793018,273.665397644043,111.326686624145,4,"consensus","detected",10,82.6107112305895,2,1.1531324621826,1.40660754722042,1.21220382215221,83454.6106592471,101799.133276894,87729.7286609082,234135.251477509,285601.544141132,246129.266194107
"2.4","afekta","pos","(R)-carnitine","[M + H]+","consensus",20021105.9713678,31.71799999998,8333.0673828125,48.228,23.5126232747329,651.238342285156,326.710845947266,5,"consensus","detected",11,45.6838990199546,2,1.11348078494124,2.00942831511645,1.29747092069873,9278.71041038229,16744.7015507968,10811.9126094223,22293116.7923903,40230977.2388135,25976802.7980774
"2.4","afekta","pos","(S)-methylsuccinic acid","[M + H]+","consensus",5206.41745970845,2.99200000002,756.090515136719,82.33900000002,16.5241035403227,258.017501831055,30.1422108673096,4,"consensus","detected",11,85.6832922778897,2,1.11348078494124,2.00942831511645,1.41107722320274,841.892260281059,1519.30968990671,1066.90210458905,5797.24579976793,10461.9226638548,7346.65709187966
"2.4","afekta","pos","1-hexadecanoyl-sn-glycero-3-phosphocholine","[M + H]+","consensus",15468096.0174127,1.79500000002002,6312550.5,445.59700000002,12369.3307028223,1903.82446289062,510.184975012207,5,"consensus","detected",11,447.304558051398,8,1.11348078494124,0.596253978316792,0.845824650280811,7028903.68572121,3763883.34895066,5339310.81904246,17223427.6950151,9222913.78736845,13083296.9044381
"2.4","afekta","pos","1-hexadecanoyl-sn-glycero-3-phosphocholine","[M + Na]+","consensus",294971.306413895,2.39300000003999,90715.3046875,446.196,1514.34563713366,330.91748046875,59.6854410186768,4,"consensus","detected",11,447.905807708626,8,1.11348078494124,0.596253978316792,0.84518320466227,101009.748669621,54089.3613141418,76671.0519276955,328444.881800886,175877.814938586,249304.794038312
"2.4","afekta","pos","2'-deoxyadenosine","[M + H]+","consensus",10611892.345503,43.686,4622.79174804688,67.37800000002,16.1547033505196,649.018249511719,245.98244934082,5,"consensus","detected",11,65.8459781372452,2,1.11348078494124,2.00942831511645,1.35930122812508,5147.38978423512,9289.16863341207,6283.76650048663,11816138.2185826,21323836.9560213,14424758.2979734
"2.4","afekta","pos","2-Methyl-4-pentenoic acid","[M + H]+","consensus",377057.683092328,1.79500000001997,154530.265625,270.84799999998,1336.79036827534,359.598419189453,115.328978173828,5,"consensus","detected",11,272.270383553628,5,1.11348078494124,1.16060293085417,1.32063056297539,172066.481465303,179348.279190048,204077.39168908,419846.48493777,437614.252098039,497953.900296417
"2.4","afekta","pos","3-methylbut-2-enoic acid","[M + H]+","consensus",15775.5004803219,33.513,632.12890625,611.97,14.9062671326906,357.246948242188,18.4406971618652,5,"consensus","detected",11,NA,NA,1.11348078494124,NA,NA,703.863390715296,NA,NA,17565.7166576697,NA,NA
"2.4","afekta","pos","4-guanidinobutanoic acid","[M + H]+","own",20676981.4218483,1.197,9586657,27.88099999998,12129.9185634373,2103.43780517578,790.158112939453,4,"own","detected",11,27.4328487245499,1,1.11348078494124,0.750386034032536,NA,10674558.3613224,7193693.52586025,NA,23023421.503815,15515718.0849052,NA
"2.4","afekta","pos","5,6-dihydroxyindole-2-carboxylic acid","[M + H]+","consensus",815914.850363948,7.18100000004,17577.044921875,145.176,231.995086523465,286.289276123047,74.5306976318359,5,"consensus","detected",11,140.312730468686,3,1.11348078494124,2.388129458139,1.55329319733006,19571.7017765568,41976.2587649622,27302.3043063133,908505.508028462,1948510.28948722,1267354.98667089
"2.4","afekta","pos","5,6-dimethylbenzimidazole","[M + H]+","own",55020627.2118805,31.71700000002,45058.55078125,201.429,6.98945158605809,9873.14404296875,5034.07260284424,5,"consensus","detected",11,202.229529965794,4,1.11348078494124,1.64277643935227,1.66730000671853,50171.8304922209,74021.1256147954,75126.1220203054,61264411.1758439,90386590.0620617,91735892.1200261
"2.4","afekta","pos","5-methoxytryptamine","[M + H]+","consensus",43034.5856077044,8.37800000004,6428.0029296875,191.25499999998,12.2219738352005,1170.0185546875,430.20746451416,5,"consensus","detected",11,190.385866759872,4,1.11348078494124,1.64277643935227,1.685435830839,7157.45774775302,10559.771764978,10833.9864584334,47918.1841620876,70696.2033136251,72532.0325485332
"2.4","afekta","pos","Dimethyl adipate","[M + H]+","consensus",NA,NA,NA,139.78999999998,3.86430960253532,403.558624267578,183.726617431641,3,"consensus","below_detection",11,136.089883561105,3,1.11348078494124,2.388129458139,1.54817973067415,NA,NA,NA,NA,NA,NA
"2.4","afekta","pos","Homocysteine thiolactone","[M + H]+","own",3867572.86428222,1.79499999996,882611.25,27.88099999998,2866.49382296868,973.5927734375,307.566564477539,4,"consensus","detected",11,27.4328487245499,1,1.11348078494124,0.750386034032536,NA,982770.667447967,662299.155479999,NA,4306468.0687384,2902172.66296059,NA
"2.4","afekta","pos","L-tryptophanamide","[M + H]+","consensus",13087133.5060563,2.39400000000001,4349996,81.741,11905.5043139519,1068.17126464844,365.287157440185,5,"consensus","detected",11,84.9110155686128,2,1.11348078494124,2.00942831511645,1.40879872807753,4843636.96057125,8741005.1330433,6128268.83194232,14572271.6889543,26297656.6307788,18437137.0375129
"2.4","afekta","pos","N-acetyl-alpha-D-galactosamine","[M + H]+","consensus",560290.209456734,7.77999804684,4923.302734375,31.47199999998,111.584887863652,253.601173400879,41.8488708496094,5,"consensus","detected",11,31.031896620749,1,1.11348078494124,0.750386034032536,1.25406919855614,5482.00299317522,3694.3776131892,6174.16231434693,623872.382220775,420433.948181498,702642.69393226
"2.4","afekta","pos","citraconic acid","[M + H]+","own",437182.022275367,1.79499999996,146170.765625,45.23599999998,3639.64837317525,281.499938964844,40.0833406768799,5,"consensus","detected",11,44.2533055558441,2,1.11348078494124,2.00942831511645,1.29289299767552,162758.338843587,293719.675289125,188983.159341432,486793.781325374,878485.934419993,565229.575309444
"2.4","afekta","pos","citraconic acid","[M + K]+","consensus",22953.2468353383,22.74100000002,2130.09741210938,45.23599999998,15.9273391000706,328.26123046875,113.128512573242,5,"consensus","detected",11,44.2533055558441,2,1.11348078494124,2.00942831511645,1.29289299767552,2371.82253843685,4280.27805384886,2753.98802848296,25557.9993031625,46122.9041147859,29676.0921073266
"2.4","afekta","pos","cortisol","[M + H]+","consensus",6989283.17687859,1.79599999997993,3021521.25,287.00599999998,37706.5798364959,320.388458251953,80.123969732666,4,"consensus","detected",11,288.63564583542,5,1.11348078494124,1.16060293085417,1.2333033616365,3364405.85316663,3506786.41838815,3726452.31488112,7782432.51796736,8111782.53965503,8619906.43747379
"2.4","afekta","pos","cortisol","[M + Na]+","consensus",105237.808774462,1.19699999999995,58381.875,287.00599999998,1292.41574302013,299.015213012695,44.9413125,4,"consensus","detected",11,288.63564583542,5,1.11348078494124,1.16060293085417,1.2333033616365,65007.0960013413,67758.1752337618,72002.5626961419,117180.277919684,122139.309300311,129790.143332803
"2.4","afekta","pos","creatinine","[M + H]+","own",11450252.3552157,1.79499999996,5146385.5,25.488,18224.1160961858,1032.00830078125,282.337615966797,4,"consensus","detected",11,NA,NA,1.11348078494124,NA,NA,5730401.36615021,NA,NA,12749635.9802608,NA,NA
"2.4","afekta","pos","phosphoenolpyruvic acid","[M + K]+","consensus",22953.2468353383,22.74100000002,2130.09741210938,45.23599999998,15.9273391000706,328.26123046875,113.128512573242,5,"consensus","detected",11,44.2533055558441,2,1.11348078494124,2.00942831511645,1.29289299767552,2371.82253843685,4280.27805384886,2753.98802848296,25557.9993031625,46122.9041147859,29676.0921073266
"2.5","afekta","pos","2-phenylethylamine","[M + H]+","own",30154556.3775235,2.99200000002001,5671206,78.60499999998,1857.72511663949,19779.603515625,3042.12197265625,5,"own","detected",12,80.8219939896171,2,0.976166916321466,1.57972106498266,1.33611185538344,5536043.6728438,8958923.58205606,7577365.57092169,29435880.3120889,47635787.9147811,40289860.2698374
"2.5","afekta","pos","3-hydroxybenzoic acid","[M + H]+","consensus",98716.3263426174,1.79600000004001,40259.4921875,179.14300000002,1074.9640752736,242.168243408203,37.2266616760254,4,"consensus","detected",12,175.987745168166,3,0.976166916321466,1.65279499427785,1.39011443185359,39299.98434134,66540.687159668,55965.3011089406,96363.6118764563,163157.850032576,137226.989908441
"2.5","afekta","pos","3-hydroxybenzoic acid","[M + Na]+","consensus",1224.82809986288,NA,767.306945800781,180.34000000002,6.46461521810535,279.933654785156,75.3909203521728,5,"consensus","detected",12,177.404987628079,3,0.976166916321466,1.65279499427785,1.39125967940711,749.019655154391,1268.20107909415,1067.52321542164,1195.63666926703,2024.38975230421,1704.05394954405
"2.5","afekta","pos","5-aminolevulinic acid","[M + H]+","consensus",19914.1219868076,1.79599999998,3483.28930664062,61.848,71.9934572642191,382.020416259766,43.0770935058594,4,"consensus","detected",12,58.4438075391528,2,0.976166916321466,1.57972106498266,1.32063684745356,3400.27178111891,5502.62549312904,4600.16020869058,19439.5070511115,31458.7579931943,26299.3232804633
"2.5","afekta","pos","5-aminolevulinic acid","[M + Na]+","own",NA,NA,NA,40.305,3.12370901348171,259.185699462891,114.258911132812,5,"consensus","below_detection",12,40.6744759182071,2,0.976166916321466,1.57972106498266,1.30153997297867,NA,NA,NA,NA,NA,NA
"2.5","afekta","pos","5-hydroxymethyl-2-furoic acid","[M + H]+","consensus",NA,NA,NA,77.40799999998,0.774750789016761,492.72998046875,28.1397190429687,4,"consensus","below_detection",12,79.2460476305375,2,0.976166916321466,1.57972106498266,1.33498715510304,NA,NA,NA,NA,NA,NA
"2.5","afekta","pos","5-hydroxymethyl-2-furoic acid","[M + Na]+","consensus",NA,NA,NA,65.43900390624,-3.2950792183305,432.314041137695,58.0342674255371,3,"consensus","below_detection",12,63.2408126795557,2,0.976166916321466,1.57972106498266,1.32493070918476,NA,NA,NA,NA,NA,NA
"2.5","afekta","pos","5-oxo-L-proline","[M + Na]+","consensus",23951.472342462,2.99200000002,5045.39990234375,33.123,66.1751143342005,270.515625,72.1552856445313,5,"consensus","detected",12,31.8130527438736,1,0.976166916321466,1.00855792323796,1.29319300239418,4925.15246427952,5088.57804741283,6524.67584799119,23380.6348979,24156.447204205,30973.8764303095
"2.5","afekta","pos","N-acetyl-L-valine","[M + H]+","consensus",11980152.3242378,2.39399999999999,3735452,126.48,29632.711231454,370.4931640625,126.045891571045,5,"consensus","detected",12,128.222436528402,3,0.976166916321466,1.65279499427785,1.36910793393031,3646424.65990685,6173936.36696517,5114236.97001584,11694628.3514127,19800735.7921863,16402121.5968076
"2.5","afekta","pos","N-acetyl-L-valine","[M + Na]+","consensus",373054.932464035,2.99200000001998,101628.953125,125.88100000002,1772.63109744254,255.010986328125,57.1884033203125,5,"consensus","detected",12,127.92641421899,3,0.976166916321466,1.65279499427785,1.36903146305044,99206.8217810101,167971.824998698,139133.234385004,364163.88304193,616583.324967217,510723.939989423
"2.5","afekta","pos","N-carbamoyl-beta-alanine","[M + H]+","own",579409.274595875,0.597999999960003,280881.53125,29.53300000002,5346.63785273936,246.350364685059,52.4881595901489,4,"consensus","detected",12,29.53300000002,1,0.976166916321466,1.00855792323796,NA,274187.258211964,283285.293833399,NA,565600.164870313,584367.81469123,NA
"2.5","afekta","pos","N-carbamoyl-beta-alanine","[M + Na]+","consensus",50938.5617826337,NA,16031.857421875,29.53300000002,648.728068702275,235.328948974609,24.35,3,"consensus","detected",12,29.53300000002,1,0.976166916321466,1.00855792323796,NA,15649.7688224171,16169.0568270534,NA,49724.538777204,51374.4900842217,NA
"2.5","afekta","pos","Phenylglyoxal","[M + H]+","consensus",33846.8594662037,1.19600000003999,13528.859375,155.205,42.7332069156581,733.548706054688,299.423132324219,5,"consensus","detected",12,149.492225525632,3,0.976166916321466,1.65279499427785,1.36733828732499,13206.4249374405,22360.4310532889,18498.5274072732,33040.1844322901,55941.9198977672,46280.1068538487
"2.5","afekta","pos","Phenylglyoxal","[M + Na]+","consensus",33846.8594662037,1.19600000003999,13528.859375,155.205,41.2455128137528,733.548706054688,310.223095703125,5,"consensus","detected",12,149.492225525632,3,0.976166916321466,1.65279499427785,1.36733828732499,13206.4249374405,22360.4310532889,18498.5274072732,33040.1844322901,55941.9198977672,46280.1068538487
"2.5","afekta","pos","cis-4-hydroxy-D-proline","[M + H]+","consensus",13708494.1102568,1.19599999998,6270970,25.94200000002,43968.8175749074,381.608581542969,142.614442172241,5,"consensus","detected",12,NA,NA,0.976166916321466,NA,NA,6121513.44724442,NA,NA,13381778.4230204,NA,NA
"2.5","afekta","pos","cis-4-hydroxy-D-proline","[M + Na]+","own",401215.734317592,0.598999999980002,276879.9375,25.344,33960.4323370926,196.738410949707,8.1472225189209,3,"own","detected",12,NA,NA,0.976166916321466,NA,NA,270281.034780655,NA,NA,391653.526148456,NA,NA
"2.5","afekta","pos","hypoxanthine","[M + H]+","own",21923101.5304326,1.197,7019050.5,31.32799999998,24204.3214667609,1397.94494628906,289.933868408203,5,"own","detected",12,30.9614579728123,1,0.976166916321466,1.00855792323796,1.29252341626784,6851764.88208964,7079118.99538239,9072287.13121646,21400606.4171648,22110717.7504681,28336122.0853014
"2.5","afekta","pos","inosine","[M + H]+","consensus",2627153.90792278,3.59100000000001,623938.375,37.911,9333.7283192125,245.12491607666,66.821448916626,5,"consensus","detected",12,37.7144047266296,2,0.976166916321466,1.57972106498266,1.29851850453925,609067.999498377,985648.594238551,810195.52562965,2564540.72899887,4150170.36929714,3411407.96371034
"2.5","afekta","pos","picolinic acid","[M + H]+","consensus",6350537.60435959,0.597999999960003,2213259.25,29.53300000002,2950.07872537272,4031.19848632812,748.870880126953,4,"consensus","detected",12,29.53300000002,1,0.976166916321466,1.00855792323796,NA,2160510.45709246,2232200.15276721,NA,6199184.71023121,6404885.0176975,NA
"2.5","afekta","pos","picolinic acid","[M + Na]+","consensus",28119.3578785014,3.591,4027.59387207031,25.94200000002,162.720767253222,264.014678955078,23.1290649414063,4,"consensus","detected",12,NA,NA,0.976166916321466,NA,NA,3931.60389029411,NA,NA,27449.1868691964,NA,NA
"2.5","afekta","pos","pyridin-2-ol","[M + H]+","consensus",3176061.04295428,1.79600000004,1479085.875,42.10000000002,9091.30773778276,332.905624389648,162.655693991089,4,"consensus","detected",12,42.2827458798942,2,0.976166916321466,1.57972106498266,1.30324903597504,1443834.69757339,2336543.11365581,1927617.24071805,3100365.71434942,5017290.53322568,4139198.49242805
"2.5","afekta","pos","pyridoxal","[M + H]+","consensus",16015742.5418919,2.394,3788647.25,29.53300000002,5276.07834183027,2455.77526855469,717.61471862793,4,"consensus","detected",12,29.53300000002,1,0.976166916321466,1.00855792323796,NA,3698352.1030623,3821070.20234122,NA,15634038.0097171,16152804.0371644,NA
"2.5","afekta","pos","trans-cinnamic acid","[M + H]+","consensus",76126.9640419126,1.19699999999995,33617.05859375,347.90299999998,116.136650623897,589.527801513672,284.385080978394,5,"consensus","detected",12,349.335774356718,7,0.976166916321466,0.93437595353732,1.01239277850195,32815.860423259,31410.9711786551,34033.6673547893,74312.623737709,71131.2046165634,77070.3886453097
"2.5","afekta","pos","xanthurenic acid","[M + H]+","own",2385775.3980524,17.355,76228.90625,160.59100000002,13.3669389816158,5849.11669921875,5265.21364746094,5,"consensus","detected",12,155.002744295344,3,0.976166916321466,1.65279499427785,1.36982583137862,74412.1363486206,125990.754669275,104420.324878989,2328915.01335243,3943197.63537224,3268096.76811978
"2.6","afekta","pos","3-methyladipic acid","[M + H]+","own",291195.803109693,1.197,123882.328125,173.844,7826.26756654084,251.934997558594,15.7968523406982,4,"consensus","detected",13,169.77253667478,3,1.20222473146819,1.26444163713299,1.23726277708577,148934.398663733,156641.973786221,153274.993327788,350082.796198215,368200.098010275,360285.72803122
"2.6","afekta","pos","3-methyladipic acid","[M + Na]+","consensus",121756.270369529,1.79599999998001,49408.41015625,173.844,791.421050367584,293.368408203125,62.0593067687988,5,"consensus","detected",13,169.77253667478,3,1.20222473146819,1.26444163713299,1.23726277708577,59400.0126323679,62474.0510261068,61131.1867613147,146378.399449576,153953.697837254,150644.501205009
"2.6","afekta","pos","4-hydroxy-4-methyloxan-2-one","[M + H]+","consensus",3964952.78457571,66.42699999996,3311.93627929688,76.29799999998,14.0559748679887,522.14949798584,198.4769329422,5,"consensus","detected",13,77.7783102251797,2,1.20222473146819,1.54381828845388,1.07401016260845,3981.69170401745,5113.02779817243,3557.05322187648,4766764.29672059,6121166.62168413,4258399.584897
"2.6","afekta","pos","5-aminopentanoic acid","[M + H]+","consensus",353307.931010822,2.99200000002,62045.78125,154.095,8.45639982864803,45420.64453125,1965.9828125,5,"consensus","detected",13,148.402300165235,3,1.20222473146819,1.26444163713299,1.20346748530171,74592.9727020154,78453.2692209451,74670.0803345176,424755.532485068,446737.258699392,425194.607270744
"2.6","afekta","pos","5-aminopentanoic acid","[M + Na]+","consensus",1434.49826406526,NA,1652.00952148438,163.07200000002,5.34296636975616,593.1845703125,198.171741668701,4,"consensus","detected",13,157.652102644209,3,1.20222473146819,1.26444163713299,1.21728665801554,1986.08670334945,2088.86962390499,2010.96914941757,1724.58929030744,1813.8393334791,1746.19559779309
"2.6","afekta","pos","5-hydroxymethyluracil","[M + H]+","consensus",16803.1552736793,3.591,2592.52661132812,39.79300000002,87.9056973578437,254.183822631836,26.6005828857422,4,"consensus","detected",13,40.1274905632563,2,1.20222473146819,1.54381828845388,1.00752928347838,3116.79960912809,4002.38999587172,2612.04647911006,20201.1688367174,25941.0184152364,16929.6709930661
"2.6","afekta","pos","5-hydroxymethyluracil","[M + Na]+","consensus",18673.6996931404,14.36300000004,2161.6572265625,30.21799999998,48.3468756311373,255.389251708984,39.4289796386719,3,"consensus","detected",13,30.2379986992166,1,1.20222473146819,0.712190429933068,0.990573070982069,2598.79777873038,1539.51158955347,2141.2794373266,22449.9835991034,13299.2302128987,18497.664051631
"2.6","afekta","pos","esculin","[M + H]+","consensus",13593.7001398833,1.19699999999997,786.152282714844,154.69399999998,35.4682108562127,241.016662597656,15.3696960449219,3,"consensus","detected",13,148.988393673399,3,1.20222473146819,1.26444163713299,1.20426946815638,945.131716979959,994.043679391791,946.739191394931,16342.6825003303,17188.4404595689,16370.4780377346
"2.6","afekta","pos","esculin","[M + K]+","consensus",103531.01370806,1.79599999997998,34988.28125,153.49699999998,661.264984855618,269.788467407227,52.5031471160889,5,"consensus","detected",13,147.822123254562,3,1.20222473146819,1.26444163713299,1.20268568646457,42063.7770303148,44240.6396242194,42079.9050533717,124467.545153802,130908.924467057,124515.268291851
"2.6","afekta","pos","esculin","[M + Na]+","consensus",103531.01370806,1.79599999997998,34988.28125,153.49699999998,661.264984855618,269.788467407227,52.5031471160889,5,"consensus","detected",13,147.822123254562,3,1.20222473146819,1.26444163713299,1.20268568646457,42063.7770303148,44240.6396242194,42079.9050533717,124467.545153802,130908.924467057,124515.268291851
"2.6","afekta","pos","guanine","[M + H]+","consensus",3971957.10061177,1.197,1818526.25,27.82399999998,5620.16898912158,846.385772705078,323.420855804443,4,"consensus","detected",13,27.3813440018119,1,1.20222473146819,0.712190429933068,NA,2186277.23257411,1295136.99183207,NA,4775185.05868616,2828789.8351604,NA
"2.6","afekta","pos","indole-3-butyric acid","[M + H]+","consensus",3083978.86094799,1.79500000002002,1374465.125,305.50000000002,23729.709936633,307.606964111328,57.9087364196778,4,"consensus","detected",13,307.312341275276,6,1.20222473146819,1.16154435495827,1.30039426129099,1652415.96581552,1596502.20703076,1787346.5608946,3707635.65795678,3582178.23674476,4010388.41271949
"2.6","afekta","pos","indole-3-butyric acid","[M + K]+","consensus",3083978.86094799,1.79500000002002,1374465.125,305.50000000002,23729.709936633,307.606964111328,57.9087364196778,4,"consensus","detected",13,307.312341275276,6,1.20222473146819,1.16154435495827,1.30039426129099,1652415.96581552,1596502.20703076,1787346.5608946,3707635.65795678,3582178.23674476,4010388.41271949
"2.6","afekta","pos","isonicotinic acid","[M + H]+","consensus",11773124.1573294,2.394,1589041.375,29.02099999998,3627.84712934757,2354.54956054688,437.363198852539,4,"consensus","detected",13,28.8477749967729,1,1.20222473146819,0.712190429933068,NA,1910384.84035122,1131700.06004268,NA,14153941.028587,8384706.35526381,NA
"2.6","afekta","pos","lipoamide","[M + H]+","consensus",3874603.80764752,1.197,1569449,267.19999999998,14552.8359536854,374.223037719727,107.819175723267,5,"consensus","detected",13,268.59283745619,5,1.20222473146819,1.34063830248871,1.28478797881361,1886830.40257802,2104063.44320261,2016409.20856104,4658144.52219467,5194442.27150088,4978044.39473097
"2.6","afekta","pos","lipoamide","[M + Na]+","own",375840.68873134,1.79600000003995,132174.953125,267.19999999998,6339.01465384484,300.814514160156,20.8035705566406,5,"own","detected",13,268.59283745619,5,1.20222473146819,1.34063830248871,1.28478797881361,158903.997527524,177198.804789025,169816.790875252,451844.971084855,503866.422946972,482875.598831053
"2.6","afekta","pos","phenylacetylglycine","[M + H]+","consensus",7231546.44941445,1.197,3341045.75,191.79700000002,48393.6597602392,307.185287475586,69.0325671020508,4,"consensus","detected",13,191.027413350321,4,1.20222473146819,1.21625091271499,1.26622295698062,4016687.82961669,4063549.94286005,4230508.82897254,8693943.98824704,8795374.96944119,9156750.12872027
"2.6","afekta","pos","phenylacetylglycine","[M + Na]+","consensus",236333.272118183,1.197,123011.9140625,191.79700000002,1588.14731153077,242.265625,77.303690625,3,"consensus","detected",13,191.027413350321,4,1.20222473146819,1.21625091271499,1.26622295698062,147887.965351177,149613.352753334,155760.509568065,284125.704609282,287440.557918661,299250.614654391
"2.6","afekta","pos","pyrimidine","[M + H]+","consensus",NA,NA,NA,NA,NA,NA,NA,0,"consensus","no_data",13,NA,NA,1.20222473146819,NA,NA,NA,NA,NA,NA,NA,NA
"2.6","afekta","pos","pyrrolidin-2-one","[M + H]+","consensus",4504718.61986413,20.34700000002,3032.84814453125,54.75400000002,40.3906269128435,275.535766601562,68.2661446151733,5,"consensus","detected",13,50.1207995777381,2,1.20222473146819,1.54381828845388,1.0256371181077,3646.16504614288,4682.16643163077,3110.60163061532,5415684.13310592,6954466.98968498,4620206.62316354
"2.6","afekta","pos","xanthosine","[M + H]+","consensus",NA,NA,NA,58.34500000002,0.674490759476595,199.145835876465,33.3276087295532,3,"consensus","below_detection",13,54.0186082798461,2,1.20222473146819,1.54381828845388,1.03275514186581,NA,NA,NA,NA,NA,NA
"2.6","afekta","pos","xanthosine","[M + K]+","consensus",285226.79702503,13.764,1119.33978271484,54.75400000002,15.8214376051961,304.269973754883,51.5167982391357,3,"consensus","detected",13,50.1207995777381,2,1.20222473146819,1.54381828845388,1.0256371181077,1345.69796969601,1728.05722754917,1148.03642892695,342906.709460949,440338.345604365,292539.190107842
"2.6","afekta","pos","xanthosine","[M + Na]+","consensus",285226.79702503,13.764,1119.33978271484,54.75400000002,15.8214376051961,304.269973754883,51.5167982391357,3,"consensus","detected",13,50.1207995777381,2,1.20222473146819,1.54381828845388,1.0256371181077,1345.69796969601,1728.05722754917,1148.03642892695,342906.709460949,440338.345604365,292539.190107842
"2.7","afekta","pos","3,3-dimethylglutaric acid","[M + H]+","consensus",2422.65570228815,NA,552.890930175781,173.20000000002,8.55536340926116,231.721160888672,37.540166784668,5,"consensus","detected",14,169.025720352308,3,1.21636881268037,1.74817787231354,1.20741432152682,672.519284279658,966.551689936153,667.568427336525,2946.84284012556,4235.23309097437,2925.14919107134
"2.7","afekta","pos","3,3-dimethylglutaric acid","[M + Na]+","consensus",84114.0818477906,1.79499999996,20868.55078125,174.39700000002,940.750403117068,215.163467407227,21.9541625976562,5,"consensus","detected",14,170.415529908996,3,1.21636881268037,1.74817787231354,1.20809604813688,25383.854336149,36481.9387030328,25211.2137291719,102313.745866896,147046.376636278,101617.889872978
"2.7","afekta","pos","3,4,5-Trimethoxycinnamic acid","[M + H]+","consensus",2669654.43765952,1.19700000000006,1128998,282.714,20671.5397112977,305.089294433594,54.6012985229492,5,"consensus","detected",14,284.2839033201,5,1.21636881268037,0.832243577439276,1.18223101320539,1373277.95677851,939601.334441788,1334736.44944685,3247284.39860278,2221802.7597244,3156148.27074247
"2.7","afekta","pos","3-hydroxyphenylacetic acid","[M + H]+","consensus",37776.9002836435,69.41899999998,678.227111816406,185.76700000002,11.2769720705582,219.027160644531,40.7201461791992,5,"consensus","detected",14,183.860600594262,4,1.21636881268037,0.908791389043486,1.21273348248464,824.974306727756,616.366959034583,822.508727228606,45950.6433447601,34331.3216825296,45813.3118384578
"2.7","afekta","pos","3-hydroxyphenylacetic acid","[M + Na]+","consensus",42504.0350783341,16.75600000002,560.041137695312,196.539,16.5871760971125,224.911590576172,20.2041351196289,5,"consensus","detected",14,196.598438179124,4,1.21636881268037,0.908791389043486,1.20633720962438,681.216573710608,508.960563447617,675.598463322227,51700.5826823579,38627.3010787923,51274.1990741744
"2.7","afekta","pos","4-acetamidobutanoic acid","[M + H]+","own",3742993.32454056,1.79500000002,1475157.25,42.141,8272.52181132607,423.924438476562,178.268895410156,5,"own","detected",14,42.3145205592894,2,1.21636881268037,1.87817915992219,1.20985889596364,1794335.27269933,2770609.60455813,1784732.12185777,4552860.34604194,7030012.05787995,4528493.77122793
"2.7","afekta","pos","4-acetamidobutanoic acid","[M + Na]+","consensus",223480.201745316,50.26900000002,1806.59448242188,60.09400000002,20.7344485352971,263.332809448242,74.4298393249512,3,"consensus","detected",14,56.174098686931,2,1.21636881268037,1.87817915992219,1.21407742361631,2197.4851855784,3393.10810731519,2193.34557473819,271834.347654519,419735.857573259,271322.267564206
"2.7","afekta","pos","4-pyridoxic acid","[M + H]+","consensus",4329258.166324,5.98400000004,130885.2734375,45.13300000002,464.719974618893,903.079376220703,279.700036926269,5,"consensus","detected",14,44.1998732926954,2,1.21636881268037,1.87817915992219,1.21044833937079,159204.764648517,245825.99291103,158429.861880513,5265974.6155583,8131122.46591269,5240343.3581343
"2.7","afekta","pos","4-pyridoxic acid","[M + Na]+","consensus",47714.4406238075,4.78700000004,2509.7734375,45.13300000002,87.8029193098056,208.75,26.2066848754883,4,"consensus","detected",14,44.1998732926954,2,1.21636881268037,1.87817915992219,1.21044833937079,3052.8101362686,4713.80416643878,3037.95108961878,58038.3574892886,89616.26800698,57755.8654170937
"2.7","afekta","pos","6-methyladenine","[M + H]+","consensus",29473441.5438772,41.89099999998,16241.69140625,62.48800000002,10.7273229037091,3997.14306640625,1141.43560791016,5,"consensus","detected",14,59.2900334315021,2,1.21636881268037,1.87817915992219,1.2147029685108,19755.8868917412,30504.8063211061,19728.8307648083,35850575.0963301,55356403.678895,35801476.9355773
"2.7","afekta","pos","Methyl 3-aminopropanoate","[M + H]+","own",750314.2275125,19.15000000002,4678.49462890625,43.338,39.5138308694368,256.752868652344,111.903646469116,5,"consensus","detected",14,43.1614193486582,2,1.21636881268037,1.87817915992219,1.21012019089862,5690.77495689417,8787.05111181962,5661.54081345022,912658.826056566,1409224.54550709,907970.39623138
"2.7","afekta","pos","N(4)-acetylcytosine","[M + H]+","consensus",10108369.0236015,1.197,4613792.5,42.141,21825.3389522602,489.75,211.373704669189,4,"consensus","detected",14,42.3145205592894,2,1.21636881268037,1.87817915992219,1.20985889596364,5612073.30517858,8665528.9217053,5582037.90025534,12295504.8273732,18985328.0409314,12229700.1868876
"2.7","afekta","pos","N(4)-acetylcytosine","[M + Na]+","consensus",10108369.0236015,1.197,4613792.5,42.141,21825.3389522602,489.75,211.373704669189,4,"consensus","detected",14,42.3145205592894,2,1.21636881268037,1.87817915992219,1.20985889596364,5612073.30517858,8665528.9217053,5582037.90025534,12295504.8273732,18985328.0409314,12229700.1868876
"2.7","afekta","pos","N-acetyl-L-isoleucine","[M + H]+","consensus",3264.99789275128,4.78799999999998,675.563659667969,233.04400000002,7.21274699105626,330.817977905273,47.7967246307373,5,"consensus","detected",14,234.985064285623,5,1.21636881268037,0.832243577439276,1.14816443956272,821.734566600331,562.23351691004,775.658170691616,3971.44161020977,2717.27352659502,3748.75447570424
"2.7","afekta","pos","N-acetyl-L-isoleucine","[M + Na]+","consensus",266144.287085395,42.489,580.846618652344,204.31900000002,33.4502481706684,247.24626159668,9.9730308532715,5,"consensus","detected",14,205.482616060902,4,1.21636881268037,0.908791389043486,1.19032564053116,706.523711879557,527.868405386275,691.396623397711,323729.610483725,241869.636346324,316798.368998632
"2.7","afekta","pos","N-acetyl-beta-D-mannosamine","[M + H]+","consensus",488332.694956798,1.79599999998,197662.515625,26.58199999998,5971.97458190294,218.142852783203,33.0618240356445,4,"consensus","detected",14,NA,NA,1.21636881268037,NA,NA,240430.519442196,NA,NA,593992.660357604,NA,NA
"2.7","afekta","pos","N-acetyl-beta-D-mannosamine","[M + Na]+","own",535068.252788743,1.197,232796.09375,26.58199999998,6170.35063788776,211.347229003906,37.6939270019531,5,"own","detected",14,NA,NA,1.21636881268037,NA,NA,283165.908151315,NA,NA,650840.335347602,NA,NA
"2.7","afekta","pos","O-propanoyl-L-carnitine","[M + H]+","consensus",34509977.3775681,65.22999999996,4560.78881835938,76.25200000002,13.2609078475002,781.441040039062,284.99917364502,5,"consensus","detected",14,77.7173639831499,2,1.21636881268037,1.87817915992219,1.21376294257739,5547.60127987369,8565.97851144874,5535.71645664593,41976860.2083788,64815920.3199346,41886931.6900761
"2.7","afekta","pos","beta-alanine","[M + H]+","consensus",36197.2324401414,4.78700000004,5811.9443359375,28.97599999998,73.8728211825407,240.820350646973,75.4150700637817,5,"consensus","detected",14,28.7844429921682,1,1.21636881268037,0.74298500394529,NA,7069.46783126868,4318.18748536633,NA,44029.18464553,26894.000887347,NA
"2.7","afekta","pos","ethanolamine","[M + H]+","consensus",30793.3233328616,3.591,7596.95751953125,28.97599999998,96.2566490712301,276.396728515625,76.0525206481934,4,"consensus","detected",14,28.7844429921682,1,1.21636881268037,0.74298500394529,NA,9240.70219801541,5644.42551262113,NA,37456.0381408755,22878.9774579548,NA
"2.7","afekta","pos","melatonin","[M + H]+","consensus",24355796.5155537,14.961,64192.26171875,259.97298437502,41.7811400790527,3642.98608398438,1449.20113525391,5,"consensus","detected",14,261.346507472559,5,1.21636881268037,0.832243577439276,1.16859410777593,78081.4651701033,53423.5975367308,75014.6988093415,29625631.2895087,20269955.2234875,28462040.2982655
"2.7","afekta","pos","melatonin","[M + K]+","consensus",24355796.5155537,14.961,64192.26171875,259.97298437502,41.7811400790527,3642.98608398438,1449.20113525391,5,"consensus","detected",14,261.346507472559,5,1.21636881268037,0.832243577439276,1.16859410777593,78081.4651701033,53423.5975367308,75014.6988093415,29625631.2895087,20269955.2234875,28462040.2982655
"2.7","afekta","pos","melatonin","[M + Na]+","own",1800575.39361762,1.79499999995997,676839.125,249.79999999998,6895.36574866776,349.096420288086,98.1079254150391,4,"own","detected",14,251.270663130167,5,1.21636881268037,0.832243577439276,1.15636441602082,823286.002851868,563295.01474087,782672.679520667,2190163.75367615,1498517.30703346,2082121.3135421
"2.8","afekta","pos","2'-deoxycytidine","[M + H]+","own",3025610.37723762,1.79500000002,1123909.625,27.61300000002,4957.25700660021,546.002700805664,226.609921737671,4,"own","detected",15,27.2117772034132,1,1.31063379976337,0.832642364954548,NA,1473033.94240437,935814.768155179,NA,3965467.22532241,2519251.37993415,NA
"2.8","afekta","pos","3-amino-3-(4-hydroxyphenyl)propanoic acid","[M + H]+","own",367590.187382697,1.79500000002,107600.9765625,31.20400000002,2573.67857359208,279.367431640625,41.6996940612793,4,"consensus","detected",15,30.8978552101627,1,1.31063379976337,0.832642364954548,1.15583058812921,141025.476770358,89593.1315964189,124368.500023512,481776.124045112,306071.162956414,424871.98247307
"2.8","afekta","pos","L-isoleucine","[M + H]+","consensus",2815.09623031825,2.99199999996003,947.041442871094,214.93000000002,7.79496531692472,302.670501708984,82.6650170928955,3,"consensus","detected",15,216.883109666485,4,1.31063379976337,1.17913230135304,1.5167886306605,1241.22452480352,1116.68715600929,1436.46169331119,3689.56026904153,3319.37089658542,4269.90595636196
"2.8","afekta","pos","cytosine","[M + Na]+","consensus",NA,NA,NA,58.134,4.59856465741046,290.204559326172,123.072148132324,5,"consensus","below_detection",15,53.7679936994378,2,1.31063379976337,1.53314250578071,1.21001315699986,NA,NA,NA,NA,NA,NA
"2.8","afekta","pos","phenyl acetate","[M + H]+","consensus",9431.95101069417,18.552,491.918579101562,193.386,7.49414841663388,244.119186401367,33.0657172668457,5,"consensus","detected",15,192.903373132861,4,1.31063379976337,1.17913230135304,1.54201978150577,644.725116502076,580.037086254341,758.548179864818,12361.833792328,11121.5181014889,14544.2550366837
"2.9","afekta","pos","(R)-noradrenaline","[M + H]+","consensus",334932.080270112,1.197,146466.875,25.77400000002,3092.32546386424,268.512924194336,47.277805581665,4,"consensus","detected",16,NA,NA,1.25659633643224,NA,NA,184049.738533679,NA,NA,420874.425021051,NA,NA
"2.9","afekta","pos","D-leucine","[M + H]+","consensus",39801.7442595379,18.552,6373.119140625,268.74100000002,78.8478680856816,316.53125,76.813591003418,5,"consensus","detected",16,270.144973253072,5,1.25659633643224,1.31327296121933,1.28707000259463,8008.43816375555,8369.64504601218,8202.65046886009,50014.7260201482,52270.5545454178,51227.6310873941
"2.9","afekta","pos","D-proline","[M + H]+","consensus",19046216.2810318,1.79499999996,8003401,26.373,41343.0070544695,744.787902832031,193.567347473145,4,"consensus","detected",16,NA,NA,1.25659633643224,NA,NA,10057044.3755981,NA,NA,23933405.6016406,NA,NA
"2.9","afekta","pos","Gly-Pro","[M + H]+","own",14268699.567089,1.197,7208120.5,28.16800000002,58996.7387735036,361.603576660156,122.172158093262,4,"own","detected",16,27.7261930601294,1,1.25659633643224,0.773934468102142,NA,9057697.81286211,5578612.90518364,NA,17929995.6016563,11043038.4099643,NA
"2.9","afekta","pos","N-acetyl-L-methionine","[M + H]+","consensus",7484470.89656489,2.39400781248,2171010.25,129.903,38915.0160664103,250.776374816895,55.7820526123047,5,"consensus","detected",16,129.903,3,1.25659633643224,1.31560414543047,1.24863205664055,2728083.52650684,2856190.08467205,2710792.99344521,9404958.70875715,9846600.93787451,9345350.28844415
"2.9","afekta","pos","N-acetyl-L-methionine","[M + Na]+","own",337540.487422214,2.39400781248,101393.0546875,129.903,2304.40922347862,259.5625,43.8869499206543,5,"own","detected",16,129.903,3,1.25659633643224,1.31560414543047,1.24863205664055,127410.141059986,133393.123064734,126602.618403521,424152.139892306,444069.664503288,421463.873009452
"2.9","afekta","pos","agmatine","[M + H]+","consensus",7956036.72194316,30.52099999998,6764.81787109375,42.52999999998,11.6891366356483,1938.30871582031,412.905529785156,5,"consensus","detected",16,42.6063682705804,2,1.25659633643224,2.10905721052733,1.19995362866826,8500.64535344774,14267.3879089344,8117.46775169881,9997526.59731413,16779736.6156344,9546875.13431359
"2.9","afekta","pos","agmatine","[M + Na]+","consensus",NA,NA,NA,49.71199999998,-0.122593409088166,210.424728393555,38.6831098571777,5,"consensus","below_detection",16,46.4205058799241,2,1.25659633643224,2.10905721052733,1.2012674754225,NA,NA,NA,NA,NA,NA
"2.9","afekta","pos","diethyl 2-methyl-3-oxosuccinate","[M + H]+","consensus",NA,NA,NA,256.77199999998,3.26142490146808,7663.4736328125,1042.52685546875,5,"consensus","below_detection",16,258.158165026044,5,1.25659633643224,1.31327296121933,1.26636838366077,NA,NA,NA,NA,NA,NA
"2.9","afekta","pos","diethyl 2-methyl-3-oxosuccinate","[M + Na]+","consensus",17709.179076162,10.77200000004,2332.80310058594,251.38600000002,5.44365317289402,616.782836914062,315.233209973145,4,"consensus","detected",16,252.829872149761,5,1.25659633643224,1.31327296121933,1.25978594083842,2931.39182981406,3063.60723584813,2938.83254886245,22253.2895483276,23256.9860461146,22309.7748239389
"2.9","afekta","pos","fumaric acid","[M + H]+","consensus",24786.8270545343,28.12699999998,399.969268798828,53.901,10.0506118765927,213.059204101562,18.5968841491699,4,"consensus","detected",16,49.3321381689763,2,1.25659633643224,2.10905721052733,1.20225922887434,502.599917858089,843.558070349512,480.866744679511,31147.0360685073,52276.8363254595,29800.1915808259
"2.9","afekta","pos","homogentisic acid","[M + H]+","consensus",357949.534248905,1.79500390625999,132438.09375,64.67299609374,4422.58146711843,212.30492401123,29.8978752136231,5,"consensus","detected",16,62.2125222927577,2,1.25659633643224,2.10905721052733,1.20643660392731,166421.223410319,279319.516571932,159778.164054357,449798.0733648,754936.046212553,431843.420476613
"2.9","afekta","pos","nicotinamide","[M + H]+","own",14466509.7855488,36.50499999996,14362.693359375,64.07399609376,16.3067875657913,356.152404785156,858.939315795898,5,"consensus","detected",16,61.40899999998,2,1.25659633643224,2.10905721052733,1.20618944496582,18048.1078566903,30291.7419921828,17324.1291313588,18178563.1974818,30510696.7743759,17449351.4088238
"2.9","afekta","pos","nicotinamide","[M + Na]+","consensus",5708.80949188638,1.197,3574.18994140625,60.48400000002,6.83987309813934,1218.90850830078,344.345779418945,4,"consensus","detected",16,56.6710044944003,2,1.25659633643224,2.10905721052733,1.20469115094124,4491.31398608405,7538.17106771711,4305.79499419531,7173.66909289401,12040.2058223898,6877.35227728489
"2.9","afekta","pos","nicotinic acid","[M + H]+","consensus",3803719.23649812,8.976,22776.6796875,37.14499999998,88.4128582745929,547.70654296875,251.422401428223,5,"consensus","detected",16,36.580783999191,2,1.25659633643224,2.10905721052733,1.19786167010423,28621.0922514031,48037.3205267932,27283.3115698979,4779739.65740037,8022261.48255787,4556329.47723923
"2.9","afekta","pos","ritalinic acid","[M + H]+","consensus",47429324.6460191,7.18099999998003,292810,201.117,831.194323843663,1051.04162597656,351.011730957031,5,"consensus","detected",16,201.87466954593,4,1.25659633643224,0.909061913057006,1.24860629492134,367943.973270724,266182.418762222,365604.409215919,59599515.5896429,43116192.5977119,59220553.3168875
"2.9","afekta","pos","ritalinic acid","[M + Na]+","consensus",47428520.8456686,7.18099999998003,292810,201.117,748.298033777588,950.410583496094,390.031212487793,5,"consensus","detected",16,201.87466954593,4,1.25659633643224,0.909061913057006,1.24860629492134,367943.973270724,266182.418762222,365604.409215919,59598505.5370672,43115461.8934276,59219549.68671
"2.9","afekta","pos","taurine","[M + Na]+","consensus",781454.548626138,1.197,519099.40625,25.176,48224.7595920515,258.654357910156,10.7588043212891,3,"consensus","detected",16,NA,NA,1.25659633643224,NA,NA,652298.4121379,NA,NA,981972.922891914,NA,NA
"2.9","afekta","pos","thymine","[M + H]+","consensus",1745501.77282763,1.197,847863.6875,41.334,13222.5280954811,242.692306518555,64.1043066101074,4,"consensus","detected",16,41.6507580275684,2,1.25659633643224,2.10905721052733,1.19962265900795,1065422.40350643,1788193.02366617,1017116.49127503,2193391.13297118,3681363.09997035,2093943.47802256
"2.9","afekta","pos","thymine","[M + Na]+","consensus",11284.6568014602,23.33900390622,982.887573242188,41.93200000002,34.3842427791592,235.101875305176,21.7479181594849,2,"consensus","detected",16,42.1504480930265,2,1.25659633643224,2.10905721052733,1.19979579053493,1235.09292366091,2072.96612348415,1179.26437294506,14180.25839461,23799.9867954459,13539.2837280233
"2.9","afekta","pos","vanillin","[M + H]+","consensus",2766976.51462721,1.197,1265384.125,208.29799999998,14679.2076234183,380.584365844727,86.1765548309326,4,"consensus","detected",16,209.852877621625,4,1.25659633643224,0.909061913057006,1.25204585403004,1590077.05565451,1150312.51342447,1584318.94746168,3476972.5512746,2515352.96377082,3464381.47333749
"2.9","afekta","pos","vanillin","[M + Na]+","consensus",2766976.51462721,1.197,1265384.125,208.29799999998,14679.2076234183,380.584365844727,86.1765548309326,4,"consensus","detected",16,209.852877621625,4,1.25659633643224,0.909061913057006,1.25204585403004,1590077.05565451,1150312.51342447,1584318.94746168,3476972.5512746,2515352.96377082,3464381.47333749
"3.1","afekta","pos","(3S,5R)-fluvastatin","[M + Na]+","own",108961.936568718,0.598000000019965,66001.40625,398.62399999998,2082.06841115513,319.561370849609,31.5464393615723,3,"consensus","detected",17,399.875224021079,8,1.00241291578562,0.985447426332804,0.947455460640579,66160.6620850136,65040.9159234084,62533.3927615198,109224.852545496,107376.259959881,103236.581804004
"3.1","afekta","pos","1,2-di-O-myristoyl-sn-glycero-3-phosphocholine","[M + H]+","consensus",NA,NA,NA,551.232,2.23465846059476,380.443984985352,57.2730758666992,5,"consensus","below_detection",17,555.560494247714,10,1.00241291578562,0.853249606478311,NA,NA,NA,NA,NA,NA,NA
"3.1","afekta","pos","L-thyroxine","[M + H]+","consensus",5612234.71112076,1.197,2563184.75,319.02700000002,6247.54057506215,897.226440429688,410.127392175293,5,"consensus","detected",17,320.789360974543,6,1.00241291578562,0.654317046178381,1.22938399761216,2569369.49894473,1677135.47442947,3151138.31457354,5625776.56084782,3672180.83864032,6899591.54469539
"3.1","afekta","pos","taurochenodeoxycholic acid","[M + H]+","consensus",1525645.22656977,1.79500000001997,558966.25,344.76400000002,9913.20754535117,289.480773925781,56.3568115234375,5,"consensus","detected",17,346.217984922965,7,1.00241291578562,1.01937840523843,1.08342187979163,560314.988488253,569798.124507107,605596.265315078,1529326.48002021,1555209.79802032,1652917.41926535
"3.1","afekta","pos","taurochenodeoxycholic acid","[M + K]+","consensus",118656.976669478,10.77200000004,14401.5625,344.166,327.35526094108,266.125,43.180725,4,"consensus","detected",17,345.624523094197,7,1.00241291578562,1.01937840523843,1.08608601504151,14436.3122574938,14680.6418141916,15641.3356259962,118943.285961557,120956.359647746,128871.682947827
"3.1","afekta","pos","taurochenodeoxycholic acid","[M + Na]+","consensus",1525645.22656977,1.79500000001997,558966.25,344.76400000002,9913.20754535117,289.480773925781,56.3568115234375,5,"consensus","detected",17,346.217984922965,7,1.00241291578562,1.01937840523843,1.08342187979163,560314.988488253,569798.124507107,605596.265315078,1529326.48002021,1555209.79802032,1652917.41926535
"3.1","afekta","pos","taurodeoxycholic acid","[M + H]+","consensus",1525645.22656977,1.79500000001997,558966.25,344.76400000002,8143.24663049186,294.625,68.6055145263672,5,"consensus","detected",17,346.217984922965,7,1.00241291578562,1.01937840523843,1.08342187979163,560314.988488253,569798.124507107,605596.265315078,1529326.48002021,1555209.79802032,1652917.41926535
"3.1","afekta","pos","taurodeoxycholic acid","[M + K]+","consensus",118656.976669478,10.77200000004,14401.5625,344.166,422.755167157809,276.894744873047,33.4109878540039,4,"consensus","detected",17,345.624523094197,7,1.00241291578562,1.01937840523843,1.08608601504151,14436.3122574938,14680.6418141916,15641.3356259962,118943.285961557,120956.359647746,128871.682947827
"3.1","afekta","pos","undecanedioic acid","[M + Na]+","consensus",106857.257686563,1.79499999996005,35322.22265625,305.26300000002,555.263043818344,290.553771972656,63.0902223266602,4,"consensus","detected",17,307.074476015619,6,1.00241291578562,0.654317046178381,1.33534562305484,35407.4522048804,23111.9323928926,47167.3754205919,107115.095250443,69918.525212194,142691.371343395
"3.2","afekta","pos","1,2-dioleoyl-sn-glycero-3-phosphocholine","[M + H]+","consensus",10576.9447680237,4.78799999999995,1235.37023925781,372.234,16.9220243172091,354.200012207031,52.0723886535645,5,"consensus","detected",18,373.54729774976,7,0.858714876785853,0.662154789533371,0.830087915006846,1060.83080278918,818.006320771545,1025.46590616702,9082.57982324424,7003.57463677682,8779.79402963136
"3.2","afekta","pos","1-stearoyl-sn-glycerol","[M + H]+","consensus",NA,NA,NA,637.35499999998,-1.12222526495189,597.6943359375,260.816027832031,5,"consensus","below_detection",18,NA,NA,0.858714876785853,NA,NA,NA,NA,NA,NA,NA,NA
"3.2","afekta","pos","1-stearoyl-sn-glycerol","[M + Na]+","consensus",NA,NA,NA,648.726,2.46515489641941,482.849044799805,114.89030456543,5,"consensus","below_detection",18,NA,NA,0.858714876785853,NA,NA,NA,NA,NA,NA,NA,NA
"3.2","afekta","pos","Leucomalachite green","[M + H]+","consensus",17675122.4781131,1.79499999996,5855666.5,330.942,2394.12444190761,4409.5869140625,2444.00700759888,5,"consensus","detected",18,332.550279679997,6,0.858714876785853,0.710868987434577,0.92879702168705,5028347.93704655,4162611.71560957,5438725.60519263,15177890.6209677,12564696.4187984,16416601.1156253
"3.2","afekta","pos","all-trans-retinal","[M + H]+","consensus",18867703.1373882,2.39400000000012,6088239,566.733,12922.1652411148,1102.22229003906,471.061673034668,5,"consensus","detected",18,571.366742525935,10,0.858714876785853,0.83447844480773,NA,5228061.40272782,5080504.21233777,NA,16201977.3748544,15744691.5711816,NA
"3.2","afekta","pos","cholest-4-en-3-one","[M + H]+","consensus",419601.107247881,2.99200000002008,101477.734375,685.82899999998,1692.23474214525,291.871505737305,59.7942237854004,5,"consensus","detected",18,NA,NA,0.858714876785853,NA,NA,87140.4401703356,NA,NA,360317.713109572,NA,NA
"3.2","afekta","pos","cholic acid","[M + Na]+","consensus",55339.9830805542,13.16500000002,8972.8505859375,371.63599999998,136.002323806333,313.866180419922,63.6679151000977,4,"consensus","detected",18,372.952693096323,7,0.858714876785853,0.662154789533371,0.830848801372849,7705.12028532119,5941.41599124583,7455.08215422383,47521.2667523493,36643.6348494847,45979.1586104722
"3.2","afekta","pos","gamma-terpinene","[M + H]+","consensus",147338.976643213,20.34699999996,4535.95336914062,584.68699999998,9.74626237207887,812.703186035156,382.018258996582,5,"consensus","detected",18,NA,NA,0.858714876785853,NA,NA,3895.09063848796,NA,NA,126522.17117393,NA,NA
"3.2","afekta","pos","gamma-terpinene","[M + Na]+","consensus",147338.976643213,20.34699999996,4535.95336914062,584.68699999998,9.74626237207887,812.703186035156,382.018258996582,5,"consensus","detected",18,NA,NA,0.858714876785853,NA,NA,3895.09063848796,NA,NA,126522.17117393,NA,NA
"3.2","afekta","pos","hexadecanedioic acid","[M + H]+","consensus",190946.918092766,1.197,83895.1875,424.29799999998,1187.81496978278,366.451934814453,70.3213359741211,4,"consensus","detected",18,425.812199263979,8,0.858714876785853,0.882951308763976,0.805661897830075,72042.0455969885,74075.3656021241,67591.15598006,163968.959242668,168596.831234455,153838.656415422
"3.2","afekta","pos","hexadecanedioic acid","[M + Na]+","consensus",42546.0331184317,1.197,21296.84375,424.29799999998,486.462429306705,352.737869262695,43.0539022521973,4,"consensus","detected",18,425.812199263979,8,0.858714876785853,0.882951308763976,0.805661897830075,18287.9165567088,18804.0760616044,17158.0555534156,36534.9115870209,37566.0756246347,34277.7177873369
"3.2","afekta","pos","hexanal","[M + Na]+","consensus",NA,NA,NA,82.584,2.18229954423946,260.00358581543,42.4624786376953,5,"consensus","below_detection",18,85.9989353202973,2,0.858714876785853,3.36240080771595,1.99496403515567,NA,NA,NA,NA,NA,NA
"3.2","afekta","pos","hyodeoxycholic acid","[M + H]+","consensus",4704.25117747614,4.78800000000012,1220.58551025391,640.34800000002,6.89992118467105,370.846160888672,123.15203704834,4,"consensus","detected",18,NA,NA,0.858714876785853,NA,NA,1048.13493604428,NA,NA,4039.61047023613,NA,NA
"3.2","afekta","pos","hyodeoxycholic acid","[M + Na]+","consensus",4704.25117747614,4.78800000000012,1220.58551025391,640.34800000002,6.89992118467105,370.846160888672,123.15203704834,4,"consensus","detected",18,NA,NA,0.858714876785853,NA,NA,1048.13493604428,NA,NA,4039.61047023613,NA,NA
"3.2","afekta","pos","taurocholic acid","[M + H]+","consensus",174346.345539613,1.79500000002002,67187.3828125,305.802,896.878314104106,302.875793457031,74.5747845245361,5,"consensus","detected",18,307.615366094303,6,0.858714876785853,0.710868987434577,1.06037312372841,57694.8051533999,47761.4267883012,71243.6949880268,149713.800628112,123937.410116664,184872.179030471
"3.2","afekta","pos","tauroursodeoxycholic acid","[M + H]+","consensus",39560.9789861858,4.78800000000001,3377.025390625,304.00699999998,46.788940018931,272.75,66.34635,4,"consensus","detected",18,305.813019291228,6,0.858714876785853,0.710868987434577,1.07238740924148,2899.90194221324,2400.62261997445,3621.47950959504,33971.6011956502,28122.6730738305,42424.6957620525
"3.2","afekta","pos","tauroursodeoxycholic acid","[M + Na]+","consensus",54813.8057797764,1.197,14991.0502929688,303.40900000002,168.089617150675,302.426605224609,87.3856692443848,3,"consensus","detected",18,305.211923009368,6,0.858714876785853,0.710868987434577,1.07646235654932,12873.0379052172,10656.6727423436,16137.3013255186,47069.4304763444,38965.4346121052,59004.9985411348
"3.3","afekta","pos","(S)-lipoic acid","[M + Na]+","consensus",NA,NA,NA,342.85099999998,0.269334120114824,430.9453125,56.8319869995117,5,"consensus","below_detection",19,344.320135870266,7,0.926648152708502,0.746765353987141,0.937117184134126,NA,NA,NA,NA,NA,NA
"3.3","afekta","pos","2-hydroxyoctanoic acid","[M + H]+","consensus",NA,NA,NA,454.161,4.63301515116802,598.000579833984,149.783320825195,5,"consensus","below_detection",19,455.916350900793,8,0.926648152708502,0.871149645495493,0.879093396034537,NA,NA,NA,NA,NA,NA
"3.3","afekta","pos","2-hydroxyoctanoic acid","[M + Na]+","consensus",10160.1869345908,17.95299999996,830.045593261719,446.98000000002,6.65761647711268,342.398529052734,73.2464938293457,5,"consensus","detected",19,448.69283973011,8,0.926648152708502,0.871149645495493,0.877686702836143,769.160215659805,723.093924315043,728.519979953549,9414.91845411162,8851.04324623672,8917.46097081986
"3.3","afekta","pos","Dipropyl hexanedioate","[M + H]+","consensus",NA,NA,NA,439.79800000002,3.46074471429078,348.786834716797,75.0847676147461,3,"consensus","below_detection",19,441.481269499504,8,0.926648152708502,0.871149645495493,0.876370780217994,NA,NA,NA,NA,NA,NA
"3.3","afekta","pos","Dipropyl hexanedioate","[M + Na]+","consensus",979955.525106828,31.1189999999999,1448.4485168457,437.40499999998,13.5106216665942,349.187896728516,81.3626972351074,5,"consensus","detected",19,439.073360171297,8,0.926648152708502,0.871149645495493,0.875949807061601,1342.20214242844,1261.8154119686,1268.76819886965,908073.977076732,853687.908298163,858391.853146276
"3.3","afekta","pos","bilirubin IXalpha","[M + H]+","consensus",35886.4959274767,1.197,11406.2875976562,315.318,201.870944685456,279.722229003906,55.117220489502,4,"consensus","detected",19,317.11311249231,6,0.926648152708502,0.793971829695879,1.03567848688857,10569.61533163,9056.2710339485,11813.2466801564,33254.1551583775,28492.8668329124,37166.8718019017
"3.3","afekta","pos","progesterone","[M + H]+","consensus",9802294.02475637,28.725,7062.64477539062,446.98000000002,21.5936217340154,705.5,294.39919128418,5,"consensus","detected",19,448.69283973011,8,0.926648152708502,0.871149645495493,0.877686702836143,6544.58673435207,6152.62049234214,6198.78940621551,9083277.65034608,8539264.9647091,8603343.12281885
"3.3","afekta","pos","undecanoic acid","[M + H]+","consensus",19936.337551774,1.19700000000006,6963.66845703125,454.161,188.846002616409,385.573425292969,34.8331176757813,4,"consensus","detected",19,455.916350900793,8,0.926648152708502,0.871149645495493,0.879093396034537,6452.87051178247,6066.39730769092,6121.71495275019,18473.9703641245,17367.5333907064,17525.9026828799
"1.1","cembio","neg","5-hydroxy-L-tryptophan","[M - H]-","own",2745632.19623065,46.87699999998,1566.24426269531,62.598,16.6511451807623,297.448883056641,76.1986857879639,5,"own","detected",20,67.8397306856062,2,1.01486667258556,0.808209108753964,0.811669756974656,1589.52910333781,1265.85287964399,1271.27310006485,2786450.61113238,2219044.95028176,2228546.61745632
"1.1","cembio","neg","D-alpha-aminobutyric acid","[M - H]-","own",8347.78444163121,16.45699999998,615.840026855469,72.57199999998,10.7014789594116,270.712799072266,32.2504234313965,5,"own","detected",20,76.9438096427615,3,1.01486667258556,0.610091977442393,0.800873141957123,624.995518899811,375.71905977243,493.209737250699,8471.88821973976,5092.91631725763,6685.51635414998
"1.1","cembio","neg","L-citrulline","[M - H]-","own",1919231.97792913,37.90100000004,1536.83203125,48.63400000002,29.9815491361864,236.217262268066,43.3805058929443,5,"own","detected",20,53.7221919160393,2,1.01486667258556,0.808209108753964,0.8286787813159,1559.67960987759,1242.08164628111,1273.54009474349,1947764.57136074,1551140.76637421,1590426.81653282
"1.1","cembio","neg","L-homoserine","[M - H]-","own",1368411.10576866,28.42600000002,1269.01977539062,49.632,26.3578557626357,286.442672729492,37.278339767456,4,"own","detected",20,54.7976121030144,2,1.01486667258556,0.808209108753964,0.827390930666373,1287.88587689595,1025.63334165961,1049.97545299448,1388754.82564056,1105962.32020231,1132210.93833613
"1.1","cembio","neg","L-lysine","[M - H]-","own",309261.934434231,14.961,1778.47448730469,30.681,137.840853730038,222.887962341309,11.2853808059692,5,"own","detected",20,32.6576152063293,2,1.01486667258556,0.808209108753964,0.855534727310657,1804.91448520922,1437.37928032619,1521.54668552518,313859.630356641,249948.312400617,264584.324743756
"1.1","cembio","neg","L-valine","[M - H]-","own",114164.366394255,12.468,1263.01721191406,34.17199999998,97.0198700047752,223.337837219238,10.7161489151001,5,"consensus","detected",20,36.8696613180322,2,1.01486667258556,0.808209108753964,0.849975890742352,1281.79407527351,1020.78201518198,1073.53417971957,115861.610650376,92268.6808149618,97036.9590169931
"1.1","cembio","neg","N(6)-acetyl-L-lysine","[M - H]-","own",1895217.66555663,26.93000000004,2456.001953125,44.14600000002,31.7775934699776,306.328125,67.6474708557129,5,"own","detected",20,48.7391646547037,2,1.01486667258556,0.808209108753964,0.834624596516907,2492.5145300316,1984.96314963315,2049.83963917169,1923393.24606883,1531732.18037429,1581795.27942692
"1.1","cembio","neg","N-acetyl-L-cysteine","[M - H]-","own",NA,NA,NA,95.51200000002,1.01480645502623,361.344680786133,781.664283752441,5,"own","below_detection",20,96.3776466647384,3,1.01486667258556,0.610091977442393,0.779653173271475,NA,NA,NA,NA,NA,NA
"1.1","cembio","neg","N-alpha-acetyl-L-asparagine","[M - H]-","consensus",8260189.60418928,1.49599999998,3446664,26.69200000002,24149.314819801,533.892028808594,142.700947570801,4,"consensus","detected",20,27.5264783293376,1,1.01486667258556,0.979423567653434,NA,3497904.42520043,3375743.95138266,NA,8382991.13852939,8090224.37162887,NA
"1.1","cembio","neg","O(4)-phospho-L-tyrosine","[M - H]-","own",3357303.4783141,39.89500390626,22777.595703125,51.627,9.29293155133739,3441.70751953125,2080.7092010498,5,"own","detected",20,56.9137664894698,2,1.01486667258556,0.808209108753964,0.824848288078861,23116.2227607296,18409.0603227808,18788.0608222751,3407215.40989655,2713403.25202482,2769266.02664859
"1.1","cembio","neg","alpha-D-glucosamine 6-phosphate","[M - H]-","own",1544517.47776258,20.94499999998,12274.236328125,37.164,37.3130067605079,884.795471191406,305.24050045166,5,"own","detected",20,40.5008834496787,2,1.01486667258556,0.808209108753964,0.845159100898222,12456.713380853,9920.14960338943,10373.6825392904,1567479.31340715,1248293.09415741,1305363.00282741
"1.1","cembio","neg","carnosine","[M - H]-","own",2127071.37349234,2.49400000002,618855.5,22.203,12575.2916062977,276.472229003906,49.1900344848633,3,"own","detected",20,NA,NA,1.01486667258556,NA,NA,628055.822096272,NA,NA,2158693.84716816,NA,NA
"1.1","cembio","neg","glutathione","[M - H]-","own",2270511.2833358,3.49099999998,562110.0625,27.68899999998,7112.90193970684,336.4052734375,78.9795307159424,5,"own","detected",20,28.9926397060166,1,1.01486667258556,0.979423567653434,NA,570466.768756235,550543.842827645,NA,2304266.23118697,2223792.26152213,NA
"1.1","cembio","neg","guanosine 5'-monophosphate","[M - H]-","own",2045228.59902534,34.90900000002,13652.8466796875,52.125,8.29949178507394,2302.9990234375,1367.53526000977,5,"own","detected",20,57.4352165859809,2,1.01486667258556,0.808209108753964,0.824220349252049,13855.8190811352,11034.3550469447,11252.9540586167,2075634.34296967,1652972.38321639,1685719.03018894
"1.1","cembio","neg","homocystine","[M - H]-","own",517114.776345228,0.997000000019998,243925.765625,25.19599999998,7171.88786488966,296.149993896484,33.9700815490723,3,"own","detected",20,NA,NA,1.01486667258556,NA,NA,247552.130117728,NA,NA,524802.552414307,NA,NA
"1.1","cembio","neg","uridine 5'-monophosphate","[M - H]-","own",6312898.73467246,35.90600000004,43282.8828125,47.13799999998,28.0690426086373,485.356460571289,1524.72340965271,5,"own","detected",20,52.0883853182981,2,1.01486667258556,0.808209108753964,0.830628367980384,43926.3552598325,34981.6201421929,35951.9903120331,6406750.53322662,5102142.26000366,5243672.77320642
"1.2","cembio","neg","(2R)-2-acetamidopropanoic acid","[M - H]-","consensus",NA,NA,NA,74.42500000002,2.67407183256203,271.56233215332,72.172538621521,5,"consensus","below_detection",21,78.570707478569,3,0.855747642288087,0.726001534513921,0.67389515723008,NA,NA,NA,NA,NA,NA
"1.2","cembio","neg","D-erythronic acid","[M - H]-","consensus",13420.4672501042,NA,1722.68322753906,26.05099999998,26.9455633381595,272.152923583984,53.8318789535522,4,"consensus","detected",21,26.4472987099028,1,0.855747642288087,0.56837763372519,NA,1474.18211037578,979.134616526723,NA,11484.5332076812,7627.89341910063,NA
"1.2","cembio","neg","IMP","[M - H]-","consensus",167047.212935405,1.49600000003999,53471.12890625,41.511,761.899098972068,297.124374389648,69.7913996795654,4,"consensus","detected",21,45.694709180941,2,0.855747642288087,0.799089713990994,0.704136919370267,45757.7924920058,42728.2291044709,37650.9959832973,142950.258620269,133485.709607545,117624.109905725
"1.2","cembio","neg","L-alpha-aminobutyric acid","[M - H]-","own",68479.0591656065,6.483,1986.78918457031,30.04099999998,43.9344255482502,244.551727294922,39.6554054260254,5,"own","detected",21,31.8946894774932,1,0.855747642288087,0.56837763372519,0.715258191597679,1700.19016041951,1129.24653543687,1421.06723924159,58600.7934270742,38921.9656082747,48980.2080211022
"1.2","cembio","neg","L-homocitrulline","[M - H]-","consensus",NA,NA,NA,NA,NA,NA,NA,0,"consensus","no_data",21,NA,NA,0.855747642288087,NA,NA,NA,NA,NA,NA,NA,NA
"1.2","cembio","neg","N-acetyl-L-aspartic acid","[M - H]-","own",733154.055493335,15.459,715.906311035156,43.00699999998,5.08432412508898,286.943771362305,84.36962890625,5,"own","detected",21,47.4343907487046,2,0.855747642288087,0.799089713990994,0.702634358330351,612.635137767497,572.07336932943,503.020371478835,627394.854422371,585855.864515506,515139.229338854
"1.2","cembio","neg","N-acetyl-L-glutamine","[M - H]-","consensus",NA,NA,NA,NA,NA,NA,NA,0,"consensus","no_data",21,NA,NA,0.855747642288087,NA,NA,NA,NA,NA,NA,NA,NA
"1.2","cembio","neg","NAD zwitterion","[M - H]-","consensus",1214.51141789851,0.497999999999998,652.689758300781,28.545,442.779090881348,209.910667419434,1,4,"consensus","detected",21,30.101571375498,1,0.855747642288087,0.56837763372519,0.716830249509782,558.537721811475,370.974260379664,467.867762295228,1039.31528239861,690.30112583738,870.598522724668
"1.2","cembio","neg","cytidine 5'-monophosphate","[M - H]-","own",141055.027086085,25.434,1075.87939453125,40.01500000002,17.0242592017497,256.363502502441,48.1381235046387,5,"own","detected",21,43.9266512309872,2,0.855747642288087,0.799089713990994,0.705605910993098,920.681255256452,859.72415766478,759.146860296925,120707.5068618,112715.621251212,99529.2608872331
"1.3","cembio","neg","2-aminoisobutyric acid","[M - H]-","own",202544.431733111,10.48600000002,35549.87890625,29.883,1019.01039653158,265.114135742188,34.6265012512207,5,"consensus","detected",22,31.7069667627222,1,1.22474054747956,0.915986442741918,0.93428277492712,43539.3781544726,32563.2071192419,33213.6395128543,248064.378209746,185527.953520396,189233.773725648
"1.3","cembio","neg","D-alanine","[M - H]-","consensus",170860.016805283,4.494,36898.34765625,23.89099999998,2341.49425009721,231.112243652344,15.659758895874,2,"consensus","detected",22,NA,NA,1.22474054747956,NA,NA,45190.9025096066,NA,NA,209259.190524469,NA,NA
"1.3","cembio","neg","D-asparagine","[M - H]-","own",404831.503291988,19.473,1098.41845703125,40.368,10.0589799149034,274.250556945801,81.933546647644,5,"consensus","detected",22,44.3461165286106,2,1.22474054747956,0.620701041059654,0.931607611166775,1345.2776224261,681.789479798436,1023.29499481638,495813.556978801,251279.335547082,377144.109706903
"1.3","cembio","neg","D-glucopyranose 6-phosphate","[M - H]-","own",4328021.58010066,32.454,40163.58203125,45.36100000002,39.9642687290354,6286.92431640625,847.673654296875,5,"own","detected",22,50.1126651614493,2,1.22474054747956,0.620701041059654,0.928864627159739,49189.9674456932,24929.5771794817,37306.5306488566,5300703.51951582,2686407.50049713,4020146.1513395
"1.3","cembio","neg","L-arginine","[M - H]-","own",673549.444037218,21.46999999998,2031.69250488281,43.36399999998,29.4693427438065,269.880081176758,59.784584916687,3,"own","detected",22,47.8451644586342,2,1.22474054747956,0.620701041059654,0.93024794760831,2488.29619074028,1261.07365289386,1889.97778283842,824923.314844693,418072.841119053,626567.98792834
"1.3","cembio","neg","L-dopa","[M - H]-","consensus",399052.704991797,2.496,84138.5703125,28.38499999998,1776.82774190521,252.43278503418,47.2111817871094,5,"consensus","detected",22,29.9018088629569,1,1.22474054747956,0.915986442741918,0.935081522144253,103047.918668678,77069.7897179376,78676.4223988538,488736.028384851,365526.867711976,373146.810799511
"1.3","cembio","neg","L-ornithine","[M - H]-","own",183537.710772144,15.97699999998,807.939514160156,34.37599999998,9.93373947047361,254.461196899414,55.7170156219482,5,"own","detected",22,37.1173323681638,2,1.22474054747956,0.620701041059654,0.932937580788667,989.516282902876,501.48889755244,753.757135764147,224786.07637422,113922.048149976,171229.227871254
"1.3","cembio","neg","N(2)-acetyl-L-lysine","[M - H]-","own",1424182.46859266,2.49700000002001,216311.140625,26.388,2516.67214000154,299.710266113281,85.8321697631836,5,"consensus","detected",22,27.0291951176311,1,1.22474054747956,0.915986442741918,NA,264925.02479499,198138.072226541,NA,1744254.01629496,1304531.83322159,NA
"1.3","cembio","neg","N-acetyl-L-glutamic acid","[M - H]-","own",NA,NA,NA,83.80600000002,2.08905206339691,338.252700805664,520.989822006227,5,"own","below_detection",22,86.5975043214996,3,1.22474054747956,1.51430367256835,0.900903167510612,NA,NA,NA,NA,NA,NA
"1.3","cembio","neg","N-acetyl-beta-neuraminic acid","[M - H]-","own",3256674.69974116,0.998999999999999,1620730,25.389,10200.9032145933,404.514343261719,158.841374295044,4,"own","detected",22,NA,NA,1.22474054747956,NA,NA,1984973.74751654,NA,NA,3988581.55472381,NA,NA
"1.3","cembio","neg","N-carbamoylaspartic acid","[M - H]-","own",3688758.44840822,28.45999999998,4394.1259765625,45.36100000002,49.0343744351244,503.264526367188,79.3496704101562,5,"own","detected",22,50.1126651614493,2,1.22474054747956,0.620701041059654,0.928864627159739,5381.6642542293,2727.43856819961,4081.54818691265,4517772.04162332,2289616.20914458,3426357.24086304
"1.3","cembio","neg","UDP","[M - H]-","own",169863.096207555,39.94400000004,5089.037109375,54.84700000002,11.3347750143561,1923.7783203125,279.252017358398,5,"own","detected",22,60.2394912359001,2,1.22474054747956,0.620701041059654,0.921560480778983,6232.75009547972,3158.77063178028,4689.85548521771,208038.221445813,105434.200653646,156539.116607641
"1.3","cembio","neg","UDP-alpha-D-glucose","[M - H]-","own",5938682.77896216,26.96200000002,83106.9375,44.36200000002,68.1063012572082,5273.126953125,1142.82833027344,5,"own","detected",22,48.9847126479064,2,1.22474054747956,0.620701041059654,0.929610909161743,101784.436133099,51584.5626255296,77257.1157270232,7273345.59801353,3686146.58342485,5520664.2973742
"1.3","cembio","neg","guanosine","[M - H]-","own",NA,NA,NA,78.31399999998,0.888880139940147,408.815979003906,652.592665863037,5,"own","below_detection",22,81.9352560423904,3,1.22474054747956,1.51430367256835,0.905012787430314,NA,NA,NA,NA,NA,NA
"1.3","cembio","neg","isocitric acid","[M - H]-","own",10730782.5567512,25.96300000002,22161.654296875,43.863,36.9948273436462,3099.171875,515.274263745117,5,"own","detected",22,48.4165451335323,2,1.22474054747956,0.620701041059654,0.929942411384151,27142.2766166074,13755.7618936745,20609.0622370979,13142424.5034395,6660607.90436025,9979009.8068642
"1.4","cembio","neg","2'-deoxyadenosine 5'-monophosphate","[M - H]-","own",1052402.01668457,20.47099999998,5893.7109375,40.03900000002,53.7334324825928,409.164688110352,102.069530941772,5,"own","detected",23,43.9552106078394,2,1.09430765465185,0.687154119336489,0.926344400294651,6449.53299321158,4049.88774888165,5459.60612390846,1151651.58262897,723162.380962831,974886.715014549
"1.4","cembio","neg","2'-deoxyguanosine 5'-monophosphate","[M - H]-","own",3031947.6223516,43.93699999998,10456.0947265625,55.51699999998,19.4557251694445,2431.59814453125,412.449112646484,5,"own","detected",23,60.9182387477056,2,1.09430765465185,0.687154119336489,0.857345460222606,11442.1844970422,7184.94856352996,8964.48534547589,3317883.49164283,2083415.29831138,2599426.52965587
"1.4","cembio","neg","D-arabinitol","[M - H]-","own",651816.210185729,14.47999999998,5062.95166015625,35.54500000002,72.028935755805,342.961547851562,65.5290830383301,5,"own","detected",23,38.5372156598748,2,1.09430765465185,0.687154119336489,0.949065083933113,5540.42675684128,3479.02808927788,4805.07064229549,713287.468232402,447898.193879422,618616.006228883
"1.4","cembio","neg","D-lysine","[M - H]-","own",NA,NA,NA,53.02099999998,0.441763628073366,298.155914306641,409.218046569824,5,"own","below_detection",23,58.3667643275403,2,1.09430765465185,0.687154119336489,0.867486768359439,NA,NA,NA,NA,NA,NA
"1.4","cembio","neg","L-homoarginine","[M - H]-","own",451078.78244509,21.969,1549.48706054688,34.54699999998,35.7372984573312,243.91178894043,36.5325675964355,5,"own","detected",23,37.3249858337304,2,1.09430765465185,0.687154119336489,0.954213957768932,1695.61555114045,1064.73641651338,1478.54218055619,493618.964480699,309960.643502432,430425.670262521
"1.4","cembio","neg","N(2)-phenylacetyl-L-glutamine","[M - H]-","own",19221231.0335342,6.99000000000001,353083.53125,179.84200000002,1901.83417586584,806.165252685547,185.230326843262,5,"own","detected",23,179.817618002324,4,1.09430765465185,0.409992496993035,0.547989451544427,386382.010978381,144761.598624306,193486.050639057,21033940.2518282,7880560.50671871,10533031.8520751
"1.4","cembio","neg","N-acetyl-L-serine","[M - H]-","own",3375043.75432262,29.95700000004,1274.3056640625,53.02099999998,25.4435372085766,262.354583740234,39.7724212646484,5,"own","detected",23,58.3667643275403,2,1.09430765465185,0.687154119336489,0.867486768359439,1394.4824425498,875.644386354367,1105.44330241971,3693336.21514016,2319175.21872368,2927805.79950904
"1.4","cembio","neg","N-benzoylglycine","[M - H]-","own",9702389.91616059,1.99699999997998,3040397,168.35800000002,18963.4739992894,365.609878540039,160.309835119629,5,"own","detected",23,168.31533725047,4,1.09430765465185,0.409992496993035,0.552796674939085,3327129.71028052,1246539.95788013,1680721.35209477,10617399.5536715,3977907.06852673,5363448.88461608
"1.4","cembio","neg","O-phospho-L-serine","[M - H]-","own",1906091.26438271,45.93500000004,12281.5107421875,57.51400000002,15.2545567454053,3246.69970703125,592.269653320312,5,"own","detected",23,62.9156434535705,2,1.09430765465185,0.687154119336489,0.849474345798329,13439.7512158647,8439.29069816948,10432.8283031349,2085850.26107902,1309778.46415188,1619175.62984341
"1.4","cembio","neg","O-phosphoethanolamine","[M - H]-","own",1680323.76752061,4.99300000002,69729.5859375,27.55699999998,223.884709410067,1198.20684814453,306.101203918457,5,"own","detected",23,28.8111123269293,1,1.09430765465185,0.89189643423969,NA,76305.6196471102,62191.5690586663,NA,1838791.16109124,1498674.77661983,NA
"1.4","cembio","neg","UDP-alpha-D-glucose","[M - H]-","own",6312941.98464273,20.97,131664.78125,39.04000000002,86.6387882245742,5519.26391601562,1455.99355576172,5,"own","detected",23,42.7618692117871,2,1.09430765465185,0.687154119336489,0.931313190284561,144081.777969936,90473.9968074752,122621.147474056,6908300.73716758,4337964.08987952,5879326.13979897
"1.4","cembio","neg","citric acid","[M - H]-","own",12504722.7632631,5.49199999998,1171555.125,31.551,991.620455495756,6800.76416015625,1174.59694824219,5,"own","detected",23,33.7004840722627,2,1.09430765465185,0.687154119336489,0.969788181150056,1282041.74113411,805038.930173525,1136160.31379078,13684013.839138,8592671.757937,12126932.3443706
"1.4","cembio","neg","creatine","[M - H]-","own",112134.096687699,4.49300000004,6660.90771484375,27.55699999998,133.162965664997,238.346694946289,48.2308349609375,5,"own","detected",23,28.8111123269293,1,1.09430765465185,0.89189643423969,NA,7289.08229928308,5940.83983966878,NA,122709.20035282,100012.000992447,NA
"1.4","cembio","neg","glutathione disulfide","[M - H]-","own",570192.325878351,33.45199999998,3830.27563476562,54.01900000002,18.619469575242,641.0263671875,171.285720825195,5,"own","detected",23,59.3945081287261,2,1.09430765465185,0.687154119336489,0.86339025290845,4191.49994655049,2631.98968062338,3307.02264900936,623965.826832422,391810.005541363,492298.496446567
"1.4","cembio","neg","uridine","[M - H]-","own",2565711.40628815,54.92199999996,1191.64929199219,59.01199999998,8.47754100447197,284.78125,106.97300567627,5,"own","detected",23,64.3896961204607,2,1.09430765465185,0.687154119336489,0.843704682915913,1304.03094188751,818.846719796844,1005.40008804724,2807677.63152869,1763039.16185952,2164702.72849609
"1.5","cembio","neg","3-amino-L-alanine","[M - H]-","own",NA,NA,NA,24.68800000002,4.40871410630225,817.205139160156,786.475502490234,3,"own","below_detection",24,NA,NA,0.976311953444106,NA,NA,NA,NA,NA,NA,NA,NA
"1.5","cembio","neg","D-arginine","[M - H]-","own",623271.299743224,24.46600000002,1532.13269042969,39.66700000002,47.8412694141008,243.657608032227,26.9322929382324,5,"own","detected",24,43.5119071147924,2,0.976311953444106,0.547970048896615,0.782195103801987,1495.83945992898,839.562825290859,1198.42668882907,608507.220177954,341534.004596151,487519.758999451
"1.5","cembio","neg","L-alanine","[M - H]-","own",3010104.02027374,9.98499999996,171299.734375,38.66800000002,2470.47347758141,274.288497924805,69.2278008361816,5,"own","detected",24,42.3153478452445,2,0.976311953444106,0.547970048896615,0.784371881230842,167241.978292113,93867.1238214458,134362.694906062,2938800.53610341,1649446.8471733,2361040.95308263
"1.5","cembio","neg","L-aspartic acid","[M - H]-","own",871469.50408434,1.497,413713.21875,24.68800000002,14277.601562432,254.623291015625,28.9585469696045,4,"own","detected",24,NA,NA,0.976311953444106,NA,NA,403913.160763461,NA,NA,850826.093899548,NA,NA
"1.5","cembio","neg","L-glutamic acid","[M - H]-","own",876377.922208362,9.48699999996,4993.80517578125,32.6769980469,107.764050598236,262.042846679688,43.9085418823242,5,"own","detected",24,35.0580803754464,2,0.976311953444106,0.547970048896615,0.797761827164876,4875.51168628628,2736.45566635302,3983.86714153666,855618.241186533,480228.85288443,699140.8525079
"1.5","cembio","neg","L-glutamine","[M - H]-","consensus",1086406.50228201,0.499000000020001,545452.25,24.189,9341.28040802835,313.292022705078,58.3580552307129,4,"consensus","detected",24,NA,NA,0.976311953444106,NA,NA,532531.551707983,NA,NA,1060671.65447733,NA,NA
"1.5","cembio","neg","L-serine","[M - H]-","own",866063.293226624,18.97300000002,2622.322265625,34.17400000002,71.0858976088133,357.644622802734,31.8583251953125,5,"own","detected",24,36.8720891195159,2,0.976311953444106,0.547970048896615,0.794401062723761,2560.20457371232,1436.95406011721,2083.17559461668,845547.945616321,474576.745136956,688001.60052527
"1.5","cembio","neg","N-acetyl-L-alanine","[M - H]-","own",20582033.2553333,8.48799999996,4221846.5,29.68099999998,16261.5959612593,1078.625,259.554344177246,4,"own","detected",24,31.4673498497415,1,0.976311953444106,0.948260968559647,0.804387536560241,4121839.20355616,4003412.25120015,3396000.70587048,20094485.093366,19517138.7896292,16555931.0276585
"1.5","cembio","neg","N-acetyl-L-tyrosine","[M - H]-","consensus",9369501.50113635,2.99599999998,1615162.625,143.52,14148.8915850942,369.171722412109,114.128618737793,5,"consensus","detected",24,141.800265672399,4,0.976311953444106,0.453334551625733,0.638982428860465,1576902.57754366,732209.024407018,1032060.53712714,9147556.31337191,4247518.76197428,5986946.82640787
"1.5","cembio","neg","alpha-D-glucose 1-phosphate","[M - H]-","consensus",3567718.06262032,3.495,530176,26.18599999998,403.019549041953,6399.14794921875,1299.63137841797,5,"consensus","detected",24,26.6843505997275,1,0.976311953444106,0.948260968559647,NA,517617.166229182,502745.207267079,NA,3483205.79105467,3383127.78560809,NA
"1.5","cembio","neg","cysteic acid","[M - H]-","consensus",2684046.85743688,1.99699999998,1019709.125,25.18699999998,16651.201157241,327.600555419922,61.2196990966797,5,"consensus","detected",24,NA,NA,0.976311953444106,NA,NA,995554.20777353,NA,NA,2620467.03051971,NA,NA
"1.5","cembio","neg","cytidine","[M - H]-","own",483598.600233737,1.998,153949.03125,26.685,4030.41749573566,247.342811584473,38.1354260696411,5,"own","detected",24,27.5153147968294,1,0.976311953444106,0.948260968559647,NA,150302.279430515,145983.857481944,NA,472143.094077035,458577.677051733,NA
"1.5","cembio","neg","sn-glycerol 3-phosphate","[M - H]-","own",2959100.19616199,38.44599999996,15464.0009765625,48.654,10.5611282466517,2638.84252929688,1214.37389526367,5,"own","detected",24,53.7438561340351,2,0.976311953444106,0.547970048896615,0.764306395888539,15097.6890014893,8473.80937126425,11819.2348524133,2889004.89295175,1621498.27918087,2261659.20600164
"1.6","cembio","neg","(6S)-5-formyltetrahydrofolic acid","[M - H]-","own",4977203.61752414,3.99499999998,831784.25,169.93999999998,5629.50744358997,542.763031005859,147.657942599487,5,"own","detected",25,169.93999999998,4,0.980609821484998,0.637721009728417,0.782203859122507,815655.804906533,530446.291786194,650624.85030732,4880694.75087483,3174067.31659142,3893187.87726588
"1.6","cembio","neg","3-chloro-L-tyrosine","[M - H]-","own",3284651.39226253,28.959,376873.5,57.59800000002,3826.45170628823,340.537811279297,98.4026432556152,5,"own","detected",25,62.9988396628455,2,0.980609821484998,0.868349721840631,0.915306319014207,369565.855557426,327257.998894105,344954.696019001,3220961.41540701,2852226.12281461,3006462.17509671
"1.6","cembio","neg","D-serine","[M - H]-","own",1866364.60528476,12.98200000002,6442.64208984375,33.63199999998,80.4901902875223,285.026214599609,76.501445123291,5,"own","detected",25,36.214479301043,2,0.980609821484998,0.868349721840631,0.952784903467781,6317.71810961341,5594.46646663456,6138.45212164924,1830175.46241421,1620657.18585222,1778244.02028192
"1.6","cembio","neg","L-arabinitol","[M - H]-","own",1343638.76937087,5.991,57385.34765625,29.139,813.753250090878,293.678771972656,70.1584526733398,5,"own","detected",25,30.8233332645642,1,0.980609821484998,0.806091110924639,0.960132216656031,56272.6355210498,46257.8186430232,55097.5210487723,1317585.37377309,1083095.26828358,1290070.87002103
"1.6","cembio","neg","L-histidine","[M - H]-","own",3886010.35129271,32.45500000002,1889.015625,42.12,26.2104765532959,266.984756469727,61.8848293441772,5,"own","detected",25,46.4065116877612,2,0.980609821484998,0.868349721840631,0.939180121797599,1852.38727481362,1640.32619252135,1774.12592476507,3810659.91687,3374416.00761484,3649663.67503382
"1.6","cembio","neg","L-methionine S-oxide","[M - H]-","own",491177.237378359,30.957,520.291320800781,52.605,6.2391260466858,235.279815673828,45.6813186645508,5,"own","detected",25,57.9353133366626,2,0.980609821484998,0.868349721840631,0.922558440771332,510.202779210648,451.794823693452,479.999149664826,481653.223063087,426513.617451947,453139.706258149
"1.6","cembio","neg","L-threonine","[M - H]-","own",2880037.14753358,8.4879980469,23417.115234375,31.13599999998,416.8932447098,263.843414306641,55.5376516983032,5,"own","detected",25,33.2022646670577,2,0.980609821484998,0.868349721840631,0.956837603564742,22963.0531896741,20334.2455000795,22406.3764232588,2824192.71311307,2500879.45595147,2755727.84242347
"1.6","cembio","neg","N(alpha)-acetyl-L-arginine","[M - H]-","own",4535877.1685151,13.98,8846.2294921875,37.12699999998,96.32157884293,314.378936767578,88.576730758667,5,"own","detected",25,40.4560971919666,2,0.980609821484998,0.868349721840631,0.947178400210657,8674.69952314931,7681.6209188794,8378.95749830649,4447925.70049547,3938727.67758335,4296284.88002618
"2.1","cembio","neg","2'-deoxyguanosine","[M - H]-","own",2352668.5553498,9.98599999998001,408199.15625,37.98400000002,592.871766433916,931.60693359375,686.940367840576,4,"own","detected",26,41.4917759603458,2,0.768923826281465,0.842390675078891,0.727339320856628,313874.057108615,343863.162800071,296899.297081124,1809022.90755165,1981866.052578,1711188.34924887
"2.1","cembio","neg","2,4-dihydroxypyrimidine-5-carboxylic acid","[M - H]-","own",16749452.8356013,13.98,64026.34375,40.97899999998,84.021267083092,1609.55926513672,742.868878936768,5,"own","detected",26,45.0689523181712,2,0.768923826281465,0.842390675078891,0.719849199901467,49231.3812190623,53935.1949343956,46089.3123210538,12879053.3624715,14109582.8813842,12057080.222495
"2.1","cembio","neg","3-hydroxybenzyl alcohol","[M - H]-","own",143699.025770778,3.99500000003999,29104.962890625,108.88399999998,928.027096373306,242.093307495117,31.1013220367432,5,"consensus","detected",26,107.748959805,3,0.768923826281465,0.486789723489237,0.612750498241206,22379.4994296394,14167.9968376918,17834.0805125223,110493.604728585,69951.2090206297,88051.6496378201
"2.1","cembio","neg","5,6-dihydroxyindole","[M - H]-","consensus",NA,NA,NA,115.374,3.29129866968603,259.378677368164,55.5969570556641,5,"consensus","below_detection",26,113.527618777112,3,0.768923826281465,0.486789723489237,0.602941550932048,NA,NA,NA,NA,NA,NA
"2.1","cembio","neg","5-aminoimidazole-4-carboxamide","[M - H]-","own",1511123.92933803,1.49800000002,637060.5625,24.50299999998,2648.96539106259,646.101837158203,240.250198364258,4,"own","detected",26,NA,NA,0.768923826281465,NA,NA,489851.045290522,NA,NA,1161939.19373208,NA,NA
"2.1","cembio","neg","5-methyl-2'-deoxycytidine","[M - H]-","own",425688.997664297,6.99,14501.70703125,31.992,415.708615614478,230.083503723145,34.3308341262817,5,"consensus","detected",26,34.2312672112997,2,0.768923826281465,0.842390675078891,0.743005872688293,11150.7080580816,12216.102775851,10774.8534882239,327322.412889953,358596.442116084,316289.425203366
"2.1","cembio","neg","9H-xanthine","[M - H]-","own",NA,NA,NA,79.92400000002,-0.730530747613368,2149.02697753906,2413.90015335083,5,"own","below_detection",26,83.3112771516866,3,0.768923826281465,0.486789723489237,0.651401174946901,NA,NA,NA,NA,NA,NA
"2.1","cembio","neg","Gly-Phe","[M - H]-","own",7539599.73947159,9.48700000002,438409.34375,103.39099999998,3533.91511181953,554.034088134766,123.900913238525,5,"own","detected",26,103.013956821732,3,0.768923826281465,0.486789723489237,0.620611189935392,337103.390073796,213413.16321916,272081.744503482,5797377.88030523,3670199.6723969,4679159.96595004
"2.1","cembio","neg","L-leucine","[M - H]-","own",NA,NA,NA,63.44800000002,-0.0301055697091861,411.62092590332,3704.60523338318,5,"own","below_detection",26,68.6422449052808,3,0.768923826281465,0.486789723489237,0.676424300965945,NA,NA,NA,NA,NA,NA
"2.1","cembio","neg","L-phenylalanine","[M - H]-","own",NA,NA,NA,86.91499999998,0.0961238510953951,474.104370117188,18006.0555381775,5,"own","below_detection",26,89.2055522096012,3,0.768923826281465,0.486789723489237,0.641951364274731,NA,NA,NA,NA,NA,NA
"2.1","cembio","neg","dopamine","[M - H]-","own",1790430.55450689,11.98300000002,10461.765625,36.486,195.440325004013,355.109497070312,51.7122355773926,5,"own","detected",26,39.6793942392888,2,0.768923826281465,0.842390675078891,0.731226881286597,8044.3008540349,8812.89380736088,7649.92425072008,1376704.71266268,1508242.00349293,1309210.95053231
"2.1","cembio","neg","ethylmalonic acid","[M - H]-","own",NA,NA,NA,128.8549921875,3.62101109113519,837.748168945312,280.760723931885,5,"own","below_detection",26,126.455276475608,4,0.768923826281465,0.50519306569154,0.581509141021621,NA,NA,NA,NA,NA,NA
"2.1","cembio","neg","keto-phenylpyruvic acid","[M - H]-","own",772443.502226817,7.48899999996001,86686.3671875,181.281,299.6543736757,856.820251464844,286.428480529785,5,"own","detected",26,181.22011594059,4,0.768923826281465,0.50519306569154,0.539097930071002,66655.2131442525,43793.3515931156,46732.4411161561,593950.213318499,390233.100963475,416422.693147272
"2.1","cembio","neg","methylmalonic acid","[M - H]-","own",11595703.7492539,63.91000000002,5209.8125,99.89599999998,11.6060800246552,826.092651367188,377.708911132812,5,"own","detected",26,100.053784879289,3,0.768923826281465,0.486789723489237,0.625365111106124,4005.948961709,2536.08318630577,3258.03497290457,8916212.89530263,5644669.42176241,7251548.56350586
"2.1","cembio","neg","pyridoxamine","[M - H]-","consensus",211042.098261131,0.999000000000002,119216.8046875,23.00500000002,7135.17495155581,265.408233642578,16.6711254119873,4,"consensus","detected",26,NA,NA,0.768923826281465,NA,NA,91668.6416173626,NA,NA,162275.297701418,NA,NA
"2.1","cembio","neg","vanillylmandelic acid","[M - H]-","own",17953718.16502,23.967,20895.56640625,62.44900000002,64.3246760482768,934.867095947266,310.311695861816,5,"own","detected",26,67.6984753651221,2,0.768923826281465,0.842390675078891,0.678093754954706,16067.0988734122,17602.2302911167,14169.1530863195,13805041.6674262,15124044.7652073,12174304.1659169
"2.10","cembio","neg","(5-hydroxyindol-3-yl)acetic acid","[M - H]-","own",8258872.52999064,1.99799999999999,2447905.75,166.77700000002,16212.5156118322,611.230102539062,150.950942993164,5,"own","detected",27,166.678164966322,4,0.834226860777954,0.627853909656338,0.466217148738828,2042108.7293028,1536927.19560773,1141255.63914638,6889773.30425937,5185365.40730796,3850428.00272967
"2.10","cembio","neg","(S)-2-hydroxy-4-methylpentanoic acid","[M - H]-","own",35663920.539921,35.45000000004,23370.759765625,202.72600000002,11.055604819847,1601.9013671875,1969.03369405518,5,"own","detected",27,201.831751264396,5,0.834226860777954,0.332090483340807,0.533055239350049,19496.5155532731,7761.20690660829,12457.9059406577,29751800.4750527,11843648.6099305,19010839.6995687
"2.10","cembio","neg","2-hydroxy-2-methylbutyric acid","[M - H]-","own",NA,NA,NA,207.71899999998,3.75813332699056,3061.57775878906,674.621295166016,5,"consensus","below_detection",27,206.708796025753,5,0.834226860777954,0.332090483340807,0.547311675955447,NA,NA,NA,NA,NA,NA
"2.10","cembio","neg","4-hydroxy-L-proline","[M - H]-","own",1492837.41111991,20.472,6087.7177734375,37.45999999998,71.9086507401599,337.990234375,79.958773803711,5,"own","detected",27,40.8589570456652,2,0.834226860777954,0.791234738980696,0.639175108891936,5078.53768743692,4816.81378345396,3891.11767074029,1245365.06713045,1181184.81932808,954184.514810524
"2.10","cembio","neg","7,9-dihydro-1H-purine-2,6,8(3H)-trione","[M - H]-","own",5826536.38272289,14.979,23933.65625,38.45800000002,54.2201403932364,1122.70776367188,420.709874981689,5,"own","detected",27,42.06282847784,2,0.834226860777954,0.791234738980696,0.636373128967929,19966.0989203762,18937.1402558224,15230.7357154553,4860653.15576745,4610157.99394527,3707851.18891884
"2.10","cembio","neg","L-pipecolic acid","[M - H]-","own",54712.4325168694,0.998999999999999,19477.51171875,26.475,235.399191395472,285.944747924805,81.5277523132324,4,"consensus","detected",27,27.1741398092618,1,0.834226860777954,0.842203517649381,NA,16248.6634568986,16404.0288845883,NA,45642.5808240736,46079.0031248618,NA
"2.10","cembio","neg","N-isovalerylglycine","[M - H]-","own",51142092.851257,40.443,20112.80078125,138.31699999998,27.016784602301,1426.61596679688,691.65095289917,5,"own","detected",27,136.255124703434,4,0.834226860777954,0.627853909656338,0.470067374385793,16778.6386571946,12627.9006046469,9454.37145478671,42664107.5729188,32109762.9446692,24040229.3071848
"2.10","cembio","neg","alpha-D-glucuronic acid","[M - H]-","own",757221.580860893,0.999000000000002,374871.5625,25.47700000002,8654.45274008656,355.825012207031,43.2743408203125,5,"own","detected",27,NA,NA,0.834226860777954,NA,NA,312727.926779302,NA,NA,631694.582314903,NA,NA
"2.10","cembio","neg","trans-urocanic acid","[M - H]-","own",1811540.59278161,43.43799999996,1614.97131347656,67.917,6.88539474071878,398.089080810547,176.733837127685,5,"own","detected",27,72.774918873567,3,0.834226860777954,0.237315282675941,0.577476433964907,1347.252449088,383.257373771226,932.607875062065,1511235.82188804,429906.26785491,1046122.0015022
"2.10","cembio","neg","uracil","[M - H]-","own",1869623.41720992,2.496,565328.5625,28.97200000002,4233.549946598,533.232574462891,133.409393310547,5,"own","detected",27,30.6229070179106,1,0.834226860777954,0.842203517649381,0.66312511835894,471612.272002488,476121.703965168,374883.569919502,1559690.07417598,1574603.41865385,1239794.24982397
"2.2","cembio","neg","2-oxobutanoic acid","[M - H]-","own",1704.43481804386,NA,2613.3896484375,128.24299999998,6.99916869409864,869.573425292969,249.14619140625,3,"own","detected",28,125.838814020741,4,0.70903827902064,0.531009540667124,0.521583836347124,1852.99329873848,1387.73483680101,1363.10179870189,1208.50953008868,905.071149826523,889.005651198929
"2.2","cembio","neg","3,3',5-triiodo-L-thyronine","[M - H]-","own",3176971.35210376,1.49800000002,1199298.125,297.00499999998,11218.4548889971,389.003051757812,106.869362475586,5,"own","detected",28,295.73663196206,7,0.70903827902064,0.807455644772928,0.74385093391743,850348.278582681,968380.040796838,892099.030326672,2252594.29999353,2565263.45153806,2363193.1072913
"2.2","cembio","neg","3-iodo-L-tyrosine","[M - H]-","own",3048025.07420641,40.94300781252,1611.82348632812,125.247,15.7862058098211,323.070404052734,81.6379247680664,5,"own","detected",28,122.858523582357,3,0.70903827902064,0.340545758383728,0.524649796484213,1142.84455083114,548.899651532313,845.642864070523,2161166.45302707,1037992.01046824,1599145.73486117
"2.2","cembio","neg","5-methoxysalicylic acid","[M - H]-","own",29818718.1202464,1.99700000004,10231565,256.562015625,4777.1367359115,5591.36669921875,2140.60727138672,5,"own","detected",28,255.716326402782,6,0.70903827902064,0.610620913268353,0.648277208510019,7254571.23928782,6247607.56446452,6632890.39688881,21142612.5785811,18207932.8910764,19330795.3443405
"2.2","cembio","neg","5-oxo-L-proline","[M - H]-","own",19511608.3974877,12.48199999998,54411.63671875,39.86800000002,154.742515705254,798.266052246094,346.468263244629,5,"own","detected",28,43.751600397761,2,0.70903827902064,0.587530227324691,0.593445851397487,38579.9332577588,31968.4812904757,32290.3600784893,13834477.2390794,11463659.7172463,11579083.0575814
"2.2","cembio","neg","D-glucono-1,5-lactone","[M - H]-","own",338542.09676389,22.96699999998,1067.95324707031,45.85900000002,17.6578974992367,319.606628417969,42.3802787780762,5,"consensus","detected",28,50.6702716456404,2,0.70903827902064,0.587530227324691,0.586732069777581,757.219732377237,627.454814023361,626.602419079251,240039.305665508,198903.715070666,198633.505141119
"2.2","cembio","neg","L-methionine","[M - H]-","own",1040780.3472154,13.98,4632.31591796875,36.87199999998,105.175143881257,247.266387939453,41.6928312927246,5,"own","detected",28,40.1472864273332,2,0.70903827902064,0.587530227324691,0.597496213228561,3284.48930635648,2721.62562432396,2767.79121946471,737953.106228112,611489.913994534,621862.316263908
"2.2","cembio","neg","N-acetyl-L-phenylalanine","[M - H]-","own",28763778.8011248,15.97700000004,68645.46875,232.596,250.598590943517,869.586975097656,270.45595715332,5,"own","detected",28,231.670646991097,6,0.70903827902064,0.610620913268353,0.603242512016343,48672.2650250651,41916.3588198592,41409.8650072894,20394620.2192799,17563764.8805917,17351534.179073
"2.2","cembio","neg","N-acetyl-L-proline","[M - H]-","own",8462034.67361305,55.422,2360.33544921875,85.803,14.6216305837149,389.112030029297,134.815567108154,5,"own","detected",28,88.2745738843515,3,0.70903827902064,0.340545758383728,0.555603107613556,1673.56818482547,803.802225594196,1311.40971059638,5999906.50199158,2881710.01539495,4701532.76139307
"2.2","cembio","neg","alloxanthine","[M - H]-","own",15141752.7862578,11.484,111828.1953125,38.86900000002,500.628724805668,811.349731445312,221.754845617676,5,"own","detected",28,42.5567449889244,2,0.70903827902064,0.587530227324691,0.594763512675739,79290.4711503591,65702.445013263,66511.3302602511,10736082.3369242,8896237.45660431,9005762.07522235
"2.2","cembio","neg","biotin","[M - H]-","own",15452809.3244185,2.49600000000001,4596728.5,194.14999999998,8870.98207428749,710.661926269531,518.095719232178,4,"own","detected",28,193.585230727861,5,0.70903827902064,0.56347354154966,0.540842088345735,3259256.46476513,2590134.88743725,2486104.24149836,10956633.3294198,8707249.1969217,8357529.66582695
"2.2","cembio","neg","glutaric acid","[M - H]-","own",14715125.0701584,28.959,55948.5546875,66.33,294.887605567891,490.557373046875,188.064863586426,5,"own","detected",28,71.3232595020886,3,0.70903827902064,0.340545758383728,0.56886851095949,39669.6669293172,19053.0429865281,31827.3709954137,10433586.9553186,5011173.4267285,8370971.28724367
"2.2","cembio","neg","homovanillic acid","[M - H]-","own",NA,NA,NA,177.67300000002,-0.645129140759691,692.959320068359,313.568497393799,5,"own","below_detection",28,177.690472082097,4,0.70903827902064,0.531009540667124,0.525621342744461,NA,NA,NA,NA,NA,NA
"2.2","cembio","neg","kynurenic acid","[M - H]-","own",12454762.0241534,2.49600000000004,2841055.75,156.70300000002,12132.47281764,1464.70477294922,234.048828125,5,"own","detected",28,156.006734095577,4,0.70903827902064,0.531009540667124,0.511871322466862,2014417.27958169,1508627.70881719,1454254.96395458,8830903.03121736,6613597.46156404,6375235.50831346
"2.2","cembio","neg","trans-3-coumaric acid","[M - H]-","own",25638998.4683286,1.49799999995997,10436006,232.596,16416.9766092544,2178.5615234375,635.551093652344,5,"own","detected",28,231.670646991097,6,0.70903827902064,0.610620913268353,0.603242512016343,7399527.73408908,6372443.51459401,6295442.47485763,18179031.3497965,15655708.6600167,15466533.8416177
"2.3","cembio","neg","(R)-adrenaline","[M - H]-","own",1414825.86138832,1.49799999996,569048.9375,25.97299999998,5636.17586692238,394.331481933594,100.893694491577,4,"own","detected",29,26.3078896326286,1,0.920701211639605,1.02280015289721,NA,523924.04623848,582023.340280993,NA,1302631.88483927,1447084.1073509,NA
"2.3","cembio","neg","(S)-mandelic acid","[M - H]-","own",18246724.2557543,3.99499999998,3909342.5,142.30900000002,7335.41662040351,1994.4921875,532.668859863281,5,"own","detected",29,140.503002749177,4,0.920701211639605,0.420328609198255,0.536127918070917,3599336.3764642,1643208.49590463,2095907.65555116,16799781.1307268,7669620.22884527,9782578.28685166
"2.3","cembio","neg","2'-deoxyinosine","[M - H]-","own",3423574.55543658,11.48299999998,343083.28125,39.95299999998,5178.85775724302,344.319915771484,66.1804161071777,4,"own","detected",29,43.8528462470387,2,0.920701211639605,0.774681708049131,0.768319470792118,315877.192740166,265780.34232185,263597.565087623,3152089.24132898,2652180.58423915,2630398.99065039
"2.3","cembio","neg","2'-deoxyuridine","[M - H]-","own",3244056.07121554,8.48800000002,560268.4375,35.95900000002,9981.01453863827,413.821105957031,56.0919548034668,5,"own","detected",29,39.0399273798532,2,0.920701211639605,0.774681708049131,0.78505478865871,515839.829249678,434029.710128518,439841.419793708,2986806.35539497,2513110.89825641,2546761.75338512
"2.3","cembio","neg","2-hydroxy-3-methylbutyric acid","[M - H]-","own",25293412.9970317,78.88900000002,12352.51171875,112.84999999998,6.08196611722562,833.648071289062,1893.93749084473,5,"own","detected",29,111.252289482292,3,0.920701211639605,0.471094342183978,0.595498894834103,11372.9725062455,5819.19838246441,7355.90707694093,23287675.992868,11915583.7574243,15062199.4863149
"2.3","cembio","neg","2-hydroxy-4-(methylthio)butanoic acid","[M - H]-","own",24644536.7088029,26.463,14408.5068359375,109.35499999998,44.1246238936825,1696.4423828125,288.094567871094,5,"own","detected",29,108.160858857904,3,0.920701211639605,0.471094342183978,0.602839542155601,13265.9297017652,6787.76604972933,8686.01766412242,22690254.8080916,11609901.8092624,14856701.2261717
"2.3","cembio","neg","6-hydroxynicotinic acid","[M - H]-","own",5354383.94923667,1.49800000002,1535902.75,39.45400000002,12815.7709603759,465.834716796875,119.808392333984,4,"own","detected",29,43.2574943237527,2,0.920701211639605,0.774681708049131,0.770335502217824,1414107.5228856,1189835.76576736,1183160.41627899,4929787.78964586,4147943.30334551,4124672.04860229
"2.3","cembio","neg","L-isoglutamine","[M - H]-","own",1285003.73611091,29.45799999996,1660.923828125,44.44699999998,27.4489164063055,260.170135498047,51.0312928894043,5,"own","detected",29,49.0811768257223,2,0.920701211639605,0.774681708049131,0.751682083420637,1529.21458099578,1286.68730811138,1248.48668352798,1183104.49679873,995468.889139914,965914.285563152
"2.3","cembio","neg","L-proline","[M - H]-","own",76138.4033282093,12.48199999998,971.834838867188,36.45799999998,23.8369674060672,252.394409179688,30.1817096710205,4,"consensus","detected",29,39.6454360001176,2,0.920701211639605,0.774681708049131,0.782907333961983,894.7695136586,752.862672915285,760.856622748884,70100.7201965873,58983.0283384308,59609.3143618105
"2.3","cembio","neg","N-acetyl-L-leucine","[M - H]-","own",36129598.6310593,31.95499999998,8785.693359375,218.70100000002,21.9200798222813,771.690368652344,365.600994873047,5,"own","detected",29,217.633480558226,5,0.920701211639605,0.449593902191781,0.599403606108094,8088.9985210706,3949.99416090182,5266.17628176931,33264565.2356689,16243647.2331608,21656211.706695
"2.3","cembio","neg","N-acetyl-L-tryptophan","[M - H]-","own",12578319.971933,1.49800000002,5606646.5,232.68100000002,15106.3492408967,904.012939453125,371.085190582275,4,"own","detected",29,231.756751903462,6,0.920701211639605,0.893136821092003,0.63364191736214,5162046.22578495,5007502.43199661,3552606.23823173,11580874.4385494,11234160.7144103,7970150.78421012
"2.3","cembio","neg","N-acetylserotonin","[M - H]-","own",6154887.11427006,1.99699999998003,2032476,180.255,12068.3541190557,521.730712890625,168.370454598999,5,"own","detected",29,180.220806876336,4,0.920701211639605,0.420328609198255,0.529324030750147,1871303.11582842,854307.810308833,1075838.38872293,5666812.02361344,2587075.1405134,3257929.65613757
"2.3","cembio","neg","gallic acid","[M - H]-","own",17501490.866413,60.91399999998,7798.693359375,65.91700000002,16.5878180089047,1124.03863525391,402.382924658203,5,"own","detected",29,70.9426995021817,3,0.920701211639605,0.471094342183978,0.690330070936654,7180.26642518231,3673.92031802932,5383.67253999056,16113643.8462059,8244853.32695173,12081805.4313081
"2.3","cembio","neg","gamma-aminobutyric acid","[M - H]-","consensus",7324.36600993016,NA,4618.98291015625,23.47699999998,63.2806265502202,286.528625488281,68.4641496276855,2,"consensus","detected",29,NA,NA,0.920701211639605,NA,NA,4252.70316192349,NA,NA,6743.55265983464,NA,NA
"2.3","cembio","neg","imidazol-4-ylacetic acid","[M - H]-","own",NA,NA,NA,NA,NA,NA,NA,0,"own","no_data",29,NA,NA,0.920701211639605,NA,NA,NA,NA,NA,NA,NA,NA
"2.3","cembio","neg","pyruvic acid","[M - H]-","consensus",552715.684060903,1.49800000002,185372.640625,27.471,1228.91993561383,627.580200195312,150.331242150879,5,"consensus","detected",29,28.6910102331786,1,0.920701211639605,1.02280015289721,NA,170672.814828271,189599.165174209,NA,508886.000007087,565317.686166176,NA
"2.3","cembio","neg","taurocyamine","[M - H]-","own",3200161.86681745,1.49799999996,1244990.5,24.975,8303.29333791698,436.457305908203,149.886796966553,5,"own","detected",29,NA,NA,0.920701211639605,NA,NA,1146264.2618298,NA,NA,2946392.90822169,NA,NA
"2.3","cembio","neg","trans-3-hexenedioic acid","[M - H]-","own",2744865.4000793,3.49500000000002,515786.8125,81.39499999998,6930.28294303487,290.395294189453,74.3831704193115,5,"consensus","detected",29,84.5612882210038,3,0.920701211639605,0.471094342183978,0.655520678847291,474885.54321648,242984.249141858,338108.921470481,2527200.89964064,1293090.56003392,1799316.03040442
"2.4","cembio","neg","(S)-methylsuccinic acid","[M - H]-","own",14616170.5092934,46.434,2375.58959960938,77.15800000002,5.11490230657985,731.920959472656,321.348980218506,5,"own","detected",30,80.9415590020548,3,0.748633781666498,0.721492575854862,0.630474919700279,1778.44662564317,1713.97025939619,1497.74966205454,10942159.0018547,10545458.509884,9215128.92817234
"2.4","cembio","neg","1-hexadecanoyl-sn-glycero-3-phosphocholine","[M + CH2O2 - H]-","own",9896897.72918921,1.49800000002006,3822634,442.64200000002,8128.58618824142,1006.66436767578,470.146621704102,5,"own","detected",30,441.597104518177,9,0.748633781666498,1.72397422878317,1.54757081943153,2861752.94734693,6590122.50207033,5915796.83176683,7409151.9737695,17061996.6300249,15316150.1285914
"2.4","cembio","neg","2'-deoxyadenosine","[M - H]-","own",NA,NA,NA,69.16999999998,-1.25751495402176,518.107177734375,252.690999462891,3,"consensus","below_detection",30,73.9096020548511,3,0.748633781666498,0.721492575854862,0.636779671364403,NA,NA,NA,NA,NA,NA
"2.4","cembio","neg","4-guanidinobutanoic acid","[M - H]-","own",1200908.42403699,19.97200000002,1584.04125976562,44.70400000002,21.9810680925999,258.000854492188,60.3264772979736,5,"own","detected",30,49.3722796119882,2,0.748633781666498,0.542776440257139,0.659385327597028,1185.8667986141,859.780276196017,1044.49356499776,899040.614921966,651824.799473608,791861.394597661
"2.4","cembio","neg","5,6-dihydroxyindole-2-carboxylic acid","[M - H]-","own",9275177.99897769,38.445,9908.1201171875,150.05599999998,27.6074452654955,1197.70697021484,315.509568640137,5,"own","detected",30,148.841326853628,4,0.748633781666498,0.452453147064199,0.580026951825399,7417.55343253598,4482.96012851158,5746.97670989218,6943711.58100457,4196583.47521807,5379853.22238503
"2.4","cembio","neg","5,6-dimethylbenzimidazole","[M - H]-","own",4417.80855655987,0.500000000040018,3786.52490234375,217.45999999998,8.00704671401602,530.035278320312,406.702963069153,3,"consensus","detected",30,216.388347988517,5,0.748633781666498,0.646300032917136,0.582211695033946,2834.72045701597,2447.23116902632,2204.5590816818,3307.32072637603,2855.22981552625,2572.09980805019
"2.4","cembio","neg","L-tryptophanamide","[M - H]-","own",544089.83689496,3.49500390623999,92146.1796875,63.67699999998,3377.06826569262,268.129547119141,27.2064533233643,5,"own","detected",30,68.8575037001204,3,0.748633781666498,0.721492575854862,0.641411633818833,68983.7429655738,66482.7845379193,59103.6316635232,407324.032160982,392556.777917796,348985.551227019
"2.4","cembio","neg","N-acetyl-alpha-D-galactosamine","[M - H]-","own",622085.370685808,8.48799999996,9922.18359375,31.22299999998,158.092534044381,263.185241699219,61.0971189147949,5,"consensus","detected",30,33.3066011937799,2,0.748633781666498,0.542776440257139,0.675269768451001,7428.08182617835,5385.52749059341,6700.15061787988,465714.123575922,337653.283036886,420075.44421976
"2.4","cembio","neg","citraconic acid","[M - H]-","own",28050730.6535003,1.99699999997999,8301982,40.21099999998,18163.1277397377,1582.95874023438,456.991723022461,5,"consensus","detected",30,44.1597150602852,2,0.748633781666498,0.542776440257139,0.664367519425679,6215144.1799872,4506120.23703884,5515567.18765664,20999724.5676383,15225275.7307187,18635994.3423438
"2.4","cembio","neg","cortisol","[M - H]-","own",82160.8895268971,1.49799999995997,26934.37109375,286.36300000002,5056.62761981252,222.003570556641,5.2826447845459,5,"own","detected",30,285.115872843731,6,0.748633781666498,0.50263600483084,0.714931441985319,20163.9800887229,13538.1846791938,19256.2287650224,61508.4174316043,41297.0212651476,58739.403224261
"2.4","cembio","neg","creatinine","[M - H]-","own",429700.421354612,12.48199999998,3638.42700195312,31.72300000002,105.309390431644,230.332450866699,32.3626842498779,5,"own","detected",30,33.9073452533297,2,0.748633781666498,0.542776440257139,0.674669208667691,2723.84936578966,1974.85245625557,2454.73466620287,321688.251422391,233231.265079849,289905.643239489
"2.4","cembio","neg","phloretic acid","[M - H]-","own",2189527.48044662,1.49799999995997,1082870.375,202.98100000002,9244.26283122822,313.081512451172,117.105854003906,4,"own","detected",30,202.07916297555,5,0.748633781666498,0.646300032917136,0.573415698047099,810673.343890869,699859.159007491,620934.871975149,1639154.23774947,1415091.68268562,1255509.4285936
"2.5","cembio","neg","3-hydroxybenzoic acid","[M - H]-","own",15403158.1903164,9.48700000002,67099.671875,187.57000000002,121.987860081235,1070.80780029297,541.274058178711,5,"own","detected",31,187.288802830317,5,0.685211538521775,0.433459000262491,0.48483266436179,45977.469399775,29084.9566888787,32532.1126929581,10554421.721681,6676637.55005954,7467954.22499723
"2.5","cembio","neg","5-aminolevulinic acid","[M - H]-","own",2400541.58831849,21.46999999998,3798.25244140625,38.28100000002,51.9109446041681,302.53271484375,67.3407073059082,5,"consensus","detected",31,41.84975561997,2,0.685211538521775,0.825624623804466,0.609666551012211,2602.60639907006,3135.93074305043,2315.66746582586,1644878.79501722,1981946.24578243,1463529.91071151
"2.5","cembio","neg","5-hydroxymethyl-2-furoic acid","[M - H]-","own",9490100.26882231,29.45800000002,8901.462890625,70.236,48.1268073639688,904.48974609375,166.16463012085,5,"own","detected",31,74.8674164015142,3,0.685211538521775,0.361260123188841,0.562877115065798,6099.38508237964,3215.74358042808,5010.42975174026,6502726.20592565,3428394.7921892,5341760.26099986
"2.5","cembio","neg","5-oxo-L-proline","[M - H]-","own",10950394.9700669,8.98699999998,63560.09375,36.783,275.620798680893,577.068267822266,228.513326220703,5,"own","detected",31,40.0394482102651,2,0.685211538521775,0.825624623804466,0.612796775944011,43552.1096270258,52476.7784913203,38949.4205286991,7503336.98486065,9040915.7276718,6710366.73297051
"2.5","cembio","neg","D-glyceric acid","[M - H]-","own",8492677.67704767,50.928,3410.99975585938,47.268,20.8093106925094,470.104553222656,141.325930786133,5,"own","detected",31,52.2314147657604,2,0.685211538521775,0.825624623804466,0.593641647771619,2337.2563906098,2816.20539022853,2024.91151561695,5819280.73725937,7011763.81220507,5041607.17019582
"2.5","cembio","neg","D-ribofuranose","[M - H]-","own",315832.278839863,2.496,80175.0078125,26.79700000002,3283.96350671906,252.563186645508,24.337190246582,5,"consensus","detected",31,27.6923357428808,1,0.685211538521775,0.620995179053524,NA,54936.8404541984,49788.2933321411,NA,216411.921698701,196130.322549043,NA
"2.5","cembio","neg","N-acetyl-L-valine","[M - H]-","own",38932908.1315458,24.465,21673.97265625,131.14999999998,38.618647396223,1069.49645996094,533.536972045898,5,"own","detected",31,128.788266072806,4,0.685211538521775,0.449895837615924,0.496035608806484,14851.2561496679,9751.03008264822,10751.0622217981,26677277.8799434,17515753.3146656,19312108.7876382
"2.5","cembio","neg","N-carbamoyl-beta-alanine","[M - H]-","own",NA,NA,NA,55.75600000002,-0.526856948145754,7633.74044799805,12708.398223877,4,"own","below_detection",31,61.1592949265002,2,0.685211538521775,0.825624623804466,0.581275897520016,NA,NA,NA,NA,NA,NA
"2.5","cembio","neg","Phenylglyoxal","[M - H]-","consensus",NA,NA,NA,151.62100000002,1.12494629097098,336.287231445312,99.3549223754883,5,"consensus","below_detection",31,150.531197022972,4,0.685211538521775,0.449895837615924,0.478686523714637,NA,NA,NA,NA,NA,NA
"2.5","cembio","neg","cis-4-hydroxy-D-proline","[M - H]-","own",2402596.69974267,46.93399999998,1455.53991699219,48.267,20.0412451892237,265.118545532227,59.3985733032227,5,"own","detected",31,53.323826374244,2,0.685211538521775,0.825624623804466,0.592123477531175,997.352745902075,1201.72959639906,861.859357334853,1646286.98107801,1983642.99637889,1422633.91295655
"2.5","cembio","neg","hypoxanthine","[M - H]-","own",3708111.85010928,13.98099999996,16466.375,38.77999999998,112.939480001763,534.853393554688,141.062466430664,5,"own","detected",31,42.4498949760024,2,0.685211538521775,0.825624623804466,0.608641292602919,11282.9501476265,13595.0446647983,10022.1157644844,2540841.02582421,3061508.45127136,2256909.98956671
"2.5","cembio","neg","inosine","[M - H]-","own",13490788.8715663,8.98699999998,1014172.125,36.783,5822.67017575211,424.242431640625,174.103607446289,5,"own","detected",31,40.0394482102651,2,0.685211538521775,0.825624623804466,0.612796775944011,694922.442097148,837325.479176101,621481.408452287,9244044.19855838,11138327.4869124,8267111.92543717
"2.5","cembio","neg","oxalic acid","[M - H]-","own",1390497.94702155,15.97699999998,46515.5546875,36.783,52.1020154207515,6759.37646484375,763.044920654297,5,"consensus","detected",31,40.0394482102651,2,0.685211538521775,0.825624623804466,0.612796775944011,31872.9947926156,38404.3873399233,28504.5819437473,952785.237590006,1148029.34441055,852092.658891572
"2.5","cembio","neg","picolinic acid","[M - H]-","consensus",11721.0008499534,2.99599999998,603.990783691406,27.79600000002,13.3715209336238,245.858879089355,26.7831839309692,5,"consensus","detected",31,29.1374175625634,1,0.685211538521775,0.620995179053524,0.631334429263118,413.861454146161,375.075364865123,381.320176701997,8031.3650254116,7278.68502150332,7399.87138199785
"2.5","cembio","neg","pyridoxal","[M - H]-","own",1594460.06605611,17.475,10435.3193359375,35.784,39.8651228117398,618.336364746094,246.254928588867,5,"own","detected",31,38.8274572025048,2,0.685211538521775,0.825624623804466,0.614913433244298,7150.40121714376,8615.65660101287,6416.81803986194,1092542.43497384,1316425.49220882,980454.913389493
"2.5","cembio","neg","xanthurenic acid","[M - H]-","own",9247846.19369893,27.46099999998,71153.71875,149.124,73.2466076149453,2131.65795898438,942.324334716797,5,"own","detected",31,147.83502870547,4,0.685211538521775,0.449895837615924,0.479747754342197,48755.3490962332,32011.7618965191,34135.8367834088,6336730.91839718,4160567.50945741,4436633.4439291
"2.6","cembio","neg","(S)-2-hydroxybutyric acid","[M - H]-","own",NA,NA,NA,72.03100000002,3.17141962123434,4533.37548828125,1912.92595825195,5,"own","below_detection",32,76.465560917056,3,0.753304342937544,0.335677140538542,0.619636769890586,NA,NA,NA,NA,NA,NA
"2.6","cembio","neg","2-oxoglutaric acid","[M - H]-","own",5839408.76463726,22.96699999998,11413.515625,42.07300000002,29.2069400987739,1264.16455078125,347.497924804688,5,"own","detected",32,46.3517549417058,2,0.753304342937544,0.691273538951991,0.683195659343086,8597.85088849802,7889.86133797759,7797.66433284449,4398851.98258881,4036628.76211807,3989458.72113015
"2.6","cembio","neg","3-methyl-2-oxovaleric acid","[M - H]-","own",20656678.1119537,4.99300000002,3369280,118.46599999998,1572.36823172327,403.600357055664,2142.54926528931,5,"consensus","detected",32,116.3710000966,3,0.753304342937544,0.335677140538542,0.54711673077581,2538093.25657261,1130990.2760737,1843389.45866832,15560765.3323976,6933974.64164571,11301614.1973003
"2.6","cembio","neg","3-methyladipic acid","[M - H]-","own",23329894.9218546,15.981,20374.4921875,182.87800000002,101.099350258234,531.120056152344,196.275961029053,5,"own","detected",32,182.769549959351,4,0.753304342937544,0.403056616495249,0.512780196420204,15348.1934499908,8212.07388390264,10447.6361058682,17574511.1649096,9403268.51039241,11963108.1004913
"2.6","cembio","neg","4-hydroxy-4-methyloxan-2-one","[M - H]-","consensus",NA,NA,NA,83.51500000002,-0.772094986275486,9402.2578125,11315.5217273438,5,"consensus","below_detection",32,86.3524689569307,3,0.753304342937544,0.335677140538542,0.601399964594299,NA,NA,NA,NA,NA,NA
"2.6","cembio","neg","4-hydroxyphenylpyruvic acid","[M - H]-","consensus",3139495.34952454,11.484,226921.015625,71.03299999998,933.462450119446,984.901611328125,242.040924072266,5,"consensus","detected",32,75.5792182448415,3,0.753304342937544,0.335677140538542,0.621372126271986,170940.586574111,76172.1976531019,141002.393974705,2364995.48142906,1053856.82166245,1950794.90075507
"2.6","cembio","neg","5-aminopentanoic acid","[M - H]-","consensus",NA,NA,NA,152.418,4.6448091913725,230.445648193359,31.7561355285645,5,"consensus","below_detection",32,151.391529490401,4,0.753304342937544,0.403056616495249,0.501065035875529,NA,NA,NA,NA,NA,NA
"2.6","cembio","neg","5-hydroxymethyluracil","[M - H]-","own",4684016.80024741,14.47899999996,286318.09375,39.078,1513.97061646868,654.125457763672,188.685279083252,5,"own","detected",32,42.8074208707444,2,0.753304342937544,0.691273538951991,0.69237533091081,215684.663483474,197924.12193255,198239.584905909,3528490.19801879,3237936.87001761,3243097.68206309
"2.6","cembio","neg","esculin","[M - H]-","own",18043793.9447316,3.495,2871808.5,152.91700000002,4697.92074835987,1310.43530273438,611.01457824707,5,"own","detected",32,151.92999940727,4,0.753304342937544,0.403056616495249,0.501124093835318,2163345.81513495,1157501.4172323,1439132.43223107,13592468.3416365,7272670.53610098,9042179.88990483
"2.6","cembio","neg","glyceraldehyde","[M - H]-","own",126688.965324555,12.48200000004,3319.64697265625,34.08499999998,7.66664262667172,1391.00543212891,251.562728881836,5,"consensus","detected",32,36.7640593510338,2,0.753304342937544,0.691273538951991,0.709178111142593,2500.70448152142,2294.78411085935,2354.22096972859,95435.3477812512,87576.7294060712,89845.0411314774
"2.6","cembio","neg","guanine","[M - H]-","own",NA,NA,NA,NA,NA,NA,NA,0,"own","no_data",32,NA,NA,0.753304342937544,NA,NA,NA,NA,NA,NA,NA,NA
"2.6","cembio","neg","indole-3-butyric acid","[M - H]-","own",8306348.87961275,0.999000000000024,4105445,308.7,34761.9861102706,434.008209228516,118.089080950928,5,"own","detected",32,307.485109496157,7,0.753304342937544,0.815335146923097,0.837633334824977,3092649.54819123,3347313.6022597,3438857.58629053,6257208.68496669,6772458.18415357,6957674.71224974
"2.6","cembio","neg","isonicotinic acid","[M - H]-","own",4137073.17832968,15.47799999996,7307.6455078125,37.08,32.8332771287345,761.681823730469,199.369793591309,5,"own","detected",32,40.3991983773688,2,0.753304342937544,0.691273538951991,0.698975207470835,5504.88109768319,5051.58197159216,5107.86303494656,3116475.19228618,2859849.21688732,2891711.58314502
"2.6","cembio","neg","phenylacetylglycine","[M - H]-","own",24208243.9862052,13.98,32882.1953125,199.35499999998,171.139367732656,539.408508300781,188.985078259277,5,"own","detected",32,198.575827843495,5,0.753304342937544,0.628721750232657,0.529161888070841,24770.3005342268,20673.7513883671,17400.0045554766,18236175.3297001,15220249.5290661,12810080.0946199
"2.6","cembio","neg","xanthosine","[M - H]-","own",896381.493604117,30.45700000002,1218.43212890625,51.06100000002,213.41022070212,212.663276672363,4.71284294128418,5,"own","detected",32,56.3178580174971,2,0.753304342937544,0.691273538951991,0.661400312316116,917.850214279716,842.269889721832,805.871390594584,675248.072060824,619644.807334789,592866.99982415
"2.7","cembio","neg","3,3-dimethylglutaric acid","[M - H]-","own",37571649.8177813,9.48600000000002,256916.90625,177.444,347.448874230643,1381.08447265625,735.463087463379,5,"own","detected",33,177.46487525465,4,0.773459485815992,0.274978403160717,0.520764088304488,198714.81820556,70646.6006256167,133793.098453291,29060148.9493196,10331392.2710072,19565965.9634524
"2.7","cembio","neg","3,4,5-Trimethoxycinnamic acid","[M - H]-","own",4809809.44279358,0.998999999999967,2318333.75,283.29499999998,14735.2721693279,527.098815917969,157.296494055176,4,"own","detected",33,282.071001021276,6,0.773459485815992,0.918128944766939,0.84633895020819,1793137.23022486,2128529.31950508,1962096.15220722,3720192.73849603,4416025.26824213,4070729.07451536
"2.7","cembio","neg","3-hydroxyphenylacetic acid","[M - H]-","own",4687827.42095944,3.99400000001998,391241.625,185.433,3734.06507080301,464.330078125,104.651977807617,4,"own","detected",33,185.235598645695,5,0.773459485815992,0.628790026865045,0.530478524534033,302609.546102313,246008.831894474,207545.279966297,3625844.5866094,2947659.12996378,2486791.77354074
"2.7","cembio","neg","3-hydroxypropionic acid","[M - H]-","own",2009.88215315497,NA,2564.9638671875,19.66699999998,5.12221585040283,1509.56921386719,206.042596435547,5,"consensus","detected",33,NA,NA,0.773459485815992,NA,NA,1983.89563385144,NA,NA,1554.56241672998,NA,NA
"2.7","cembio","neg","4-acetamidobutanoic acid","[M - H]-","own",10255533.37085,34.95099999996,6006.42236328125,59.11099999998,37.9252295204827,383.515197753906,148.262969970703,5,"own","detected",33,64.4864067176052,2,0.773459485815992,0.563095147696689,0.487584059283854,4645.72435269719,3382.18728778055,2928.63579766199,7932239.56778639,5774841.0781671,5000434.59108007
"2.7","cembio","neg","4-pyridoxic acid","[M - H]-","own",25258489.8094737,21.969,231694.6875,44.133,391.821264698919,2661.41918945312,584.535064697266,5,"own","detected",33,48.7243672362311,2,0.773459485815992,0.563095147696689,0.489540968332942,179206.453860047,130466.154278351,113424.041676348,19536418.540524,14222933.0498609,12365065.5599575
"2.7","cembio","neg","6-methyladenine","[M - H]-","own",3370950.59738521,63.40999999998,2812.75805664062,70.09600000002,11.3977507436938,667.005981445312,188.261010742187,5,"own","detected",33,74.7420066534986,3,0.773459485815992,0.555844893057413,0.48631659320339,2175.55440021404,1563.45720118978,1367.89091561086,2607293.71576468,1873725.67430541,1639349.21037731
"2.7","cembio","neg","LMFA01170001","[M - H]-","own",9972889.91993783,33.95299999998,3760.03637695312,58.61200000002,27.8728827669933,392.430053710938,120.820166015625,5,"own","detected",33,63.9980638205263,2,0.773459485815992,0.563095147696689,0.487649375332534,2908.23580276759,2117.25823902534,1833.57939044879,7713626.3095746,5615685.92243021,4863273.5397178
"2.7","cembio","neg","Methyl 3-aminopropanoate","[M - H]-","own",332605.966183819,10.98499999998,67521.234375,39.13999999998,2497.27567408801,237.696197509766,26.9427756317139,5,"consensus","detected",33,42.8817168383593,2,0.773459485815992,0.563095147696689,0.491130359864518,52224.9392213486,38020.8794430534,33161.7281370902,257257.239583868,187288.805653077,163352.887864945
"2.7","cembio","neg","N(4)-acetylcytosine","[M - H]-","own",1728485.72564077,10.98499999998,435891.75,39.639,7841.12522604674,279.53125,55.5548095703125,4,"own","detected",33,43.478486831357,2,0.773459485815992,0.563095147696689,0.490926041263153,337144.608826433,245448.529346018,213990.611246768,1336913.68059439,973301.924971308,848558.654668692
"2.7","cembio","neg","N-acetyl-L-isoleucine","[M - H]-","own",36054470.5901613,59.41600000002,6522.10791015625,214.89199999998,21.4368576245156,808.400573730469,266.536608886719,5,"own","detected",33,213.819191803044,5,0.773459485815992,0.628790026865045,0.601197258150156,5044.58623062587,4101.03640804387,3921.07339294538,27886672.284034,22670691.5309925,21675848.8628604
"2.7","cembio","neg","N-acetyl-beta-D-mannosamine","[M - H]-","own",324739.17091426,1.99699999998,96816.96875,27.15700000002,2985.5462288617,235.010528564453,32.3498451599121,5,"consensus","detected",33,28.2391430273089,1,0.773459485815992,0.470979330394045,NA,74884.002867638,45598.7911126562,NA,251172.592159655,152945.437269916,NA
"2.7","cembio","neg","O-propanoyl-L-carnitine","[M - H]-","own",NA,NA,NA,NA,NA,NA,NA,0,"own","no_data",33,NA,NA,0.773459485815992,NA,NA,NA,NA,NA,NA,NA,NA
"2.7","cembio","neg","melatonin","[M - H]-","own",3674376.79870103,14.979,3514.31274414062,259.82800000002,24.4326464064249,337.197845458984,130.035643533325,5,"consensus","detected",33,258.943051697241,6,0.773459485815992,0.918128944766939,0.740464567010798,2718.17852807959,3226.59225135883,2602.22406443061,2841981.58941751,3373551.6928675,2720745.82528468
"2.7","cembio","neg","methyl (R)-lactate","[M - H]-","consensus",13661.9782013557,1.99699999998,5236.69970703125,42.135,5.78725400932676,3184.95092773438,354.528896777344,5,"consensus","detected",33,46.4239810244312,2,0.773459485815992,0.563095147696689,0.490040023913299,4050.37506277315,2948.76019497397,2566.19244966036,10566.9866348499,7692.99363312133,6694.91612449532
"2.8","cembio","neg","2'-deoxycytidine","[M - H]-","consensus",417502.708016986,1.497,142628.71875,26.61700000002,2710.91932929425,320.288452148438,52.4945278747559,5,"consensus","detected",34,27.4061717042111,1,0.815540627056327,0.657011013020348,NA,116319.514725615,93708.6389917318,NA,340490.420293887,274303.877132979,NA
"2.8","cembio","neg","3-hydroxyisovaleric acid","[M - H]-","consensus",18116043.8007551,53.92399999998,12439.7001953125,81.04000000002,11.6853338578019,3308.53540039062,781.420959472656,5,"consensus","detected",34,84.260201752184,3,0.815540627056327,0.515727625915235,0.573967513907947,10145.0808976779,6415.4970488258,7139.98379486372,14774369.7210477,9342944.26033984,10398020.6221669
"2.8","cembio","neg","L-isoleucine","[M - H]-","consensus",NA,NA,NA,213.35299999998,1.48776236731342,213.628578186035,22.0583744049072,5,"consensus","below_detection",34,212.28485063659,5,0.815540627056327,0.605701243206075,0.662323147131362,NA,NA,NA,NA,NA,NA
"2.8","cembio","neg","itaconic acid","[M - H]-","consensus",10122804.1022898,53.92299999996,5966.84765625,104.50699999998,33.5774935633134,669.673522949219,157.759664916992,5,"consensus","detected",34,103.966772744044,3,0.815540627056327,0.515727625915235,0.568201690862957,4866.2066791277,3077.2681759557,3390.37292740292,8255558.00514978,5220609.72727892,5751794.40719554
"2.8","cembio","neg","thymidine","[M - H]-","consensus",4050745.03266674,28.959,325504.78125,57.07399999998,4411.20331361897,437.769577026367,73.6912331085205,5,"consensus","detected",34,62.4787873140071,2,0.815540627056327,0.632706016475333,0.583770592419739,265462.373410458,205948.833488362,190020.11898577,3303547.14398633,2562930.75337581,2364705.82746118
"2.9","cembio","neg","(R)-noradrenaline","[M - H]-","own",835734.008273936,0.499000000019997,575285.5625,24.699,22034.3818635345,274.133178710938,26.0960998535156,4,"own","detected",35,NA,NA,0.845619874689562,NA,NA,486472.905271964,NA,NA,706713.287350411,NA,NA
"2.9","cembio","neg","(S)-lactic acid","[M - H]-","own",9237917.39513792,44.43699999996,398326.09375,71.63299999998,516.785102952179,1981.89636230469,766.941994116211,5,"own","detected",35,76.1127374376111,3,0.845619874689562,0.379016730121979,0.587055351781126,336832.461482458,150972.253575386,233839.465090008,7811766.55006905,3501325.24424213,5423168.84612768
"2.9","cembio","neg","3-methylbutanal","[M - H]-","consensus",NA,NA,NA,210.43699999998,3.44169262223838,278.777862548828,20.2676895141602,5,"consensus","below_detection",35,209.390223693187,5,0.845619874689562,0.755280748919631,0.555654847581401,NA,NA,NA,NA,NA,NA
"2.9","cembio","neg","D-leucine","[M - H]-","own",NA,NA,NA,NA,NA,NA,NA,0,"own","no_data",35,NA,NA,0.845619874689562,NA,NA,NA,NA,NA,NA,NA,NA
"2.9","cembio","neg","D-proline","[M - H]-","own",140452.14297716,2.99599999998,20029.75390625,26.69599999998,500.354758985964,228.932373046875,39.5735649108887,5,"consensus","detected",35,27.5328514947598,1,0.845619874689562,0.935959000459493,NA,16937.5579882659,18747.0284455434,NA,118769.123544226,131457.447353296,NA
"2.9","cembio","neg","Gly-Pro","[M - H]-","own",540371.950943963,47.93300000004,1016.90887451172,47.16700000002,39.9362271294379,220.148941040039,19.9508063415527,5,"own","detected",35,52.1203094698971,2,0.845619874689562,0.685422454896807,0.631887181030666,859.918355035304,697.012177174172,642.571682080278,456949.261442988,370383.069173388,341454.108790022
"2.9","cembio","neg","N-acetyl-L-methionine","[M - H]-","own",25812149.1702967,11.98300000002,689739.8125,129.5509921875,1935.49322640277,864.297058105469,355.917295935059,5,"own","detected",35,127.159329005292,4,0.845619874689562,0.279191456062621,0.505835471568699,583257.693814652,192569.462556234,348894.863315644,21827266.3468546,7206531.5109607,13056700.6477586
"2.9","cembio","neg","dihydroorotic acid","[M - H]-","own",6766658.08201334,3.99399999996,905380.75,29.193,9558.41200044848,517.727844238281,94.6666687011718,5,"own","detected",35,30.8878479089398,1,0.845619874689562,0.935959000459493,0.682766953742532,765607.956361342,847399.261805266,618164.056654629,5722020.55937923,6333314.53489236,4620050.52567353
"2.9","cembio","neg","fumaric acid","[M - H]-","own",NA,NA,NA,75.12799999998,-0.314440953738027,3961.98364257812,5289.43377075195,5,"own","below_detection",35,79.1836534996349,3,0.845619874689562,0.379016730121979,0.581778260762274,NA,NA,NA,NA,NA,NA
"2.9","cembio","neg","homogentisic acid","[M - H]-","own",11714213.3806275,3.99400000002,1984165.25,66.13999999998,7350.11401075559,939.615051269531,269.822431604004,5,"own","detected",35,71.148329511517,3,0.845619874689562,0.379016730121979,0.595934543420772,1677849.57006838,752031.82507666,1182432.61233011,9905771.65101301,4439882.85147657,6980904.40251774
"2.9","cembio","neg","nicotinic acid","[M - H]-","own",556059.611928832,67.90399999998,1407.19787597656,47.66599999998,16.9285634259465,268.265777587891,67.2787211608887,3,"own","detected",35,52.6680481635276,2,0.845619874689562,0.685422454896807,0.630852806839025,1189.95449154672,964.525022677426,887.734729837727,470215.059359185,381135.744277226,350791.766955123
"2.9","cembio","neg","propynoic acid","[M - H]-","consensus",NA,NA,NA,722.71300000002,4.23558718619153,25404.849609375,1320.8833984375,5,"consensus","below_detection",35,NA,NA,0.845619874689562,NA,NA,NA,NA,NA,NA,NA,NA
"2.9","cembio","neg","ritalinic acid","[M - H]-","own",2439568.09332185,1.49799999996003,1089801.125,194.45899999998,25370.6785169356,251.394134521484,42.9452342056274,5,"own","detected",35,193.880803485318,5,0.845619874689562,0.755280748919631,0.517213216249731,921557.490759044,823105.809863456,563659.544933825,2062947.26537148,1842558.81656456,1261776.85980722
"2.9","cembio","neg","thymine","[M - H]-","own",2565089.66040499,1.99700000004,664322.4375,39.17800000002,6445.06540049488,369.294906616211,103.017285525513,5,"own","detected",35,42.9272374785798,2,0.845619874689562,0.685422454896807,0.651779742539613,561764.256352214,455341.51595428,432991.907277038,2169090.79719916,1758170.0520652,1671873.47844979
"2.9","cembio","neg","vanillin","[M - H]-","consensus",906326.610564575,1.49799999996,360979.34375,208.43899999998,1225.49615445605,730.033081054688,293.962008251953,5,"consensus","detected",35,207.41742397567,5,0.845619874689562,0.755280748919631,0.549261719323812,305251.307427395,272640.749092017,198272.134988506,766407.794853431,684531.041193003,497810.512387621
"3.1","cembio","neg","(3S,5R)-fluvastatin","[M - H]-","own",18732596.9537373,1.99699999997995,6307673,398.11300000002,24007.657299105,996.419311523438,262.694377136231,5,"own","detected",36,397.354889103611,8,0.948710099868481,1.01328871683066,1.41375455158399,5984153.08176772,6391493.8803574,8917501.41365347,17771803.9267761,18981529.1301584,26483294.2063346
"3.1","cembio","neg","2-Methylheptanoic acid","[M - H]-","own",NA,NA,NA,325.71,0.827621078603177,264.668113708496,85.6564582824707,5,"consensus","below_detection",36,324.638213749113,7,0.948710099868481,0.797800650052887,1.02361126872056,NA,NA,NA,NA,NA,NA
"3.1","cembio","neg","4-phenylbutyric acid","[M - H]-","consensus",456839.633990922,0.999000000000024,249333.203125,314.72599999998,5045.68541254148,323.502075195312,49.3510159057617,5,"consensus","detected",36,313.556960143551,7,0.948710099868481,0.797800650052887,0.982323293677113,236544.928037247,198918.191532893,244925.813316815,433408.374787408,364466.95696788,448764.213944209
"3.1","cembio","neg","L-thyroxine","[M - H]-","own",3860016.84116753,1.49800000002,1618547.625,319.21900000002,14520.1543661459,512.315795898438,111.433753967285,5,"own","detected",36,318.088324266958,7,0.948710099868481,0.797800650052887,0.998908942294401,1535532.47895564,1291278.34736656,1616781.69614186,3662036.96287807,3079523.94509855,3855805.34004923
"3.1","cembio","neg","lithocholic acid","[M - H]-","own",2312441.98137112,70.9000000000199,25273.21484375,521.93800000002,5.76898817187852,8906.20068359375,2837.06842041016,5,"own","detected",36,519.493208119555,10,0.948710099868481,1.91602728185182,2.35277463628851,23976.9541784116,48424.1691407273,59462.1788618454,2193837.06308666,4430701.92400654,5440654.84165873
"3.1","cembio","neg","taurochenodeoxycholic acid","[M - H]-","own",82467164.4586697,9.98599999998004,12358248,333.204,8995.74089000454,3627.91748046875,1373.38549804688,5,"own","detected",36,332.200934841869,7,0.948710099868481,0.797800650052887,1.05393379939639,11724394.6942795,9859418.28791479,13024775.2685228,78237431.829455,65792357.413145,86914931.9633727
"3.1","cembio","neg","taurodeoxycholic acid","[M - H]-","own",82467164.4586697,9.98599999998004,12358248,333.204,8995.74089000454,3627.91748046875,1373.38549804688,5,"consensus","detected",36,332.200934841869,7,0.948710099868481,0.797800650052887,1.05393379939639,11724394.6942795,9859418.28791479,13024775.2685228,78237431.829455,65792357.413145,86914931.9633727
"3.1","cembio","neg","undecanedioic acid","[M - H]-","own",31932718.6361547,1.99699999997995,12176223,305.73799999998,22638.681015468,1112.54205322266,537.801228332519,5,"own","detected",36,304.504132483494,7,0.948710099868481,0.797800650052887,0.947866456455374,11551705.7383509,9714198.62458891,11541433.3480204,30294892.6863784,25475943.6858802,30267952.8586384
"3.2","cembio","neg","cholic acid","[M - H]-","own",7974875.42088619,1.99700000004003,2828124.75,358.93600000002,21714.8540994157,423.418762207031,130.219679040527,5,"own","detected",37,358.105595827062,8,0.98118946159627,1.25247447199081,1.12758535205324,2774926.20077959,3542154.05298038,3188952.04187924,7824863.72051665,9988327.88196689,8992352.70904071
"3.2","cembio","neg","hexadecanedioic acid","[M - H]-","own",8515170.71616669,1.99699999998001,3006139,425.84200000002,5766.42275540191,440.526763916016,521.241435241699,5,"own","detected",37,425.036537589016,9,0.98118946159627,1.67551157952273,1.56458122689506,2949591.90689355,5036820.70415488,4703348.64483709,8354995.77039592,14267267.1365502,13322676.246321
"3.2","cembio","neg","hexadecanoic acid","[M - H]-","own",179862.30891632,1.49799999996003,52446.08984375,580.12399999998,703.807724622375,278.969116210938,74.1212676452637,4,"own","detected",37,NA,NA,0.98118946159627,NA,NA,51459.5506566187,NA,NA,176479.002047066,NA,NA
"3.2","cembio","neg","taurocholic acid","[M - H]-","own",29931264.257974,6.99000000000001,304177.53125,307.00999999998,1062.75101364609,791.983154296875,285.471897180176,5,"own","detected",37,305.783923775102,7,0.98118946159627,0.816255410000396,0.927359773297854,298455.78811687,248286.555483377,282082.006422301,29368241.0621772,24431556.3787228,27757050.4367929
"3.2","cembio","neg","tauroursodeoxycholic acid","[M - H]-","own",33223442.6316389,1.99699999998001,11895735,302.01700000002,15350.4234801534,1534.8115234375,774.845085144043,5,"own","detected",37,300.763974805532,7,0.98118946159627,0.816255410000396,0.912270169391727,11671969.8199419,9709958.04968106,10852124.1834891,32598491.7881123,27118814.786913,30308755.6373416
"3.3","cembio","neg","(S)-lipoic acid","[M - H]-","own",4425756.84544111,6.48999999995999,47823.453125,326.148,30.1200389908805,3064.54345703125,1486.01765361328,5,"consensus","detected",38,325.080256922225,7,1.0874296699542,0.726617993524727,1.00046307639413,52004.6418477889,34749.3815531113,47845.5990372282,4812699.30573557,3215834.55886275,4427806.30896241
"3.3","cembio","neg","2-hydroxyoctanoic acid","[M - H]-","own",63254.4106424489,4.99199999999996,13088.7451171875,454.96600000002,33.5671550125135,1566.96960449219,343.245518078613,5,"own","detected",38,453.728505796076,9,1.0874296699542,1.48071341334945,1.58470270603254,14233.0897828978,19380.6804589316,20741.7698057772,68784.7228880656,93661.6542917881,100239.435713582
"3.3","cembio","neg","5-phenylpentanoic acid","[M - H]-","own",427479.871779926,0.999000000000024,221744.828125,344.622,4059.09871925306,249.12963104248,54.5677042648315,4,"own","detected",38,343.712935631855,8,1.0874296699542,1.17338330662833,1.05092059417377,241131.90526202,260191.679653044,233036.206528086,464854.295881709,501597.745466185,449247.400848288
"3.3","cembio","neg","estriol","[M - H]-","own",282188.025745214,0.499000000019976,207301.421875,270.726,1046.26383293063,696.474731445312,197.469262188721,3,"own","detected",38,269.67235758955,6,1.0874296699542,1.05881720822396,0.900392176800149,225425.716770568,219494.312770544,186652.578495797,306859.631701145,298785.537613777,254079.89076767
"3.3","cembio","neg","undecanoic acid","[M - H]-","own",NA,NA,NA,485.42299999998,0.937961184298614,360.471374511719,203.821739196777,5,"own","below_detection",38,483.844216164213,9,1.0874296699542,1.48071341334945,1.79202948882162,NA,NA,NA,NA,NA,NA
"1.1","cembio","pos","5-hydroxy-L-tryptophan","[M + H]+","consensus",5785498.04829314,12.858,946927.875,41.44099999998,10044.0807232907,390.04621887207,94.2383733123779,3,"consensus","detected",1,43.5927787464791,2,0.64247484221015,0.65052888043697,0.535047164568119,608377.337075018,616003.930378309,506651.074569264,3717036.94568427,3763633.56812641,3095514.32635363
"1.1","cembio","pos","D-alpha-aminobutyric acid","[M + H]+","own",4318.88153716705,4.06000000002,1233.60949707031,71.22199999998,6.66284528062711,370.472183227539,129.544853210449,5,"consensus","detected",1,70.1085068592285,2,0.64247484221015,0.65052888043697,0.543044320590024,792.56306697919,802.498605025562,669.904631209947,2774.77273411573,2809.55717111318,2345.34409005968
"1.1","cembio","pos","L-citrulline","[M + H]+","own",4812617.18960633,6.09100000002,82602.5078125,28.58200000002,1433.01976263877,299.409027099609,57.4333312988281,5,"consensus","detected",1,29.2726780581177,1,0.64247484221015,0.449617813996519,NA,53070.0331729986,37139.5589932867,NA,3091985.46951018,2163838.42039287,NA
"1.1","cembio","pos","L-citrulline","[M + Na]+","own",599978.006538797,10.152,1583.11254882812,31.28899999998,29.5425933273471,238.778121948242,45.5049565887451,5,"consensus","detected",1,32.8792596571046,1,0.64247484221015,0.449617813996519,0.53177090414832,1017.10998500925,711.795603514557,841.85319145888,385470.775080574,269760.799745963,319050.847006243
"1.1","cembio","pos","L-homoserine","[M + H]+","own",4304210.66723954,6.09100000002,93091.0859375,28.58200000002,748.362125665374,401.228363037109,123.856959613037,5,"consensus","detected",1,29.2726780581177,1,0.64247484221015,0.449617813996519,NA,59808.6807488668,41855.4105617809,NA,2765347.06927397,1935249.79118474,NA
"1.1","cembio","pos","L-homoserine","[M + Na]+","own",NA,NA,NA,31.96600000002,-0.674490759476595,504.277740478516,247.697676141357,3,"consensus","below_detection",1,33.5271033670526,2,0.64247484221015,0.65052888043697,0.531965593837799,NA,NA,NA,NA,NA,NA
"1.1","cembio","pos","L-lysine","[M + H]+","own",3563592.67585647,10.152,19534.787109375,30.612,342.453749924258,228.290061950684,56.3769474029541,5,"own","detected",1,32.0915574697133,1,0.64247484221015,0.449617813996519,0.531535000209731,12550.6092657046,8783.18827700457,10383.4230702787,2289518.64212213,1602254.74889259,1894174.23370876
"1.1","cembio","pos","L-lysine","[M + Na]+","own",146698.251180099,0.67600000002,79745.96875,23.844,6687.93555787756,232.125,11.8891462188721,2,"own","detected",1,NA,NA,0.64247484221015,NA,NA,51234.7786895518,NA,NA,94249.9357794391,NA,NA
"1.1","cembio","pos","L-valine","[M + H]+","own",3065622.2297563,1.35400000002,340221.71875,42.79399999998,25.9186958052193,231602.234375,4190.777390625,5,"consensus","detected",1,46.2594689578821,2,0.64247484221015,0.65052888043697,0.535873575756276,218583.895070372,221324.053798779,182315.828976509,1969585.15833861,1994275.79696605,1642785.94617744
"1.1","cembio","pos","N(6)-acetyl-L-lysine","[M + H]+","own",11891351.2816054,65.64999999996,1740.87585449219,66.48400000002,10.9163733505765,370.402770996094,125.542892266846,5,"own","detected",1,66.0739185870293,2,0.64247484221015,0.65052888043697,0.541891127732565,1118.46893992233,1132.49002060256,943.365180033165,7639894.03831489,7735667.43610549,6443817.75625323
"1.1","cembio","pos","N(6)-acetyl-L-lysine","[M + Na]+","own",NA,NA,NA,NA,NA,NA,NA,0,"own","no_data",1,NA,NA,0.64247484221015,NA,NA,NA,NA,NA,NA,NA,NA
"1.1","cembio","pos","N-acetyl-L-cysteine","[M + H]+","own",NA,NA,NA,85.434,0.519926995250262,715.79296875,575.478930664062,5,"own","below_detection",1,85.0997485511862,2,0.64247484221015,0.65052888043697,0.547870548846007,NA,NA,NA,NA,NA,NA
"1.1","cembio","pos","N-alpha-acetyl-L-asparagine","[M + H]+","consensus",1352668.27938312,1.35399999996,529605.625,27.228,20765.1925045135,214,25.4941833496094,4,"consensus","detected",1,27.3242388474564,1,0.64247484221015,0.449617813996519,NA,340258.290355483,238120.12339276,NA,869055.339359345,608183.754838672,NA
"1.1","cembio","pos","O(4)-phospho-L-tyrosine","[M + H]+","own",1687898.36677784,17.59600000002,26567.74609375,39.40999999998,34.4996665258106,2668.03002929688,692.752089257812,5,"own","detected",1,39.848574819435,2,0.64247484221015,0.65052888043697,0.533891287332441,17069.1084794614,17283.0861221009,14184.2881635136,1084432.23686236,1098026.63483138,901154.231925346
"1.1","cembio","pos","alpha-D-glucosamine 6-phosphate","[M + H]+","own",688089.63824721,6.76700000004,32519.779296875,27.90499999998,267.916470779907,353.214904785156,120.061914440918,5,"consensus","detected",1,28.3779575357663,1,0.64247484221015,0.449617813996519,NA,20893.1400724687,14621.4720791102,NA,442080.281759315,309377.358982366,NA
"1.1","cembio","pos","alpha-D-glucosamine 6-phosphate","[M + K]+","own",708821.141598555,6.76700000004,32519.779296875,27.90499999998,464.498377178353,266.404998779297,69.4370010375976,5,"consensus","detected",1,28.3779575357663,1,0.64247484221015,0.449617813996519,NA,20893.1400724687,14621.4720791102,NA,455399.75110375,318698.61220006,NA
"1.1","cembio","pos","alpha-D-glucosamine 6-phosphate","[M + Na]+","own",86368.2481550198,6.76700000004,754.478576660156,29.259,22.1285246375038,222.612655639648,24.0353087127686,5,"consensus","detected",1,30.1996584621558,1,0.64247484221015,0.449617813996519,0.530972351329156,484.733504490672,339.227008345145,400.607263876718,55489.4266053634,38832.7029341689,45859.1518030509
"1.1","cembio","pos","carnosine","[M + H]+","own",2273954.8682192,2.02999999998,957658.375,23.16799999998,7669.16007343767,313.777862548828,124.830436184692,4,"consensus","detected",1,NA,NA,0.64247484221015,NA,NA,615271.413369354,NA,NA,1460958.79515213,NA,NA
"1.1","cembio","pos","glutathione","[M + H]+","own",3433022.68705516,3.384,931452.75,27.90499999998,6637.8034587169,453.446060180664,140.257136224365,5,"own","detected",1,28.3779575357663,1,0.64247484221015,0.449617813996519,NA,598434.95858246,418797.749296047,NA,2205630.70916963,1543548.1559542,NA
"1.1","cembio","pos","glutathione","[M + K]+","own",18869.3048230278,2.031,3946.123046875,27.90499999998,155.566971171933,228.033340454102,23.9002513092041,5,"own","detected",1,28.3779575357663,1,0.64247484221015,0.449617813996519,NA,2535.28478188285,1774.24721809722,NA,12123.05363879,8483.97558616374,NA
"1.1","cembio","pos","guanosine 5'-monophosphate","[M + H]+","own",882342.330301901,72.41800000002,2606.40161132812,84.75700000002,6.50285820031557,908.450408935547,261.108446484375,5,"own","detected",1,84.320334298063,2,0.64247484221015,0.65052888043697,0.547595642090438,1674.54746397431,1695.5395221864,1427.25416390078,566882.74943605,573989.168293443,483166.814905243
"1.1","cembio","pos","homocystine","[M + H]+","consensus",744841.262166239,1.353,301899.71875,25.875,3129.86252354696,289.290756225586,96.3653916824341,4,"consensus","detected",1,NA,NA,0.64247484221015,NA,NA,193962.974167195,NA,NA,478541.772381863,NA,NA
"1.1","cembio","pos","sarcosine","[M + H]+","own",NA,NA,NA,74.60500000002,-0.560982883081092,433.691665649414,314.681544494629,5,"own","below_detection",1,73.3426353028215,2,0.64247484221015,0.65052888043697,0.54398976637143,NA,NA,NA,NA,NA,NA
"1.2","cembio","pos","(2R)-2-acetamidopropanoic acid","[M + H]+","own",NA,NA,NA,73.93900000002,0.89178407922823,473.428924560547,544.971922302246,5,"own","below_detection",2,72.685327474263,2,0.617852903707274,0.673063363621069,0.389030985281078,NA,NA,NA,NA,NA,NA
"1.2","cembio","pos","Acetylcarnosine","[M + H]+","own",10726996.1736535,3.384,681653.6875,29.27200000002,4255.05098993332,456.149353027344,160.091510009766,5,"own","detected",2,30.2181869166106,1,0.617852903707274,0.341727807669794,0.392277257534252,421161.710144646,232940.020219406,267397.23912061,6627705.73394863,3665712.88530488,4207956.6405812
"1.2","cembio","pos","D-erythronic acid","[M + Na]+","consensus",108091.403023277,16.92,4384.35205078125,25.88800000002,26.538157761225,1834.53295898438,96.0812395019531,4,"consensus","detected",2,NA,NA,0.617852903707274,NA,NA,2708.88464545014,NA,NA,66784.5872237249,NA,NA
"1.2","cembio","pos","L-alpha-aminobutyric acid","[M + H]+","own",7349878.7927012,1.35399999996,2704968.75,26.565,12132.5454248886,620.462890625,222.90032243042,4,"consensus","detected",2,NA,NA,0.617852903707274,NA,NA,1671272.79662493,NA,NA,4541143.95396695,NA,NA
"1.2","cembio","pos","L-homocitrulline","[M + H]+","own",5370578.12859652,0.676999999979998,2745256.25,25.88800000002,49088.8690316044,323.970428466797,55.9176109313965,4,"own","detected",2,NA,NA,0.617852903707274,NA,NA,1696164.54548304,NA,NA,3318227.29134014,NA,NA
"1.2","cembio","pos","L-homocitrulline","[M + Na]+","own",70108.8565008801,0.67700000004,49889.16796875,25.21099999998,171.360096390909,618.655364990234,287.526172320557,2,"own","detected",2,NA,NA,0.617852903707274,NA,NA,30824.1672930321,NA,NA,43316.9605646653,NA,NA
"1.2","cembio","pos","L-tryptophan","[M + H]+","own",9639939.29624391,73.76800000002,2767.53076171875,140.26300000002,11.3244169205668,640.5361328125,187.823765570068,5,"own","detected",2,130.51289006118,3,0.617852903707274,0.195300439890915,0.39918126861029,1709.92691722713,540.499975175312,1104.74644038089,5956064.48574615,1882684.38507816,3848083.19760083
"1.2","cembio","pos","N(4)-acetylcytidine","[M + H]+","own",NA,NA,NA,96.273,-1.7586189951536,9078.21923828125,4960.75921630859,5,"own","below_detection",2,97.8514910974638,2,0.617852903707274,0.673063363621069,0.392311697273408,NA,NA,NA,NA,NA,NA
"1.2","cembio","pos","N(4)-acetylcytidine","[M + K]+","consensus",NA,NA,NA,112.51600000002,0.743505822409846,386.057144165039,265.003440475464,5,"consensus","below_detection",2,115.516075902667,3,0.617852903707274,0.195300439890915,0.395610393210916,NA,NA,NA,NA,NA,NA
"1.2","cembio","pos","N(4)-acetylcytidine","[M + Na]+","own",NA,NA,NA,NA,NA,NA,NA,0,"own","no_data",2,NA,NA,0.617852903707274,NA,NA,NA,NA,NA,NA,NA,NA
"1.2","cembio","pos","N-acetyl-L-aspartic acid","[M + H]+","own",999909.196043887,6.768,16596.103515625,34.686,410.334457615025,295.194488525391,39.7259082794189,5,"own","detected",2,35.3171065716435,2,0.617852903707274,0.673063363621069,0.392060167516953,10253.9507473554,11170.22925523,6506.67112446464,617796.800219321,673002.246804938,392024.566902708
"1.2","cembio","pos","N-acetyl-L-glutamine","[M + H]+","own",2283442.40700134,4.73700000000001,67424.5859375,31.302,1568.95334817367,296.917175292969,42.7849998474121,4,"own","detected",2,32.8929236130899,1,0.617852903707274,0.341727807669794,0.392213891465498,41658.476202745,23040.8559354655,26444.8592309967,1410831.5216141,780315.767684805,895597.832387338
"1.2","cembio","pos","N-acetyl-L-glutamine","[M + Na]+","own",2283442.40700134,2.02999999998,780107.6875,28.59499999998,19093.3878608571,298.384567260742,40.8418510437012,5,"consensus","detected",2,29.2896662098192,1,0.617852903707274,0.341727807669794,NA,481991.799926242,266584.489795728,NA,1410831.5216141,780315.767684805,NA
"1.2","cembio","pos","N-acetylglycine","[M + H]+","own",173953.805483091,6.09099999996,7651.46240234375,32.6559980469,156.825644317425,248.480773925781,47.2051727294922,5,"own","detected",2,34.0739629246388,2,0.617852903707274,0.673063363621069,0.392149444872312,4727.47826289512,5149.91902114163,3000.51673354047,107477.863828658,117081.933433134,68215.8882536204
"1.2","cembio","pos","N-carbamoylglutamic acid","[M + H]+","own",2408071.99468638,2.031,814637.75,29.949,22895.2660453473,229.090728759766,35.5710502624512,4,"own","detected",2,31.1895644257635,1,0.617852903707274,0.341727807669794,0.392268329806715,503326.29930706,278384.372352554,319556.589590001,1487834.27425315,822905.163455204,944610.379409952
"1.2","cembio","pos","N-carbamoylglutamic acid","[M + Na]+","consensus",81809.085618629,2.031,24851.4765625,29.949,817.701381075371,219.834503173828,30.1230285644531,5,"consensus","detected",2,31.1895644257635,1,0.617852903707274,0.341727807669794,0.392268329806715,15354.5569555539,8492.44060306039,9748.44720440261,50545.9810991069,27956.4394759245,32091.1133786342
"1.2","cembio","pos","folic acid","[M + H]+","own",321749.299209549,1.35400000002002,96805.328125,178.16299999998,2604.6480493164,240.25318145752,37.0741355895996,4,"own","detected",2,167.542608232245,3,0.617852903707274,0.195300439890915,0.394378678645757,59811.4530763667,18906.1231665969,38177.9573918064,198793.7387824,62837.7796702187,126891.06347746
"1.2","cembio","pos","folic acid","[M + K]+","own",NA,NA,NA,NA,NA,NA,NA,0,"consensus","no_data",2,NA,NA,0.617852903707274,NA,NA,NA,NA,NA,NA,NA,NA
"1.2","cembio","pos","folic acid","[M + Na]+","own",NA,NA,NA,NA,NA,NA,NA,0,"own","no_data",2,NA,NA,0.617852903707274,NA,NA,NA,NA,NA,NA,NA,NA
"1.2","cembio","pos","kynurenine","[M + H]+","own",6369609.24434572,26.394,6469.10546875,65.81800000002,59.5808222764726,337.394515991211,102.914171347046,5,"own","detected",2,65.5593209499353,2,0.617852903707274,0.673063363621069,0.388542646426717,3996.95559825579,4354.11788641633,2513.52335884168,3935481.5670997,4287150.62295119,2474864.83250217
"1.2","cembio","pos","kynurenine","[M + Na]+","consensus",6580.611443012,2.02999999998,1905.92041015625,57.69700000002,22.8708525168947,274.386795043945,71.336808013916,5,"consensus","detected",2,60.5010470211994,2,0.617852903707274,0.673063363621069,0.388727956521557,1177.57845965,1282.80520205381,740.884546332768,4065.84988823428,4429.16847251695,2558.06763890443
"1.3","cembio","pos","2-aminoisobutyric acid","[M + H]+","own",4761070.79531952,6.76699999998,71958.734375,30.546,797.053911291218,488.843963623047,89.6675737976074,5,"own","detected",3,32.0065254281996,1,0.60384053797166,0.889655555867364,0.481823392703893,43451.6008767598,64018.4878299026,34671.4015312407,2874927.5503669,4235713.08493386,2293995.28350427
"1.3","cembio","pos","D-alanine","[M + H]+","consensus",31641.9292614205,2.02999999998,9563.8994140625,25.13200000002,521.241819916392,222.000793457031,17.9223889251709,3,"consensus","detected",3,NA,NA,0.60384053797166,NA,NA,5775.07016729434,NA,NA,19106.6795876774,NA,NA
"1.3","cembio","pos","D-asparagine","[M + H]+","own",8945.81060176758,23.01400000002,430.897979736328,47.46499999998,9.80256747522109,249.719314575195,18.4827766418457,5,"own","detected",3,53.4285785941164,2,0.60384053797166,0.304960369153266,0.461840080173251,260.193667894886,131.406806967787,199.005957507918,5401.84308636391,2728.11770349024,4131.53388553506
"1.3","cembio","pos","D-asparagine","[M + Na]+","own",NA,NA,NA,54.23299999998,1.5723348203894,284.868835449219,53.3644604370117,3,"own","below_detection",3,58.7658344304652,2,0.60384053797166,0.304960369153266,0.457096688217966,NA,NA,NA,NA,NA,NA
"1.3","cembio","pos","L-arginine","[M + H]+","own",48046.5411556622,4.06100000004,5305,37.314,89.3657291913936,273.303909301758,56.3045379501343,5,"consensus","detected",3,37.1565211765985,2,0.60384053797166,0.304960369153266,0.477452693943381,3203.37405393966,1617.81475835807,2532.88654136964,29012.4492591126,14652.2909273683,22939.9505094324
"1.3","cembio","pos","L-arginine","[M + Na]+","own",NA,NA,NA,NA,NA,NA,NA,0,"consensus","no_data",3,NA,NA,0.60384053797166,NA,NA,NA,NA,NA,NA,NA,NA
"1.3","cembio","pos","L-cysteine","[M + H]+","own",1550190.97316822,2.02999999998,345857.8125,27.162,6864.01607235494,309.188125610352,50.3420476776123,4,"own","detected",3,27.2069365370225,1,0.60384053797166,0.889655555867364,NA,208842.967561701,307694.324430758,NA,936068.151196709,1379136.01193454,NA
"1.3","cembio","pos","L-dopa","[M + H]+","consensus",1198160.1274305,2.70700000002,352701.03125,27.83899999998,9008.73548527651,272.617706298828,39.1207416534424,4,"consensus","detected",3,28.2853912292448,1,0.60384053797166,0.889655555867364,NA,212975.180453159,313782.432011711,NA,723497.655923826,1065949.81418729,NA
"1.3","cembio","pos","L-ornithine","[M + H]+","own",NA,NA,NA,NA,NA,NA,NA,0,"own","no_data",3,NA,NA,0.60384053797166,NA,NA,NA,NA,NA,NA,NA,NA
"1.3","cembio","pos","L-ornithine","[M + Na]+","own",NA,NA,NA,40.69699999998,-0.674490759476595,217.448951721191,17.492569303894,3,"consensus","below_detection",3,42.1466621373603,2,0.60384053797166,0.304960369153266,0.472769861315995,NA,NA,NA,NA,NA,NA
"1.3","cembio","pos","N(2)-acetyl-L-lysine","[M + H]+","own",11822983.2572022,16.91899999998,7717.12939453125,38.667,76.506816514475,355.809127807617,96.2178352478027,5,"own","detected",3,38.719443179755,2,0.60384053797166,0.304960369153266,0.476021390270926,4659.91556519066,2353.41862895977,3673.51866328539,7139196.5704589,3605541.33860926,5627992.92724327
"1.3","cembio","pos","N(2)-acetyl-L-lysine","[M + Na]+","own",NA,NA,NA,53.556,1.80248764642482,231.726348876953,13.4694761993408,4,"own","below_detection",3,58.3906650504748,2,0.60384053797166,0.304960369153266,0.457412186146809,NA,NA,NA,NA,NA,NA
"1.3","cembio","pos","N-acetyl-L-glutamic acid","[M + H]+","own",2235275.93690157,12.85899999996,7422.54248046875,40.02100000002,190.683568760766,255.440780639648,37.586362298584,5,"own","detected",3,40.89619663066,2,0.60384053797166,0.304960369153266,0.473970839733328,4482.03204452375,2263.58129489955,3518.06869242407,1349750.22425375,681670.574876915,1059455.61284894
"1.3","cembio","pos","N-acetyl-beta-neuraminic acid","[M + Na]+","own",NA,NA,NA,33.25300000002,2.03629927811191,354.925827026367,91.5860449859619,5,"consensus","below_detection",3,34.4787187262969,2,0.60384053797166,0.304960369153266,0.479800975453452,NA,NA,NA,NA,NA,NA
"1.3","cembio","pos","N-carbamoylaspartic acid","[M + H]+","own",1105952.50197299,1.353,477980.84375,27.83899999998,5484.88123495192,319.170074462891,87.0869674682617,4,"own","detected",3,28.2853912292448,1,0.60384053797166,0.889655555867364,NA,288624.209830148,425238.313240358,NA,667818.953762474,983916.787905683,NA
"1.3","cembio","pos","UDP","[M + H]+","own",188656.418427366,28.425,4289.3701171875,43.40500000002,62.3565403647578,285.326126098633,64.2120933532715,5,"own","detected",3,47.4170332980579,2,0.60384053797166,0.304960369153266,0.467620239394339,2590.09555912206,1308.08789437249,2005.79628105014,113918.393194987,57532.7310067425,88219.5595482836
"1.3","cembio","pos","guanosine","[M + H]+","own",NA,NA,NA,67.095,0.0470417576210833,276.549026489258,12003.5133705139,4,"own","below_detection",3,66.5580415599141,2,0.60384053797166,0.304960369153266,0.451394125685481,NA,NA,NA,NA,NA,NA
"1.3","cembio","pos","guanosine","[M + Na]+","own",NA,NA,NA,NA,NA,NA,NA,0,"own","no_data",3,NA,NA,0.60384053797166,NA,NA,NA,NA,NA,NA,NA,NA
"1.3","cembio","pos","isocitric acid","[M + Na]+","own",30413.2364370192,18.94999999998,682.566345214844,46.11199999998,10.5942137742475,234.000793457031,42.3406173706055,5,"consensus","detected",3,51.7337883610569,2,0.60384053797166,0.304960369153266,0.463437995127057,412.161229095881,208.155684608314,316.32717856757,18364.745051589,9274.83181097893,14094.6493196973
"1.3","cembio","pos","thiamine(1+) diphosphate","[M + H]+","consensus",767091.078081187,5.415,57823.8515625,27.162,87.2732798814036,3581.11108398438,621.527465820312,5,"consensus","detected",3,27.2069365370225,1,0.60384053797166,0.889655555867364,NA,34916.3856350934,51443.3108042279,NA,463200.689261804,682446.839471214,NA
"1.4","cembio","pos","2'-deoxyadenosine 5'-monophosphate","[M + H]+","own",1099148.30599973,35.87000000004,1439.45886230469,52.221,57.2181071202078,234.404312133789,21.060720300293,5,"own","detected",4,57.579475875701,2,0.499908412061648,0.370713832457449,0.411515167225187,719.597594082804,533.627311509811,592.359154435093,549473.484272576,407469.480956273,452316.19894876
"1.4","cembio","pos","2'-deoxyguanosine 5'-monophosphate","[M + H]+","own",1331627.58835252,2.031,357023,27.17899999998,1345.27597096733,1436.33239746094,264.322470092774,4,"own","detected",4,27.2374328790559,1,0.499908412061648,0.388150285483267,NA,178478.800999486,138578.579374092,NA,665691.83315079,516871.628576425,NA
"1.4","cembio","pos","2'-deoxyguanosine 5'-monophosphate","[M + Na]+","own",NA,NA,NA,35.301,3.97305704907593,244.04411315918,70.8467155456543,5,"own","below_detection",4,35.6722320083804,2,0.499908412061648,0.370713832457449,0.406523642882361,NA,NA,NA,NA,NA,NA
"1.4","cembio","pos","D-arabinitol","[M + H]+","own",2593.94470990694,2.031,627.44921875,46.806,5.80027955073381,287.580299377441,58.5952653488159,5,"own","detected",4,52.6377453160924,2,0.499908412061648,0.370713832457449,0.410401722400956,313.667142594634,232.604104555245,257.506240094135,1296.73478090529,961.611184592328,1064.55937675866
"1.4","cembio","pos","D-arabinitol","[M + Na]+","own",190749.993802839,1.35399999996,114201.03125,25.149,3359.52134444241,238.063674926758,33.9223823547363,3,"own","detected",4,NA,NA,0.499908412061648,NA,NA,57090.0561879902,NA,NA,95357.5265027465,NA,NA
"1.4","cembio","pos","D-lysine","[M + H]+","own",2045881.64223668,2.03000000004,836902.875,23.11900000002,9649.14875241334,369.717163085938,86.6950214263916,4,"own","detected",4,NA,NA,0.499908412061648,NA,NA,418374.787291078,NA,NA,1022753.44303662,NA,NA
"1.4","cembio","pos","D-lysine","[M + Na]+","own",109339.353158061,0.675999999960002,42219.95703125,23.11900000002,2836.61642856401,230.98851776123,14.8024837234497,3,"own","detected",4,NA,NA,0.499908412061648,NA,NA,21106.1116768032,NA,NA,54659.662413094,NA,NA
"1.4","cembio","pos","L-homoarginine","[M + H]+","own",4218423.83194211,35.193,1043.48901367188,52.221,13.2506217974521,249.610382080078,59.9125568389893,4,"own","detected",4,57.579475875701,2,0.499908412061648,0.370713832457449,0.411515167225187,521.648935828485,386.835811385546,429.41155595883,2108825.55922919,1563828.0656691,1735945.38862837
"1.4","cembio","pos","L-homoarginine","[M + Na]+","own",120112.234067648,0.675999999960002,69355.71875,23.79499999998,3047.56303116925,248.207160949707,22.676319039917,3,"own","detected",4,NA,NA,0.499908412061648,NA,NA,34671.5072277068,NA,NA,60045.1162019349,NA,NA
"1.4","cembio","pos","N(2)-phenylacetyl-L-glutamine","[M + H]+","own",6145384.13981261,1.35400000001999,2365220,179.45500000002,284.610785605853,19143.9077148438,8243.10325166016,5,"own","detected",4,169.27226326279,3,0.499908412061648,0.652941438842618,0.43647902822805,1182393.37437645,1544350.14997934,1032368.92714555,3072129.22684256,4012575.96248985,2682331.29743348
"1.4","cembio","pos","N(2)-phenylacetyl-L-glutamine","[M + K]+","own",6145384.13981261,1.35400000001999,2365220,179.45500000002,284.610785605853,19143.9077148438,8243.10325166016,5,"consensus","detected",4,169.27226326279,3,0.499908412061648,0.652941438842618,0.43647902822805,1182393.37437645,1544350.14997934,1032368.92714555,3072129.22684256,4012575.96248985,2682331.29743348
"1.4","cembio","pos","N(2)-phenylacetyl-L-glutamine","[M + Na]+","own",479365.09387454,2.03000000003999,164312.34375,179.45500000002,3985.96196012243,286.308135986328,41.1509284973145,5,"own","detected",4,169.27226326279,3,0.499908412061648,0.652941438842618,0.43647902822805,82141.1228461902,107286.338147728,71718.8921258733,239638.642876604,312997.334125369,209232.810340807
"1.4","cembio","pos","N-acetyl-L-serine","[M + H]+","own",312077.138651382,2.031,101661.1484375,27.17899999998,5201.77303086562,238.555732727051,19.4976966705322,4,"consensus","detected",4,27.2374328790559,1,0.499908412061648,0.388150285483267,NA,50821.2632837541,39459.8037885724,NA,156009.986823955,121132.830460335,NA
"1.4","cembio","pos","N-acetyl-L-serine","[M + K]+","own",935263.722494113,2.70700000002,136994.125,27.17899999998,253.017055858377,1856.94873046875,534.103030371094,5,"consensus","detected",4,27.2374328790559,1,0.499908412061648,0.388150285483267,NA,68484.5154905249,53174.3087282804,NA,467546.202370898,363022.880888233,NA
"1.4","cembio","pos","N-benzoylglycine","[M + H]+","own",1312439.50694682,6.768,18225.087890625,175.39399999998,693.150521915539,232.166999816895,25.9581726074219,5,"own","detected",4,163.882328445158,3,0.499908412061648,0.652941438842618,0.43334859648761,9110.87474708632,11899.9151103379,7897.81625826567,656099.549844757,856946.140059753,568743.818310295
"1.4","cembio","pos","N-benzoylglycine","[M + Na]+","own",NA,NA,NA,NA,NA,NA,NA,0,"own","no_data",4,NA,NA,0.499908412061648,NA,NA,NA,NA,NA,NA,NA,NA
"1.4","cembio","pos","O-phospho-L-serine","[M + H]+","own",920278.683053318,62.26399999998,3376.67309570312,80.64499999998,5.08648696156943,1322.58874511719,403.831635882568,5,"own","detected",4,79.6900287641692,2,0.499908412061648,0.370713832457449,0.415605418203732,1688.02728532424,1251.77942426406,1403.36363407699,460055.055099369,341160.03752359,382472.806934354
"1.4","cembio","pos","O-phosphoethanolamine","[M + Na]+","consensus",101278.848540695,1.35400000002,58227.50390625,24.47200000002,865.290335734246,273.225006103516,66.9766857513428,3,"consensus","detected",4,NA,NA,0.499908412061648,NA,NA,29108.4190160869,NA,NA,50630.148349411,NA,NA
"1.4","cembio","pos","citric acid","[M + H]+","own",NA,NA,NA,64.40299999998,0.461252259676532,275.228363037109,285.491619873047,5,"own","below_detection",4,64.5129277009373,2,0.499908412061648,0.370713832457449,0.412958566366739,NA,NA,NA,NA,NA,NA
"1.4","cembio","pos","creatine","[M + H]+","own",5329449.58976612,10.152,18398.806640625,33.27,178.535816763454,373.757598876953,100.960408776855,5,"own","detected",4,34.4895315963734,2,0.499908412061648,0.370713832457449,0.406271957254739,9197.71821154415,6820.69212238966,7474.91918503821,2664236.68158258,1975700.68231098,2165205.91592475
"1.4","cembio","pos","creatine","[M + Na]+","own",NA,NA,NA,75.90799999998,0,242.571304321289,14.6649978637695,5,"own","below_detection",4,74.655489199111,2,0.499908412061648,0.370713832457449,0.414732608614838,NA,NA,NA,NA,NA,NA
"1.4","cembio","pos","glutathione disulfide","[M + H]+","own",263977.823330104,23.01,916.785705566406,42.06799999998,30.2301533798225,253.653991699219,21.9361015319824,5,"own","detected",4,44.8346080240516,2,0.499908412061648,0.370713832457449,0.408588272172458,458.30888627052,339.865142452729,374.587887389785,131964.734480443,97860.2305704783,107858.242726293
"1.4","cembio","pos","glycine","[M + H]+","consensus",NA,NA,NA,NA,NA,NA,NA,0,"consensus","no_data",4,NA,NA,0.499908412061648,NA,NA,NA,NA,NA,NA,NA,NA
"1.4","cembio","pos","uridine","[M + H]+","own",NA,NA,NA,NA,NA,NA,NA,0,"own","no_data",4,NA,NA,0.499908412061648,NA,NA,NA,NA,NA,NA,NA,NA
"1.4","cembio","pos","uridine","[M + Na]+","own",NA,NA,NA,NA,NA,NA,NA,0,"consensus","no_data",4,NA,NA,0.499908412061648,NA,NA,NA,NA,NA,NA,NA,NA
"1.5","cembio","pos","(2R)-2-amino-3-methoxypropanoic acid","[M + H]+","own",4167936.18248887,31.13200000002,1789.1240234375,47.322,26.0885021826414,257.314117431641,58.715900793457,5,"own","detected",5,53.2623366730643,2,0.57862636074033,0.670755326213039,0.432233970660353,1035.23432259474,1200.0644679764,773.320180654217,2411677.74507148,2795665.39372045,1801523.60561612
"1.5","cembio","pos","3-amino-L-alanine","[M + H]+","own",621663.257002121,18.95000000004,578.767700195312,41.90800000002,6.81080757018332,263.26708984375,46.3235243545532,5,"own","detected",5,44.5174375937995,2,0.57862636074033,0.670755326213039,0.428265312611358,334.890248078064,388.211517546077,247.866130053502,359710.748005118,416983.940745118,266236.809099008
"1.5","cembio","pos","3-amino-L-alanine","[M + Na]+","own",47529.3934028086,1.353,5640.29345703125,24.31099999998,1589.66174568052,218.960144042969,3.41036911010742,3,"consensus","detected",5,NA,NA,0.57862636074033,NA,NA,3263.62247654949,NA,NA,27501.7599328626,NA,NA
"1.5","cembio","pos","D-arginine","[M + H]+","own",3437365.17277517,7.44400000002,50751.0546875,29.049,524.960884139098,316.52668762207,96.0729256668091,5,"own","detected",5,29.9031616744198,1,0.57862636074033,0.279933906297854,NA,29365.8980775616,14206.9409874079,NA,1988950.10045845,962235.060187153,NA
"1.5","cembio","pos","D-arginine","[M + Na]+","own",NA,NA,NA,NA,NA,NA,NA,0,"own","no_data",5,NA,NA,0.57862636074033,NA,NA,NA,NA,NA,NA,NA,NA
"1.5","cembio","pos","L-alanine","[M + H]+","consensus",1350069.69866365,1.35400000002,317111.5,38.52400000002,2964.56191759348,337.000686645508,106.853730203247,5,"consensus","detected",5,38.52400000002,2,0.57862636074033,0.670755326213039,0.425583449835247,183489.073193907,212704.227628406,134957.40615243,781185.916483542,905566.441137475,574567.319875309
"1.5","cembio","pos","L-cystine","[M + H]+","own",103415.411464398,1.35400000002,42081.3046875,24.98800000002,642.892151529917,243.874404907227,65.0769031524658,3,"own","detected",5,NA,NA,0.57862636074033,NA,NA,24349.3521865331,NA,NA,59838.8831801084,NA,NA
"1.5","cembio","pos","L-glutamic acid","[M + H]+","own",1098238.56487356,12.18200000004,3429.947265625,34.46299999998,85.7202171416349,261.49560546875,36.9627115493774,5,"own","detected",5,35.1912376080777,2,0.57862636074033,0.670755326213039,0.424142520482519,1984.65790383984,2300.65539704782,1454.78647836431,635469.784017471,736649.366841504,465809.672996576
"1.5","cembio","pos","L-glutamine","[M + H]+","own",1820275.57892281,27.74799999996,840.775207519531,46.64500000002,14.0354469203199,250.075706481934,42.0862623321533,5,"own","detected",5,52.4347137924889,2,0.57862636074033,0.670755326213039,0.431861654586495,486.494698527722,563.954448591598,363.098572254688,1053259.4337766,1220959.539738,786107.223316995
"1.5","cembio","pos","L-glutamine","[M + Na]+","own",NA,NA,NA,8.06899999998,-0.00558579982721294,284.443389892578,128.789231872559,3,"own","below_detection",5,NA,NA,0.57862636074033,NA,NA,NA,NA,NA,NA,NA,NA
"1.5","cembio","pos","L-serine","[M + H]+","own",NA,NA,NA,68.30200000002,0.154554289787835,369.115661621094,622.916281890869,5,"own","below_detection",5,67.5471382915014,2,0.57862636074033,0.670755326213039,0.438209064633458,NA,NA,NA,NA,NA,NA
"1.5","cembio","pos","N,N,N-trimethylglycinium","[M + H]+","consensus",13575098.5854023,74.44600000002,176011.96875,384.36,5.54246509674425,148155.21875,5026.0578125,5,"consensus","detected",5,383.095775513324,7,0.57862636074033,0.607101809457041,0.520400358126715,101845.164924553,106857.184714221,91596.6915720881,7854909.89116254,8241466.91475545,7064486.16544882
"1.5","cembio","pos","N-acetyl-L-alanine","[M + H]+","own",2892865.25625373,1.35400000002,892643.1875,38.52400000002,18869.2135836809,330.138153076172,47.2893608093262,5,"consensus","detected",5,38.52400000002,2,0.57862636074033,0.670755326213039,0.425583449835247,516506.879022773,598745.172423409,379894.167208181,1673888.09533824,1940404.77864884,1231155.57566499
"1.5","cembio","pos","N-acetyl-L-alanine","[M + Na]+","own",381002.853822966,1.35400000002,133031.671875,38.52400000002,5929.19668199665,228.363632202148,22.398195803833,5,"consensus","detected",5,38.52400000002,2,0.57862636074033,0.670755326213039,0.425583449835247,76975.632160233,89231.7024651815,56616.0778539131,220458.294739263,255559.693504122,162148.508927052
"1.5","cembio","pos","N-acetyl-L-tyrosine","[M + H]+","own",1586830.04638525,2.70700000002,466264.21875,148.83799999998,8437.43117870675,367.363525390625,55.2178554534912,5,"own","detected",5,135.457760010702,3,0.57862636074033,0.598645776372199,0.470006455161945,269792.768038746,279127.10522817,219147.192623541,918181.694853307,949949.10508903,745820.365045996
"1.5","cembio","pos","alpha-D-glucose 1-phosphate","[M + Na]+","own",30478.5275839585,0.676999999980001,10661.23828125,24.98800000002,223.60342869725,263.772674560547,46.4995803833008,3,"consensus","detected",5,NA,NA,0.57862636074033,NA,NA,6168.87350766518,NA,NA,17635.6794966297,NA,NA
"1.5","cembio","pos","cysteic acid","[M + H]+","own",227989.026018595,2.031,83087.0078125,25.665,2115.04258492713,240.082214355469,39.1703345306396,4,"own","detected",5,NA,NA,0.57862636074033,NA,NA,48076.3329553503,NA,NA,131920.460413872,NA,NA
"1.5","cembio","pos","cysteic acid","[M + K]+","consensus",64997.2704145088,0.676999999980001,30827.98046875,24.98800000002,934.363503959015,246.974197387695,32.7292388259888,2,"consensus","detected",5,NA,NA,0.57862636074033,NA,NA,17837.8821476068,NA,NA,37609.1340380024,NA,NA
"1.5","cembio","pos","cytidine","[M + H]+","own",2617984.34560415,31.131,1015.00061035156,50.706,25.2250394408144,259.297607421875,29.9584468322754,5,"own","detected",5,56.5060203417131,2,0.57862636074033,0.670755326213039,0.43367576131213,587.306109316937,680.817065502794,440.18116242649,1514834.75437208,1756026.94375634,1135356.35418312
"1.6","cembio","pos","(6S)-5-formyltetrahydrofolic acid","[M + H]+","own",2035845.18318376,23.01100000002,8611.326171875,178.52200000002,132.939093486838,297.266662597656,62.5403656005859,5,"own","detected",6,168.021977142024,3,0.513454738312367,0.264812271173247,0.38851082962146,4421.52622610252,2280.38484138784,3345.59347517615,1045314.35577611,539116.786716007,790947.901099576
"1.6","cembio","pos","(6S)-5-formyltetrahydrofolic acid","[M + K]+","own",NA,NA,NA,NA,NA,NA,NA,0,"own","no_data",6,NA,NA,0.513454738312367,NA,NA,NA,NA,NA,NA,NA,NA
"1.6","cembio","pos","(6S)-5-formyltetrahydrofolic acid","[M + Na]+","own",18550.0231969868,3.38399999999999,3756.1201171875,172.431,51.0717094366515,265.126373291016,68.3547463439941,5,"own","detected",6,160.05337236016,3,0.513454738312367,0.264812271173247,0.388296317390756,1928.59767184033,994.666699031946,1458.48760918124,9524.5973062972,4912.2737731105,7202.90569490307
"1.6","cembio","pos","3-chloro-L-tyrosine","[M + H]+","own",3548585.11406038,35.86900000002,11775.978515625,69.561,138.727483246646,327.115615844727,82.5277200439453,5,"own","detected",6,68.6232814039117,2,0.513454738312367,0.330918927956358,0.361350116762427,6046.43196711229,3896.89418602773,4255.25121161292,1822037.84111903,1174293.98170675,1282281.64530713
"1.6","cembio","pos","D-serine","[M + H]+","own",2003549.93044079,20.97999999996,1384.13037109375,42.49000000002,30.6490317544724,274.004486083984,36.2205858215332,5,"own","detected",6,45.6671157503149,2,0.513454738312367,0.330918927956358,0.357923124525143,710.688297480141,458.03493855418,495.412267172021,1028732.20523024,663012.595088503,717116.851245501
"1.6","cembio","pos","L-arabinitol","[M + H]+","own",NA,NA,NA,41.814,2.3724911581134,275.001495361328,46.3291234680176,5,"own","below_detection",6,44.3310175605025,2,0.513454738312367,0.330918927956358,0.357791096815978,NA,NA,NA,NA,NA,NA
"1.6","cembio","pos","L-arabinitol","[M + Na]+","own",NA,NA,NA,66.85399999998,-0.507596124831939,416.105529785156,203.951746087646,5,"own","below_detection",6,66.3657306132621,2,0.513454738312367,0.330918927956358,0.360786400935457,NA,NA,NA,NA,NA,NA
"1.6","cembio","pos","L-histidine","[M + H]+","own",11301939.130327,15.56599999998,10270.1240234375,35.046,36.6936695076732,627.302825927734,262.792501455688,5,"own","detected",6,35.5227092840867,2,0.513454738312367,0.330918927956358,0.356738572107684,5273.24384288966,3398.57843181478,3663.74937948991,5803034.19858435,3740025.58083583,4031837.62740081
"1.6","cembio","pos","L-histidine","[M + Na]+","own",NA,NA,NA,NA,NA,NA,NA,0,"own","no_data",6,NA,NA,0.513454738312367,NA,NA,NA,NA,NA,NA,NA,NA
"1.6","cembio","pos","L-methionine S-oxide","[M + H]+","own",1183839.22685044,14.88999999996,1936.53161621094,35.046,117.708706278013,241.007354736328,14.4044082641601,5,"own","detected",6,35.5227092840867,2,0.513454738312367,0.330918927956358,0.356738572107684,994.321334235214,640.834966390118,690.835523608475,607847.860426408,391754.807822032,422321.11539169
"1.6","cembio","pos","L-threonine","[M + H]+","own",6904662.35193043,27.74799999996,2554.01196289062,49.25800000002,20.7410821502503,351.234848022461,106.203576983643,5,"own","detected",6,55.2819167115661,2,0.513454738312367,0.330918927956358,0.358916121984649,1311.36954405266,845.170900747478,916.676069223102,3545231.60104569,2284883.46340145,2478194.63496827
"1.6","cembio","pos","N(alpha)-acetyl-L-arginine","[M + H]+","own",18330536.7402384,17.59599999996,13292.0419921875,39.783,54.0894808489457,755.335205078125,231.777169799805,5,"own","detected",6,40.4772407911405,2,0.513454738312367,0.330918927956358,0.357381725308502,6824.86194273563,4398.58828640559,4750.33290004103,9411900.94508434,6065921.56694433,6550998.84605729
"2.1","cembio","pos","2'-deoxyguanosine","[M + H]+","own",NA,NA,NA,89.805,-1.12305136610046,656.656768798828,296.690280917358,5,"own","below_detection",7,90.2083793235322,2,0.652884207719975,0.685242626720897,0.453382974244862,NA,NA,NA,NA,NA,NA
"2.1","cembio","pos","2'-deoxyguanosine","[M + Na]+","own",2173337.08257149,35.86899999996,1247.32775878906,57.31999999998,29.1943969971928,306.827209472656,32.2151044738769,5,"consensus","detected",7,60.3161852553219,2,0.652884207719975,0.685242626720897,0.42441043338578,814.360595564127,854.722149814504,529.378914681779,1418937.45926313,1489263.21121122,922386.933107554
"2.1","cembio","pos","3-hydroxybenzyl alcohol","[M + H]+","consensus",1361.01736356617,NA,769.892944335938,111.462,6.03473441253976,291.153274536133,79.3306941238403,3,"consensus","detected",7,114.504550355104,3,0.652884207719975,0.435290247013666,0.480751098317847,502.650944991967,335.126889914069,370.126878576664,888.586743105027,592.437584376607,654.310592364097
"2.1","cembio","pos","3-hydroxybenzyl alcohol","[M + Na]+","consensus",43492.9483227943,2.70699999996,1520.88830566406,116.87599999998,31.494086111178,268.100799560547,39.7785000549316,3,"consensus","detected",7,119.405865915831,3,0.652884207719975,0.435290247013666,0.4863401124381,992.963956474054,662.027846252705,739.66898958245,28395.8591071334,18932.0562187817,21152.3653775722
"2.1","cembio","pos","5-aminoimidazole-4-carboxamide","[M + H]+","own",6000892.16399077,57.531,1728.39123535156,53.259,8.38970707666348,337.290893554688,165.81035894165,5,"own","detected",7,58.2191430122384,2,0.652884207719975,0.685242626720897,0.42256505409272,1128.43934232265,1184.36735011368,730.357735859715,3917887.72610012,4112067.10912188,2535767.32188134
"2.1","cembio","pos","5-methyl-2'-deoxycytidine","[M + H]+","own",3985902.56239323,33.16600000002,2044.32104492188,51.22900000002,21.7265722771892,290.926391601562,80.7027740478515,5,"own","detected",7,56.8979886421739,2,0.652884207719975,0.685242626720897,0.421407842289137,1334.70492573909,1400.85592268308,861.492920486804,2602332.83649712,2731310.34170789,1679690.59839287
"2.1","cembio","pos","9H-xanthine","[M + H]+","own",NA,NA,NA,NA,NA,NA,NA,0,"own","no_data",7,NA,NA,0.652884207719975,NA,NA,NA,NA,NA,NA,NA,NA
"2.1","cembio","pos","L-leucine","[M + H]+","own",NA,NA,NA,95.89600000002,3.71630056344367,1138.10009765625,295.135836791992,5,"own","below_detection",7,97.4079948391099,2,0.652884207719975,0.685242626720897,0.461301561897043,NA,NA,NA,NA,NA,NA
"2.1","cembio","pos","L-phenylalanine","[M + H]+","own",45505678.6087125,73.092,11500.38671875,84.39100000002,20.1044507157162,1391.41717529297,502.822468835449,5,"own","detected",7,83.9006962603187,2,0.652884207719975,0.685242626720897,0.446695074872634,7508.42087134441,7880.55520346236,5137.16610639628,29709938.9252091,31182430.7405511,20327162.5132489
"2.1","cembio","pos","L-phenylalanine","[M + Na]+","consensus",1520268.97656268,16.92,48050.45703125,97.92700000002,8.41674147131235,1399.87219238281,5542.59448242188,5,"consensus","detected",7,99.7889276074142,2,0.652884207719975,0.685242626720897,0.463971411321818,31371.3845694303,32926.2213912333,22294.0383634474,992559.606284382,1041753.1068221,705361.342644563
"2.1","cembio","pos","dopamine","[M + H]+","own",12660471.9850002,21.657,8179.40966796875,42.43099999998,40.116345533994,563.196685791016,189.853110516357,5,"own","detected",7,45.5512884959503,2,0.652884207719975,0.685242626720897,0.411611344978299,5340.20740068888,5604.8801659052,3366.73781456112,8265822.22128779,8675495.07852786,5211193.90180601
"2.1","cembio","pos","ethylmalonic acid","[M + H]+","own",NA,NA,NA,NA,NA,NA,NA,0,"consensus","no_data",7,NA,NA,0.652884207719975,NA,NA,NA,NA,NA,NA,NA,NA
"2.1","cembio","pos","ethylmalonic acid","[M + Na]+","own",NA,NA,NA,NA,NA,NA,NA,0,"consensus","no_data",7,NA,NA,0.652884207719975,NA,NA,NA,NA,NA,NA,NA,NA
"2.1","cembio","pos","methylmalonic acid","[M + Na]+","own",9631.06212206217,0.676000000019997,667.066650390625,77.62300000002,5.41140385096565,297.083343505859,68.3710395812988,5,"consensus","detected",7,76.433887092288,2,0.652884207719975,0.685242626720897,0.439167859188915,435.5172815367,457.102503711582,292.954232788371,6287.96836306442,6599.61430663401,4229.65293386149
"2.1","cembio","pos","pyridoxamine","[M + H]+","own",3414491.99148102,12.86299999998,13751.8388671875,30.92599999998,61.2077303957159,763.2802734375,212.204545239258,5,"own","detected",7,32.4761120627343,1,0.652884207719975,0.296249190309803,0.400530434404713,8978.35842349646,4073.97112967517,5508.02999533822,2229267.89862428,1011540.48779556,1367607.96061931
"2.1","cembio","pos","pyridoxamine","[M + Na]+","consensus",5760.42639449489,0.676999999979998,4075.72216796875,24.153,8.88217331386416,514.938186645508,400.891071981811,4,"consensus","detected",7,NA,NA,0.652884207719975,NA,NA,2660.97463852101,NA,NA,3760.89142269903,NA,NA
"2.1","cembio","pos","tricaproin","[M + H]+","own",134011.522492113,0.677000000040039,30486.478515625,576.40900000002,1142.08423351686,289.37126159668,26.4403503417969,3,"consensus","detected",7,571.77238986361,10,0.652884207719975,0.890429924909418,NA,19904.1403718459,27146.0727754205,NA,87494.0066876107,119327.869909649,NA
"2.10","cembio","pos","(5-hydroxyindol-3-yl)acetic acid","[M + H]+","own",2234745.73047868,4.73699999999999,137551.96875,173.637,2746.73876974476,277.188781738281,49.9773700653076,4,"own","detected",8,161.599497885603,3,0.627426183961164,0.636415886214571,0.537213537519902,86303.7068491578,87540.2580925902,73894.7797250145,1402137.98579774,1422227.68452682,1200535.65932795
"2.10","cembio","pos","(5-hydroxyindol-3-yl)acetic acid","[M + K]+","own",243392.653313518,1.35400000001999,112317.15625,171.60700000002,2146.05331256964,319.771591186523,52.1876059661865,3,"consensus","detected",8,159.007634847554,3,0.627426183961164,0.636415886214571,0.537157740108291,70470.7247393073,71480.4225319442,60332.0298266399,152710.923672683,154898.951156638,130740.24761285
"2.10","cembio","pos","(S)-2-hydroxy-4-methylpentanoic acid","[M + H]+","own",26416.1601443285,2.03099999999998,4484.93408203125,190.557,84.0203139971861,254.047523498535,50.3555194839478,4,"consensus","detected",8,184.404919030265,4,0.627426183961164,0.405059773943201,0.538748935860244,2813.96507640623,1816.66638541773,2416.25346409768,16574.190554263,10700.1238565091,14231.6781672708
"2.10","cembio","pos","2-hydroxy-2-methylbutyric acid","[M + Na]+","consensus",NA,NA,NA,216.951,1.20069453787758,246.492980957031,69.3765789031982,5,"consensus","below_detection",8,217.006894428022,4,0.627426183961164,0.405059773943201,0.534563718944334,NA,NA,NA,NA,NA,NA
"2.10","cembio","pos","3-methoxytyramine","[M + H]+","own",9941194.91555042,25.72100000004,10315.09375,51.141,49.7285444888761,738.703491210938,192.573306884766,5,"own","detected",8,56.8337182701916,2,0.627426183961164,0.800865755264951,0.528828477070424,6471.95990876415,8261.00534672253,5454.91531865115,6237365.98987793,7961562.57427838,5257186.96745077
"2.10","cembio","pos","4-hydroxy-L-proline","[M + H]+","own",13984931.46757,29.10499999998,2927.17919921875,47.08000000002,21.3303964075525,405.018005371094,118.242584228516,5,"own","detected",8,52.9742935337614,2,0.627426183961164,0.800865755264951,0.528404371568595,1836.58887473632,2344.27758017818,1546.73428523185,8774512.18365585,11200052.702104,7389698.9235512
"2.10","cembio","pos","4-hydroxy-L-proline","[M + Na]+","consensus",147941.389022017,8.79800000004,316.143463134766,33.54100000002,7.63778738600477,237.16667175293,10.3402709960938,5,"consensus","detected",8,34.657669895926,2,0.627426183961164,0.800865755264951,0.526248560088722,198.356686658913,253.188473375502,166.370042256133,92822.3011639982,118481.192254064,77853.942950362
"2.10","cembio","pos","7,9-dihydro-1H-purine-2,6,8(3H)-trione","[M + H]+","own",417095.825172266,3.384,58962.30078125,30.15700000002,244.674226457073,720.391540527344,238.038595581055,5,"own","detected",8,31.4820867569991,1,0.627426183961164,0.361470819693773,0.525944504479936,36994.4913767501,21313.1511944292,31010.8980673915,261696.841933968,150767.96981587,219369.257090877
"2.10","cembio","pos","L-pipecolic acid","[M + H]+","own",26247764.3521449,16.923,25475.2265625,40.308,40.6610863301809,1630.3125,586.430816650391,5,"own","detected",8,41.4172826575732,2,0.627426183961164,0.800865755264951,0.527006271153272,15983.8241876555,20402.2365615223,13425.6041574879,16468534.6249782,21020935.621897,13832736.4173337
"2.10","cembio","pos","N-isovalerylglycine","[M + H]+","own",10756466.126487,6.76799999999999,654504.25,128.97,6093.04069507589,376.471298217773,107.356541903687,4,"own","detected",8,127.026025547271,3,0.627426183961164,0.636415886214571,0.539521391387274,410653.103963864,416536.902294953,353119.043628884,6748888.49464926,6845585.92242523,5803343.57097235
"2.10","cembio","pos","N-isovalerylglycine","[M + Na]+","own",852018.936910776,8.12199999996,21184.744140625,129.64699999998,430.519268715264,252.47452545166,48.6209820007324,4,"own","detected",8,127.285680007338,3,0.627426183961164,0.636415886214571,0.539537827441256,13291.863174346,13482.3077164848,11429.9708285317,534578.990248576,542238.386805668,459696.446159649
"2.10","cembio","pos","alpha-D-mannose","[M + Na]+","own",NA,NA,NA,80.24200000002,1.75048891964081,234.098297119141,32.0803230285645,5,"consensus","below_detection",8,79.2476798198188,2,0.627426183961164,0.800865755264951,0.530562081739746,NA,NA,NA,NA,NA,NA
"2.10","cembio","pos","glycinamide","[M + H]+","own",101934.306676706,5.41399999998,22647.490234375,27.45,372.036026243324,268.551986694336,60.15261068573,4,"own","detected",8,27.6981043748899,1,0.627426183961164,0.361470819693773,NA,14209.6283740516,8186.40685902625,NA,63956.2530528927,36846.2773893453,NA
"2.10","cembio","pos","glycinamide","[M + Na]+","own",NA,NA,NA,54.525,0.971199918015197,267.321182250977,60.7557992202759,5,"own","below_detection",8,58.9217644364713,2,0.627426183961164,0.800865755264951,0.529037135577891,NA,NA,NA,NA,NA,NA
"2.10","cembio","pos","quinolinic acid","[M + H]+","own",1232450.23324514,30.459,16327.0400390625,51.141,33.742930734556,2435.00708007812,411.702026367188,5,"own","detected",8,56.8337182701916,2,0.627426183961164,0.800865755264951,0.528828477070424,10244.0124270901,13075.7672521249,8634.20371892526,773271.546767045,987027.186874334,651754.779912116
"2.10","cembio","pos","trans-urocanic acid","[M + H]+","own",13326637.4817691,29.10500000004,7109.10302734375,51.141,21.1533120752316,932.020874023438,292.014892578125,5,"own","detected",8,56.8337182701916,2,0.627426183961164,0.800865755264951,0.528828477070424,4460.43738383305,5693.43716525,3759.49612728694,8361481.3002202,10672847.5919792,7047505.40395359
"2.10","cembio","pos","uracil","[M + H]+","own",294967.335419177,0.67700000004,107113.125,30.15700000002,3264.50913992739,281.777542114258,32.7250875640869,3,"own","detected",8,31.4820867569991,1,0.627426183961164,0.361470819693773,0.525944504479936,67205.5792709052,38718.2690937116,56335.5594514224,185070.229655247,106622.084516858,155136.449064806
"2.2","cembio","pos","2-oxobutanoic acid","[M + H]+","consensus",NA,NA,NA,110.046,-0.450698383070659,247.093994140625,37.852563381958,5,"consensus","below_detection",9,113.106684785728,3,0.6975131140723,0.611854443313997,0.60345585833735,NA,NA,NA,NA,NA,NA
"2.2","cembio","pos","2-oxobutanoic acid","[M + K]+","consensus",14956.4820265327,14.889,998.755981445312,106.662,6.49306582555113,434.523361206055,86.8977206451416,5,"consensus","detected",9,109.603977412443,3,0.6975131140723,0.611854443313997,0.599328605983634,696.645394816256,611.093285033746,598.583030077435,10432.3423538932,9151.18998427996,8963.84752338112
"2.2","cembio","pos","3,3',5-triiodo-L-thyronine","[M + H]+","own",4339282.68426436,48.051,1726.76806640625,316.46800000002,20.5806348984015,313.057418823242,68.6913039642334,5,"own","detected",9,314.653729801176,6,0.6975131140723,0.793612204975811,0.693263288473689,1204.44337127963,1370.38421266248,1197.10490814815,3026706.57794124,3443707.69907239,3008265.38331004
"2.2","cembio","pos","3-iodo-L-tyrosine","[M + H]+","own",3499574.15696578,24.36400000002,8883.2587890625,122.22799999998,61.0380774050847,358.289474487305,139.666412786865,5,"own","detected",9,123.421847707915,3,0.6975131140723,0.611854443313997,0.615617832566795,6196.18950106912,5435.26136119601,5468.69252185259,2440998.86815215,2141229.99764635,2154400.25741804
"2.2","cembio","pos","5-methoxysalicylic acid","[M + H]+","own",162401.714858979,1.35396874997997,61743.16796875,260.97198437502,1863.66066484567,262.500991821289,32.9891960144043,4,"consensus","detected",9,259.17491505069,5,0.6975131140723,0.778871475491806,0.728621739061404,43066.6693625719,48089.9923373587,44987.414420551,113277.325861968,126490.063274613,118329.419907103
"2.2","cembio","pos","5-oxo-L-proline","[M + H]+","own",3440604.33628509,5.415,168483.609375,35.601,1910.06247537857,844.561248779297,87.7662643432617,4,"own","detected",9,35.8546906903541,2,0.6975131140723,0.621496314541293,0.51938868540972,117519.527045297,104711.942287177,87508.4803863661,2399866.64489287,2138322.91479597,1787010.9632381
"2.2","cembio","pos","L-methionine","[M + H]+","own",13022659.5615746,16.92,7735.822265625,41.69200000002,73.8056722328562,364.080383300781,99.8804246246338,5,"own","detected",9,44.0891670788018,2,0.6975131140723,0.621496314541293,0.527724289817985,5395.83747840593,4807.78502803241,4082.38131128511,9083475.82429732,8093534.92304454,6872373.76867334
"2.2","cembio","pos","N,N-dimethyl-beta-alanine","[M + H]+","own",947913.588874303,1.35399999996,316316.09375,198.027,13.9023085164724,211983.65625,7504.684375,5,"consensus","detected",9,194.460918505667,4,0.6975131140723,0.745573896910547,0.695737251311208,220634.623582748,235837.022672709,220072.889611123,661182.159247165,706739.628391476,659498.79480395
"2.2","cembio","pos","N,N-dimethyl-beta-alanine","[M + Na]+","own",30032.5935585935,2.70700000002,10197.02734375,198.70399999998,11.6691167345808,2538.76257324219,656.28487097168,5,"consensus","detected",9,195.351934025485,4,0.6975131140723,0.745573896910547,0.696679249224963,7112.56029681946,7602.63741358309,7104.05735417017,20948.1278567223,22391.5178138111,20923.0847326794
"2.2","cembio","pos","N-acetyl-L-phenylalanine","[M + H]+","own",7654792.20284705,33.16600000002,604.594543457031,251.49700000002,5.55203783606053,274.683486938477,59.4216153167725,5,"own","detected",9,249.941869772584,5,0.6975131140723,0.778871475491806,0.728028869335696,421.712622757834,470.901444136673,440.162281879554,5339317.94698421,5962099.29761465,5572909.71243844
"2.2","cembio","pos","N-acetyl-L-phenylalanine","[M + Na]+","own",NA,NA,NA,NA,NA,NA,NA,0,"own","no_data",9,NA,NA,0.6975131140723,NA,NA,NA,NA,NA,NA,NA,NA
"2.2","cembio","pos","N-acetyl-L-proline","[M + H]+","own",NA,NA,NA,85.68199999998,-1.70170330501768,106096.7421875,57977.1097961426,5,"own","below_detection",9,85.3862459017082,2,0.6975131140723,0.621496314541293,0.571387433005272,NA,NA,NA,NA,NA,NA
"2.2","cembio","pos","alloxanthine","[M + H]+","own",587276.987333466,6.768,148339.03125,36.27700000002,9893.78900425905,238.02848815918,14.9690884552002,4,"own","detected",9,36.3046980362039,2,0.6975131140723,0.621496314541293,0.51983935579156,103468.419625656,92192.1612245007,77112.4664437441,409633.400257965,364990.483242663,305289.690766637
"2.2","cembio","pos","biotin","[M + H]+","own",6474228.38689069,2.70700000002,807301.875,196.67299999998,8718.18729373966,348.236358642578,92.5597961425781,3,"own","detected",9,192.666310195961,4,0.6975131140723,0.745573896910547,0.693829310773273,563103.644827657,601903.204926941,560129.703517221,4515859.20335541,4827015.68790297,4492009.41946513
"2.2","cembio","pos","biotin","[M + Na]+","own",NA,NA,NA,NA,NA,NA,NA,0,"own","no_data",9,NA,NA,0.6975131140723,NA,NA,NA,NA,NA,NA,NA,NA
"2.2","cembio","pos","corticosterone","[M + H]+","own",6433816.58702677,1.35300000000001,3238408.25,322.55899999998,39226.2472648584,305.001251220703,82.5494018554687,3,"own","detected",9,320.779075949911,6,0.6975131140723,0.793612204975811,0.684328651522299,2258832.22309493,2570040.31189436,2216135.55080119,4487671.44298706,5105955.36804026,4402845.02914183
"2.2","cembio","pos","kynurenic acid","[M + H]+","own",14615888.7723488,8.12100000000004,304438.65625,165.54199999998,857.192451232843,2116.46875,352.688812255859,5,"own","detected",9,151.625525853538,3,0.6975131140723,0.611854443313997,0.64798603167033,212349.955164924,186272.144543105,197271.996750485,10194774.0925354,8942796.48834477,9470891.76492923
"2.2","cembio","pos","kynurenic acid","[M + Na]+","own",14608664.4090828,2.03100000000001,4212662.5,162.15799999998,12019.8033502843,2385.42175292969,350.278366088867,5,"own","detected",9,147.79515177803,3,0.6975131140723,0.611854443313997,0.643654665993025,2938387.3389106,2577536.26880725,2711499.87437884,10189735.0044165,8938376.22958035,9402935.01083238
"2.2","cembio","pos","trans-3-coumaric acid","[M + H]+","own",258387.893391501,1.35400000001997,109480.3828125,236.60299999998,950.688032923059,466.22883605957,114.668692779541,3,"consensus","detected",9,236.121532136509,5,0.6975131140723,0.778871475491806,0.725809783505452,76364.0027453744,85271.1472985796,79461.9329472346,180228.944158087,201250.959775058,187540.460962915
"2.2","cembio","pos","trans-3-coumaric acid","[M + Na]+","own",54838.098044713,0.676999999979984,20144.318359375,236.60299999998,392.198801511548,335.067306518555,50.5081886444092,2,"consensus","detected",9,236.121532136509,5,0.6975131140723,0.778871475491806,0.725809783505452,14050.9262297115,15689.8349633431,14620.9433472829,38250.2925369699,42711.8303372499,39802.0280696839
"2.2","cembio","pos","tyramine","[M + H]+","own",9740834.60512528,62.94,1706.28259277344,83.652,7.14334140279594,384.045288085938,185.100673498535,5,"own","detected",9,83.0573801794426,2,0.6975131140723,0.621496314541293,0.56879280024283,1190.15448477276,1060.44834297465,970.521253949201,6794359.87908416,6053892.80764165,5540516.59175147
"2.2","cembio","pos","tyramine","[M + Na]+","own",NA,NA,NA,NA,NA,NA,NA,0,"own","no_data",9,NA,NA,0.6975131140723,NA,NA,NA,NA,NA,NA,NA,NA
"2.3","cembio","pos","(R)-adrenaline","[M + H]+","own",4837888.03134582,22.33300000002,4066.12866210938,43.644,32.0076890460996,364.306381225586,115.654156585693,5,"own","detected",10,47.853350480478,2,0.634351881236059,0.775753274684817,0.673534038159711,2579.35636615694,3154.31262492114,2738.67605746747,3068923.37389363,3753007.482875,3258482.26191689
"2.3","cembio","pos","2'-deoxyinosine","[M + H]+","own",368492.834608175,21.657,603.091552734375,45.67399999998,5.22981588563219,267.675384521484,64.135368347168,5,"own","detected",10,51.1234999826152,2,0.634351881236059,0.775753274684817,0.673080478741775,382.572261034627,467.850246968442,405.929151039573,233754.122855704,285859.523145182,248025.333530984
"2.3","cembio","pos","2'-deoxyinosine","[M + K]+","own",23378.2223189686,0.676999999979991,12092.787109375,40.93699999998,24.2912976447584,1058.6005859375,454.244424682617,3,"consensus","detected",10,42.6072755793806,2,0.634351881236059,0.775753274684817,0.674259185083283,7671.08225221919,9381.019200164,8153.67278175282,14830.0193079926,18135.7325202496,15762.9811294836
"2.3","cembio","pos","2'-deoxyinosine","[M + Na]+","own",368203.867597884,10.82900000004,92232.9375,30.78499999998,771.005915558565,303.725204467773,119.232823562622,3,"consensus","detected",10,32.3076829877268,1,0.634351881236059,0.623435698713062,0.675632946373783,58508.1374150528,57501.3058346707,62315.611315834,233570.81608911,229551.435464739,248770.663931381
"2.3","cembio","pos","2'-deoxyuridine","[M + H]+","own",207142.320556006,8.79799999998,42921.77734375,38.23000000002,339.922692372943,300.229286193848,125.38600397644,3,"own","detected",10,38.1463740926684,2,0.634351881236059,0.775753274684817,0.674865756556303,27227.5102040031,33296.7093297066,28966.437739831,131401.120728305,160691.333497134,139793.258876857
"2.3","cembio","pos","2'-deoxyuridine","[M + K]+","own",NA,NA,NA,NA,NA,NA,NA,0,"own","no_data",10,NA,NA,0.634351881236059,NA,NA,NA,NA,NA,NA,NA,NA
"2.3","cembio","pos","2-hydroxy-3-methylbutyric acid","[M + Na]+","own",47526.2413519856,107.60800000002,411.303985595703,132.97900000002,6.34109884853856,278.193908691406,20.991641998291,5,"consensus","detected",10,128.314749988023,3,0.634351881236059,0.597519534193153,0.666079718561114,260.911457022523,245.762165884932,273.961242968651,30148.360609711,28397.8575945898,31656.2654639982
"2.3","cembio","pos","2-hydroxy-4-(methylthio)butanoic acid","[M + H]+","own",NA,NA,NA,132.97900000002,-0.43560634112983,868.973693847656,651.335118933105,5,"consensus","below_detection",10,128.314749988023,3,0.634351881236059,0.597519534193153,0.666079718561114,NA,NA,NA,NA,NA,NA
"2.3","cembio","pos","2-hydroxy-4-(methylthio)butanoic acid","[M + Na]+","own",NA,NA,NA,118.089,2.87275222254172,1005.00317382812,208.906579589844,5,"consensus","below_detection",10,120.394875346783,3,0.634351881236059,0.597519534193153,0.666753288373862,NA,NA,NA,NA,NA,NA
"2.3","cembio","pos","6-hydroxynicotinic acid","[M + H]+","own",2393829.73021696,15.56499999996,39280.34375,44.99800000002,797.980066187487,255.57341003418,48.9044425964356,5,"own","detected",10,50.1177641807399,2,0.634351881236059,0.775753274684817,0.673219864525473,24917.5599534116,30471.8552948078,26444.307697889,1518530.39272194,1857021.25225368,1611573.72667371
"2.3","cembio","pos","L-isoglutamine","[M + H]+","own",1294461.15028925,6.76699999998,12394.4365234375,30.10900000002,707.410673649446,229.29239654541,17.1967211975098,5,"own","detected",10,31.4151581156512,1,0.634351881236059,0.623435698713062,0.675746629953592,7862.4341255035,7727.13419414395,8375.4987108866,821143.865872979,807013.291687493,874727.759913811
"2.3","cembio","pos","L-isoglutamine","[M + Na]+","own",NA,NA,NA,NA,NA,NA,NA,0,"own","no_data",10,NA,NA,0.634351881236059,NA,NA,NA,NA,NA,NA,NA,NA
"2.3","cembio","pos","L-proline","[M + H]+","own",14580487.8863089,65.64700000002,3358.41088867188,71.39200000002,13.1184341543589,822.885375976562,193.279585266113,5,"own","detected",10,70.2645287288987,2,0.634351881236059,0.775753274684817,0.670562613219117,2130.41426519267,2605.29824462436,2252.02478177135,9249159.92001962,11310861.2243064,9777130.05905298
"2.3","cembio","pos","N-acetyl-L-leucine","[M + H]+","consensus",11576219.573032,5.41500000000002,115561.546875,208.101,1183.12381575175,325.735076904297,97.3996214630127,5,"consensus","detected",10,207.130617023131,4,0.634351881236059,0.698708690145385,0.651207197376963,73306.6846587053,80743.8570482057,75254.5110650153,7343396.66375453,8088405.21470855,7538517.50437451
"2.3","cembio","pos","N-acetyl-L-tryptophan","[M + H]+","own",3360783.39858596,2.03000000004002,723186,237.20200000002,2942.09414367687,551.671508789062,245.619036373901,4,"own","detected",10,236.673527622951,5,0.634351881236059,0.602261128150569,0.65104409753594,458754.39958358,435546.816222698,470825.976720626,2131919.27131992,2024069.20110208,2188018.19474617
"2.3","cembio","pos","N-acetyl-L-tryptophan","[M + Na]+","own",NA,NA,NA,269.01100000002,-0.571916191829391,473.782409667969,305.644021606445,5,"own","below_detection",10,267.241004613752,5,0.634351881236059,0.602261128150569,0.647556647987314,NA,NA,NA,NA,NA,NA
"2.3","cembio","pos","N-acetylserotonin","[M + H]+","own",7218977.32289805,2.02999999997999,2321715.5,183.73699999998,6838.46585814964,961.512329101562,339.367635345459,5,"own","detected",10,175.075102312196,3,0.634351881236059,0.597519534193153,0.655774649467793,1472784.59511992,1387270.36408902,1522522.16817644,4579371.84538083,4313479.96732897,4734022.32343941
"2.3","cembio","pos","N-acetylserotonin","[M + Na]+","own",948695.097908769,2.02999999997999,301864.75,183.73699999998,4465.20555238297,311.780395507812,67.5339502441406,5,"consensus","detected",10,175.075102312196,3,0.634351881236059,0.597519534193153,0.655774649467793,191488.472041353,180370.084809332,197955.250617933,601806.520077855,566863.852993775,622130.195282937
"2.3","cembio","pos","gamma-aminobutyric acid","[M + H]+","own",960251.394637046,31.80799999998,1176.09106445312,42.291,23.7178551252186,304.89274597168,36.7317497253418,5,"own","detected",10,45.2755888271215,2,0.634351881236059,0.775753274684817,0.673891280104383,746.055579240756,912.35649457706,792.557512943639,609137.278647559,744918.163910351,647105.041553978
"2.3","cembio","pos","imidazol-4-ylacetic acid","[M + H]+","own",8606034.31765265,48.051,1967.62194824219,55.149,7.64374913149619,396.445388793945,205.550513552856,5,"own","detected",10,59.2453753808091,2,0.634351881236059,0.775753274684817,0.671969764733076,1248.16468442879,1526.3891696906,1322.18245764394,5459254.05938504,6676159.30396896,5782994.85571783
"2.3","cembio","pos","imidazol-4-ylacetic acid","[M + Na]+","consensus",8583547.01142045,4.73799999996,155375.25,28.755,747.865253810262,693.851257324219,206.830572692871,5,"consensus","detected",10,29.5008782257889,1,0.634351881236059,0.623435698713062,NA,98562.582135023,96866.4775464667,NA,5444989.19437271,5351289.62850132,NA
"2.3","cembio","pos","serotonin","[M + H]+","own",4500635.71122965,66.324,1683.669921875,62.59399999998,10.5425859469264,379.243103027344,123.729303741455,5,"own","detected",10,63.272601864503,2,0.634351881236059,0.775753274684817,0.67143754099246,1068.03918232197,1306.11245538286,1130.47919218672,2854986.73017672,3491382.89114983,3021895.77485089
"2.3","cembio","pos","taurocyamine","[M + H]+","own",1261660.52260387,0.677000000040003,612630.5625,26.04799999998,13581.9237112496,318.254547119141,45.0828852355957,4,"consensus","detected",10,NA,NA,0.634351881236059,NA,NA,388623.34982458,NA,NA,800336.725995034,NA,NA
"2.3","cembio","pos","trans-3-hexenedioic acid","[M + H]+","own",365022.587325402,4.06099999998001,67297.4453125,86.28100000002,26.0396465152594,3775.345703125,2439.43786149902,5,"consensus","detected",10,86.0802460940976,2,0.634351881236059,0.775753274684817,0.669045382234049,42690.2610363652,52206.2135790942,45025.0450224766,231552.764963522,283167.467451605,244216.676461185
"2.3","cembio","pos","trans-3-hexenedioic acid","[M + Na]+","own",298229.319406402,2.70700000002,57558.125,86.28100000002,113.131277967872,874.132843017578,501.046157836914,5,"consensus","detected",10,86.0802460940976,2,0.634351881236059,0.775753274684817,0.669045382234049,36512.1048741702,44650.903953468,38508.9977413002,189182.329805201,231352.371136541,199528.948995657
"2.4","cembio","pos","(R)-carnitine","[M + H]+","own",22233760.0710149,54.14200000002,4844.6376953125,67.23700000002,8.92981523698588,731.266662597656,460.633386419678,5,"own","detected",11,66.6721722103533,2,0.693732508644233,0.637852335413492,0.542553348258341,3360.88266184156,3090.16346818731,2628.47440269037,15424282.1506592,14181855.7863201,12063000.9709017
"2.4","cembio","pos","(S)-methylsuccinic acid","[M + H]+","own",NA,NA,NA,95.66200000002,-0.813612781116385,1490.75506591797,1405.82142703857,5,"consensus","below_detection",11,97.1324318627393,2,0.693732508644233,0.637852335413492,0.581491186156231,NA,NA,NA,NA,NA,NA
"2.4","cembio","pos","1-hexadecanoyl-sn-glycero-3-phosphocholine","[M + H]+","own",9556517.53801872,12.85900000002,90360.7109375,448.93999999998,902.422351884751,571.316589355469,99.4981941223144,5,"own","detected",11,447.230816946231,8,0.693732508644233,0.668699569042351,0.651848167391352,62686.1626815483,60424.1684622667,58901.4638287891,6629666.88555234,6390439.15921878,6229398.44380082
"2.4","cembio","pos","1-hexadecanoyl-sn-glycero-3-phosphocholine","[M + Na]+","own",294984.623609657,4.06099999997997,15452.6025390625,443.526,428.996557823085,231.061569213867,35.4817321777344,3,"own","detected",11,441.840344068199,8,0.693732508644233,0.668699569042351,0.655276350007918,10719.9727245061,10333.1486584538,10125.72498992,204640.422948202,197256.090681898,193296.447467396
"2.4","cembio","pos","2'-deoxyadenosine","[M + H]+","own",NA,NA,NA,97.692,-1.68937040119169,2065.67199707031,758.94612121582,5,"own","below_detection",11,99.5145990161581,2,0.693732508644233,0.637852335413492,0.584725828192541,NA,NA,NA,NA,NA,NA
"2.4","cembio","pos","2-Methyl-4-pentenoic acid","[M + H]+","own",269338.735036011,1.35400000001999,117525.9140625,273.65500000002,2260.77849919552,274.622955322266,51.8632369995117,4,"consensus","detected",11,271.949192175222,5,0.693732508644233,0.855868530333676,0.774306528283363,81531.5471932847,100586.731344794,91001.0825010633,186849.036331596,230518.547317202,208550.740857966
"2.4","cembio","pos","3-methylbut-2-enoic acid","[M + H]+","consensus",NA,NA,NA,605.955,-2.94695983949767,263.140777587891,4.25143513183594,5,"consensus","below_detection",11,NA,NA,0.693732508644233,NA,NA,NA,NA,NA,NA,NA,NA
"2.4","cembio","pos","4-guanidinobutanoic acid","[M + H]+","own",19762753.7779419,24.36399999996,16331.126953125,45.58000000002,30.4437320209763,1223.89318847656,496.234619140625,5,"own","detected",11,50.9883590966531,2,0.693732508644233,0.637852335413492,0.523845846168094,11329.4336701789,10416.847466985,8554.99301763834,13710064.7560899,12605718.651462,10352636.4754177
"2.4","cembio","pos","5,6-dihydroxyindole-2-carboxylic acid","[M + H]+","own",333059.331422447,2.70700000001997,89679.9375,154.54099999998,2764.62368650697,251.319625854492,32.3474830627441,5,"own","detected",11,140.13612723333,3,0.693732508644233,0.632406175287582,0.640708264784199,62213.8880169331,56714.1462744044,57458.6771415804,231054.085515065,210628.777928709,213393.866305861
"2.4","cembio","pos","5,6-dimethylbenzimidazole","[M + H]+","own",59934025.9662829,33.162,35152.9296875,205.97599999998,8.05389749357432,6519.966796875,3555.16852722168,5,"own","detected",11,204.580701790368,4,0.693732508644233,0.718765448246116,0.726873613859261,24386.7300983037,25266.7112640001,25551.7370396936,41578182.1867381,43078507.0388497,43564462.0472468
"2.4","cembio","pos","5-methoxytryptamine","[M + H]+","own",11435369.4524001,43.314,3183.7236328125,189.057,20.4179263836029,604.620239257812,126.315637792969,5,"own","detected",11,182.354750513992,4,0.693732508644233,0.718765448246116,0.697706680672192,2208.65258262095,2288.35054403023,2221.30524802722,7933087.53748715,8219348.4503143,7978533.66289426
"2.4","cembio","pos","Dimethyl adipate","[M + H]+","own",NA,NA,NA,153.86500000002,-0.586689315149362,526.300231933594,260.67630803833,5,"consensus","below_detection",11,139.530264456879,3,0.693732508644233,0.632406175287582,0.639894555049353,NA,NA,NA,NA,NA,NA
"2.4","cembio","pos","Homocysteine thiolactone","[M + H]+","own",3587973.75829101,2.70700000002,343933.53125,27.984,1103.22315998984,1428.79748535156,310.458251953125,5,"consensus","detected",11,28.4867166558314,1,0.693732508644233,0.444743627619062,NA,238597.871440932,152962.246347959,NA,2489094.0362889,1595728.46506434,NA
"2.4","cembio","pos","L-tryptophanamide","[M + H]+","own",11025651.502314,22.33399999998,20313.890625,95.66200000002,131.717388223146,654.335632324219,149.255578613281,5,"own","detected",11,97.1324318627393,2,0.693732508644233,0.637852335413492,0.581491186156231,14092.4063036058,12957.2625764905,11812.3483549792,7648852.87613735,7032737.56020626,6411319.1702258
"2.4","cembio","pos","N-acetyl-alpha-D-galactosamine","[M + H]+","own",NA,NA,NA,NA,NA,NA,NA,0,"consensus","no_data",11,NA,NA,0.693732508644233,NA,NA,NA,NA,NA,NA,NA,NA
"2.4","cembio","pos","citraconic acid","[M + H]+","own",NA,NA,NA,66.55999999998,4.30502753888917,293.224472045898,80.0969829559326,5,"own","below_detection",11,66.1335162822522,2,0.693732508644233,0.637852335413492,0.541905838137868,NA,NA,NA,NA,NA,NA
"2.4","cembio","pos","citraconic acid","[M + K]+","own",197006.003526581,53.46499999998,2493.50659179688,56.409,12.3185053710413,801.074401855469,137.389410400391,5,"own","detected",11,59.8718525370072,2,0.693732508644233,0.637852335413492,0.534398658140598,1729.82658324818,1590.48900294658,1332.52657672099,136669.46904447,125660.739439908,105279.743930247
"2.4","cembio","pos","cortisol","[M + H]+","own",5324803.97515956,0.676999999980012,2584399.25,288.54400000002,8314.45669640499,527.648254394531,310.768544006347,4,"own","detected",11,286.98701178644,5,0.693732508644233,0.855868530333676,0.781402878786552,1792881.77504078,2211905.98789296,2019457.01388381,3693989.61972623,4557332.15253473,4160817.15516376
"2.4","cembio","pos","cortisol","[M + Na]+","own",49561.0044337928,20.30299999998,491.609588623047,307.494,40.7892679463519,209.80297088623,6.90884225006103,5,"own","detected",11,305.733671488519,6,0.693732508644233,0.838563693105399,0.783841254426001,341.045553189026,412.245952201768,385.343876634139,34382.079936783,41560.0589120143,38847.9598859967
"2.4","cembio","pos","creatinine","[M + H]+","own",13094499.2454648,1.35400000002,3919281.25,25.95400000002,12876.8965702334,1195.46545410156,304.272521191406,4,"own","detected",11,NA,NA,0.693732508644233,NA,NA,2718932.81364481,NA,NA,9084079.81099632,NA,NA
"2.4","cembio","pos","phosphoenolpyruvic acid","[M + K]+","own",197006.003526581,16.91899999998,11753.0322265625,43.54999999998,61.216218336698,866.14794921875,177.843136560059,5,"consensus","detected",11,47.6830468654815,2,0.693732508644233,0.637852335413492,0.519960476273787,8153.46053070972,7496.69905390292,6111.11223418461,136669.46904447,125660.739439908,102435.335422477
"2.5","cembio","pos","2-phenylethylamine","[M + H]+","own",34252178.0925503,34.515,23819.556640625,94.42699999998,9.97522238311139,4056.09240722656,1981.25550231934,5,"own","detected",12,95.6750591896361,2,0.583982429183263,0.731541282381125,0.632788203251276,13910.2025490605,17424.9890106327,15072.7344488631,20002670.1673053,25056882.2861709,21674374.2326276
"2.5","cembio","pos","3-hydroxybenzoic acid","[M + H]+","own",106913.971011018,12.18199999998,2374.04321289062,189.852,26.5674483352618,313.190490722656,77.5705930114746,5,"own","detected",12,183.441964568085,4,0.583982429183263,0.472670723154635,0.59949521152894,1386.3995224499,1122.14072223736,1423.22753809071,62435.8805046432,50535.1039931115,64094.4136666492
"2.5","cembio","pos","3-hydroxybenzoic acid","[M + Na]+","own",5412.05414050695,0.677000000039982,764.640319824219,187.82200000002,70.249941261036,247.964241027832,7.35482577667236,5,"own","detected",12,180.664004186367,3,0.583982429183263,0.716864231056632,0.600269220273394,446.536511422414,548.143294905686,458.990048570482,3160.54452384458,3879.70802987138,3248.6895189995
"2.5","cembio","pos","5-aminolevulinic acid","[M + H]+","own",15253461.4945908,49.40499999996,2172.06567382812,53.14300000002,13.1877148745916,399.342880249023,134.422286987305,5,"own","detected",12,58.1508718693946,2,0.583982429183263,0.731541282381125,0.648199802632291,1268.44818854773,1588.95570844825,1407.93254107976,8907753.4970645,11158536.7825041,9887290.73025301
"2.5","cembio","pos","5-aminolevulinic acid","[M + Na]+","own",NA,NA,NA,59.23399999998,0.392885669354462,300.441711425781,128.684481307983,5,"own","below_detection",12,61.2814900804901,2,0.583982429183263,0.731541282381125,0.646860108484857,NA,NA,NA,NA,NA,NA
"2.5","cembio","pos","5-hydroxymethyl-2-furoic acid","[M + H]+","own",224390.100427591,2.70699999996,43197.26953125,65.32499609376,25.0791316936935,5265.44409179688,1512.48559570312,5,"own","detected",12,65.1873955164604,2,0.583982429183263,0.731541282381125,0.645156622554396,25226.4463949435,31600.5859482537,27869.0045143532,131039.875932381,164150.621820429,144766.759326506
"2.5","cembio","pos","5-hydroxymethyl-2-furoic acid","[M + Na]+","own",NA,NA,NA,NA,NA,NA,NA,0,"own","no_data",12,NA,NA,0.583982429183263,NA,NA,NA,NA,NA,NA,NA,NA
"2.5","cembio","pos","5-oxo-L-proline","[M + Na]+","own",38018.7787083029,4.05999999996,10598.193359375,30.13300000002,193.050143873112,390.89485168457,52.8738197387695,3,"consensus","detected",12,31.4486711066529,1,0.583982429183263,0.571164218427893,0.65943082649515,6189.15870296174,6053.30882685511,6988.77540632807,22202.2987446556,21714.9660265109,25070.7546659524
"2.5","cembio","pos","N-acetyl-L-valine","[M + H]+","own",10289759.2454606,33.83900000004,3113.75366210938,143.154,36.9291686032477,308.516494750977,75.962640737915,5,"own","detected",12,131.872538507962,3,0.583982429183263,0.716864231056632,0.618843477117797,1818.37742747692,2232.13862468781,1926.92614314804,6009038.59987502,7376360.34925499,6367750.39016584
"2.5","cembio","pos","N-acetyl-L-valine","[M + Na]+","own",1505462.53396596,48.051,1070.83740234375,140.44699999998,13.0780158358825,267.680541992188,61.4127456665039,5,"own","detected",12,130.589501979437,3,0.583982429183263,0.716864231056632,0.619417355420714,625.350227480998,767.645031017834,663.295271845353,879163.667629832,1079212.24179608,932509.621474162
"2.5","cembio","pos","N-carbamoyl-beta-alanine","[M + H]+","own",708492.148544504,7.44400000002,3323.92114257812,34.19299999998,190.184872485394,242.68701171875,16.2012577056885,5,"own","detected",12,35.0385609455214,2,0.583982429183263,0.731541282381125,0.657880776406935,1941.11154325638,2431.58553517533,2186.74382199472,413746.965964289,518291.254903205,466103.364762676
"2.5","cembio","pos","N-carbamoyl-beta-alanine","[M + Na]+","own",27143.6177195312,2.70700000002,7540.7138671875,28.779,52.5613161225554,315.866027832031,137.45561131897,5,"own","detected",12,29.53300000002,1,0.583982429183263,0.571164218427893,NA,4403.64440193607,4306.98594234052,NA,15851.3958126737,15503.4632000815,NA
"2.5","cembio","pos","Phenylglyoxal","[M + H]+","own",10387.3991278281,1.35300000000004,4645.61767578125,179.02399999998,13.3682925987661,1007.640625,272.134756469727,4,"consensus","detected",12,168.693918924576,3,0.583982429183263,0.716864231056632,0.603524910731269,2712.95909535944,3330.27714293203,2803.74599306749,6066.05857556516,7446.35488844882,6269.05413135252
"2.5","cembio","pos","Phenylglyoxal","[M + Na]+","own",10387.3991278281,1.35300000000004,4645.61767578125,179.02399999998,11.5586040896366,991.281646728516,316.157210742187,4,"consensus","detected",12,168.693918924576,3,0.583982429183263,0.716864231056632,0.603524910731269,2712.95909535944,3330.27714293203,2803.74599306749,6066.05857556516,7446.35488844882,6269.05413135252
"2.5","cembio","pos","cis-4-hydroxy-D-proline","[M + H]+","own",15236347.839873,1.35299999999999,4809351,26.07199999998,22434.607709709,693.029052734375,214.341076660156,3,"consensus","detected",12,NA,NA,0.583982429183263,NA,NA,2808576.47977495,NA,NA,8897759.42341019,NA,NA
"2.5","cembio","pos","cis-4-hydroxy-D-proline","[M + Na]+","consensus",190928.370535558,2.02999999998,24380.244140625,26.07199999998,1361.44246320092,215.727935791016,17.7492012023926,4,"consensus","detected",12,NA,NA,0.583982429183263,NA,NA,14237.6341973232,NA,NA,111498.813625357,NA,NA
"2.5","cembio","pos","hypoxanthine","[M + H]+","own",21004551.3444455,33.162,5245.0478515625,53.82,24.7658856058496,588.320678710938,188.029907226563,5,"own","detected",12,58.5394251921112,2,0.583982429183263,0.731541282381125,0.648034579763022,3063.01578553792,3836.9690314824,3398.97238032425,12266288.9180339,15365696.4263559,13611675.6036086
"2.5","cembio","pos","inosine","[M + H]+","own",1883827.27131453,9.47500000002001,237560.1875,38.25400000002,8678.47488836169,255.575889587402,27.3440454299927,4,"own","detected",12,38.1760123358028,2,0.583982429183263,0.731541282381125,0.656548182901476,138730.975373481,173785.084206451,155969.709432859,1100122.02606394,1378097.41784197,1236823.3718818
"2.5","cembio","pos","picolinic acid","[M + H]+","own",4851947.69453519,38.57600390628,14394.923828125,49.75900000002,14.3229937785124,1785.07373046875,880.392066955566,5,"own","detected",12,55.730284852333,2,0.583982429183263,0.731541282381125,0.649223402166522,8406.38258505647,10530.4810370052,9345.52142162325,2833452.20092479,3549400.03850642,3149997.98938015
"2.5","cembio","pos","picolinic acid","[M + Na]+","own",26137.5835556964,33.162,624.496643066406,50.436,11.5068409563867,228.696342468262,34.396955871582,5,"own","detected",12,56.2938784730563,2,0.583982429183263,0.731541282381125,0.648985887199369,364.695066634713,456.845075111507,405.289507953479,15263.8895378361,19120.721392678,16962.9228531413
"2.5","cembio","pos","pyridin-2-ol","[M + H]+","own",NA,NA,NA,66.00199999998,1.50972996578356,363.004760742188,283.365805053711,5,"own","below_detection",12,65.7001064452434,2,0.583982429183263,0.731541282381125,0.644929918901814,NA,NA,NA,NA,NA,NA
"2.5","cembio","pos","pyridoxal","[M + H]+","own",13852468.8350025,13.536,26152.4140625,37.57699999998,75.4393659602781,1677.39807128906,324.432949291992,5,"own","detected",12,37.4143832788226,2,0.583982429183263,0.731541282381125,0.656870089174649,15272.5502932253,19131.5705206434,17178.7385573667,8089598.4004502,10133652.8157023,9099272.43893714
"2.5","cembio","pos","trans-cinnamic acid","[M + H]+","own",175038.734378834,0.676999999980012,75441.4609375,350.25100000002,559.485363432787,395.272125244141,134.134320068359,4,"consensus","detected",12,348.820009196778,7,0.583982429183263,0.576111740992033,0.57749666998292,44056.4876194155,43462.7114036856,43567.1924700528,102219.545303715,100841.870004032,101084.286221802
"2.5","cembio","pos","xanthurenic acid","[M + H]+","own",6627854.98448821,26.394,24911.740234375,162.78100000002,64.9720672719868,2155.7353515625,350.242894189453,5,"own","detected",12,148.482615821261,3,0.583982429183263,0.716864231056632,0.610668468293019,14548.0185772527,17858.3355073978,15212.8142514394,3870550.85411582,4751272.16701001,4047422.05144567
"2.6","cembio","pos","3-methyladipic acid","[M + H]+","own",201768.831403632,1.35399999996,79602.8046875,177.486,4587.65691935159,327.241195678711,17.2801856994629,4,"consensus","detected",13,166.641412462289,3,0.796521542448542,0.827036084713566,0.782883592072358,63405.3487729175,65834.3919209687,62319.7296727844,160713.220807661,166870.104341291,157961.507497517
"2.6","cembio","pos","3-methyladipic acid","[M + Na]+","own",242017.497514821,1.35399999996,112580.5234375,177.486,339.383617972385,3188.67895507812,322.325058398437,4,"consensus","detected",13,166.641412462289,3,0.796521542448542,0.827036084713566,0.782883592072358,89672.8121781017,93108.1553187538,88137.4445861363,192772.150420041,200157.203576833,189471.527798766
"2.6","cembio","pos","4-hydroxy-4-methyloxan-2-one","[M + H]+","own",3909777.34229881,60.23299999998,4263.28466796875,83.41399999998,6.35947297256204,1287.95129394531,467.858482434082,5,"own","detected",13,82.7869810073623,2,0.796521542448542,0.851463193261719,0.661585627296405,3395.79807962769,3630.0299771724,2820.52786140125,3114221.87931821,3329031.50081606,2586652.49559403
"2.6","cembio","pos","5-aminopentanoic acid","[M + H]+","consensus",NA,NA,NA,157.85899999998,4.02208942188055,205468.03125,19119.540103125,5,"consensus","below_detection",13,143.292718477242,3,0.796521542448542,0.827036084713566,0.750072452482565,NA,NA,NA,NA,NA,NA
"2.6","cembio","pos","5-aminopentanoic acid","[M + Na]+","own",44662.3634935819,10.152,4702.53564453125,140.26300000002,5.45528512682502,2394.40710449219,423.099523925781,5,"consensus","detected",13,130.51289006118,3,0.796521542448542,0.827036084713566,0.73431832690354,3745.67094500128,3889.16666767911,3453.15810669645,35574.5346593053,36937.3862377861,32796.3920361648
"2.6","cembio","pos","5-hydroxymethyluracil","[M + H]+","own",126441.530928279,0.676999999980001,76606.296875,30.62500000002,32.7811413274067,4772.9287109375,2191.30162207031,2,"own","detected",13,32.1081465782453,1,0.796521542448542,0.445038888339091,0.591334260523291,61018.5657481459,34092.7812010244,45299.9279140058,100713.403244548,56271.3983642141,74769.2091909067
"2.6","cembio","pos","5-hydroxymethyluracil","[M + Na]+","own",NA,NA,NA,NA,NA,NA,NA,0,"own","no_data",13,NA,NA,0.796521542448542,NA,NA,NA,NA,NA,NA,NA,NA
"2.6","cembio","pos","esculin","[M + H]+","own",2379292.43730199,2.70700000001997,557665.875,157.85899999998,37192.6861144046,242.892677307129,14.9874354492187,5,"own","detected",13,143.292718477242,3,0.796521542448542,0.827036084713566,0.750072452482565,444192.882925916,461209.801838365,418289.810527085,1895157.68209593,1967760.70173483,1784641.71362032
"2.6","cembio","pos","esculin","[M + K]+","own",88574.1223443067,4.06099999998,15230.2724609375,157.85899999998,349.012591457809,296.944427490234,42.7873618286133,5,"consensus","detected",13,143.292718477242,3,0.796521542448542,0.827036084713566,0.750072452482565,12131.2401124975,12595.9849052146,11423.8078167531,70551.196550713,73253.9953505758,66437.0091732849
"2.6","cembio","pos","esculin","[M + Na]+","own",NA,NA,NA,NA,NA,NA,NA,0,"own","no_data",13,NA,NA,0.796521542448542,NA,NA,NA,NA,NA,NA,NA,NA
"2.6","cembio","pos","guanine","[M + H]+","own",2362518.98348545,0.676999999979998,1254104,27.24100000002,11584.3830581274,508.249298095703,108.214286804199,3,"own","detected",13,27.3469995501298,1,0.796521542448542,0.445038888339091,NA,998920.852470886,558125.050021608,NA,1881797.26478979,1051412.82209036,NA
"2.6","cembio","pos","indole-3-butyric acid","[M + H]+","own",3659255.60074312,1.35300000000001,1793669.75,312.16399999998,29285.6329764436,276.009429931641,61.2380050659179,4,"own","detected",13,310.361537257097,6,0.796521542448542,0.795650021483396,0.735351171560824,1428696.59591329,1427133.37512162,1318977.15205571,2914675.91531737,2911486.7973445,2690837.89304696
"2.6","cembio","pos","indole-3-butyric acid","[M + K]+","own",3659723.91312749,12.85900000002,5716.67529296875,320.96200000002,105.828431474247,268.289810180664,51.4831922470093,5,"own","detected",13,319.168150509864,6,0.796521542448542,0.795650021483396,0.721777157570403,4553.45502203294,4548.47281966419,4126.16564371193,2915048.93622012,2911859.41010319,2641505.12350959
"2.6","cembio","pos","isonicotinic acid","[M + H]+","own",13789708.831837,29.10099999996,8249.25,44.16100000002,9.96987435454102,1346.87768554688,692.322898864746,5,"own","detected",13,48.7589688826801,2,0.796521542448542,0.851463193261719,0.614300898557596,6570.70533404363,7023.93274701424,5067.52168742625,10983800.1486511,11741429.5161053,8471030.52624509
"2.6","cembio","pos","lipoamide","[M + H]+","own",3497094.74429574,7.44499999997998,27780.265625,275.61799999998,567.313694403365,257.686431884766,48.5138636077881,5,"own","detected",13,273.942932921837,5,0.796521542448542,0.797393063413687,0.781097010340157,22127.5800252552,22151.7911091647,21699.0824261429,2785511.29981513,2788559.09120188,2731570.24964568
"2.6","cembio","pos","lipoamide","[M + Na]+","own",982782.377935763,2.70700000002,77649.734375,272.91100000002,1670.30668056807,265.965515136719,46.3290782226562,4,"own","detected",13,271.193808688089,5,0.796521542448542,0.797393063413687,0.783691169868816,61849.6861950945,61917.3595665403,60853.4111723465,782807.335564639,783663.851011186,770197.871490935
"2.6","cembio","pos","phenylacetylglycine","[M + H]+","own",6814707.56683538,1.35400000001997,3050252.5,195.08200000002,49108.2664073778,296.734741210938,62.106769152832,4,"own","detected",13,190.538601813946,4,0.796521542448542,0.849039694835934,0.816072968698137,2429591.82615752,2589785.45177254,2489228.61295391,5428061.38247146,5785957.23294204,5561298.634877
"2.6","cembio","pos","phenylacetylglycine","[M + Na]+","own",414110.435687071,1.35400000001997,220723.546875,195.08200000002,3850.46397166976,229.021270751953,57.264404296875,3,"consensus","detected",13,190.538601813946,4,0.796521542448542,0.849039694835934,0.816072968698137,175811.060011588,187403.052881855,180126.520159864,329847.882977503,351596.197944126,337944.332620027
"2.6","cembio","pos","pyrimidine","[M + H]+","consensus",NA,NA,NA,NA,NA,NA,NA,0,"consensus","no_data",13,NA,NA,0.796521542448542,NA,NA,NA,NA,NA,NA,NA,NA
"2.6","cembio","pos","pyrrolidin-2-one","[M + H]+","own",2415422.50651666,29.10199999998,3294.68725585938,55.66600000002,43.2729459352332,299.169647216797,69.2237966217041,5,"consensus","detected",13,59.5056958143204,2,0.796521542448542,0.851463193261719,0.629640995954728,2624.28937492267,2805.30493167272,2074.47016513865,1923936.06055557,2056643.3604749,1520849.03265462
"2.6","cembio","pos","xanthosine","[M + H]+","own",NA,NA,NA,NA,NA,NA,NA,0,"own","no_data",13,NA,NA,0.796521542448542,NA,NA,NA,NA,NA,NA,NA,NA
"2.6","cembio","pos","xanthosine","[M + K]+","own",NA,NA,NA,NA,NA,NA,NA,0,"own","no_data",13,NA,NA,0.796521542448542,NA,NA,NA,NA,NA,NA,NA,NA
"2.6","cembio","pos","xanthosine","[M + Na]+","consensus",NA,NA,NA,50.92900000002,-0.238851055807083,376.511520385742,211.462883276367,5,"consensus","below_detection",13,56.6761257054968,2,0.796521542448542,0.851463193261719,0.625634507380716,NA,NA,NA,NA,NA,NA
"2.7","cembio","pos","3,3-dimethylglutaric acid","[M + H]+","own",307746.210949769,1.35400000002002,122702.8046875,176.72299999998,1410.640405196,355,86.7321,4,"own","detected",14,165.630401220429,3,0.594036619936073,0.700291966029342,0.491347566947628,72889.9593532386,85927.7883319237,60289.7245408531,182812.518950734,215512.199104094,151210.35198752
"2.7","cembio","pos","3,3-dimethylglutaric acid","[M + Na]+","own",NA,NA,NA,NA,NA,NA,NA,0,"own","no_data",14,NA,NA,0.594036619936073,NA,NA,NA,NA,NA,NA,NA,NA
"2.7","cembio","pos","3,4,5-Trimethoxycinnamic acid","[M + H]+","own",2186243.07461987,0.676000000019997,1017341.8125,286.36099999998,23202.8338560178,241.734848022461,43.8351661682129,4,"own","detected",14,284.80396123046,5,0.594036619936073,0.425769001946678,0.529495420444712,604338.291617138,433152.60814675,538677.830745672,1298708.44640583,930834.531893739,1157605.69599019
"2.7","cembio","pos","3-hydroxyphenylacetic acid","[M + H]+","own",31331.2728760701,1.35400000001999,8743.380859375,188.22799999998,406.079511501797,233.826690673828,20.9553890991211,4,"consensus","detected",14,181.219991658412,4,0.594036619936073,0.432391572659436,0.51037084176104,5193.88841251688,3780.56420014557,4462.36664903658,18611.9234375954,13547.3783523059,15990.5681112047
"2.7","cembio","pos","3-hydroxyphenylacetic acid","[M + Na]+","own",5994.27340904293,0.677000000039982,3764.45776367188,188.22799999998,14.7124664224474,578.316390991211,216.560655514526,4,"consensus","detected",14,181.219991658412,4,0.594036619936073,0.432391572659436,0.51037084176104,2236.22576582375,1627.71981264411,1921.2694776191,3560.81791488054,2591.87330628671,3059.30236551906
"2.7","cembio","pos","4-acetamidobutanoic acid","[M + H]+","own",4257795.84347981,37.905,2480.6591796875,63.024,21.0908806889016,316.862640380859,102.593939590454,5,"own","detected",14,63.5571952930583,2,0.594036619936073,0.523309177813559,0.406155158437811,1473.60239431495,1298.15171575792,1007.53252215619,2529286.65123861,2228143.64214941,1729325.74540439
"2.7","cembio","pos","4-acetamidobutanoic acid","[M + Na]+","own",NA,NA,NA,82.65100000002,-0.318700793125768,1319.26220703125,2179.02472839355,5,"own","below_detection",14,81.9243052210852,2,0.594036619936073,0.523309177813559,0.420580613874035,NA,NA,NA,NA,NA,NA
"2.7","cembio","pos","4-pyridoxic acid","[M + H]+","own",5358668.85557589,21.66199999998,11013.4501953125,49.48900000002,51.3468765941083,600.428588867188,202.797566223144,5,"own","detected",14,55.4921042546522,2,0.594036619936073,0.523309177813559,0.399276897053113,6542.39272785772,5763.43956659957,4397.41621983337,3183245.53432301,2804240.59298655,2139592.6729895
"2.7","cembio","pos","4-pyridoxic acid","[M + Na]+","own",4306.55115260283,NA,2047.22155761719,46.10500000002,76.4850168052743,238.915046691895,23.6426242218018,2,"consensus","detected",14,51.7242822472779,2,0.594036619936073,0.523309177813559,0.395935867134816,1216.12457434718,1071.32983011885,810.568442632251,2558.24909027398,2253.65774288062,1705.11806496624
"2.7","cembio","pos","6-methyladenine","[M + H]+","own",23807463.3503848,52.79299999998,13997.96484375,62.34799999998,24.8412262667637,2516.4892578125,462.194396630859,5,"consensus","detected",14,63.112724977943,2,0.594036619936073,0.523309177813559,0.405791153171085,8315.30372176523,7325.26347344592,5680.25029599362,14142505.0579145,12458664.0717163,9660858.00703099
"2.7","cembio","pos","Methyl 3-aminopropanoate","[M + H]+","own",7158842.44066861,33.84399999996,13645.1337890625,46.10500000002,7.3698725415229,2766.08959960938,1476.15092773438,5,"own","detected",14,51.7242822472779,2,0.594036619936073,0.523309177813559,0.395935867134816,8105.70915463018,7140.62374431031,5402.59787894304,4252614.56610969,3746287.9517231,2834442.48942765
"2.7","cembio","pos","N(4)-acetylcytosine","[M + H]+","own",6577424.77921328,38.58199999998,2406.85766601562,65.055,16.9578556445838,331.580352783203,122.378522186279,5,"own","detected",14,64.9870127523552,2,0.594036619936073,0.523309177813559,0.407310592229222,1429.76159258714,1259.5307063169,980.338621356265,3907231.18372763,3442026.75334063,2679054.78216452
"2.7","cembio","pos","N(4)-acetylcytosine","[M + Na]+","own",6552300.60612269,0.675999999960005,2380928,41.36800000002,24615.71441557,330.769683837891,96.7104667419433,4,"consensus","detected",14,43.4489134249028,2,0.594036619936073,0.523309177813559,0.388580036403656,1414358.42143115,1245961.47411328,925181.088914485,3892306.5048662,3428879.04297735,2546093.20805485
"2.7","cembio","pos","N-acetyl-L-isoleucine","[M + H]+","own",10938839.9243129,0.676999999979984,5064812,197.02600000002,76209.5872242792,318.884307861328,66.4548031311035,4,"own","detected",14,193.135711171042,4,0.594036619936073,0.432391572659436,0.520762938358646,3008683.80109166,2189982.02590439,2637566.37935413,6498071.4946606,4729862.19794349,5696542.42122005
"2.7","cembio","pos","N-acetyl-L-isoleucine","[M + Na]+","own",1138796.12463918,1.35399999996,517789.75,197.02600000002,6801.45440807575,275.272247314453,76.0887961166382,4,"own","detected",14,193.135711171042,4,0.594036619936073,0.432391572659436,0.520762938358646,307586.072927544,223887.924309436,269645.711661989,676486.600676957,492405.847271207,593042.816058538
"2.7","cembio","pos","N-acetyl-beta-D-mannosamine","[M + H]+","own",NA,NA,NA,NA,NA,NA,NA,0,"own","no_data",14,NA,NA,0.594036619936073,NA,NA,NA,NA,NA,NA,NA,NA
"2.7","cembio","pos","N-acetyl-beta-D-mannosamine","[M + Na]+","consensus",186656.907132847,1.353,94511.390625,26.47399999998,1713.87141854204,519.88671875,54.8416309936523,3,"consensus","detected",14,NA,NA,0.594036619936073,NA,NA,56143.2270323328,NA,NA,110881.038200918,NA,NA
"2.7","cembio","pos","O-propanoyl-L-carnitine","[M + H]+","own",586943.67525689,62.94100000002,2305.44946289062,106.338,6.04508011966454,709.953460693359,263.932978656006,5,"own","detected",14,109.257839958786,3,0.594036619936073,0.700291966029342,0.445269686822974,1369.52140636898,1614.48773694896,1026.5467603275,348666.036942459,411031.940294135,261348.226464361
"2.7","cembio","pos","beta-alanine","[M + H]+","own",144393.896211439,4.06099999998,36483.97265625,27.82699999998,219.48064299864,339.913696289062,164.67993927002,4,"own","detected",14,28.268377308376,1,0.594036619936073,0.265676091921792,NA,21672.8157985589,9692.91927309404,NA,85775.2620448433,38362.006042816,NA
"2.7","cembio","pos","ethanolamine","[M + H]+","own",91451.9539119159,4.73800000002,14923.7109375,27.82699999998,584.120965174627,224.983764648438,25.1638411376953,4,"consensus","detected",14,28.268377308376,1,0.594036619936073,0.265676091921792,NA,8865.2308022155,3964.87319884551,NA,54325.809588384,24296.5977139297,NA
"2.7","cembio","pos","melatonin","[M + H]+","own",23220961.1372863,46.02100000002,14252.8017578125,282.3,10.2019417942942,2303.38989257812,1171.28798675537,5,"own","detected",14,280.717031146384,5,0.594036619936073,0.425769001946678,0.529428052862216,8466.68618082985,6068.40117936769,7545.83308246983,13794101.2656605,9886765.44766499,12293828.2405027
"2.7","cembio","pos","melatonin","[M + K]+","own",23037551.8571886,11.505,156999.6875,259.96600000002,978.489220129059,437.727416992188,160.003765869141,5,"consensus","detected",14,258.177685801496,5,0.594036619936073,0.425769001946678,0.524380398126403,93263.5636935197,66845.6002528154,82327.5586369709,13685149.4368463,9808675.46153003,12080440.6147302
"2.7","cembio","pos","melatonin","[M + Na]+","own",2771888.31549827,35.86900000002,3463.48608398438,286.36099999998,35.2779076508312,388.408782958984,87.1672246398926,5,"own","detected",14,284.80396123046,5,0.594036619936073,0.425769001946678,0.529495420444712,2057.43756652571,1474.64501323424,1833.90002024372,1646603.16577889,1180184.12159736,1467702.16904054
"2.8","cembio","pos","2'-deoxycytidine","[M + H]+","consensus",2811568.72316957,1.35400000002,1215379.625,27.16300000002,1775.172316461,768.534790039062,684.221514129639,4,"consensus","detected",15,27.208735915624,1,0.592981671306239,0.332862091994602,NA,720697.84130405,404553.804545115,NA,1667208.72045744,935864.646980816,NA
"2.8","cembio","pos","3-amino-3-(4-hydroxyphenyl)propanoic acid","[M + H]+","consensus",779961.746995126,2.70700000002,168581.203125,29.86999999998,930.600111364681,271.318634033203,180.861663818359,5,"consensus","detected",15,31.0770379361606,1,0.592981671306239,0.332862091994602,0.488985632263696,99965.563579879,56114.2919431545,82433.7861978527,462503.020288104,259619.698780562,381390.087995909
"2.8","cembio","pos","L-isoleucine","[M + H]+","consensus",6250.43171085534,2.70799999997999,1765.60412597656,230.87299999998,7.98897337548747,723.164398193359,130.48481685791,5,"consensus","detected",15,230.793046134167,4,0.592981671306239,0.340305144909104,0.507732324803457,1046.97088548677,600.844167942566,896.454287564654,3706.39144228851,2127.05406910709,3173.54622357783
"2.8","cembio","pos","cytosine","[M + Na]+","consensus",NA,NA,NA,60.32500000002,1.35840265354203,485.139190673828,259.177057745361,3,"consensus","below_detection",15,61.8814765682228,2,0.592981671306239,0.74198017079075,0.495026939184763,NA,NA,NA,NA,NA,NA
"2.8","cembio","pos","phenyl acetate","[M + H]+","consensus",25933.5186693709,50.75800000002,399.463165283203,173.34700000002,38.2263763150223,214.058853149414,4.85016708374025,5,"consensus","detected",15,161.226084775999,3,0.592981671306239,0.651142405524324,0.511529535165888,236.874335374914,260.107406360865,204.337207253211,15378.1012434151,16886.4137300841,13265.7607501592
"2.9","cembio","pos","(R)-noradrenaline","[M + H]+","own",498785.779662208,0.67700000004,249115.359375,25.63399999998,7145.82929038805,255.036392211914,34.8259541152954,4,"own","detected",16,NA,NA,0.602636872719538,NA,NA,150126.101120154,NA,NA,300586.702412609,NA,NA
"2.9","cembio","pos","D-leucine","[M + H]+","consensus",14158.6737013881,1.35399999996002,5292.091796875,269.274,31.5930418601691,650.891937255859,146.905761090088,5,"consensus","detected",16,267.507046597322,5,0.602636872719538,0.647760531393339,0.562931969606233,3189.20965061347,3428.00819452608,2979.08765855183,8532.53884126089,9171.43000063605,7970.37007373437
"2.9","cembio","pos","D-proline","[M + H]+","own",18663995.3296538,31.809,6579.599609375,46.614,25.0431320159824,821.999847412109,229.907335803223,5,"own","detected",16,52.3951651984165,2,0.602636872719538,0.611310086048213,0.453446326182358,3965.10933234044,4022.17560336982,2983.49527062197,11247611.7779146,11409488.5909741,8463120.1141162
"2.9","cembio","pos","Gly-Pro","[M + H]+","own",11592424.1476626,16.24299999996,9222.5498046875,39.16999999998,16.4505147008563,1178.72875976562,488.970782446289,5,"own","detected",16,39.4645021753571,2,0.602636872719538,0.611310086048213,0.446214903117077,5557.84857279706,5637.83771468744,4115.23916759105,6986022.23558584,7086565.803215,5172712.41794134
"2.9","cembio","pos","N-acetyl-L-methionine","[M + H]+","own",5443370.90480657,12.85900000002,53081.94140625,138.65599999998,585.368268068966,298.429992675781,90.1714600753784,5,"own","detected",16,129.903,3,0.602636872719538,0.572171648475092,0.501446140059247,31989.1351669442,30371.9819186723,26617.7346250152,3280376.01912515,3114542.50386453,2729557.32912607
"2.9","cembio","pos","N-acetyl-L-methionine","[M + Na]+","own",739666.178690355,12.18199999998,6123.35107421875,138.65599999998,100.97606342533,338.715270996094,57.287198638916,4,"own","detected",16,129.903,3,0.602636872719538,0.572171648475092,0.501446140059247,3690.15714193101,3503.60787832747,3070.53076039464,445750.112782366,423216.016782532,370902.750236652
"2.9","cembio","pos","agmatine","[M + H]+","own",4792404.17542855,23.68699999998,5405.78076171875,40.52299999998,24.0667777379337,770.366882324219,192.606335998535,5,"own","detected",16,41.8174838667637,2,0.602636872719538,0.611310086048213,0.447520834465014,3257.72281284963,3304.60830260406,2419.1995174193,2888079.46508832,2929645.00885904,2144700.7156814
"2.9","cembio","pos","agmatine","[M + Na]+","own",195822.261534124,69.03200000004,321.135864257812,68.271,11.1593169721643,228.852058410645,8.26966436004639,5,"own","detected",16,67.5212037875443,2,0.602636872719538,0.611310086048213,0.461821240317387,193.528312954414,196.31359281261,148.307363141939,118009.715299792,119708.123548581,90434.8797034449
"2.9","cembio","pos","diethyl 2-methyl-3-oxosuccinate","[M + H]+","own",NA,NA,NA,272.658,1.69153591518306,3535.58142089844,758.789477539063,5,"own","below_detection",16,270.936999040536,5,0.602636872719538,0.647760531393339,0.564918846131372,NA,NA,NA,NA,NA,NA
"2.9","cembio","pos","diethyl 2-methyl-3-oxosuccinate","[M + Na]+","own",NA,NA,NA,254.385,1.21173540010845,857.669982910156,259.356274621582,5,"own","below_detection",16,252.714361225588,5,0.602636872719538,0.647760531393339,0.553871100034346,NA,NA,NA,NA,NA,NA
"2.9","cembio","pos","fumaric acid","[M + H]+","own",41529.8349819522,1.35400000001999,13966.921875,37.81600000002,51.5831164544634,899.156280517578,253.33416227417,5,"own","detected",16,37.6663274504863,2,0.602636872719538,0.611310086048213,0.44522235278441,8416.9821202681,8538.12021323491,6218.38581834354,25027.4098780821,25387.6069963853,18490.010841413
"2.9","cembio","pos","homogentisic acid","[M + H]+","own",107022.40760432,4.06099999998,16675.529296875,70.302,326.511449128642,269.386566162109,50.2467609466553,5,"own","detected",16,69.2769320827891,2,0.602636872719538,0.611310086048213,0.462766182568225,10049.2888264118,10193.9192493721,7716.87103501944,64495.6490295831,65423.8772016838,49526.3510163118
"2.9","cembio","pos","nicotinamide","[M + H]+","own",15555856.7227767,54.819,4981.46044921875,59.47300000002,11.4383603755983,1524.94720458984,302.186076599121,5,"own","detected",16,61.40899999998,2,0.602636872719538,0.611310086048213,0.458476848034572,3002.01174669325,3045.21701585768,2283.88428536669,9374532.84788735,9509452.11175429,7132000.15873607
"2.9","cembio","pos","nicotinamide","[M + Na]+","consensus",NA,NA,NA,59.47300000002,4.21058695796424,1657.58337402344,206.851838012695,5,"consensus","below_detection",16,61.40899999998,2,0.602636872719538,0.611310086048213,0.458476848034572,NA,NA,NA,NA,NA,NA
"2.9","cembio","pos","nicotinic acid","[M + H]+","own",4558039.06511454,38.577,2574.84985351562,49.998,15.6382525653705,346.395355224609,142.500224304199,5,"own","detected",16,55.9346055671318,2,0.602636872719538,0.611310086048213,0.455430179678078,1551.69946344501,1574.03168551386,1172.66433143069,2746842.40793411,2786375.25310628,2075868.55040481
"2.9","cembio","pos","ritalinic acid","[M + H]+","own",56835501.862099,30.45500000004,15113.4677734375,217.16200000002,15.7965080147508,1507.79577636719,861.308840179443,5,"own","detected",16,217.229552629267,4,0.602636872719538,0.417028010381199,0.544180271487209,9107.93295493189,6302.73939551701,8224.4509960624,34251169.1016208,23701996.2605681,30928758.8334288
"2.9","cembio","pos","ritalinic acid","[M + Na]+","own",56765835.3214091,6.09100000001999,1108260.25,201.59599999998,17261.3725934259,267.213745117188,64.1891616821289,5,"consensus","detected",16,199.10361396676,4,0.602636872719538,0.417028010381199,0.53848300329836,667878.491219373,462175.56704207,596779.307856192,34209185.4754063,23672943.361714,30567437.4886125
"2.9","cembio","pos","taurine","[M + Na]+","own",319350.165863809,NA,272219.03125,24.957,1168.87726008415,831.952819824219,232.177567053223,3,"own","detected",16,NA,NA,0.602636872719538,NA,NA,164049.225687242,NA,NA,192452.185258632,NA,NA
"2.9","cembio","pos","thymine","[M + H]+","own",1857372.76898318,14.21199999996,19870.9453125,43.23,534.163254159955,263.005973815918,36.7077652496338,5,"own","detected",16,47.0910727537341,2,0.602636872719538,0.611310086048213,0.450468684192282,11974.964341106,12147.3092888437,8951.23858857868,1119321.31697445,1135430.70723071,836688.267298429
"2.9","cembio","pos","thymine","[M + Na]+","own",NA,NA,NA,12.099,-0.360244106257984,257.454559326172,73.0220291137695,3,"own","below_detection",16,NA,NA,0.602636872719538,NA,NA,NA,NA,NA,NA,NA,NA
"2.9","cembio","pos","vanillin","[M + H]+","own",1367109.07393765,1.35300000000001,615957.4375,213.10099999998,5272.5547317389,511.562042236328,116.726313290405,4,"own","detected",16,212.846140095171,4,0.602636872719538,0.417028010381199,0.543133661446196,371198.66386334,256871.504640127,334547.218324391,823870.336984289,570122.777078302,742522.956924074
"2.9","cembio","pos","vanillin","[M + Na]+","own",1381571.13058048,39.25299999996,1869.91369628906,236.112,15.252047174133,354.323455810547,99.3696271179199,5,"own","detected",16,235.668592636196,5,0.602636872719538,0.647760531393339,0.548075991871452,1126.87894218707,1211.25628956788,1024.85480380764,832585.705572617,894927.249702508,757205.96773386
"3.1","cembio","pos","(3S,5R)-fluvastatin","[M + Na]+","consensus",131232.780120597,1.35300000000007,44422.4453125,401.172,1541.62452534553,220.609184265137,28.6722450256348,4,"consensus","detected",17,399.920930329448,8,0.617887843567063,0.762594879738522,0.739673473754165,27448.0889401164,33876.329340777,32858.1044369513,81087.1395140262,100077.446173819,97069.4063422185
"3.1","cembio","pos","1,2-di-O-myristoyl-sn-glycero-3-phosphocholine","[M + H]+","consensus",NA,NA,NA,NA,NA,NA,NA,0,"consensus","no_data",17,NA,NA,0.617887843567063,NA,NA,NA,NA,NA,NA,NA,NA
"3.1","cembio","pos","L-thyroxine","[M + H]+","own",5658641.87810609,8.12200000002002,26455.14453125,326.727,228.513175163611,449.234466552734,113.804860687256,5,"own","detected",17,324.99573677838,6,0.617887843567063,0.739395499293061,0.663726059831912,16346.312205669,19560.8147995537,17558.9688420103,3496406.02758125,4183974.33678288,3755788.07775521
"3.1","cembio","pos","taurochenodeoxycholic acid","[M + H]+","own",3446125.88545233,1.35400000001999,1075895.375,344.32300000002,17819.9287522364,256.049987792969,60.3615951538086,4,"own","detected",17,342.842922705246,7,0.617887843567063,0.793651313915405,0.695850208725402,664782.673162527,853885.778004257,748662.021260445,2129319.29202278,2735022.33690713,2397987.41668601
"3.1","cembio","pos","taurochenodeoxycholic acid","[M + K]+","consensus",247272.502613578,9.47499999996,39040.671875,343.64599999998,1642.50288537025,243.673614501953,23.620657598877,4,"consensus","detected",17,342.158794857838,7,0.617887843567063,0.793651313915405,0.694767521554334,24122.756556253,30984.6805297339,27124.1908384097,152786.673413335,196248.146594417,171796.903789373
"3.1","cembio","pos","taurochenodeoxycholic acid","[M + Na]+","own",NA,NA,NA,NA,NA,NA,NA,0,"own","no_data",17,NA,NA,0.617887843567063,NA,NA,NA,NA,NA,NA,NA,NA
"3.1","cembio","pos","taurodeoxycholic acid","[M + H]+","own",3446125.88545233,1.35400000001999,1075895.375,344.32300000002,17819.9287522364,256.049987792969,60.3615951538086,4,"consensus","detected",17,342.842922705246,7,0.617887843567063,0.793651313915405,0.695850208725402,664782.673162527,853885.778004257,748662.021260445,2129319.29202278,2735022.33690713,2397987.41668601
"3.1","cembio","pos","taurodeoxycholic acid","[M + K]+","consensus",247272.502613578,9.47499999996,39040.671875,343.64599999998,1642.50288537025,243.673614501953,23.620657598877,4,"consensus","detected",17,342.158794857838,7,0.617887843567063,0.793651313915405,0.694767521554334,24122.756556253,30984.6805297339,27124.1908384097,152786.673413335,196248.146594417,171796.903789373
"3.1","cembio","pos","undecanedioic acid","[M + Na]+","own",364050.648181716,0.676999999980012,188172,309.13099999998,2628.34500437149,274.704849243164,71.4888246551514,3,"consensus","detected",17,307.35324072157,6,0.617887843567063,0.739395499293061,0.623909675528475,116269.191299701,139133.529892974,117402.331463544,224942.469954192,269177.410780282,227134.721782985
"3.2","cembio","pos","1,2-dioleoyl-sn-glycero-3-phosphocholine","[M + H]+","own",783742.651303838,0.676000000019997,450805.8125,373.317,20658.4290628284,284.138458251953,21.8081284240723,3,"consensus","detected",18,371.993599748417,7,0.613412532432558,0.806145007771601,0.75778972335922,276529.935080942,363414.855221295,341616.011943103,480757.564511695,631810.225726268,593912.126916357
"3.2","cembio","pos","1-stearoyl-sn-glycerol","[M + H]+","own",NA,NA,NA,648.76600000002,-1.28258112702235,298.525451660156,62.2394059295654,5,"consensus","below_detection",18,NA,NA,0.613412532432558,NA,NA,NA,NA,NA,NA,NA,NA
"3.2","cembio","pos","1-stearoyl-sn-glycerol","[M + Na]+","own",NA,NA,NA,625.75600000002,-0.683332321299669,2557.73803710938,3107.70424709473,5,"consensus","below_detection",18,NA,NA,0.613412532432558,NA,NA,NA,NA,NA,NA,NA,NA
"3.2","cembio","pos","Leucomalachite green","[M + H]+","own",13791623.9896785,14.889,34040.15625,332.034,35.3877243807211,2047.37866210938,904.064280700684,5,"own","detected",18,330.381083898586,6,0.613412532432558,0.721278200827486,0.671860674214824,20880.6584497125,24552.4226558865,22870.242328503,8459954.99786631,9947597.7377645,9266049.79222274
"3.2","cembio","pos","all-trans-retinal","[M + H]+","own",6114779.24132306,2.03000000003999,2210982.5,574.32100000002,18134.3270019061,511.699600219727,121.894283706665,4,"own","detected",18,569.707604200824,10,0.613412532432558,0.788111098005931,NA,1356244.37448907,1742499.8457469,NA,3750882.21968602,4819125.38194299,NA
"3.2","cembio","pos","cholest-4-en-3-one","[M + H]+","own",NA,NA,NA,694.78699999998,0.824253326610578,855.496337890625,133.103346899414,5,"own","below_detection",18,NA,NA,0.613412532432558,NA,NA,NA,NA,NA,NA,NA,NA
"3.2","cembio","pos","cholic acid","[M + Na]+","own",138260.741712713,1.35300000000001,46273.7890625,361.13599999998,4040.88458798238,243.175643920898,11.3912220001221,5,"consensus","detected",18,359.756538549903,7,0.613412532432558,0.806145007771601,0.735437972573398,28384.9221340781,37303.3840434105,34031.5016114141,84810.8717099991,111458.206702502,101682.199571692
"3.2","cembio","pos","gamma-terpinene","[M + H]+","own",29958.3567734673,2.70700000002,3991.67358398438,574.998,141.974201375178,220.941177368164,26.5592788696289,5,"consensus","detected",18,570.376495998362,10,0.613412532432558,0.788111098005931,NA,2448.542601796,3145.8822511552,NA,18376.8314959307,23610.5134511907,NA
"3.2","cembio","pos","gamma-terpinene","[M + Na]+","own",33224.1451768693,2.03000000003999,3991.67358398438,574.998,196.264357595573,226.273483276367,19.1853485107422,5,"consensus","detected",18,570.376495998362,10,0.613412532432558,0.788111098005931,NA,2448.542601796,3145.8822511552,NA,20380.1070308504,26184.3175356509,NA
"3.2","cembio","pos","hexadecanedioic acid","[M + H]+","own",43391.0699256422,1.35400000001999,13860.1689453125,428.81299999998,129.252517954556,284.062896728516,105.035524749756,5,"consensus","detected",18,427.278292624598,8,0.613412532432558,0.819699406021173,0.813230677120113,8502.00133268724,11361.1722518258,11271.5145763957,26616.6260880464,35567.6342446721,35286.9491765962
"3.2","cembio","pos","hexadecanedioic acid","[M + Na]+","own",49772.4799868307,1.35400000001999,12224.26171875,428.136,145.229497126199,300.891448974609,82.1001966247559,4,"consensus","detected",18,426.610660966403,8,0.613412532432558,0.819699406021173,0.812640998236807,7498.51533801681,10020.2200699067,9933.93624583299,30531.0629941706,40798.4722814058,40447.1578212196
"3.2","cembio","pos","hexanal","[M + Na]+","consensus",2004.16023818824,0.677000000039996,1353.09204101562,91.10200000002,6.43130856398998,488.120086669922,134.493928527832,5,"consensus","detected",18,91.7405152208075,2,0.613412532432558,0.163032526912238,0.257620270988271,830.00361549373,220.598014591614,348.583938278517,1229.37700710769,326.743307968862,516.312303665973
"3.2","cembio","pos","hyodeoxycholic acid","[M + H]+","own",2967812.21359084,41.2829999999999,28941.08984375,637.938,5.05779183379583,11478.775390625,3452.55697089844,5,"consensus","detected",18,NA,NA,0.613412532432558,NA,NA,17752.8272124129,NA,NA,1820493.20572303,NA,NA
"3.2","cembio","pos","hyodeoxycholic acid","[M + Na]+","own",609429.022891,8.12100000000009,28941.08984375,637.938,5.41677021973258,15091.7084960938,2556.75998535156,5,"consensus","detected",18,NA,NA,0.613412532432558,NA,NA,17752.8272124129,NA,NA,373831.400269468,NA,NA
"3.2","cembio","pos","taurocholic acid","[M + H]+","own",972289.04294188,1.35399999995997,433120.375,305.64,24765.3162948236,221.76001739502,17.4800357818604,4,"own","detected",18,303.901930957835,6,0.613412532432558,0.721278200827486,0.605142287728268,265681.466076889,312400.284821726,262099.454589225,596414.284087407,701290.891577397,588373.215778977
"3.2","cembio","pos","tauroursodeoxycholic acid","[M + H]+","own",NA,NA,NA,301.57900000002,-1.58848903037445,322.089294433594,75.770645904541,3,"own","below_detection",18,299.894947701617,6,0.613412532432558,0.721278200827486,0.594144765157975,NA,NA,NA,NA,NA,NA
"3.2","cembio","pos","tauroursodeoxycholic acid","[M + Na]+","own",NA,NA,NA,NA,NA,NA,NA,0,"own","no_data",18,NA,NA,0.613412532432558,NA,NA,NA,NA,NA,NA,NA,NA
"3.3","cembio","pos","(S)-lipoic acid","[M + Na]+","own",24816.4896054354,0.677000000039982,14391.943359375,326.05900000002,153.723060521434,278.744209289551,91.8092516647339,3,"consensus","detected",19,324.318940437845,6,0.595607261075958,0.637671623972664,0.643799283203019,8571.94596583767,9177.33389409526,9265.52281866407,14780.8814034134,15824.7712279987,15976.8382195945
"3.3","cembio","pos","2-hydroxyoctanoic acid","[M + H]+","own",NA,NA,NA,NA,NA,NA,NA,0,"consensus","no_data",19,NA,NA,0.595607261075958,NA,NA,NA,NA,NA,NA,NA,NA
"3.3","cembio","pos","2-hydroxyoctanoic acid","[M + Na]+","own",NA,NA,NA,NA,NA,NA,NA,0,"consensus","no_data",19,NA,NA,0.595607261075958,NA,NA,NA,NA,NA,NA,NA,NA
"3.3","cembio","pos","Dipropyl hexanedioate","[M + H]+","own",NA,NA,NA,441.79099999998,2.31388314889577,4562.17260742188,1335.47055053711,5,"own","below_detection",19,440.115452478924,8,0.595607261075958,0.844291805117567,0.79594220593701,NA,NA,NA,NA,NA,NA
"3.3","cembio","pos","Dipropyl hexanedioate","[M + Na]+","own",5774293.98951368,2.03000000003999,1919118.375,422.84200000002,7477.45645082692,2708.10437011719,256.291732788086,5,"own","detected",19,421.391000322874,8,0.595607261075958,0.844291805117567,0.779802260885277,1143040.83901429,1620295.91706304,1496532.84773148,3439211.42774161,4875189.09568602,4502807.50803904
"3.3","cembio","pos","bilirubin IXalpha","[M + H]+","own",13769.5232759056,0.676999999979955,5921.95703125,315.22999999998,58.0577563225188,316.620651245117,96.5475887298584,4,"own","detected",19,313.415846060259,6,0.595607261075958,0.637671623972664,0.61792021988317,3527.16060759232,3776.26395721352,3659.29699088869,8201.22804468379,8780.43426867612,8508.46685033402
"3.3","cembio","pos","progesterone","[M + H]+","own",8788215.60671691,27.07099999998,2932.71752929688,452.62000000002,14.5574000250577,489.432189941406,167.83802980957,5,"own","detected",19,450.895067119041,8,0.595607261075958,0.844291805117567,0.804454017966785,1746.74785513397,2476.06937670999,2359.2364000045,5234325.02726165,7419818.41835739,7069715.35558182
"3.3","cembio","pos","undecanoic acid","[M + H]+","consensus",71715.1277954363,1.35299999999995,28998.169921875,459.38800000002,1167.55993757576,213.254898071289,24.6539077758789,4,"consensus","detected",19,457.613910618722,8,0.595607261075958,0.844291805117567,0.809508740982632,17271.5205633832,24482.9172284458,23474.2720242575,42714.0508439521,60548.4947006459,58054.0228110922
"1.1","hmgu","neg","5-hydroxy-L-tryptophan","[M - H]-","own",202216.57719962,2.83600000002,53056.3033752061,41.559,8870.99317037722,8.37189567693849,5.97993149816318,5,"own","detected",20,32.8613573075338,2,1.01190925144148,2.18806153810918,2.23633242552316,53688.164232657,116090.456769541,118651.531616367,204624.825263126,442462.314938573,452223.488569818
"1.1","hmgu","neg","D-alpha-aminobutyric acid","[M - H]-","consensus",NA,NA,NA,NA,NA,NA,NA,0,"consensus","no_data",20,NA,NA,1.01190925144148,NA,NA,NA,NA,NA,NA,NA,NA
"1.1","hmgu","neg","L-citrulline","[M - H]-","consensus",22992.0547459065,4.96999999998,293.864831101164,28.635,46.46414257027,5.08834609423661,6.21503957745904,4,"consensus","detected",20,29.2532338957973,1,1.01190925144148,2.5000507242434,2.26676384927819,297.364541264556,734.67698382413,666.122175714359,23265.8729070318,57481.3031193475,52117.5585186458
"1.1","hmgu","neg","L-homoserine","[M - H]-","own",3919.33853707946,0.774000000000001,2174.71694148187,24.37900000002,833.58174268117,4.70889233750677,2.60323365788297,3,"own","detected",20,NA,NA,1.01190925144148,NA,NA,2200.61619235203,NA,NA,3966.01492520183,NA,NA
"1.1","hmgu","neg","L-lysine","[M - H]-","own",25554.1093186256,1.36400000004,8692.93519179258,22.989,8689.35159192042,3.58359987216301,1,3,"own","detected",20,NA,NA,1.01190925144148,NA,NA,8796.46154275615,NA,NA,25858.4396318642,NA,NA
"1.1","hmgu","neg","L-valine","[M - H]-","consensus",NA,NA,NA,35.95600000002,-0.0987520140397745,16.0653879397159,12.021406829837,3,"consensus","below_detection",20,31.5436792398491,1,1.01190925144148,2.5000507242434,2.24754443048698,NA,NA,NA,NA,NA,NA
"1.1","hmgu","neg","N(6)-acetyl-L-lysine","[M - H]-","consensus",134629.193058518,3.59199999996,12855.1622669399,30.14899999998,2158.10756895502,6.93317608068901,5.95347019568651,5,"consensus","detected",20,30.4959946331977,1,1.01190925144148,2.5000507242434,2.25638521641426,13008.2576266979,32138.5577357296,29006.1980937296,136232.525970016,336579.811610253,303775.320915021
"1.1","hmgu","neg","N-acetyl-L-cysteine","[M - H]-","own",4713.24160960912,3.336,1103.79482756573,91.302,42.778438888647,24.0301209378615,25.2408627962913,5,"own","detected",20,87.0152881748144,3,1.01190925144148,1.59312727615058,1.83603320955958,1116.94019770702,1758.48564706889,2026.60395995077,4769.37278904241,7508.79376735617,8653.6681199204
"1.1","hmgu","neg","N-alpha-acetyl-L-asparagine","[M - H]-","own",197945.277168893,8.67500000003999,48819.4627020318,36.65800000002,34839.1814439637,3.23721367545602,1.40118749824458,4,"own","detected",20,31.5934668557898,1,1.01190925144148,2.5000507242434,2.24712251691128,49400.8659585884,122051.133085388,109703.313901246,200302.657246351,494873.233546652,444807.289442464
"1.1","hmgu","neg","O(4)-phospho-L-tyrosine","[M - H]-","consensus",284702.806437903,0.70899999996,89611.0987671124,36.65800000002,5253.43817153846,78.8902204767767,17.0425929882823,2,"consensus","detected",20,31.5934668557898,1,1.01190925144148,2.5000507242434,2.24712251691128,90678.2998742774,224032.292372967,201367.117804739,288093.403745868,711771.457429209,639762.086974447
"1.1","hmgu","neg","alpha-D-glucosamine 6-phosphate","[M - H]-","consensus",115687.309727702,5.646,1937.53507095639,27.98299999998,176.542778893036,22.6557075966925,10.8465459497491,4,"consensus","detected",20,28.5018435292979,1,1.01190925144148,2.5000507242434,NA,1960.6096632931,4843.93595739152,NA,117065.058987838,289224.142470512,NA
"1.1","hmgu","neg","carnosine","[M - H]-","consensus",283278.137478065,7.848,70287.606689718,22.30099999998,3855.93880679453,37.4713557112516,18.2186852162226,3,"consensus","detected",20,NA,NA,1.01190925144148,NA,NA,71124.6794710058,NA,NA,286651.768045166,NA,NA
"1.1","hmgu","neg","glutathione","[M - H]-","consensus",447873.157211466,3.52900000001999,111119.878759641,34.536,14222.4561838535,16.7068266489309,7.81181326887301,5,"consensus","detected",20,31.5222852769132,1,1.01190925144148,2.5000507242434,2.24772568244192,112443.233335937,277805.33337088,249767.005317877,453206.991254588,1119705.61105571,1006695.99794056
"1.1","hmgu","neg","guanosine 5'-monophosphate","[M - H]-","consensus",536740.18294916,18.42,5712.74662237667,42.945,169.283551752137,170.171882215235,32.741366085447,5,"consensus","detected",20,33.5353883770429,2,1.01190925144148,2.18806153810918,2.23056631392069,5780.78115832403,12499.8411613855,12742.6601758376,543132.356746649,1174420.55026874,1197234.57141402
"1.1","hmgu","neg","homocystine","[M - H]-","consensus",66777.8376056107,0.724000000020002,33207.3321602621,25.84699999998,33203.5508659654,3.78129429666228,1,3,"consensus","detected",20,NA,NA,1.01190925144148,NA,NA,33602.8066286595,NA,NA,67573.1116643744,NA,NA
"1.1","hmgu","neg","uridine 5'-monophosphate","[M - H]-","consensus",950044.749421596,0.703000000020005,287270.887228981,37.36699999998,12295.8929587403,139.880230598285,23.351781603977,3,"consensus","detected",20,31.6756639739543,1,1.01190925144148,2.5000507242434,2.24642563111599,290692.068456809,718191.789670859,645332.684144615,961359.071223118,2375160.0638551,2134204.87580784
"1.2","hmgu","neg","(2R)-2-acetamidopropanoic acid","[M - H]-","own",NA,NA,NA,59.37199999998,2.37858649917734e-06,3.35078599427163,3.45132872912253,5,"consensus","below_detection",21,53.1293575103813,2,0.961783839331357,2.29672646137498,1.87228102554836,NA,NA,NA,NA,NA,NA
"1.2","hmgu","neg","D-erythronic acid","[M - H]-","own",33881.5864638777,11.42200000002,9296.69252417669,26.139,6675.86043804964,3.41434166480781,1.3920719686625,3,"own","detected",21,NA,NA,0.961783839331357,NA,NA,8941.40862898578,NA,NA,32586.7623118656,NA,NA
"1.2","hmgu","neg","IMP","[M - H]-","consensus",1404390.50663136,1.34200000002,503241.320852606,38.17399999998,7498.3917467892,455.756701787773,67.0524535299333,4,"consensus","detected",21,31.8092942682474,1,0.961783839331357,1.79622192453095,2.04994154721563,484009.369679803,903933.093845367,1031615.29189143,1350720.09338842,2522597.01861438,2878918.44805883
"1.2","hmgu","neg","L-alpha-aminobutyric acid","[M - H]-","own",8047.50888766328,2.844,1765.19303056477,35.37400000002,233.253539987684,7.30945264867202,7.53636398405323,5,"consensus","detected",21,31.5256678078471,1,0.961783839331357,1.79622192453095,2.05239623095302,1697.73413009754,3170.67842252968,3622.87552283567,7739.96399503001,14455.1119018785,16516.676909601
"1.2","hmgu","neg","L-homocitrulline","[M - H]-","consensus",25131.7156620659,1.422,8558.77366368726,26.139,3181.51569807389,4.93658985251113,2.68860439035813,4,"consensus","detected",21,NA,NA,0.961783839331357,NA,NA,8231.69019422924,NA,NA,24171.2779784457,NA,NA
"1.2","hmgu","neg","N-acetyl-L-aspartic acid","[M - H]-","consensus",208107.565913438,0.664999999980004,72381.8512264928,37.509,18657.3102125481,6.10519407770755,3.87921652199031,3,"consensus","detected",21,31.6960537149413,1,0.961783839331357,1.79622192453095,2.05092220041051,69615.6947705273,130013.868111164,148449.545587225,200154.49373813,373807.372554488,426812.427005263
"1.2","hmgu","neg","N-acetyl-L-glutamine","[M - H]-","consensus",326016.613612672,4.242,76190.2917052449,34.686,23788.7248481681,5.42537614452885,3.2025620042836,5,"consensus","detected",21,31.5233921269212,1,0.961783839331357,1.79622192453095,2.0524159057265,73278.5912760465,136854.67239737,156374.166557787,313557.510326203,585598.189132418,669121.683309739
"1.2","hmgu","neg","NAD zwitterion","[M - H]-","consensus",106927.646942837,0.692999999999998,37840.0849082046,37.509,5974.53004950789,9.45074695987023,6.33198491726739,3,"consensus","detected",21,31.6960537149413,1,0.961783839331357,1.79622192453095,2.05092220041051,36393.9821436375,67969.1901382299,77607.0702036554,102841.28280735,192065.783777229,219300.284952721
"1.2","hmgu","neg","cytidine 5'-monophosphate","[M - H]-","consensus",243716.104306383,11.42200000002,11198.2486642091,33.267,690.428736419315,49.0382768659656,16.1482420983299,5,"consensus","detected",21,31.4689521818918,1,0.961783839331357,1.79622192453095,2.05288647580057,10770.2945940503,20114.5397670019,22988.7332354067,234402.210506674,437768.209916398,500321.494465376
"1.3","hmgu","neg","2-aminoisobutyric acid","[M - H]-","consensus",1205.91845183532,1.41200000004,503.429000235593,40.04299999998,7.38030112385301,76.3231749341726,57.8710567677274,3,"consensus","detected",22,32.289113669034,2,0.914597348547171,0.890359197545467,1.46086013789224,460.434828797226,448.23264067088,735.439358703119,1102.92981861269,1073.70058508137,1761.67819583494
"1.3","hmgu","neg","D-alanine","[M - H]-","own",4426.73473783149,9.25000000002,745.96923409974,37.2,329.241315603455,5.78963987114562,2.24813703247402,4,"own","detected",22,31.6533722523302,1,0.914597348547171,3.26789793103504,1.46142597861036,682.261483605386,2437.75131673034,1090.17881795743,4048.67985394233,14466.1172910005,6469.34514628385
"1.3","hmgu","neg","D-asparagine","[M - H]-","consensus",NA,NA,NA,NA,NA,NA,NA,0,"consensus","no_data",22,NA,NA,0.914597348547171,NA,NA,NA,NA,NA,NA,NA,NA
"1.3","hmgu","neg","D-glucopyranose 6-phosphate","[M - H]-","consensus",367751.984775902,0.689999999999998,135868.986965464,37.2,5853.18266969511,68.0966673851956,23.2012048763125,2,"consensus","detected",22,31.6533722523302,1,0.914597348547171,3.26789793103504,1.46142597861036,124265.415228403,444005.981396267,198562.467238801,336344.990198999,1201775.9501832,537442.304237024
"1.3","hmgu","neg","L-arginine","[M - H]-","own",38214.7809998508,8.532,9580.0341858455,30.76699999998,4775.16857823535,3.86584690184577,2.00540948074392,3,"own","detected",22,30.8315903405174,1,0.914597348547171,3.26789793103504,1.46207157233369,8761.87386536555,31306.5738951695,14006.6956451096,34951.1373777743,124882.00376437,55872.7449428394
"1.3","hmgu","neg","L-dopa","[M - H]-","consensus",17733.8389813786,0.73999999998,8695.1434637992,30.027,2712.73601203822,7.76559685077427,3.2024413095844,3,"consensus","detected",22,30.4190089000056,1,0.914597348547171,3.26789793103504,1.4623559750303,7952.55515722801,28414.8413354023,12715.3949980324,16219.3221119313,57952.3757165557,25933.1853946442
"1.3","hmgu","neg","L-ornithine","[M - H]-","own",5841.62884742928,8.532,1349.16483180898,23.7,677.424419845477,3.19585643954667,1.98689172686815,3,"own","detected",22,NA,NA,0.914597348547171,NA,NA,1233.94257792558,NA,NA,5342.73825505548,NA,NA
"1.3","hmgu","neg","N(2)-acetyl-L-lysine","[M - H]-","consensus",50318.4762345167,2.064,20275.3243017752,26.62000000002,8371.0610459498,4.11967784358922,2.42158126821205,4,"consensus","detected",22,NA,NA,0.914597348547171,NA,NA,18543.7578473376,NA,NA,46021.1449470228,NA,NA
"1.3","hmgu","neg","N-acetyl-L-glutamic acid","[M - H]-","consensus",210444.655558255,38.05299999996,69.002959963288,55.55299999998,65.6277082197306,3.22348495301412,1.00231254137407,5,"consensus","detected",22,47.2889122926728,2,0.914597348547171,0.890359197545467,1.4436745649221,63.1099242243298,61.4374200611751,99.6178182033368,192472.123989503,187371.33465058,303813.596553245
"1.3","hmgu","neg","N-acetyl-beta-neuraminic acid","[M - H]-","consensus",459053.995177591,11.26999999998,127036.892054881,37.2,42103.2623440704,5.93108571645826,3.01712869494672,2,"consensus","detected",22,31.6533722523302,1,0.914597348547171,3.26789793103504,1.46142597861036,116187.604641067,415143.596711268,185655.014290923,419849.56682941,1500141.60107422,670873.434137405
"1.3","hmgu","neg","N-carbamoylaspartic acid","[M - H]-","consensus",38123.7377863268,9.25000000002,8142.4103073527,37.2,3012.29810153696,3.98456523854088,2.70173318436237,4,"consensus","detected",22,31.6533722523302,1,0.914597348547171,3.26789793103504,1.46142597861036,7447.02687788793,26608.5657970363,11899.52995167,34867.8694960821,124584.48383526,55715.0208026673
"1.3","hmgu","neg","UDP","[M - H]-","consensus",2456083.16529023,19.137,42623.9896106292,42.94999999998,216.089686106467,1188.18657114836,191.752803135016,5,"consensus","detected",22,33.5380885876461,2,0.914597348547171,0.890359197545467,1.45960138882774,38983.7878823836,37950.6611859062,62214.0344330535,2246327.15078579,2186796.23615274,3584902.39913405
"1.3","hmgu","neg","UDP-alpha-D-glucose","[M - H]-","consensus",3089696.021301,0.724999999980007,1606645.90022979,38.62300000002,50044.7871147279,137.507825156902,32.1014132545255,2,"consensus","detected",22,31.9025416667963,1,0.914597348547171,3.26789793103504,1.46121075860404,1469434.08040435,5250354.81326686,2347648.27468284,2825827.78889864,10096811.2355367,4514697.06714111
"1.3","hmgu","neg","guanosine","[M - H]-","consensus",218101.15479415,58.23499999998,65.2647843122427,72.43099999998,14.359017437355,6.53881316006573,4.08983214961499,5,"consensus","detected",22,69.7855822962091,3,0.914597348547171,0.903729213117405,1.43750545244883,59.6909986854801,58.9816921707802,93.8184833017459,199474.737889806,197104.385002114,313521.599201977
"1.3","hmgu","neg","isocitric acid","[M - H]-","consensus",237563.066521316,15.68900000004,3057.52381561465,42.24100000002,307.494368444349,44.9753937533615,9.79708486078016,5,"consensus","detected",22,33.1746091765586,2,0.914597348547171,0.890359197545467,1.45998616793761,2796.40317488099,2722.29445094682,4463.9424789372,217274.550753131,211516.461274359,346838.791133963
"1.4","hmgu","neg","2'-deoxyadenosine 5'-monophosphate","[M - H]-","own",72619.7839527451,1.38100000002,33874.2577237447,39.333,4498.64283568895,13.8791829593792,7.52679858737879,3,"own","detected",23,32.0781910166622,2,1.01033148242438,1.09776930174318,1.62981687477969,34224.2290220565,37186.1202484638,55208.8368587953,73370.0539743152,79719.7695225458,118356.949329039
"1.4","hmgu","neg","2'-deoxyguanosine 5'-monophosphate","[M - H]-","consensus",349839.010144429,1.34500000002,169740.722177756,39.99100000002,9852.45665171451,76.3866830568213,17.2205107307094,3,"consensus","detected",23,32.2724507016542,2,1.01033148242438,1.09776930174318,1.62902711454887,171494.395465637,186336.154062459,276512.238870672,353453.365729099,384042.525888776,569897.233252213
"1.4","hmgu","neg","D-arabinitol","[M - H]-","own",9607.0868746049,2.061,2973.59170767358,28.02400000002,2570.71394331609,2.79877874129534,1.15562952333005,4,"own","detected",23,28.5533642729202,1,1.01033148242438,2.99072219051319,NA,3004.31331813869,8893.18670566537,NA,9706.34232379938,28732.1279020688,NA
"1.4","hmgu","neg","D-lysine","[M - H]-","own",31551.761597906,2.14399999998,8990.51386279745,23.00899999998,6428.24293098672,3.58361789448691,1.39803836622016,4,"own","detected",23,NA,NA,1.01033148242438,NA,NA,9083.39919875709,NA,NA,31877.738068313,NA,NA
"1.4","hmgu","neg","L-homoarginine","[M - H]-","own",1378.72375151081,4.02400000002,140.676390936233,42.738,137.56140403711,3.11498689912275,1,5,"consensus","detected",23,33.4253146180126,2,1.01033148242438,1.09776930174318,1.62426876461461,142.129786596716,154.43022344982,228.496267716437,1392.96801171762,1513.52060999276,2239.41792461129
"1.4","hmgu","neg","N(2)-phenylacetyl-L-glutamine","[M - H]-","consensus",857418.290143933,2.01900000000001,360734.015865029,192.76900000002,49802.5902343969,18.9449232375537,7.24289779395164,4,"consensus","detected",23,177.045814913815,4,1.01033148242438,1.28390524141337,1.30748679117554,364460.933009815,463148.293725203,471654.960871232,866276.692138897,1100843.83679948,1121063.08887551
"1.4","hmgu","neg","N-acetyl-L-serine","[M - H]-","own",45383.5652847251,4.884,8831.5327848348,32.28700000002,3945.159378687,4.26109441232256,2.23749431724107,4,"own","detected",23,31.3306744044079,1,1.01033148242438,2.99072219051319,1.63281925838218,8922.77561058166,26412.6610758501,14420.2968121119,45852.44479182,135729.635781631,74103.1594109441
"1.4","hmgu","neg","N-benzoylglycine","[M - H]-","own",190256.173820566,2.08899999996001,72854.061885521,181.95499999998,19952.4332260537,4.01872562420795,3.65118591474697,4,"own","detected",23,166.226967689125,4,1.01033148242438,1.28390524141337,1.29923335176611,73606.752345436,93537.7119130742,94654.4270133008,192221.802136523,244270.898779477,247187.166407089
"1.4","hmgu","neg","O-phospho-L-serine","[M - H]-","consensus",66102.401018643,31.49800000002,138.801724731411,50.721,25.6673399788568,9.96425981538073,5.01950981372275,5,"consensus","detected",23,40.2818888885868,2,1.01033148242438,1.09776930174318,1.5947221634441,140.235752310947,152.372272439151,221.350186753448,66785.3368129764,72565.1866097836,105414.9639613
"1.4","hmgu","neg","O-phosphoethanolamine","[M - H]-","own",9161.35632260274,2.93500000002,2761.68679707193,25.22599999998,2759.07921659629,2.60758047564025,1,4,"own","detected",23,NA,NA,1.01033148242438,NA,NA,2790.21911567752,NA,NA,9256.0067144332,NA,NA
"1.4","hmgu","neg","UDP-alpha-D-glucose","[M - H]-","consensus",3332819.43435124,0.722999999999999,1732390.46099266,38.61,42838.2328485484,173.216056797326,40.4362442087656,2,"consensus","detected",23,31.8996492051624,1,1.01033148242438,2.99072219051319,1.630539380474,1750288.62259257,5181098.59432411,2824730.86900604,3367252.39976087,9967537.03928786,5434293.33571878
"1.4","hmgu","neg","citric acid","[M - H]-","consensus",290609.667706929,2.079,44581.6658902185,39.99100000002,4850.8306929337,43.7572466382603,9.18150136809753,4,"consensus","detected",23,32.2724507016542,2,1.01033148242438,1.09776930174318,1.62902711454887,45042.2605878129,48940.3842348531,72624.7425469246,293612.096381198,319022.371998454,473411.028444625
"1.4","hmgu","neg","creatine","[M - H]-","consensus",NA,NA,NA,NA,NA,NA,NA,0,"consensus","no_data",23,NA,NA,1.01033148242438,NA,NA,NA,NA,NA,NA,NA,NA
"1.4","hmgu","neg","glutathione disulfide","[M - H]-","consensus",666854.006241515,9.069,10721.0549500536,39.99100000002,342.902942127504,104.054386644702,30.9621156865463,5,"consensus","detected",23,32.2724507016542,2,1.01033148242438,1.09776930174318,1.62902711454887,10831.8193408409,11769.2450064706,17464.8892102057,673743.596686627,732051.856796392,1086323.25761297
"1.4","hmgu","neg","uridine","[M - H]-","consensus",NA,NA,NA,81.63100000002,-1.11712759735076,43.976807082825,27.1667136167407,3,"consensus","below_detection",23,78.9909431084273,3,1.01033148242438,0.894463689545409,1.46119107840202,NA,NA,NA,NA,NA,NA
"1.5","hmgu","neg","3-amino-L-alanine","[M - H]-","own",3153.45283309751,0.67000000002,1354.55071330836,23.21599999998,218.063983765897,4.92154521921361,6.18914295144696,3,"own","detected",24,NA,NA,0.971052800771784,NA,NA,1315.3402639455,NA,NA,3062.16920568105,NA,NA
"1.5","hmgu","neg","D-arginine","[M - H]-","consensus",36907.0381860509,8.589,4629.57367284121,31.047,2815.42745832705,3.86587483041012,1.64298596446858,5,"consensus","detected",24,30.9558397403806,1,0.971052800771784,2.6845440143622,2.30964322845825,4495.56048139177,12428.2942924747,10692.6634841263,35838.6827987559,99078.5684502,85242.0908288627
"1.5","hmgu","neg","L-alanine","[M - H]-","own",25711.5964763963,2.136,7770.35976524698,41.835,2171.2620586847,3.30834687133574,3.57720588692125,5,"own","detected",24,32.9838780809106,2,0.971052800771784,2.46761094161464,2.28269650638776,7545.42961304746,19174.2247770056,17737.3730895053,24967.3177707186,63446.2167915359,58691.7714503217
"1.5","hmgu","neg","L-aspartic acid","[M - H]-","own",2649.53265389759,0.697000000019997,1451.60229878522,25.389,29.9125504418975,8.06069708497535,48.2587268679814,3,"own","detected",24,NA,NA,0.971052800771784,NA,NA,1409.58247784215,NA,NA,2572.83610430355,NA,NA
"1.5","hmgu","neg","L-glutamic acid","[M - H]-","own",9695.65456367287,1.41,3237.70736171172,25.389,323.578487152604,9.76490916691409,9.97576347225601,3,"consensus","detected",24,NA,NA,0.971052800771784,NA,NA,3143.98480166959,NA,NA,9414.99251937027,NA,NA
"1.5","hmgu","neg","L-glutamine","[M - H]-","own",10062.6364281232,2.18599999998,3361.69978748053,25.389,400.151427440951,2.87534640003673,8.39388344197809,4,"own","detected",24,NA,NA,0.971052800771784,NA,NA,3264.38799398688,NA,NA,9771.35128667721,NA,NA
"1.5","hmgu","neg","L-serine","[M - H]-","consensus",NA,NA,NA,60.61300000002,-0.810745312704125,24.2754083715151,27.1696682035406,3,"consensus","below_detection",24,54.92512930807,2,0.971052800771784,2.46761094161464,2.01141261224538,NA,NA,NA,NA,NA,NA
"1.5","hmgu","neg","N-acetyl-L-alanine","[M - H]-","own",23195.4580331485,2.136,7629.72331500349,41.835,4934.34191936301,3.35078172173553,1.54557034309983,5,"own","detected",24,32.9838780809106,2,0.971052800771784,2.46761094161464,2.28269650638776,7408.86419414792,18827.1887335949,17416.3427558637,22524.0144882732,57237.3660383604,52948.1910163321
"1.5","hmgu","neg","N-acetyl-L-tyrosine","[M - H]-","own",326067.154503442,2.08500000000004,92766.2440528012,154.86700000002,16810.0795885968,7.11537299821134,5.51806600265751,5,"own","detected",24,136.363191171404,4,0.971052800771784,1.23226514789661,1.28162219283342,90080.9211045515,114312.609447538,118891.277123871,316628.423620253,401801.190368411,417894.901565655
"1.5","hmgu","neg","alpha-D-glucose 1-phosphate","[M - H]-","consensus",415889.30018946,0.734000000039998,134728.368513612,37.53499999998,3147.05178256237,135.660588416315,42.7678720353336,2,"consensus","detected",24,31.6999304737566,1,0.971052800771784,2.6845440143622,2.29978111297006,130828.359588556,361684.235258001,309845.757288875,403850.469759992,1116473.1314609,956454.357662055
"1.5","hmgu","neg","cysteic acid","[M - H]-","own",251827.071341103,0.734000000039998,99680.3417459018,37.53499999998,99677.3902356953,2.95151020645517,1,2,"own","detected",24,31.6999304737566,1,0.971052800771784,2.6845440143622,2.29978111297006,96794.8750342465,267596.264783539,229242.967281626,244537.382935934,676040.85702312,579147.142404832
"1.5","hmgu","neg","cytidine","[M - H]-","consensus",34791.9449972866,4.248,1986.60834840472,30.303,1051.04506426195,4.57162335038674,1.88577711122798,5,"consensus","detected",24,30.5879576675442,1,0.971052800771784,2.6845440143622,2.31450520637818,1929.10160075501,5333.13755059186,4598.01536541709,33784.815633913,93400.5076904845,80526.1378362433
"1.5","hmgu","neg","sn-glycerol 3-phosphate","[M - H]-","consensus",91826.55402275,18.591,1154.05505229594,41.835,115.182566602067,31.0276801092682,9.74997697408939,5,"consensus","detected",24,32.9838780809106,2,0.971052800771784,2.46761094161464,2.28269650638776,1120.6483907768,2847.75887427111,2634.35743605509,89168.4324690129,226592.209437305,209612.154061359
"1.6","hmgu","neg","(6S)-5-formyltetrahydrofolic acid","[M - H]-","own",2352025.2126289,3.38500000002003,584791.948167055,185.53600000002,32089.0441980073,73.5033786757958,18.2217469981449,4,"own","detected",25,169.93999999998,4,1.06990349426068,1.17701961714242,1.59947932116066,625670.948759441,688311.594939555,935362.628274463,2516439.99358087,2768379.81527778,3762015.69044844
"1.6","hmgu","neg","3-chloro-L-tyrosine","[M - H]-","own",181134.708107709,2.08900000002,54222.5154674544,53.80300000002,15467.3530502572,6.01804978666178,3.50522143262038,4,"own","detected",25,44.5062294360483,2,1.06990349426068,1.79372704737604,1.46460763765214,58012.8587662331,97260.3925707389,79414.7102863448,193796.657136326,324906.225151363,265291.276938441
"1.6","hmgu","neg","D-serine","[M - H]-","own",3792.40536648937,0.674999999999997,1710.15321397671,25.48600000002,436.598057313645,12.6621432731363,3.88799501570875,4,"own","detected",25,NA,NA,1.06990349426068,NA,NA,1829.69889935481,NA,NA,4057.50775325992,NA,NA
"1.6","hmgu","neg","L-arabinitol","[M - H]-","consensus",12634.5836731223,2.052,4186.4648301864,26.853,2059.2072726746,3.38562258798447,2.03140269709966,4,"consensus","detected",25,NA,NA,1.06990349426068,NA,NA,4479.11335041586,NA,NA,13517.7852204024,NA,NA
"1.6","hmgu","neg","L-histidine","[M - H]-","own",NA,NA,NA,70.008,0.235317261409353,3.73822669430842,45.72029298838,4,"own","below_detection",25,67.044305590285,2,1.06990349426068,1.79372704737604,1.46767987439834,NA,NA,NA,NA,NA,NA
"1.6","hmgu","neg","L-methionine S-oxide","[M - H]-","consensus",10170.5356582369,12.00199999998,34.7163776083335,32.493,26.8570490137191,3.76324672099327,1.15251421969438,3,"consensus","detected",25,31.3694306911619,1,1.06990349426068,1.88057839458092,1.47470984505552,37.1431737112291,65.286869668345,51.1965838436746,10881.4916392505,19126.4896201952,14998.5890646902
"1.6","hmgu","neg","L-threonine","[M - H]-","own",4712.28799641755,1.36699999998,2196.34662768084,26.16100000002,199.286674707904,15.0843557656483,10.9453493321231,4,"own","detected",25,NA,NA,1.06990349426068,NA,NA,2349.87893156338,NA,NA,5041.69339332978,NA,NA
"1.6","hmgu","neg","N(alpha)-acetyl-L-arginine","[M - H]-","own",203651.781554875,0.657999999959998,106439.794037852,28.87099999998,30680.3716637247,4.41726526615867,3.46916842922183,3,"consensus","detected",25,29.4909347858182,1,1.06990349426068,1.88057839458092,1.47513204548415,113880.307569485,200168.376991228,157012.751099969,217887.752697973,382983.140410012,300413.269091535
"2.1","hmgu","neg","2'-deoxyguanosine","[M - H]-","consensus",207137.855081723,12.30100000002,369.539407899796,51.27499999998,119.607032662014,5.51191767725595,3.04352914808287,5,"consensus","detected",26,40.9718534459641,2,1.00643377488986,1.97604762105723,1.96075860136351,371.916941263157,730.227467867289,724.577572582303,208470.533412488,409314.265765136,406147.331019476
"2.1","hmgu","neg","2,4-dihydroxypyrimidine-5-carboxylic acid","[M - H]-","own",271058.578191648,2.84299999998,72328.8012926461,36.159,6503.38931109001,20.7147827438597,11.1185234423222,5,"own","detected",26,31.5548922055691,1,1.00643377488986,2.15275570177066,2.05402421399906,72794.1485182167,155706.239384981,148565.109224621,272802.5080657,583522.899715919,556760.883017802
"2.1","hmgu","neg","3-hydroxybenzyl alcohol","[M - H]-","own",2161.54582032623,2.78899999997999,631.409851920091,121.21699999998,78.2607601141848,15.4001507257099,7.87124607907723,5,"own","detected",26,107.07803106937,3,1.00643377488986,1.44461275196938,1.44223076333568,635.472200770588,912.142723802859,910.638712712379,2175.45271954834,3122.59665600938,3117.44787843414
"2.1","hmgu","neg","5,6-dihydroxyindole","[M - H]-","own",523.090375995237,2.81599999997999,99.9224438047052,128.51899999998,60.1436998258014,4.29007825498502,1.59006455915927,5,"consensus","detected",26,112.198232223485,3,1.00643377488986,1.44461275196938,1.40854365112856,100.56532231459,144.349236528221,140.745123826368,526.455821721445,755.663027595175,736.795628074542
"2.1","hmgu","neg","5-aminoimidazole-4-carboxamide","[M - H]-","own",16266.6238213141,2.73200000004,4901.87922162897,25.51300000002,575.322170940553,17.7017105738432,8.48946513406624,4,"own","detected",26,NA,NA,1.00643377488986,NA,NA,4933.41680907824,NA,NA,16371.2796171985,NA,NA
"2.1","hmgu","neg","5-methyl-2'-deoxycytidine","[M - H]-","consensus",48204.7102841623,6.55699999998,2888.93182705661,32.56099999998,2884.72039667237,4.21143038424634,1,5,"consensus","detected",26,31.3809840673444,1,1.00643377488986,2.15275570177066,2.05575148822113,2907.51856410406,6219.16446272286,5938.925902841,48514.8485387617,103772.964916433,99096.9049059348
"2.1","hmgu","neg","9H-xanthine","[M - H]-","own",24570.4201207222,0.724000000019998,15216.1271887809,32.56099999998,3744.71784839919,3.79146209116084,4.06234497298449,3,"own","detected",26,31.3809840673444,1,1.00643377488986,2.15275570177066,2.05575148822113,15314.0243258091,32756.6045645157,31280.5761132983,24728.5006727283,52894.1120097853,50510.6777293929
"2.1","hmgu","neg","Gly-Phe","[M - H]-","consensus",305547.609463769,16.56499999998,3122.08094581761,96.16399999998,517.124308521841,21.1894752863627,5.99641405254165,5,"consensus","detected",26,90.5828044630621,3,1.00643377488986,1.44461275196938,1.55359780359346,3142.16771181094,4510.19794700873,4850.45810006322,307513.434001195,441397.972965119,474698.094956142
"2.1","hmgu","neg","L-leucine","[M - H]-","own",NA,NA,NA,NA,NA,NA,NA,0,"consensus","no_data",26,NA,NA,1.00643377488986,NA,NA,NA,NA,NA,NA,NA,NA
"2.1","hmgu","neg","L-phenylalanine","[M - H]-","own",141237.69973292,2.20899999996,47637.790442336,53.44999999998,2730.98719854483,16.0896509735408,17.4375408338556,4,"own","detected",26,43.9738644743686,2,1.00643377488986,1.97604762105723,1.93190825939394,47944.2812622925,94134.5424760008,92031.8408148266,142146.391298964,279092.420560832,272858.278651829
"2.1","hmgu","neg","dopamine","[M - H]-","consensus",154444.41083899,4.36900000002,38001.0013607836,32.56099999998,9430.41073259994,5.52567473138197,4.02903720351287,4,"consensus","detected",26,31.3809840673444,1,1.00643377488986,2.15275570177066,2.05575148822113,38245.4912491283,81806.8723524216,78120.6151013239,155438.071411326,332481.086040247,317499.327429689
"2.1","hmgu","neg","ethylmalonic acid","[M - H]-","own",NA,NA,NA,NA,NA,NA,NA,0,"consensus","no_data",26,NA,NA,1.00643377488986,NA,NA,NA,NA,NA,NA,NA,NA
"2.1","hmgu","neg","keto-phenylpyruvic acid","[M - H]-","consensus",3806.84660321794,9.48599999999999,173.333303938891,195.837,121.202897521015,4.78355254936423,1.39064127043912,5,"consensus","detected",26,179.933875964825,4,1.00643377488986,0.987012499389953,1.09357253027309,174.44849139735,171.082137548243,189.552539769047,3831.33899730329,3757.40518063629,4163.06287224255
"2.1","hmgu","neg","methylmalonic acid","[M - H]-","own",NA,NA,NA,NA,NA,NA,NA,0,"consensus","no_data",26,NA,NA,1.00643377488986,NA,NA,NA,NA,NA,NA,NA,NA
"2.1","hmgu","neg","pyridoxamine","[M - H]-","own",14102.2260610655,9.735,3208.29894093888,31.04899999998,1338.72691399967,4.55764023573056,2.3931253396045,4,"own","detected",26,30.9566690318057,1,1.00643377488986,2.15275570177066,2.05996212180564,3228.94041410427,6906.68383809095,6608.97429376326,14192.9566089884,30358.6475606176,29050.0515189353
"2.1","hmgu","neg","vanillylmandelic acid","[M - H]-","own",318526.564912642,1.36999999998,113336.413317987,55.57699999998,21033.8178987242,13.146962162615,5.38766984203556,5,"own","detected",26,47.3271441159741,2,1.00643377488986,1.97604762105723,1.90069647988776,114065.5942881,223958.149916167,215418.121836602,320575.893127732,629423.660839157,605422.320680197
"2.10","hmgu","neg","(5-hydroxyindol-3-yl)acetic acid","[M - H]-","consensus",NA,NA,NA,NA,NA,NA,NA,0,"consensus","no_data",27,NA,NA,0.931220613910739,NA,NA,NA,NA,NA,NA,NA,NA
"2.10","hmgu","neg","(S)-2-hydroxy-4-methylpentanoic acid","[M - H]-","consensus",NA,NA,NA,NA,NA,NA,NA,0,"consensus","no_data",27,NA,NA,0.931220613910739,NA,NA,NA,NA,NA,NA,NA,NA
"2.10","hmgu","neg","2-hydroxy-2-methylbutyric acid","[M - H]-","consensus",NA,NA,NA,NA,NA,NA,NA,0,"consensus","no_data",27,NA,NA,0.931220613910739,NA,NA,NA,NA,NA,NA,NA,NA
"2.10","hmgu","neg","4-hydroxy-L-proline","[M - H]-","consensus",NA,NA,NA,NA,NA,NA,NA,0,"consensus","no_data",27,NA,NA,0.931220613910739,NA,NA,NA,NA,NA,NA,NA,NA
"2.10","hmgu","neg","7,9-dihydro-1H-purine-2,6,8(3H)-trione","[M - H]-","consensus",NA,NA,NA,NA,NA,NA,NA,0,"consensus","no_data",27,NA,NA,0.931220613910739,NA,NA,NA,NA,NA,NA,NA,NA
"2.10","hmgu","neg","L-pipecolic acid","[M - H]-","consensus",NA,NA,NA,NA,NA,NA,NA,0,"consensus","no_data",27,NA,NA,0.931220613910739,NA,NA,NA,NA,NA,NA,NA,NA
"2.10","hmgu","neg","N-isovalerylglycine","[M - H]-","consensus",93.7791936745651,1.857,36.6660689972748,135.90199999998,6.88526995899868,14.0384648005011,3.2863786505859,4,"consensus","detected",27,117.96328382587,3,0.931220613910739,1.42472287852063,1.41878762244818,34.1441992813357,52.2389873658333,52.0213648571644,87.3291183056826,133.60936275737,133.052759228644
"2.10","hmgu","neg","alpha-D-glucuronic acid","[M - H]-","consensus",NA,NA,NA,NA,NA,NA,NA,0,"consensus","no_data",27,NA,NA,0.931220613910739,NA,NA,NA,NA,NA,NA,NA,NA
"2.10","hmgu","neg","trans-urocanic acid","[M - H]-","consensus",NA,NA,NA,NA,NA,NA,NA,0,"consensus","no_data",27,NA,NA,0.931220613910739,NA,NA,NA,NA,NA,NA,NA,NA
"2.10","hmgu","neg","uracil","[M - H]-","consensus",NA,NA,NA,NA,NA,NA,NA,0,"consensus","no_data",27,NA,NA,0.931220613910739,NA,NA,NA,NA,NA,NA,NA,NA
"2.2","hmgu","neg","2-oxobutanoic acid","[M - H]-","own",1169.67288964695,4.17799999998002,220.020405025893,99.07600000002,217.067127205596,2.95327782029631,1,5,"consensus","detected",28,92.6107539831337,3,1.22785397061398,1.80418907311069,2.10308139118596,270.15292792714,396.958410609104,462.720819491153,1436.18750187254,2110.31104661483,2459.91728799121
"2.2","hmgu","neg","3,3',5-triiodo-L-thyronine","[M - H]-","consensus",710.059097625965,0.638000000039995,400.523310442921,303.19099999998,48.1918099261305,12.54557548718,8.05069856372778,3,"consensus","detected",28,291.273528923535,7,1.22785397061398,1.27671926171674,0.903441977011223,491.784137050798,511.355825209029,361.849571425633,871.848882390624,906.546126896274,641.497194954007
"2.2","hmgu","neg","3-iodo-L-tyrosine","[M - H]-","consensus",NA,NA,NA,NA,NA,NA,NA,0,"consensus","no_data",28,NA,NA,1.22785397061398,NA,NA,NA,NA,NA,NA,NA,NA
"2.2","hmgu","neg","5-methoxysalicylic acid","[M - H]-","consensus",121.781995726351,9.327,15.2848669729919,263.049,12.0570163430236,3.22785062996832,1,2,"consensus","detected",28,247.961033527909,6,1.22785397061398,1.02687989606037,1.10038707503128,18.7675846030947,15.6957226085225,16.8192700606528,149.530507001895,125.0554831135,134.007334068791
"2.2","hmgu","neg","5-oxo-L-proline","[M - H]-","consensus",NA,NA,NA,NA,NA,NA,NA,0,"consensus","no_data",28,NA,NA,1.22785397061398,NA,NA,NA,NA,NA,NA,NA,NA
"2.2","hmgu","neg","D-glucono-1,5-lactone","[M - H]-","consensus",150.377446111261,2.13400000002,35.9682703205699,41.094,32.9383691477933,3.02990117277659,1,3,"consensus","detected",28,32.6678521156186,2,1.22785397061398,2.83344202188905,3.05781750346824,44.1637835292289,101.914008580968,109.984406555716,184.641544298502,426.085774956003,459.826786845866
"2.2","hmgu","neg","L-methionine","[M - H]-","consensus",NA,NA,NA,NA,NA,NA,NA,0,"consensus","no_data",28,NA,NA,1.22785397061398,NA,NA,NA,NA,NA,NA,NA,NA
"2.2","hmgu","neg","N-acetyl-L-phenylalanine","[M - H]-","consensus",NA,NA,NA,245.955,-0.674490759476595,6.64343428502889,5.00288722295721,3,"consensus","below_detection",28,229.139966477701,5,1.22785397061398,1.28564971425573,1.16811268866059,NA,NA,NA,NA,NA,NA
"2.2","hmgu","neg","N-acetyl-L-proline","[M - H]-","consensus",NA,NA,NA,79.581,2.56306573833685,4.22129529787219,2.04081820574305,3,"consensus","below_detection",28,77.0901825821681,3,1.22785397061398,1.80418907311069,2.31068088620889,NA,NA,NA,NA,NA,NA
"2.2","hmgu","neg","alloxanthine","[M - H]-","consensus",NA,NA,NA,34.06999999998,3.14070602631826,5.95811141174499,13.8254683532094,3,"consensus","below_detection",28,31.5137239422768,1,1.22785397061398,3.47542651400106,3.08056185825473,NA,NA,NA,NA,NA,NA
"2.2","hmgu","neg","biotin","[M - H]-","consensus",NA,NA,NA,185.68600000002,21.3021549783621,3.55037664606652,1,1,"consensus","below_detection",28,170.092590808241,4,1.22785397061398,1.17898867951123,1.36852502734661,NA,NA,NA,NA,NA,NA
"2.2","hmgu","neg","glutaric acid","[M - H]-","consensus",391.592379790595,63.55099999998,16.7331756557801,68.85799999998,13.9162771292342,2.81689852654586,1,2,"consensus","detected",28,65.6915979172345,2,1.22785397061398,2.83344202188905,2.47993500137779,20.5458961699309,47.4124830627382,41.4971879929718,480.818258388062,1109.55430435021,971.123648915522
"2.2","hmgu","neg","homovanillic acid","[M - H]-","consensus",833.057479818563,0.613000000020008,448.039426673145,187.67800000002,444.975406472097,3.06402020104724,1,3,"consensus","detected",28,172.095999439321,4,1.22785397061398,1.17898867951123,1.35770774121687,550.126989032234,528.233412022341,608.306597964496,1022.8729343449,982.165338088244,1131.04858922828
"2.2","hmgu","neg","kynurenic acid","[M - H]-","consensus",NA,NA,NA,NA,NA,NA,NA,0,"consensus","no_data",28,NA,NA,1.22785397061398,NA,NA,NA,NA,NA,NA,NA,NA
"2.2","hmgu","neg","trans-3-coumaric acid","[M - H]-","consensus",304.834198423626,20.68300000002,16.6017276541752,245.26900000002,13.7878863784795,2.81384127569572,1,4,"consensus","detected",28,228.389962178262,5,1.22785397061398,1.28564971425573,1.17072267632569,20.384497219231,21.3440064147418,19.4360190309262,374.291880913381,391.91000009871,356.876308614104
"2.3","hmgu","neg","(R)-adrenaline","[M - H]-","consensus",NA,NA,NA,NA,NA,NA,NA,0,"consensus","no_data",29,NA,NA,1.61587323649363,NA,NA,NA,NA,NA,NA,NA,NA
"2.3","hmgu","neg","(S)-mandelic acid","[M - H]-","consensus",NA,NA,NA,151.60000000002,10.5625546658764,2.79862657250055,1,2,"consensus","below_detection",29,132.889432886952,4,1.61587323649363,1.41991616452415,2.02628888022814,NA,NA,NA,NA,NA,NA
"2.3","hmgu","neg","2'-deoxyinosine","[M - H]-","consensus",NA,NA,NA,NA,NA,NA,NA,0,"consensus","no_data",29,NA,NA,1.61587323649363,NA,NA,NA,NA,NA,NA,NA,NA
"2.3","hmgu","neg","2'-deoxyuridine","[M - H]-","consensus",NA,NA,NA,NA,NA,NA,NA,0,"consensus","no_data",29,NA,NA,1.61587323649363,NA,NA,NA,NA,NA,NA,NA,NA
"2.3","hmgu","neg","2-hydroxy-3-methylbutyric acid","[M - H]-","consensus",NA,NA,NA,NA,NA,NA,NA,0,"consensus","no_data",29,NA,NA,1.61587323649363,NA,NA,NA,NA,NA,NA,NA,NA
"2.3","hmgu","neg","2-hydroxy-4-(methylthio)butanoic acid","[M - H]-","consensus",NA,NA,NA,NA,NA,NA,NA,0,"consensus","no_data",29,NA,NA,1.61587323649363,NA,NA,NA,NA,NA,NA,NA,NA
"2.3","hmgu","neg","6-hydroxynicotinic acid","[M - H]-","consensus",NA,NA,NA,NA,NA,NA,NA,0,"consensus","no_data",29,NA,NA,1.61587323649363,NA,NA,NA,NA,NA,NA,NA,NA
"2.3","hmgu","neg","L-isoglutamine","[M - H]-","consensus",NA,NA,NA,NA,NA,NA,NA,0,"consensus","no_data",29,NA,NA,1.61587323649363,NA,NA,NA,NA,NA,NA,NA,NA
"2.3","hmgu","neg","L-proline","[M - H]-","consensus",NA,NA,NA,NA,NA,NA,NA,0,"consensus","no_data",29,NA,NA,1.61587323649363,NA,NA,NA,NA,NA,NA,NA,NA
"2.3","hmgu","neg","N-acetyl-L-leucine","[M - H]-","consensus",1806.97083942135,38.12900000004,148.017009648087,219.64099999998,144.88513555828,3.1318740898065,1,4,"consensus","detected",29,201.799935124685,5,1.61587323649363,2.44319137667563,1.5954770625618,239.176724436163,361.63388157352,236.157743762512,2919.83581854539,4414.77557277857,2882.98052701481
"2.3","hmgu","neg","N-acetyl-L-tryptophan","[M - H]-","consensus",455.279870180336,0.668000000040024,59.1105104609469,247.10599999998,55.4880058632866,3.62250459766028,1,2,"consensus","detected",29,230.400582838178,5,1.61587323649363,2.44319137667563,1.50388380341354,95.5150918493208,144.41828942908,88.8953392937245,735.674557338699,1112.3358527986,684.688022784425
"2.3","hmgu","neg","N-acetylserotonin","[M - H]-","consensus",NA,NA,NA,NA,NA,NA,NA,0,"consensus","no_data",29,NA,NA,1.61587323649363,NA,NA,NA,NA,NA,NA,NA,NA
"2.3","hmgu","neg","gallic acid","[M - H]-","own",295.446470331779,1.38800000004001,49.1814980074705,105.08800000002,33.1214436459548,4.63162808311824,1.34504613991345,5,"own","detected",29,96.6161931114681,3,1.61587323649363,2.00780174857107,2.36525624854913,79.4710663609363,98.7466976967439,116.326845475176,477.404044225631,593.197939741297,698.806610064024
"2.3","hmgu","neg","gamma-aminobutyric acid","[M - H]-","own",3983.59426293381,0.709000000019998,2617.99798981864,28.89100000002,1439.26937995575,6.56747116939152,1.81441400408973,2,"consensus","detected",29,29.5102796032606,1,1.61587323649363,3.16341307713794,3.12410840503672,4230.35288494206,8281.80907691313,8178.90952436165,6436.98335452431,12601.7541853765,12445.1803190876
"2.3","hmgu","neg","imidazol-4-ylacetic acid","[M - H]-","consensus",NA,NA,NA,NA,NA,NA,NA,0,"consensus","no_data",29,NA,NA,1.61587323649363,NA,NA,NA,NA,NA,NA,NA,NA
"2.3","hmgu","neg","pyruvic acid","[M - H]-","consensus",595.815291370942,2.18599999998,122.444424515255,38.91,29.1107389597533,9.69549780497019,3.87310424741071,5,"consensus","detected",29,31.9693491428999,1,1.61587323649363,3.16341307713794,3.09153444854382,197.854668532065,387.342293734187,378.541156421034,962.761983219959,1884.80988428159,1841.98349824244
"2.3","hmgu","neg","taurocyamine","[M - H]-","consensus",NA,NA,NA,NA,NA,NA,NA,0,"consensus","no_data",29,NA,NA,1.61587323649363,NA,NA,NA,NA,NA,NA,NA,NA
"2.3","hmgu","neg","trans-3-hexenedioic acid","[M - H]-","own",366.565698468277,2.11099999998,101.469442249575,97.07899999998,98.8338739476491,2.63556830192613,1,5,"consensus","detected",29,91.2277087842478,3,1.61587323649363,2.00780174857107,2.41628657990097,163.961756053024,203.730523575228,245.179251577684,592.323701571483,735.991250350782,885.727777860922
"2.4","hmgu","neg","(S)-methylsuccinic acid","[M - H]-","consensus",NA,NA,NA,NA,NA,NA,NA,0,"consensus","no_data",30,NA,NA,1.29390780973612,NA,NA,NA,NA,NA,NA,NA,NA
"2.4","hmgu","neg","1-hexadecanoyl-sn-glycero-3-phosphocholine","[M + CH2O2 - H]-","own",13685.6551398079,1.90499999999997,2553.75903360004,459.228,455.423879129981,17.3312229155854,5.56937817035401,4,"own","detected",30,448.79764201275,9,1.29390780973612,0.28948670429211,0.370904872179775,3304.32875775926,739.279286193078,947.201667935368,17707.9760667527,3961.81520250136,5076.07617032693
"2.4","hmgu","neg","2'-deoxyadenosine","[M - H]-","consensus",NA,NA,NA,NA,NA,NA,NA,0,"consensus","no_data",30,NA,NA,1.29390780973612,NA,NA,NA,NA,NA,NA,NA,NA
"2.4","hmgu","neg","4-guanidinobutanoic acid","[M - H]-","consensus",NA,NA,NA,NA,NA,NA,NA,0,"consensus","no_data",30,NA,NA,1.29390780973612,NA,NA,NA,NA,NA,NA,NA,NA
"2.4","hmgu","neg","5,6-dihydroxyindole-2-carboxylic acid","[M - H]-","consensus",NA,NA,NA,NA,NA,NA,NA,0,"consensus","no_data",30,NA,NA,1.29390780973612,NA,NA,NA,NA,NA,NA,NA,NA
"2.4","hmgu","neg","5,6-dimethylbenzimidazole","[M - H]-","consensus",NA,NA,NA,NA,NA,NA,NA,0,"consensus","no_data",30,NA,NA,1.29390780973612,NA,NA,NA,NA,NA,NA,NA,NA
"2.4","hmgu","neg","L-tryptophanamide","[M - H]-","consensus",NA,NA,NA,NA,NA,NA,NA,0,"consensus","no_data",30,NA,NA,1.29390780973612,NA,NA,NA,NA,NA,NA,NA,NA
"2.4","hmgu","neg","N-acetyl-alpha-D-galactosamine","[M - H]-","consensus",NA,NA,NA,NA,NA,NA,NA,0,"consensus","no_data",30,NA,NA,1.29390780973612,NA,NA,NA,NA,NA,NA,NA,NA
"2.4","hmgu","neg","citraconic acid","[M - H]-","consensus",NA,NA,NA,NA,NA,NA,NA,0,"consensus","no_data",30,NA,NA,1.29390780973612,NA,NA,NA,NA,NA,NA,NA,NA
"2.4","hmgu","neg","cortisol","[M - H]-","consensus",NA,NA,NA,298.49200000002,4.72157248263029,4.6070527059419,1.86279275717588,4,"consensus","below_detection",30,286.238645735739,6,1.29390780973612,1.45694042864748,0.956709494962889,NA,NA,NA,NA,NA,NA
"2.4","hmgu","neg","creatinine","[M - H]-","consensus",NA,NA,NA,NA,NA,NA,NA,0,"consensus","no_data",30,NA,NA,1.29390780973612,NA,NA,NA,NA,NA,NA,NA,NA
"2.4","hmgu","neg","phloretic acid","[M - H]-","consensus",151.831944853189,NA,9.05981963247223,205.40899999998,6.22863273110465,2.83118690136757,1,4,"consensus","detected",30,188.683476163757,5,1.29390780973612,1.13087519082476,1.36783463002107,11.7225713772565,10.2455252557099,12.3923350350403,196.456539212965,171.702979609144,207.680992113641
"2.5","hmgu","neg","3-hydroxybenzoic acid","[M - H]-","own",NA,NA,NA,205.134,0.0859986857412878,2.57958818103543,1,4,"consensus","below_detection",31,188.434708469541,5,1.26218132958981,1.13428581815275,1.37590264409003,NA,NA,NA,NA,NA,NA
"2.5","hmgu","neg","5-aminolevulinic acid","[M - H]-","consensus",NA,NA,NA,NA,NA,NA,NA,0,"consensus","no_data",31,NA,NA,1.26218132958981,NA,NA,NA,NA,NA,NA,NA,NA
"2.5","hmgu","neg","5-hydroxymethyl-2-furoic acid","[M - H]-","consensus",NA,NA,NA,NA,NA,NA,NA,0,"consensus","no_data",31,NA,NA,1.26218132958981,NA,NA,NA,NA,NA,NA,NA,NA
"2.5","hmgu","neg","5-oxo-L-proline","[M - H]-","consensus",76.435713872407,1.45200000000001,51.86581332985,38.28499999998,48.3332899125655,3.53252341728444,1,3,"consensus","detected",31,31.8310760232114,1,1.26218132958981,2.50394136161428,2.7000144358012,65.4640612289268,129.868955250377,140.038444715165,96.4757309636207,191.390545469634,206.377530866269
"2.5","hmgu","neg","D-glyceric acid","[M - H]-","consensus",NA,NA,NA,NA,NA,NA,NA,0,"consensus","no_data",31,NA,NA,1.26218132958981,NA,NA,NA,NA,NA,NA,NA,NA
"2.5","hmgu","neg","D-ribofuranose","[M - H]-","consensus",NA,NA,NA,NA,NA,NA,NA,0,"consensus","no_data",31,NA,NA,1.26218132958981,NA,NA,NA,NA,NA,NA,NA,NA
"2.5","hmgu","neg","N-acetyl-L-valine","[M - H]-","own",NA,NA,NA,131.32999999998,-1.70862463577774,6.37263575468978,2.05401710554374,4,"consensus","below_detection",31,114.310094159373,3,1.26218132958981,1.89208207110977,1.80704132046148,NA,NA,NA,NA,NA,NA
"2.5","hmgu","neg","N-carbamoyl-beta-alanine","[M - H]-","consensus",NA,NA,NA,NA,NA,NA,NA,0,"consensus","no_data",31,NA,NA,1.26218132958981,NA,NA,NA,NA,NA,NA,NA,NA
"2.5","hmgu","neg","Phenylglyoxal","[M - H]-","own",1335.39733502879,0.681000000000012,80.2337560752093,166.647,20.6534798326404,4.99871079306246,3.64272974296789,2,"consensus","detected",31,149.391776614123,4,1.26218132958981,1.24206327720987,1.54699737804439,101.269548920992,99.6554020136318,124.121410279002,1685.51358385732,1658.64799032319,2065.856175937
"2.5","hmgu","neg","cis-4-hydroxy-D-proline","[M - H]-","consensus",NA,NA,NA,NA,NA,NA,NA,0,"consensus","no_data",31,NA,NA,1.26218132958981,NA,NA,NA,NA,NA,NA,NA,NA
"2.5","hmgu","neg","hypoxanthine","[M - H]-","consensus",NA,NA,NA,32.59600000002,24.498042817052,2.13399732750486,1,4,"consensus","below_detection",31,31.3866998617618,1,1.26218132958981,2.50394136161428,2.70609029647082,NA,NA,NA,NA,NA,NA
"2.5","hmgu","neg","inosine","[M - H]-","consensus",334.558629351571,NA,112.242332165235,37.55800000002,22.3345326385593,6.90262970325966,4.71644982085331,2,"consensus","detected",31,31.7033970028443,1,1.26218132958981,2.50394136161428,2.70176086114386,141.670176048577,281.048218032581,303.25194000754,422.273655620709,837.715189918381,903.89741054001
"2.5","hmgu","neg","oxalic acid","[M - H]-","consensus",163.738606649623,15.384,9.83985395342017,62.523,7.76101916092102,2.07883479249915,1,2,"consensus","detected",31,57.5954371279303,2,1.26218132958981,2.99650912234688,2.37066037576391,12.4196799458974,29.4852121339845,23.3269518706771,206.667812246204,490.644228505962,388.168626767054
"2.5","hmgu","neg","picolinic acid","[M - H]-","own",12231.6343171634,0.741000000000003,3871.94914902042,28.242,170.143276723566,4.8686394298727,22.7283768366201,3,"consensus","detected",31,28.8174964966792,1,1.26218132958981,2.50394136161428,NA,4887.10192501472,9695.13362429945,NA,15438.5404654936,30627.2950868861,NA
"2.5","hmgu","neg","pyridoxal","[M - H]-","consensus",NA,NA,NA,54.50299999998,12.7787181241217,2.93435875719865,1,1,"consensus","below_detection",31,45.6001133149562,2,1.26218132958981,2.99650912234688,2.51486342383963,NA,NA,NA,NA,NA,NA
"2.5","hmgu","neg","xanthurenic acid","[M - H]-","consensus",NA,NA,NA,NA,NA,NA,NA,0,"consensus","no_data",31,NA,NA,1.26218132958981,NA,NA,NA,NA,NA,NA,NA,NA
"2.6","hmgu","neg","(S)-2-hydroxybutyric acid","[M - H]-","consensus",NA,NA,NA,70.52599999998,-0.674489597115375,3.01987907804926,1.16075277948807,5,"consensus","below_detection",32,67.6425818877225,2,1.20301803243607,2.23552309217567,2.27045075192866,NA,NA,NA,NA,NA,NA
"2.6","hmgu","neg","2-oxoglutaric acid","[M - H]-","consensus",241.694044298745,15.789,10.4380190119841,55.03999999998,7.34199979578284,3.09601921620128,1,3,"consensus","detected",32,46.4669613433812,2,1.20301803243607,2.23552309217567,2.50017109184246,12.5571250943274,23.3344325378591,26.0968333898647,290.762293623793,540.312617271174,604.276462626214
"2.6","hmgu","neg","3-methyl-2-oxovaleric acid","[M - H]-","consensus",12.013372767303,0.183000000000007,11.8497542175561,117.069,9.17939129913776,2.67036291841833,1,3,"consensus","detected",32,104.334719806564,3,1.20301803243607,2.18829854989969,1.9191527087576,14.2554680036554,25.9307999709458,22.7414879047345,14.452304069442,26.2888462060936,23.0554968876843
"2.6","hmgu","neg","3-methyladipic acid","[M - H]-","own",533693.910380119,2.02399999997999,184489.310623954,185.826,36804.9293733842,19.0847946853637,5.01210650230646,5,"consensus","detected",32,170.234783150547,4,1.20301803243607,1.71026677854944,1.43591336714426,221943.967472317,315525.938957638,264910.667220166,642043.397988605,912758.964837262,766338.219878306
"2.6","hmgu","neg","4-hydroxy-4-methyloxan-2-one","[M - H]-","consensus",NA,NA,NA,NA,NA,NA,NA,0,"consensus","no_data",32,NA,NA,1.20301803243607,NA,NA,NA,NA,NA,NA,NA,NA
"2.6","hmgu","neg","4-hydroxyphenylpyruvic acid","[M - H]-","consensus",NA,NA,NA,68.616,0.098285518756029,2.94865593565441,1,5,"consensus","below_detection",32,65.4025742991178,2,1.20301803243607,2.23552309217567,2.2937938124117,NA,NA,NA,NA,NA,NA
"2.6","hmgu","neg","5-aminopentanoic acid","[M - H]-","own",96.0385270912211,1.35100000002001,45.4265218236586,157.58599999998,8.53572872312745,14.4034877233302,3.63449157144274,3,"consensus","detected",32,139.315366786141,4,1.20301803243607,1.71026677854944,1.64219187879928,54.6489249047121,77.6914711400546,74.5990652209104,115.536079899339,164.251502344936,157.713689241048
"2.6","hmgu","neg","5-hydroxymethyluracil","[M - H]-","consensus",NA,NA,NA,NA,NA,NA,NA,0,"consensus","no_data",32,NA,NA,1.20301803243607,NA,NA,NA,NA,NA,NA,NA,NA
"2.6","hmgu","neg","esculin","[M - H]-","consensus",NA,NA,NA,166.39900000002,4.44616267078833,35.4392045529949,34.8945872917515,5,"consensus","below_detection",32,149.113651546527,4,1.20301803243607,1.71026677854944,1.56897373711676,NA,NA,NA,NA,NA,NA
"2.6","hmgu","neg","glyceraldehyde","[M - H]-","consensus",225.624541867293,9.18499999998,27.2384068512004,34.42900000002,25.1591468454926,2.07926000570779,1,5,"consensus","detected",32,31.5210857803865,1,1.20301803243607,2.72219232247056,2.67221488078702,32.7682946168244,74.1481820066672,72.786876116709,271.430392426481,614.193395632082,602.917258248536
"2.6","hmgu","neg","guanine","[M - H]-","consensus",NA,NA,NA,NA,NA,NA,NA,0,"consensus","no_data",32,NA,NA,1.20301803243607,NA,NA,NA,NA,NA,NA,NA,NA
"2.6","hmgu","neg","indole-3-butyric acid","[M - H]-","consensus",NA,NA,NA,NA,NA,NA,NA,0,"consensus","no_data",32,NA,NA,1.20301803243607,NA,NA,NA,NA,NA,NA,NA,NA
"2.6","hmgu","neg","isonicotinic acid","[M - H]-","consensus",644.416918777706,4.22899999998,139.892750638184,47.64700000002,42.1490872262094,5.51782099916801,3.18808634971952,5,"consensus","detected",32,36.9794756533006,2,1.20301803243607,2.23552309217567,2.60799054513559,168.293501624818,312.733474479633,364.838970997394,775.245173696473,1440.60890291625,1680.63323129766
"2.6","hmgu","neg","phenylacetylglycine","[M - H]-","consensus",NA,NA,NA,NA,NA,NA,NA,0,"consensus","no_data",32,NA,NA,1.20301803243607,NA,NA,NA,NA,NA,NA,NA,NA
"2.6","hmgu","neg","xanthosine","[M - H]-","consensus",NA,NA,NA,NA,NA,NA,NA,0,"consensus","no_data",32,NA,NA,1.20301803243607,NA,NA,NA,NA,NA,NA,NA,NA
"2.7","hmgu","neg","3,3-dimethylglutaric acid","[M - H]-","consensus",191.589614945148,14.619,20.6598132856216,195.96400000002,17.8804530139189,2.77936027170267,1,4,"consensus","detected",33,180.052199268177,4,0.878945971153945,1.71537044985078,1.1962572866488,18.1588596521899,35.4392332095899,24.7144521837285,168.396920170973,328.647163975197,229.190472924371
"2.7","hmgu","neg","3,4,5-Trimethoxycinnamic acid","[M - H]-","consensus",281.095720106068,28.02500000004,16.1739179357301,278.18500000002,12.6676997277818,3.50621820794822,1,2,"consensus","detected",33,264.418076424162,6,0.878945971153945,0.729543923782173,0.843043322816756,14.2160000073845,11.7995835537634,13.6353135195034,247.067950695845,205.071674604556,236.975869907788
"2.7","hmgu","neg","3-hydroxyphenylacetic acid","[M - H]-","consensus",NA,NA,NA,NA,NA,NA,NA,0,"consensus","no_data",33,NA,NA,0.878945971153945,NA,NA,NA,NA,NA,NA,NA,NA
"2.7","hmgu","neg","3-hydroxypropionic acid","[M - H]-","consensus",NA,NA,NA,16.52599999998,1.66339084174396,2.63372806907682,1,5,"consensus","below_detection",33,NA,NA,0.878945971153945,NA,NA,NA,NA,NA,NA,NA,NA
"2.7","hmgu","neg","4-acetamidobutanoic acid","[M - H]-","consensus",NA,NA,NA,NA,NA,NA,NA,0,"consensus","no_data",33,NA,NA,0.878945971153945,NA,NA,NA,NA,NA,NA,NA,NA
"2.7","hmgu","neg","4-pyridoxic acid","[M - H]-","consensus",1300.82303668662,44.11400000004,17.6418451036197,48.20599999998,14.5694027006614,3.07244240295836,1,2,"consensus","detected",33,37.5153627153181,2,0.878945971153945,1.73734598307355,1.75684519336312,15.5062286775485,30.6499887247795,30.993990772351,1143.35316727994,2259.97967747704,2285.34469941891
"2.7","hmgu","neg","6-methyladenine","[M - H]-","consensus",NA,NA,NA,81.39700000002,4.11159387632097,2.68151047303763,1,5,"consensus","below_detection",33,78.7779463382043,3,0.878945971153945,1.44704759841544,1.59832263042209,NA,NA,NA,NA,NA,NA
"2.7","hmgu","neg","LMFA01170001","[M - H]-","consensus",NA,NA,NA,NA,NA,NA,NA,0,"consensus","no_data",33,NA,NA,0.878945971153945,NA,NA,NA,NA,NA,NA,NA,NA
"2.7","hmgu","neg","Methyl 3-aminopropanoate","[M - H]-","consensus",NA,NA,NA,NA,NA,NA,NA,0,"consensus","no_data",33,NA,NA,0.878945971153945,NA,NA,NA,NA,NA,NA,NA,NA
"2.7","hmgu","neg","N(4)-acetylcytosine","[M - H]-","consensus",NA,NA,NA,NA,NA,NA,NA,0,"consensus","no_data",33,NA,NA,0.878945971153945,NA,NA,NA,NA,NA,NA,NA,NA
"2.7","hmgu","neg","N-acetyl-L-isoleucine","[M - H]-","consensus",27.1321126127586,0.692999999999984,14.2621599116937,211.797,11.2748463042649,2.98731360742886,1,2,"consensus","detected",33,194.481289176436,5,0.878945971153945,1.02834801852572,1.13291887060312,12.5356679943365,14.6664638850871,16.1578700995171,23.8476610698793,27.9012542437469,30.7384823783231
"2.7","hmgu","neg","N-acetyl-beta-D-mannosamine","[M - H]-","consensus",NA,NA,NA,NA,NA,NA,NA,0,"consensus","no_data",33,NA,NA,0.878945971153945,NA,NA,NA,NA,NA,NA,NA,NA
"2.7","hmgu","neg","O-propanoyl-L-carnitine","[M - H]-","consensus",NA,NA,NA,NA,NA,NA,NA,0,"consensus","no_data",33,NA,NA,0.878945971153945,NA,NA,NA,NA,NA,NA,NA,NA
"2.7","hmgu","neg","melatonin","[M - H]-","consensus",NA,NA,NA,NA,NA,NA,NA,0,"consensus","no_data",33,NA,NA,0.878945971153945,NA,NA,NA,NA,NA,NA,NA,NA
"2.7","hmgu","neg","methyl (R)-lactate","[M - H]-","own",414.275148164266,18.25699999998,61.0689767069949,44.84800000002,58.8320170608262,2.23695964616871,1,5,"consensus","detected",33,34.7071725178685,2,0.878945971153945,1.73734598307355,1.76726713543076,53.6763310391073,106.09794137231,107.925195528658,364.125472428185,719.739264550389,732.134854376414
"2.8","hmgu","neg","2'-deoxycytidine","[M - H]-","consensus",NA,NA,NA,NA,NA,NA,NA,0,"consensus","no_data",34,NA,NA,1.11458736299224,NA,NA,NA,NA,NA,NA,NA,NA
"2.8","hmgu","neg","3-hydroxyisovaleric acid","[M - H]-","own",NA,NA,NA,95.38099999998,4.84803150132507,2.38425082691413,1,4,"consensus","below_detection",34,90.0248345794016,3,1.11458736299224,1.36138983595579,1.99234748190708,NA,NA,NA,NA,NA,NA
"2.8","hmgu","neg","L-isoleucine","[M - H]-","own",2013.18512273628,0.682000000020025,1138.76468481862,219.21499999998,629.706677988358,4.566117444773,1.80115378639007,3,"own","detected",34,201.392807319209,5,1.11458736299224,1.19730914252298,1.09211135720558,1269.25272712068,1363.45336831564,1243.65784547505,2243.87069716584,2410.40495304341,2198.6223366976
"2.8","hmgu","neg","itaconic acid","[M - H]-","own",115.373568269887,0.655999999979997,53.1495947038734,116.112,16.6132100778218,14.1009445690379,2.35045785564131,4,"consensus","detected",34,103.712546928169,3,1.11458736299224,1.36138983595579,1.82314112127372,59.2398666050967,72.3573180150231,96.8992116836636,128.593921216939,157.068403180576,210.342296620912
"2.8","hmgu","neg","thymidine","[M - H]-","consensus",NA,NA,NA,NA,NA,NA,NA,0,"consensus","no_data",34,NA,NA,1.11458736299224,NA,NA,NA,NA,NA,NA,NA,NA
"2.9","hmgu","neg","(R)-noradrenaline","[M - H]-","consensus",NA,NA,NA,NA,NA,NA,NA,0,"consensus","no_data",35,NA,NA,1.22888267915356,NA,NA,NA,NA,NA,NA,NA,NA
"2.9","hmgu","neg","(S)-lactic acid","[M - H]-","consensus",72.2068358703917,6.28300000002,11.1586822827952,62.60599999998,8.45565145169402,2.70303083110122,1,2,"consensus","detected",35,57.7089611455589,2,1.22888267915356,2.05179889935001,1.5268163506243,13.7127113795047,22.8953720260357,17.0372585607933,88.7337299176081,148.153906364417,110.246577633759
"2.9","hmgu","neg","3-methylbutanal","[M - H]-","own",12282.929443055,2.01700000001998,4505.66630016505,201.89899999998,2801.62712600377,3.11650961112093,1.60711957303767,4,"consensus","detected",35,185.503062507996,5,1.22888267915356,2.1000926260038,1.81168037661017,5536.93527431872,9462.31657221046,8162.82721956278,15094.2792418355,25795.2895490848,22252.7422392701
"2.9","hmgu","neg","D-leucine","[M - H]-","consensus",NA,NA,NA,NA,NA,NA,NA,0,"consensus","no_data",35,NA,NA,1.22888267915356,NA,NA,NA,NA,NA,NA,NA,NA
"2.9","hmgu","neg","D-proline","[M - H]-","consensus",NA,NA,NA,NA,NA,NA,NA,0,"consensus","no_data",35,NA,NA,1.22888267915356,NA,NA,NA,NA,NA,NA,NA,NA
"2.9","hmgu","neg","Gly-Pro","[M - H]-","consensus",NA,NA,NA,NA,NA,NA,NA,0,"consensus","no_data",35,NA,NA,1.22888267915356,NA,NA,NA,NA,NA,NA,NA,NA
"2.9","hmgu","neg","N-acetyl-L-methionine","[M - H]-","consensus",NA,NA,NA,137.32999999998,0.27551456056908,30.5321211311668,8.63810867226832,3,"consensus","below_detection",35,119.167512350357,3,1.22888267915356,1.05290810237611,1.67557944919272,NA,NA,NA,NA,NA,NA
"2.9","hmgu","neg","dihydroorotic acid","[M - H]-","consensus",NA,NA,NA,NA,NA,NA,NA,0,"consensus","no_data",35,NA,NA,1.22888267915356,NA,NA,NA,NA,NA,NA,NA,NA
"2.9","hmgu","neg","fumaric acid","[M - H]-","consensus",NA,NA,NA,NA,NA,NA,NA,0,"consensus","no_data",35,NA,NA,1.22888267915356,NA,NA,NA,NA,NA,NA,NA,NA
"2.9","hmgu","neg","homogentisic acid","[M - H]-","consensus",NA,NA,NA,NA,NA,NA,NA,0,"consensus","no_data",35,NA,NA,1.22888267915356,NA,NA,NA,NA,NA,NA,NA,NA
"2.9","hmgu","neg","nicotinic acid","[M - H]-","own",15805.4297378954,1.43799999996,6149.67752994568,39.70900000002,2688.60752857322,3.97609300554655,2.28583062854157,4,"consensus","detected",35,32.1854446726086,2,1.22888267915356,2.05179889935001,1.47032384582362,7557.23219893008,12617.9015873001,9042.01751640483,19423.0188414782,32429.5633399678,23239.1002371174
"2.9","hmgu","neg","propynoic acid","[M - H]-","consensus",NA,NA,NA,NA,NA,NA,NA,0,"consensus","no_data",35,NA,NA,1.22888267915356,NA,NA,NA,NA,NA,NA,NA,NA
"2.9","hmgu","neg","ritalinic acid","[M - H]-","consensus",NA,NA,NA,NA,NA,NA,NA,0,"consensus","no_data",35,NA,NA,1.22888267915356,NA,NA,NA,NA,NA,NA,NA,NA
"2.9","hmgu","neg","thymine","[M - H]-","consensus",NA,NA,NA,NA,NA,NA,NA,0,"consensus","no_data",35,NA,NA,1.22888267915356,NA,NA,NA,NA,NA,NA,NA,NA
"2.9","hmgu","neg","vanillin","[M - H]-","consensus",78.0541994325266,3.94300000001999,9.2083041294643,220.944,6.40972713282645,2.79857699663785,1,4,"consensus","detected",35,203.053978432167,5,1.22888267915356,2.1000926260038,1.79823662153382,11.3159254490769,19.3382916002883,16.5587097078238,95.9194537178294,163.921048656879,140.359919884073
"3.1","hmgu","neg","(3S,5R)-fluvastatin","[M - H]-","own",7787303.70437619,1.41199999997997,2523891.2712005,405.63199999998,71561.4102726792,172.575210813578,35.2664751347584,4,"own","detected",36,396.556063239599,8,1.09433883268647,0.840487633477139,1.01680666528069,2761992.22755313,2121299.40168492,2566309.46700041,8521948.84562206,6545132.4616589,7918182.31117469
"3.1","hmgu","neg","2-Methylheptanoic acid","[M - H]-","consensus",NA,NA,NA,NA,NA,NA,NA,0,"consensus","no_data",36,NA,NA,1.09433883268647,NA,NA,NA,NA,NA,NA,NA,NA
"3.1","hmgu","neg","4-phenylbutyric acid","[M - H]-","own",81438.2320318809,0.703999999979999,57513.3936468681,324.43999999998,49641.2712144652,3.51768360156871,1.15850933218061,2,"own","detected",36,313.899538693862,7,1.09433883268647,1.00563340578945,1.17885521313173,62939.1400673511,57837.3899316093,67799.9639255077,89121.0197778184,81897.006639692,96003.8843790141
"3.1","hmgu","neg","L-thyroxine","[M - H]-","consensus",4753682.17277494,1.29499999998001,2339124.16602202,325.14700000002,51203.2975305487,216.962624539912,45.6788393755705,3,"consensus","detected",36,314.646311825137,7,1.09433883268647,1.00563340578945,1.17689271989946,2559794.40935325,2352301.40164113,2752898.20193221,5202138.99991701,4780461.59344826,5594573.94185468
"3.1","hmgu","neg","lithocholic acid","[M - H]-","consensus",1181613.33554349,16.32999999996,5885.00628206749,503.74699999998,266.002732228167,59.3409532121659,21.9007725223601,4,"consensus","detected",36,491.52993650384,10,1.09433883268647,0.783588545819304,0.877521068015139,6440.19090507028,4611.42351470273,5164.21699791566,1293085.35830543,925898.675319221,1036890.59618705
"3.1","hmgu","neg","taurochenodeoxycholic acid","[M - H]-","own",50877359.369878,10.97500000002,8175163.23895016,364.278,16969.3151202097,655.157040281629,481.722923052704,4,"own","detected",36,355.029559303799,8,1.09433883268647,0.840487633477139,1.09111915478047,8946398.59593406,6871123.60399453,8920077.20347567,55677070.0630023,42761791.3743547,55513261.3531235
"3.1","hmgu","neg","taurodeoxycholic acid","[M - H]-","own",50848919.6865212,10.97500000002,7653461.64745171,355.31500000002,15885.9606058027,839.875661938626,481.722318321405,4,"consensus","detected",36,345.93619479342,8,1.09433883268647,0.840487633477139,1.10703657891602,8375480.28528297,6432639.86797474,8472661.99905994,55645947.4131157,42737888.1721933,56291614.0913421
"3.1","hmgu","neg","undecanedioic acid","[M - H]-","own",2069631.78693569,0.716000000040026,987669.210125794,315.33799999998,39091.2952943591,9.58895052972002,25.2654616261279,4,"own","detected",36,304.245411352803,7,1.09433883268647,1.00563340578945,1.20002588862623,1080844.77048943,993233.151572179,1185228.62154997,2264878.43380602,2081290.86262625,2483611.72424659
"3.2","hmgu","neg","cholic acid","[M - H]-","own",6010440.50053844,1.32199999997999,2646790.50169856,367.788,20865.1854820762,203.095533756728,126.842265957247,4,"own","detected",37,358.586000952076,8,1.2220340289571,0.784270607675482,1.19922508618924,3234468.06059607,2075799.99515682,3174097.56752431,7344962.8206799,4713811.82375461,7207871.02729348
"3.2","hmgu","neg","hexadecanedioic acid","[M - H]-","own",3193325.12830768,1.32299999999998,1434780.58609157,432.45,15304.315376624,26.5476789271343,93.7483319642055,4,"own","detected",37,422.568313559862,9,1.2220340289571,0.968127336407418,0.938188605262993,1753350.70029091,1389050.30714191,1346094.79692367,3902351.97231577,3091545.35075139,2995941.24827825
"3.2","hmgu","neg","hexadecanoic acid","[M - H]-","own",52945.1361353133,1.44199999998,23559.6861671009,589.527,9911.61486619381,5.28099194301467,2.37644475629259,3,"consensus","detected",37,NA,NA,1.2220340289571,NA,NA,28790.7382077471,NA,NA,64700.7580251189,NA,NA
"3.2","hmgu","neg","taurocholic acid","[M - H]-","consensus",14884433.2849261,3.42400000001999,2055536.22660644,320.18299999998,12061.1785898304,138.264851284985,170.414354322569,3,"consensus","detected",37,309.393084456102,7,1.2220340289571,1.47594072150678,1.48258095391504,2511935.21666713,3033849.62138082,3047498.8596491,18189283.9759214,21968541.2017733,22067377.2980505
"3.2","hmgu","neg","tauroursodeoxycholic acid","[M - H]-","own",15383350.9591575,1.40500000001998,7475249.53778472,320.90200000002,20416.6880716242,276.952299446333,366.120722384657,4,"own","detected",37,310.155368479439,7,1.2220340289571,1.47594072150678,1.47731332699495,9135009.31011873,11033025.1962412,11043285.7647822,18798978.3514803,22704914.1138509,22726029.3858039
"3.3","hmgu","neg","(S)-lipoic acid","[M - H]-","consensus",105853.932876067,0.721999999980028,51013.1866693197,332.043,4330.63153208847,25.2965463094256,11.7737770450355,3,"consensus","detected",38,321.902773995406,7,1.06295802520644,2.07882760613685,1.5845923802488,54224.8761615074,106047.620725194,80835.1068884137,112518.287450279,220052.077880925,167735.335454784
"3.3","hmgu","neg","2-hydroxyoctanoic acid","[M - H]-","own",NA,NA,NA,NA,NA,NA,NA,0,"consensus","no_data",38,NA,NA,1.06295802520644,NA,NA,NA,NA,NA,NA,NA,NA
"3.3","hmgu","neg","5-phenylpentanoic acid","[M - H]-","consensus",122358.862944325,0.741999999960001,64003.6406958979,352.72000000002,24428.6454160729,5.47419794430061,2.61980005063424,3,"consensus","detected",38,343.293137260553,8,1.06295802520644,1.14778000046692,1.47658191718256,68033.1835201339,73462.0987478223,94506.6184854124,130062.335321805,140441.055767369,180672.884430609
"3.3","hmgu","neg","estriol","[M - H]-","consensus",14994.2423368659,0.689999999999998,11330.1749366346,284.43199999998,6134.93222908285,7.84228350657577,1.84555138188066,2,"consensus","detected",38,271.147914727723,6,1.06295802520644,2.34688002146536,1.80181196988727,12043.5003758886,26590.5611984953,20414.8448217449,15938.2502238617,35189.6877774007,27016.8053219554
"3.3","hmgu","neg","undecanoic acid","[M - H]-","own",87213.7258866313,0.699999999960028,48211.8384772269,464.22700000002,37384.3695589595,9.59554320311327,1.28936888605285,4,"own","detected",38,453.64098849725,9,1.06295802520644,0.873603134764474,0.888034794857012,51247.1606193248,42118.0132264639,42813.7900918036,92704.5298393491,76190.1843290507,77448.8231764503
"1.1","hmgu","pos","5-hydroxy-L-tryptophan","[M + H]+","consensus",30513.0810652861,2.02100000004,9163.2826156592,40.74700000002,1355.46003108642,4.9159749595874,6.7566482453629,5,"consensus","detected",1,35.9287763599798,2,2.5233105315089,3.88525991678484,3.01301932292454,23121.8075272853,35601.7346527921,27609.1475823997,76993.9788008213,118551.250800563,91936.5028516699
"1.1","hmgu","pos","D-alpha-aminobutyric acid","[M + H]+","consensus",NA,NA,NA,NA,NA,NA,NA,0,"consensus","no_data",1,NA,NA,2.5233105315089,NA,NA,NA,NA,NA,NA,NA,NA
"1.1","hmgu","pos","L-citrulline","[M + H]+","consensus",NA,NA,NA,28.66999999998,2.54316190275807,29.980493933539,17.7690968876895,3,"consensus","below_detection",1,28.2155681763832,1,2.5233105315089,2.51830372913898,NA,NA,NA,NA,NA,NA,NA
"1.1","hmgu","pos","L-citrulline","[M + Na]+","consensus",12144.2094800077,8.49799999998,493.238482138826,28.66999999998,76.3136583597985,12.6670411803825,6.29731887171072,5,"consensus","detected",1,28.2155681763832,1,2.5233105315089,2.51830372913898,NA,1244.59385652636,1242.12430892505,NA,30643.6116777537,30582.8080209483,NA
"1.1","hmgu","pos","L-homoserine","[M + H]+","own",6824.23174127286,25.05,33.8923393983059,27.96700000002,13.7879020261911,3.78371125767535,2.18369901986807,3,"consensus","detected",1,27.6921605474694,1,2.5233105315089,2.51830372913898,NA,85.5208969412193,85.3512046959976,NA,17219.6558222111,17185.488242556,NA
"1.1","hmgu","pos","L-homoserine","[M + Na]+","consensus",NA,NA,NA,NA,NA,NA,NA,0,"consensus","no_data",1,NA,NA,2.5233105315089,NA,NA,NA,NA,NA,NA,NA,NA
"1.1","hmgu","pos","L-lysine","[M + H]+","consensus",6103.74656585104,0.724000000019998,1462.41590036337,22.29799999998,143.753922694445,8.46568477944129,10.11416028399,4,"consensus","detected",1,NA,NA,2.5233105315089,NA,NA,3690.12944283296,NA,NA,15401.6479912732,NA,NA
"1.1","hmgu","pos","L-lysine","[M + Na]+","consensus",3212.45824772301,1.473,1069.26061897596,23.022,294.778881516896,24.4577188827388,3.54436143700932,3,"consensus","detected",1,NA,NA,2.5233105315089,NA,NA,2698.07658078977,NA,NA,8106.0297285121,NA,NA
"1.1","hmgu","pos","L-valine","[M + H]+","consensus",3772.87067981637,16.27900000002,24.3505751971534,34.26400000002,6.08810798926897,6.14751111671649,2.98993777911331,5,"consensus","detected",1,29.3514803877207,1,2.5233105315089,2.51830372913898,NA,61.4440628432766,61.3221443256705,NA,9520.12432040179,9501.23430254067,NA
"1.1","hmgu","pos","N(6)-acetyl-L-lysine","[M + H]+","consensus",68769.6034341314,3.624,1733.20153700175,30.87199999998,1353.31937638222,3.48582373402223,1.27812824042445,4,"consensus","detected",1,29.0156673426805,1,2.5233105315089,2.51830372913898,NA,4373.40569154393,4364.72789398091,NA,173527.064593034,173182.748779582,NA
"1.1","hmgu","pos","N(6)-acetyl-L-lysine","[M + Na]+","consensus",18877.1930735578,5.00200000002,161.723986089011,30.87199999998,57.3501121993706,7.41898646649042,2.69057886209705,4,"consensus","detected",1,29.0156673426805,1,2.5233105315089,2.51830372913898,NA,408.079837296001,407.270117259176,NA,47633.0200878353,47538.5057128171,NA
"1.1","hmgu","pos","N-acetyl-L-cysteine","[M + H]+","consensus",NA,NA,NA,91.96699999998,1.56137360949573,10.5390597367468,12.9573172197469,5,"consensus","below_detection",1,106.018871635117,2,2.5233105315089,3.88525991678484,2.94479247474807,NA,NA,NA,NA,NA,NA
"1.1","hmgu","pos","N-alpha-acetyl-L-asparagine","[M + H]+","consensus",9512.60808031059,0.734999999999999,3041.2607604933,37.14100000002,246.79009343237,20.803419105996,12.238973207468,2,"consensus","detected",1,30.8160768427801,1,2.5233105315089,2.51830372913898,3.01865480146316,7674.04530601751,7658.81831443431,9180.51639716459,24003.2641511644,23955.6364024837,28715.2800560668
"1.1","hmgu","pos","O(4)-phospho-L-tyrosine","[M + H]+","consensus",38215.6195941112,0.734999999999999,10614.863453909,37.87600000002,1582.28929545704,12.8446455559551,6.70043009125625,3,"consensus","detected",1,31.6100536742567,1,2.5233105315089,2.51830372913898,3.01773705206601,26784.5967437775,26731.4502202801,32032.8667474825,96429.8753899587,96238.5373352068,115324.691216809
"1.1","hmgu","pos","alpha-D-glucosamine 6-phosphate","[M + H]+","consensus",7787.07223827499,14.11900000002,111.015199355214,27.96700000002,62.8374825560068,4.73917525243451,1.69128392449611,3,"consensus","detected",1,27.6921605474694,1,2.5233105315089,2.51830372913898,NA,280.125821690572,279.569990527342,NA,19649.2013884599,19610.2130567225,NA
"1.1","hmgu","pos","alpha-D-glucosamine 6-phosphate","[M + K]+","consensus",7787.07223827499,14.11900000002,111.015199355214,27.96700000002,62.8374825560068,4.73917525243451,1.69128392449611,3,"consensus","detected",1,27.6921605474694,1,2.5233105315089,2.51830372913898,NA,280.125821690572,279.569990527342,NA,19649.2013884599,19610.2130567225,NA
"1.1","hmgu","pos","alpha-D-glucosamine 6-phosphate","[M + Na]+","consensus",NA,NA,NA,28.66999999998,3.92481973101328,11.536561683195,10.6100340520618,3,"consensus","below_detection",1,28.2155681763832,1,2.5233105315089,2.51830372913898,NA,NA,NA,NA,NA,NA,NA
"1.1","hmgu","pos","carnosine","[M + H]+","consensus",53505.4661390515,8.574,9020.93187073528,29.37400000002,629.701089311527,27.8466433346298,14.2815144836943,4,"consensus","detected",1,28.5897929247733,1,2.5233105315089,2.51830372913898,NA,22762.6123934506,22717.4463703813,NA,135010.906201962,134743.014907293,NA
"1.1","hmgu","pos","glutathione","[M + H]+","consensus",167299.617660447,1.47700000002,63768.0338576758,37.14100000002,44465.2509344962,4.96492607173468,1.43399773062197,3,"consensus","detected",1,30.8160768427801,1,2.5233105315089,2.51830372913898,3.01865480146316,160906.55140669,160587.277463645,192493.681584338,422148.887160018,421311.251037829,505019.794133659
"1.1","hmgu","pos","glutathione","[M + K]+","consensus",3660.90770851233,1.43200000002,1172.88574413059,36.399,326.034809537653,7.67505534982047,3.57388430527753,4,"consensus","detected",1,30.2182674008958,1,2.5233105315089,2.51830372913898,3.01935749690629,2959.55495042137,2953.68254329801,3541.36136455521,9237.60697577128,9219.27753438022,11053.5891351787
"1.1","hmgu","pos","guanosine 5'-monophosphate","[M + H]+","consensus",56778.3446666891,17.59600000002,565.22422963901,42.795,74.9759552011713,9.74285542366533,7.40879356221483,5,"consensus","detected",1,38.8925847972757,2,2.5233105315089,3.88525991678484,3.01000004700532,1426.23625131212,2196.04304341204,1701.32495778197,143269.395059099,220598.626674882,170902.820115618
"1.1","hmgu","pos","homocystine","[M + H]+","consensus",235967.00165681,0.664999999980001,97386.579245756,25.90300000002,54502.0290239455,4.94107678281352,1.78675252853777,4,"consensus","detected",1,NA,NA,2.5233105315089,NA,NA,245736.581038442,NA,NA,595418.020369207,NA,NA
"1.1","hmgu","pos","sarcosine","[M + H]+","consensus",NA,NA,NA,NA,NA,NA,NA,0,"consensus","no_data",1,NA,NA,2.5233105315089,NA,NA,NA,NA,NA,NA,NA,NA
"1.2","hmgu","pos","(2R)-2-acetamidopropanoic acid","[M + H]+","consensus",NA,NA,NA,NA,NA,NA,NA,0,"consensus","no_data",2,NA,NA,2.30734967583226,NA,NA,NA,NA,NA,NA,NA,NA
"1.2","hmgu","pos","Acetylcarnosine","[M + H]+","consensus",74317.542276895,0.68000000004,41484.1322350303,27.95200000002,13576.1532801752,3.85690725197492,3.0553776516615,3,"consensus","detected",2,27.6791589316193,1,2.30734967583226,2.95780721084043,NA,95718.39906468,122702.065460231,NA,171476.557081244,219816.962438539,NA
"1.2","hmgu","pos","D-erythronic acid","[M + Na]+","consensus",NA,NA,NA,25.91299999998,3.83198951790966,17.8813941050419,12.5000215463925,3,"consensus","below_detection",2,NA,NA,2.30734967583226,NA,NA,NA,NA,NA,NA,NA,NA
"1.2","hmgu","pos","L-alpha-aminobutyric acid","[M + H]+","consensus",2919.46415004863,0.687000000000001,750.552281651891,25.91299999998,81.048972183404,12.0295461536278,9.11205553387001,3,"consensus","detected",2,NA,NA,2.30734967583226,NA,NA,1731.78656376466,NA,NA,6736.22466021862,NA,NA
"1.2","hmgu","pos","L-homocitrulline","[M + H]+","consensus",22810.7673166665,0.687000000000001,8445.84009193314,26.59999999998,1519.6144953029,9.87705724533771,5.55138363102169,3,"consensus","detected",2,NA,NA,2.30734967583226,NA,NA,19487.5063982531,NA,NA,52632.4165735957,NA,NA
"1.2","hmgu","pos","L-homocitrulline","[M + Na]+","consensus",4594.62602405927,0.687000000000001,2783.58634426041,25.91299999998,443.003725681362,7.65045077837567,6.26616827931301,2,"consensus","detected",2,NA,NA,2.30734967583226,NA,NA,6422.70704908038,NA,NA,10601.4088671836,NA,NA
"1.2","hmgu","pos","L-tryptophan","[M + H]+","consensus",NA,NA,NA,136.635,-0.251686664758038,9.41704574595474,5.22589006350287,3,"consensus","below_detection",2,125.732488206282,3,2.30734967583226,1.39347808599093,2.24833577367744,NA,NA,NA,NA,NA,NA
"1.2","hmgu","pos","N(4)-acetylcytidine","[M + H]+","consensus",NA,NA,NA,NA,NA,NA,NA,0,"consensus","no_data",2,NA,NA,2.30734967583226,NA,NA,NA,NA,NA,NA,NA,NA
"1.2","hmgu","pos","N(4)-acetylcytidine","[M + K]+","consensus",NA,NA,NA,113.37,2.06434962957567,9.39033713888784,6.47086155302563,4,"consensus","below_detection",2,117.609195079305,3,2.30734967583226,1.39347808599093,2.27995859948819,NA,NA,NA,NA,NA,NA
"1.2","hmgu","pos","N(4)-acetylcytidine","[M + Na]+","consensus",NA,NA,NA,NA,NA,NA,NA,0,"consensus","no_data",2,NA,NA,2.30734967583226,NA,NA,NA,NA,NA,NA,NA,NA
"1.2","hmgu","pos","N-acetyl-L-aspartic acid","[M + H]+","consensus",2077.03312271807,1.41999999996001,996.191997645819,39.17899999998,654.917688915162,3.41195721767963,1.51588521310614,3,"consensus","detected",2,33.4250192453393,2,2.30734967583226,2.73789256409259,2.68541307177677,2298.56328283478,2727.46666276303,2675.18701247749,4792.44170239642,5686.69354206382,5577.69189826043
"1.2","hmgu","pos","N-acetyl-L-glutamine","[M + H]+","consensus",7319.1748111261,0.709000000019998,3675.08140479942,37.74,223.688080087323,23.1355107749223,16.3260639216844,3,"consensus","detected",2,31.4479819166515,1,2.30734967583226,2.95780721084043,2.69605965909907,8479.69788802113,10870.1822795413,9908.23871938487,16887.8956278115,21648.7080337504,19732.9319461712
"1.2","hmgu","pos","N-acetyl-L-glutamine","[M + Na]+","consensus",NA,NA,NA,NA,NA,NA,NA,0,"consensus","no_data",2,NA,NA,2.30734967583226,NA,NA,NA,NA,NA,NA,NA,NA
"1.2","hmgu","pos","N-acetylglycine","[M + H]+","consensus",590.071716943368,1.40000000004,87.2497862734854,37.74,35.5744589299016,3.1930578390984,2.362839266228,3,"consensus","detected",2,31.4479819166515,1,2.30734967583226,2.95780721084043,2.69605965909907,201.315766074561,258.068046984002,235.23062903696,1361.50178480707,1745.31837928809,1590.86855202634
"1.2","hmgu","pos","N-carbamoylglutamic acid","[M + H]+","consensus",4427.54950088513,1.40000000004,1685.10807704788,38.44900000002,1681.95984185354,3.14823519434412,1,4,"consensus","detected",2,32.356492133396,1,2.30734967583226,2.95780721084043,2.6911898861581,3888.13357531876,4984.22482133768,4534.94581403459,10215.9049055986,13095.837840071,11915.3764372464
"1.2","hmgu","pos","N-carbamoylglutamic acid","[M + Na]+","consensus",4792.82422850039,2.13,1322.67443096823,38.44900000002,1319.45725121892,3.21717974931335,1,5,"consensus","detected",2,32.356492133396,1,2.30734967583226,2.95780721084043,2.6911898861581,3051.87241952617,3912.2159695121,3559.56805130163,11058.7214299514,14176.2500633492,12898.4000898738
"1.2","hmgu","pos","folic acid","[M + H]+","consensus",NA,NA,NA,NA,NA,NA,NA,0,"consensus","no_data",2,NA,NA,2.30734967583226,NA,NA,NA,NA,NA,NA,NA,NA
"1.2","hmgu","pos","folic acid","[M + K]+","consensus",NA,NA,NA,NA,NA,NA,NA,0,"consensus","no_data",2,NA,NA,2.30734967583226,NA,NA,NA,NA,NA,NA,NA,NA
"1.2","hmgu","pos","folic acid","[M + Na]+","consensus",1882.71486301445,0.679000000019983,1002.55280889466,194.271,997.408661480075,5.14414741458404,1,3,"consensus","detected",2,174.807707713576,3,2.30734967583226,1.39347808599093,2.02696729032463,2313.23989860782,1397.03536924336,2032.14175045256,4344.08152886098,2623.52190378005,3816.20144433831
"1.2","hmgu","pos","kynurenine","[M + H]+","consensus",11605.9979529946,2.05000000002,3746.37220515251,54.42400000002,628.210062750012,15.6171313787017,5.93870632610101,5,"consensus","detected",2,47.1886546850542,2,2.30734967583226,2.73789256409259,2.60840676028302,8644.19069310565,10257.1646028102,9772.06258645623,26779.095614552,31775.9754943778,30273.163520422
"1.2","hmgu","pos","kynurenine","[M + Na]+","consensus",1094.92499386754,1.35400000002,268.931947490855,54.42400000002,265.246428538911,3.68551895194469,1,5,"consensus","detected",2,47.1886546850542,2,2.30734967583226,2.73789256409259,2.60840676028302,620.520041863964,736.306779282152,701.483909891225,2526.37482966091,2997.78699894907,2856.00975600694
"1.3","hmgu","pos","2-aminoisobutyric acid","[M + H]+","own",4215.21017755015,1.48399999998,1160.08189894528,26.65999999998,238.808538528898,5.73368380526927,4.83378116314851,4,"consensus","detected",3,NA,NA,2.78946372558748,NA,NA,3236.0063758185,NA,NA,11758.1758860033,NA,NA
"1.3","hmgu","pos","D-alanine","[M + H]+","consensus",220.652829749018,0.751999999980001,116.991972709415,25.15600000002,11.4928138483303,25.5179983531954,7.95923222662383,3,"consensus","detected",3,NA,NA,2.78946372558748,NA,NA,326.344864057833,NA,NA,615.503064533115,NA,NA
"1.3","hmgu","pos","D-asparagine","[M + H]+","consensus",NA,NA,NA,NA,NA,NA,NA,0,"consensus","no_data",3,NA,NA,2.78946372558748,NA,NA,NA,NA,NA,NA,NA,NA
"1.3","hmgu","pos","D-asparagine","[M + Na]+","consensus",NA,NA,NA,NA,NA,NA,NA,0,"consensus","no_data",3,NA,NA,2.78946372558748,NA,NA,NA,NA,NA,NA,NA,NA
"1.3","hmgu","pos","L-arginine","[M + H]+","own",69129.1880332781,1.41,19405.8083981304,24.43900000002,4205.21796450624,8.55575943223539,4.61266283993338,4,"own","detected",3,NA,NA,2.78946372558748,NA,NA,54131.7985922856,NA,NA,192833.362398145,NA,NA
"1.3","hmgu","pos","L-arginine","[M + Na]+","consensus",NA,NA,NA,60.72,-1.8516110780034,40.8463512236394,19.4974113271489,3,"consensus","below_detection",3,59.8244946603018,2,2.78946372558748,2.65968516200343,2.95166444085893,NA,NA,NA,NA,NA,NA
"1.3","hmgu","pos","L-cysteine","[M + H]+","consensus",1464.89431316342,2.23599999996,441.181859871991,25.908,363.951021769931,3.24638821784629,1.20328133583585,4,"consensus","detected",3,NA,NA,2.78946372558748,NA,NA,1230.66079450014,NA,NA,4086.26954838874,NA,NA
"1.3","hmgu","pos","L-dopa","[M + H]+","consensus",3728.90537342699,1.44499999998,1739.62742829635,30.918,337.258320314071,7.59996483429768,5.13561077410666,3,"consensus","detected",3,29.0228928544782,1,2.78946372558748,3.09523002009598,NA,4852.6276072697,5384.54703984524,NA,10401.6462753228,11541.8198539284,NA
"1.3","hmgu","pos","L-ornithine","[M + H]+","consensus",796.418837699763,24.17300000004,80.014088279208,23.05099999998,75.4340226095672,2.96665826286346,1.02138832520079,4,"consensus","detected",3,NA,NA,2.78946372558748,NA,NA,223.196396790805,NA,NA,2221.58145813803,NA,NA
"1.3","hmgu","pos","L-ornithine","[M + Na]+","consensus",NA,NA,NA,23.74600000002,0.976266844453018,26.4871358695386,30.3174622080865,4,"consensus","below_detection",3,NA,NA,2.78946372558748,NA,NA,NA,NA,NA,NA,NA,NA
"1.3","hmgu","pos","N(2)-acetyl-L-lysine","[M + H]+","consensus",76255.9943906309,1.48399999998,34188.6367196125,26.65999999998,9181.26829400204,4.59722491766934,3.72323718249544,3,"consensus","detected",3,NA,NA,2.78946372558748,NA,NA,95367.9619566471,NA,NA,212713.330211267,NA,NA
"1.3","hmgu","pos","N(2)-acetyl-L-lysine","[M + Na]+","consensus",1358.84590550229,2.16100000002,359.52856170365,28.06900000002,353.123606743816,6.40495495983396,1,4,"consensus","detected",3,27.7784677258059,1,2.78946372558748,3.09523002009598,NA,1002.89188118497,1112.82359726707,NA,3790.45136206171,4205.9406393952,NA
"1.3","hmgu","pos","N-acetyl-L-glutamic acid","[M + H]+","consensus",NA,NA,NA,NA,NA,NA,NA,0,"consensus","no_data",3,NA,NA,2.78946372558748,NA,NA,NA,NA,NA,NA,NA,NA
"1.3","hmgu","pos","N-acetyl-beta-neuraminic acid","[M + Na]+","consensus",4771.65499373017,NA,4014.90365555101,38.00500000002,14.8718325097536,206.723907865053,256.06661083551,2,"consensus","detected",3,31.7694818827931,1,2.78946372558748,3.09523002009598,2.98023542844162,11199.4281088881,12427.0503224546,11965.3581160529,13310.3585160286,14769.3697821345,14220.655264615
"1.3","hmgu","pos","N-carbamoylaspartic acid","[M + H]+","consensus",2343.30446884382,NA,1014.93971009984,38.00500000002,173.635353114345,11.7312610888175,5.77767390693975,2,"consensus","detected",3,31.7694818827931,1,2.78946372558748,3.09523002009598,2.98023542844162,2831.13750498177,3141.47185928854,3024.75928177181,6536.56281384687,7253.06633819046,6983.59899767393
"1.3","hmgu","pos","UDP","[M + H]+","consensus",14774.7219697971,9.52900000002,688.721520047775,43.722,45.8870646812605,21.4393888851578,14.5418351728897,5,"consensus","detected",3,39.8973037596462,2,2.78946372558748,2.65968516200343,2.97116667497928,1921.16369720474,1831.78240762351,2046.30642870702,41213.5509903894,39296.1087957954,43898.1615487454
"1.3","hmgu","pos","guanosine","[M + H]+","consensus",NA,NA,NA,NA,NA,NA,NA,0,"consensus","no_data",3,NA,NA,2.78946372558748,NA,NA,NA,NA,NA,NA,NA,NA
"1.3","hmgu","pos","guanosine","[M + Na]+","consensus",NA,NA,NA,65.19199999998,-1.67934013593642,1221.61796302241,724.377657262443,5,"consensus","below_detection",3,69.5887931362853,2,2.78946372558748,2.65968516200343,2.93934815928066,NA,NA,NA,NA,NA,NA
"1.3","hmgu","pos","isocitric acid","[M + Na]+","consensus",3593.06744322725,16.29499999998,91.6800092862504,42.28900000002,87.586204120194,4.09380516605643,1,5,"consensus","detected",3,38.2472402821578,2,2.78946372558748,2.65968516200343,2.97286670499015,255.738060265519,243.839960350977,272.552447120282,10022.7312964718,9556.42816482911,10681.7105707544
"1.3","hmgu","pos","thiamine(1+) diphosphate","[M + H]+","consensus",53750.1484590565,10.14700000002,3566.83432323652,40.88200000002,82.0002999965788,196.912018467227,41.096463121597,5,"consensus","detected",3,36.1448521730674,2,2.78946372558748,2.65968516200343,2.97512345510559,9949.55495984863,9486.65632483671,10611.7724555367,149934.08937148,142958.472312034,159913.327395947
"1.4","hmgu","pos","2'-deoxyadenosine 5'-monophosphate","[M + H]+","consensus",107708.404994693,0.683999999999997,73033.1790454752,39.723,73028.8947464777,4.28429899748153,1,2,"consensus","detected",4,34.2776588131747,2,2.10926016797519,2.72289123164471,2.52006920083846,154045.975501221,198861.402842062,184048.665151823,227185.048411446,293278.271534486,271432.634098562
"1.4","hmgu","pos","2'-deoxyguanosine 5'-monophosphate","[M + H]+","consensus",66004.0667157586,0.673999999980005,29749.2658662426,40.407,7050.56842330365,7.47033746556144,4.21835428622662,3,"consensus","detected",4,35.3804050839696,2,2.10926016797519,2.72289123164471,2.51473068587912,62748.9415181696,81004.0151750591,74811.3917562165,139219.748847927,179721.894513231,165982.451962931
"1.4","hmgu","pos","2'-deoxyguanosine 5'-monophosphate","[M + Na]+","consensus",4698.67518271563,1.428,1721.42918394064,41.08099999998,345.788433034282,8.47996073135073,4.95374934371926,3,"consensus","detected",4,36.4606182890906,2,2.10926016797519,2.72289123164471,2.50951004179817,3630.94200967604,4687.26443084927,4319.94382334347,9910.72840515565,12793.981455363,11791.3725541727
"1.4","hmgu","pos","D-arabinitol","[M + H]+","consensus",NA,NA,NA,NA,NA,NA,NA,0,"consensus","no_data",4,NA,NA,2.10926016797519,NA,NA,NA,NA,NA,NA,NA,NA
"1.4","hmgu","pos","D-arabinitol","[M + Na]+","consensus",6447.1534007458,2.955,2171.33101915836,26.16,2167.44271528491,3.88830387345251,1,4,"consensus","detected",4,NA,NA,2.10926016797519,NA,NA,4579.90203019971,NA,NA,13598.7238650189,NA,NA
"1.4","hmgu","pos","D-lysine","[M + H]+","consensus",8548.82345859075,0.674000000040003,1909.04517331286,23.28199999998,848.059599994905,4.32194321121187,2.24597803045103,3,"consensus","detected",4,NA,NA,2.10926016797519,NA,NA,4026.67294293412,NA,NA,18031.6928042574,NA,NA
"1.4","hmgu","pos","D-lysine","[M + Na]+","consensus",2355.41995057995,1.40300000004,1069.92920080723,23.95600000002,121.985232599354,12.8975833110303,8.665242463962,3,"consensus","detected",4,NA,NA,2.10926016797519,NA,NA,2256.75904581622,NA,NA,4968.19348061239,NA,NA
"1.4","hmgu","pos","L-homoarginine","[M + H]+","own",2025.67637877285,34.26999999996,28.9985547896522,59.35999999998,10.2917985692035,4.04160329151182,2.42493586814066,5,"own","detected",4,56.6806224616015,2,2.10926016797519,2.72289123164471,2.41349996371173,61.1654965466597,78.9599105671126,69.9880109325181,4272.67849895381,5515.69644991039,4888.96986665998
"1.4","hmgu","pos","L-homoarginine","[M + Na]+","consensus",NA,NA,NA,38.36299999998,-0.0243240504476892,6.61853776850148,4.38745929648203,4,"consensus","below_detection",4,32.2385025039663,1,2.10926016797519,2.26099666465797,2.52996453091989,NA,NA,NA,NA,NA,NA
"1.4","hmgu","pos","N(2)-phenylacetyl-L-glutamine","[M + H]+","consensus",NA,NA,NA,NA,NA,NA,NA,0,"consensus","no_data",4,NA,NA,2.10926016797519,NA,NA,NA,NA,NA,NA,NA,NA
"1.4","hmgu","pos","N(2)-phenylacetyl-L-glutamine","[M + K]+","consensus",172855.658383158,1.452,85110.0292809614,193.446,5928.03015474192,11.3646812564371,14.3553022468405,4,"consensus","detected",4,173.888047846209,3,2.10926016797519,2.11843119615359,1.93031297584167,179519.194657534,180299.741134334,164288.993895304,364597.555036723,366182.81915055,333665.520324664
"1.4","hmgu","pos","N(2)-phenylacetyl-L-glutamine","[M + Na]+","consensus",110509.28818423,1.452,54633.4419004818,193.446,6324.67298094427,11.2662041109679,8.63636362875093,4,"consensus","detected",4,173.888047846209,3,2.10926016797519,2.11843119615359,1.93031297584167,115236.142840073,115737.187675225,105459.641815392,233092.839758288,234106.3235542,213317.512933045
"1.4","hmgu","pos","N-acetyl-L-serine","[M + H]+","consensus",1519.60461023016,0.740999999999993,475.153392544602,37.62199999998,418.612469737786,2.68196695876827,1.12866065810649,3,"consensus","detected",4,31.3126196400782,1,2.10926016797519,2.26099666465797,2.53446748336644,1002.22212457261,1074.32023574426,1204.26082301554,3205.24147542995,3435.82095532927,3851.38847220208
"1.4","hmgu","pos","N-acetyl-L-serine","[M + K]+","consensus",10102.9047565312,12.20299999998,2665.13191849395,38.36299999998,1949.52504846842,3.45705748670389,1.36529400486457,3,"consensus","detected",4,32.2385025039663,1,2.10926016797519,2.26099666465797,2.52996453091989,5621.4565980786,6025.85437858832,6742.68922401217,21309.6545837984,22842.6339578742,25559.9906932858
"1.4","hmgu","pos","N-benzoylglycine","[M + H]+","consensus",7598.26679234412,1.37500000002001,3094.98656176308,183.07600000002,3091.97960606545,3.00695569763002,1,4,"consensus","detected",4,162.604564859767,3,2.10926016797519,2.11843119615359,1.97389862983097,6528.13187514536,6556.51608411505,6109.18973360942,16026.7214907401,16096.4054095996,14998.2084104982
"1.4","hmgu","pos","N-benzoylglycine","[M + Na]+","consensus",7626.82254005068,1.37500000002001,3284.10216241851,182.38099999998,1209.08943614711,7.98911354266238,2.70957048414511,4,"consensus","detected",4,161.871093161682,3,2.10926016797519,2.11843119615359,1.9767890776535,6927.02587875057,6957.14447222283,6491.97728456716,16086.9529919443,16156.8987963707,15076.6194943737
"1.4","hmgu","pos","O-phospho-L-serine","[M + H]+","consensus",10102.9047565312,41.346,44.9917446315339,48.65599999998,41.8854081886814,3.10633644285258,1,5,"consensus","detected",4,42.8824503471323,2,2.10926016797519,2.72289123164471,2.47865776519712,94.8992948390062,122.507626953601,111.519137200717,21309.6545837984,27509.1107757004,25041.643325823
"1.4","hmgu","pos","O-phosphoethanolamine","[M + Na]+","consensus",1001.9096442861,NA,716.212194733065,25.449,47.2274951091892,24.4632309842923,14.6471660660694,3,"consensus","detected",4,NA,NA,2.10926016797519,NA,NA,1510.67785416855,NA,NA,2113.28810460287,NA,NA
"1.4","hmgu","pos","citric acid","[M + H]+","consensus",919.148536431765,NA,482.008085068937,39.723,478.843717972056,3.16436709688105,1,3,"consensus","detected",4,34.2776588131747,2,2.10926016797519,2.72289123164471,2.52006920083846,1016.68045447791,1312.45558841606,1214.69372973735,1938.72339634822,2502.74149042912,2316.31791765744
"1.4","hmgu","pos","creatine","[M + H]+","consensus",21195.2464762377,3.633,601.010602866481,29.082,113.065623243353,4.81281892443667,5.27302434497565,4,"consensus","detected",4,28.4509484353168,1,2.10926016797519,2.26099666465797,NA,1267.68772515703,1358.88296850519,NA,44706.2891427448,47922.381589377,NA
"1.4","hmgu","pos","creatine","[M + Na]+","consensus",1970.35345547521,12.003,158.581797201594,40.407,27.7706570614455,6.52019518510087,5.4756213250569,3,"consensus","detected",4,35.3804050839696,2,2.10926016797519,2.72289123164471,2.51473068587912,334.490268203242,431.800985098679,398.790511644707,4155.98806046615,5365.0581471543,4954.90829651146
"1.4","hmgu","pos","glutathione disulfide","[M + H]+","consensus",170252.654046626,2.78500000001999,8531.11405159923,40.407,1703.90776831861,6.36745290260296,5.00305636091366,4,"consensus","detected",4,35.3804050839696,2,2.10926016797519,2.72289123164471,2.51473068587912,17994.3390574917,23229.2956472605,21453.4542902911,359107.141672609,463579.458867798,428139.573483412
"1.4","hmgu","pos","glycine","[M + H]+","own",NA,NA,NA,672.74800000002,6.98313741269914,2.49855286822014,1,1,"consensus","below_detection",4,NA,NA,2.10926016797519,NA,NA,NA,NA,NA,NA,NA,NA
"1.4","hmgu","pos","uridine","[M + H]+","consensus",NA,NA,NA,104.11999999998,4.19843680051956,18.4027820209189,8.46522206357204,3,"consensus","below_detection",4,113.733656565068,3,2.10926016797519,2.11843119615359,2.17024446637568,NA,NA,NA,NA,NA,NA
"1.4","hmgu","pos","uridine","[M + Na]+","consensus",NA,NA,NA,NA,NA,NA,NA,0,"consensus","no_data",4,NA,NA,2.10926016797519,NA,NA,NA,NA,NA,NA,NA,NA
"1.5","hmgu","pos","(2R)-2-amino-3-methoxypropanoic acid","[M + H]+","consensus",3603.41595556497,3.534,33.2480954714902,29.04100000002,8.31121846464245,4.22649652713517,3.49185851242132,4,"consensus","detected",5,28.429662304062,1,1.97460177634127,2.5717628565706,NA,65.6517483779687,85.5062169852916,NA,7115.31154675507,9267.13131129584,NA
"1.5","hmgu","pos","3-amino-L-alanine","[M + H]+","own",1185.90979816412,2.12599999998,327.438602710513,23.39500000002,95.9430036182766,3.20061067875019,3.37948552582105,4,"own","detected",5,NA,NA,1.97460177634127,NA,NA,646.560846554882,NA,NA,2341.69959403539,NA,NA
"1.5","hmgu","pos","3-amino-L-alanine","[M + Na]+","consensus",882.046337420562,0.717000000000002,78.7541008133119,23.39500000002,36.9946869560683,7.37035602688411,1.9295674773839,2,"consensus","detected",5,NA,NA,1.97460177634127,NA,NA,155.507987360125,NA,NA,1741.69026468595,NA,NA
"1.5","hmgu","pos","D-arginine","[M + H]+","consensus",79905.1645710746,9.18799999998,7643.62394935935,31.209,3207.30078680744,3.88901239995221,2.38198268412611,5,"consensus","detected",5,29.0629152249505,1,1.97460177634127,2.5717628565706,NA,15093.1134280896,19657.5881625558,NA,157780.879900885,205497.134292051,NA
"1.5","hmgu","pos","D-arginine","[M + Na]+","consensus",NA,NA,NA,33.27700000002,-1.17090235573451,43.2185795258774,16.297329520823,3,"consensus","below_detection",5,29.2204878899799,1,1.97460177634127,2.5717628565706,NA,NA,NA,NA,NA,NA,NA
"1.5","hmgu","pos","L-alanine","[M + H]+","own",1655.16336776201,1.419,620.027953325564,42.49900000002,51.1187395267127,17.6393372888606,11.784105430102,5,"own","detected",5,38.52400000002,2,1.97460177634127,2.93387122597733,2.68957930657445,1224.3082980179,1819.08217156348,1667.61435276215,3268.28852611786,4856.03617896869,4451.69314293278
"1.5","hmgu","pos","L-cystine","[M + H]+","consensus",213478.39019637,1.35400000002,73178.3727226097,24.84,20896.0185852636,5.81724859312908,3.50174628604225,4,"consensus","detected",5,NA,NA,1.97460177634127,NA,NA,144498.144767829,NA,NA,421534.808492227,NA,NA
"1.5","hmgu","pos","L-glutamic acid","[M + H]+","consensus",3828.27055674508,1.41099999996,596.288127442524,26.19400000002,151.668393660696,4.78279869025027,3.89999072631808,5,"consensus","detected",5,NA,NA,1.97460177634127,NA,NA,1177.43159565922,NA,NA,7559.30984166382,NA,NA
"1.5","hmgu","pos","L-glutamine","[M + H]+","consensus",3891.25216800074,1.35400000002,1263.36152064478,25.50700000002,636.580358420838,2.76214637995599,1.98026746755426,4,"consensus","detected",5,NA,NA,1.97460177634127,NA,NA,2494.63590282639,NA,NA,7683.67344312608,NA,NA
"1.5","hmgu","pos","L-glutamine","[M + Na]+","consensus",3891.25216800074,1.35400000002,1263.36152064478,25.50700000002,636.580358420838,2.76214637995599,1.98026746755426,4,"consensus","detected",5,NA,NA,1.97460177634127,NA,NA,2494.63590282639,NA,NA,7683.67344312608,NA,NA
"1.5","hmgu","pos","L-serine","[M + H]+","consensus",NA,NA,NA,49.23700000002,3.2348341057447,6.84720337814269,2.74824747156278,4,"consensus","below_detection",5,43.1406804644871,2,1.97460177634127,2.93387122597733,2.65074315249794,NA,NA,NA,NA,NA,NA
"1.5","hmgu","pos","N,N,N-trimethylglycinium","[M + H]+","consensus",118.044672952263,5.40799999998001,25.4683084744356,408.21199999998,5.10097941956245,7.82407826849453,3.45898870681085,4,"consensus","detected",5,401.171356942793,8,1.97460177634127,2.06302765669658,1.987982748622,50.289767154028,52.5418247520405,50.6305578837615,233.091220899163,243.529425026221,234.670773395825
"1.5","hmgu","pos","N-acetyl-L-alanine","[M + H]+","own",2301.39439802349,NA,263.848905838508,41.77900000002,61.298138439805,10.6384008529021,4.13080252403194,3,"consensus","detected",5,37.5275291722385,2,1.97460177634127,2.93387122597733,2.69797094871886,520.996518154418,774.098712845199,711.856682803554,4544.33746639903,6751.99480398652,6209.09522741171
"1.5","hmgu","pos","N-acetyl-L-alanine","[M + Na]+","consensus",2623.01152679142,1.419,943.428874740023,42.49900000002,939.781351551689,3.64752318833462,1,5,"consensus","detected",5,38.52400000002,2,1.97460177634127,2.93387122597733,2.68957930657445,1862.8963319133,2767.89882935592,2537.42677872559,5179.40322016596,7695.5780438602,7054.79752336446
"1.5","hmgu","pos","N-acetyl-L-tyrosine","[M + H]+","consensus",8424.84919757784,1.39300000001998,3075.88053302603,155.21500000002,749.450673309917,5.4991664999875,4.09684249527169,5,"consensus","detected",5,136.84654711346,3,1.97460177634127,1.75092572216362,2.0180672996536,6073.63916432673,5385.63834357762,6207.33392134091,16635.7221909445,14751.2851653886,17001.9126701447
"1.5","hmgu","pos","alpha-D-glucose 1-phosphate","[M + Na]+","consensus",7961.78286327831,12.87199999998,1161.216308256,38.379,309.003752903075,3.95522184235233,3.7451360235636,3,"consensus","detected",5,32.2603076083561,1,1.97460177634127,2.5717628565706,2.74220129360657,2292.93978499875,2986.37297001681,3184.28886265665,15721.3505846728,20475.8174398595,21832.8112670964
"1.5","hmgu","pos","cysteic acid","[M + H]+","consensus",3313.45782142252,0.733000000020006,1201.1926105992,38.379,143.633779369121,8.90909049722814,8.30085739816086,3,"consensus","detected",5,32.2603076083561,1,1.97460177634127,2.5717628565706,2.74220129360657,2371.87706261719,3089.18253952609,3293.91193065578,6542.75970001278,8521.42775194777,9086.16832421566
"1.5","hmgu","pos","cysteic acid","[M + K]+","consensus",1453.9116784013,0.733000000020006,363.632057317125,38.379,104.531577782799,8.65316530392192,3.39590102381116,3,"consensus","detected",5,32.2603076083561,1,1.97460177634127,2.5717628565706,2.74220129360657,718.028506313026,935.175418466533,997.15229797184,2870.89658281452,3739.11605124668,3986.91848530175
"1.5","hmgu","pos","cytidine","[M + H]+","consensus",20716.5380206642,7.77,89.762574055494,31.902,86.2042309506942,3.55834310479986,1,5,"consensus","detected",5,29.1280244018785,1,1.97460177634127,2.5717628565706,NA,177.245338178943,230.848053866087,NA,40906.912775245,53278.0229982768,NA
"1.6","hmgu","pos","(6S)-5-formyltetrahydrofolic acid","[M + H]+","consensus",1341.27294663698,2.07000000000002,451.012857480004,184.14499999998,31.4961400872149,27.8343166918294,13.4358857820789,5,"consensus","detected",6,163.739170213064,3,2.23467183613034,1.33809375417402,2.02124578658544,1007.86573034323,603.497487646169,911.607837877317,2997.30487841321,1794.74895253752,2711.04229205103
"1.6","hmgu","pos","(6S)-5-formyltetrahydrofolic acid","[M + K]+","consensus",1341.27294663698,2.07000000000002,451.012857480004,184.14499999998,31.4961400872149,27.8343166918294,13.4358857820789,5,"consensus","detected",6,163.739170213064,3,2.23467183613034,1.33809375417402,2.02124578658544,1007.86573034323,603.497487646169,911.607837877317,2997.30487841321,1794.74895253752,2711.04229205103
"1.6","hmgu","pos","(6S)-5-formyltetrahydrofolic acid","[M + Na]+","consensus",1341.27294663698,2.07000000000002,451.012857480004,184.14499999998,31.4961400872149,27.8343166918294,13.4358857820789,5,"consensus","detected",6,163.739170213064,3,2.23467183613034,1.33809375417402,2.02124578658544,1007.86573034323,603.497487646169,911.607837877317,2997.30487841321,1794.74895253752,2711.04229205103
"1.6","hmgu","pos","3-chloro-L-tyrosine","[M + H]+","consensus",64380.8544483373,3.42099999996,14236.8614225548,53.49799999998,14233.405757759,3.45566479577428,1,5,"consensus","detected",6,46.0802386605301,2,2.23467183613034,2.61590090401801,2.23523025979353,31814.7132558738,37242.2186656402,31822.6634561817,143870.082221706,168413.935352857,143906.034014287
"1.6","hmgu","pos","D-serine","[M + H]+","own",1942.51496867961,1.34299999998,753.421969235808,24.69400000002,278.341569202641,4.08562713719766,2.69214671831167,3,"own","detected",6,NA,NA,2.23467183613034,NA,NA,1683.65085537312,NA,NA,4340.88349176994,NA,NA
"1.6","hmgu","pos","L-arabinitol","[M + H]+","consensus",629.911051586652,23.19800000004,79.3555669199322,26.037,6.69124998742539,21.4068946328716,8.6603657606518,3,"consensus","detected",6,NA,NA,2.23467183613034,NA,NA,177.333650436129,NA,NA,1407.64448624794,NA,NA
"1.6","hmgu","pos","L-arabinitol","[M + Na]+","consensus",3361.91796191666,0.643000000019999,1053.44058663512,25.39399999998,1049.55228633868,3.88830029643827,1,4,"consensus","detected",6,NA,NA,2.23467183613034,NA,NA,2354.09400999013,NA,NA,7512.78338487588,NA,NA
"1.6","hmgu","pos","L-histidine","[M + H]+","own",5756.37828595536,9.15799999998,298.398418863791,35.889,295.553045323168,2.84537354062309,1,5,"consensus","detected",6,29.909880249564,1,2.23467183613034,2.29591755397315,NA,666.822542580739,685.098167947211,NA,12863.6164337367,13216.1699540348,NA
"1.6","hmgu","pos","L-histidine","[M + Na]+","consensus",NA,NA,NA,54.16699999998,1.25971766704199,6.96063415272511,7.54897110162437,2,"consensus","below_detection",6,46.8572990445487,2,2.23467183613034,2.61590090401801,2.23344306111686,NA,NA,NA,NA,NA,NA
"1.6","hmgu","pos","L-methionine S-oxide","[M + H]+","consensus",6998.23593540984,9.054,39.2900470672539,33.03,5.98614762688262,12.7810396533623,4.42839185837062,3,"consensus","detected",6,29.2007280592675,1,2.23467183613034,2.29591755397315,NA,87.8003616214279,90.2067087581396,NA,15638.7607474557,16067.3727309532,NA
"1.6","hmgu","pos","L-threonine","[M + H]+","consensus",5071.75092451629,1.34299999998,1959.31411557178,25.39399999998,1364.5596792992,4.95104157395599,1.43222982742794,4,"consensus","detected",6,NA,NA,2.23467183613034,NA,NA,4378.42407220089,NA,NA,11333.6989508846,NA,NA
"1.6","hmgu","pos","N(alpha)-acetyl-L-arginine","[M + H]+","consensus",643898.278160762,2.052,45728.2085953779,28.82200000002,6473.6190698962,9.47279559154094,7.06231480508157,4,"consensus","detected",6,28.3080764340009,1,2.23467183613034,2.29591755397315,NA,102187.539864784,104988.196825874,NA,1438901.34753868,1478337.35980238,NA
"2.1","hmgu","pos","2'-deoxyguanosine","[M + H]+","consensus",35314.7800024949,25.17999999996,45.8338973182526,51.10600000002,6.93048739579995,6.85702111927094,5.62397331861575,5,"consensus","detected",7,44.1140559534049,2,2.17136330895434,3.66010677692895,2.2172103266087,99.5220429432343,167.756958187602,101.623390442753,76681.2175612118,129255.865612887,78300.2949034463
"2.1","hmgu","pos","2'-deoxyguanosine","[M + Na]+","consensus",35314.7800024949,25.17999999996,45.8338973182526,51.10600000002,6.93048739579995,6.85702111927094,5.62397331861575,5,"consensus","detected",7,44.1140559534049,2,2.17136330895434,3.66010677692895,2.2172103266087,99.5220429432343,167.756958187602,101.623390442753,76681.2175612118,129255.865612887,78300.2949034463
"2.1","hmgu","pos","3-hydroxybenzyl alcohol","[M + H]+","consensus",NA,NA,NA,126.57400000002,0.328628185591015,2.4648525956718,1,5,"consensus","below_detection",7,121.974764809521,3,2.17136330895434,1.70334059566202,2.25827605102704,NA,NA,NA,NA,NA,NA
"2.1","hmgu","pos","3-hydroxybenzyl alcohol","[M + Na]+","consensus",84.2754755172395,NA,11.3145539535635,122.56900000002,8.59728807063061,2.71726588293291,1,3,"consensus","detected",7,120.674806070108,3,2.17136330895434,1.70334059566202,2.25743470998533,24.568007311952,19.2725390709129,25.541866822776,182.992675382813,143.549838667234,190.246383633135
"2.1","hmgu","pos","5-aminoimidazole-4-carboxamide","[M + H]+","consensus",7190.60967198366,1.458,1976.49836545748,25.75900000002,354.249073902152,19.2134142205978,5.5251660355152,4,"consensus","detected",7,NA,NA,2.17136330895434,NA,NA,4291.69603096259,NA,NA,15613.4260107575,NA,NA
"2.1","hmgu","pos","5-methyl-2'-deoxycytidine","[M + H]+","consensus",42677.8875190942,8.62699999998,6605.83221028335,37.197,317.31496964558,17.5480796264383,20.7626010774581,3,"consensus","detected",7,30.8691460539983,1,2.17136330895434,1.64509718992947,2.21537869045643,14343.661686518,10867.2360062827,14634.4199113924,92669.1990626414,70209.2728297878,94547.6825634976
"2.1","hmgu","pos","9H-xanthine","[M + H]+","consensus",6873.81307424845,14.68300000002,45.3537070312195,46.911,9.21684744630107,3.63556964748568,4.52629140568842,3,"consensus","detected",7,42.0943607555353,2,2.17136330895434,3.66010677692895,2.21698450979943,98.4793753726544,165.999410463817,100.548465950195,14925.5455020337,25158.8898163996,15239.1371088656
"2.1","hmgu","pos","L-leucine","[M + H]+","consensus",NA,NA,NA,59.26399999998,-0.313256111045033,3.92660517073455,1.75218076174235,4,"consensus","below_detection",7,56.4607887030953,2,2.17136330895434,3.66010677692895,2.21847997935541,NA,NA,NA,NA,NA,NA
"2.1","hmgu","pos","L-phenylalanine","[M + H]+","consensus",235656.426453194,34.005,7704.24868987142,82.24000000002,817.8073085394,12.4036958753077,9.4054490754475,5,"consensus","detected",7,96.520755179439,2,2.17136330895434,3.66010677692895,2.23682502849358,16728.7229282463,28198.3728409444,17233.0562952433,511695.717919762,862527.683488195,527122.192815862
"2.1","hmgu","pos","L-phenylalanine","[M + Na]+","consensus",235656.426453194,34.005,7704.24868987142,82.24000000002,913.256653991543,12.0249586628488,8.42284991583516,5,"consensus","detected",7,96.520755179439,2,2.17136330895434,3.66010677692895,2.23682502849358,16728.7229282463,28198.3728409444,17233.0562952433,511695.717919762,862527.683488195,527122.192815862
"2.1","hmgu","pos","dopamine","[M + H]+","consensus",74093.6247096159,5.78899999998,5432.83204787767,32.89999999998,5430.00486801173,2.82717986593889,1,5,"consensus","detected",7,29.1915328058169,1,2.17136330895434,1.64509718992947,NA,11796.6521724728,8937.53673532232,NA,160884.178121893,121891.213801478,NA
"2.1","hmgu","pos","ethylmalonic acid","[M + H]+","consensus",NA,NA,NA,105.693,-0.639224140055418,14.9151791833388,19.2234329696201,3,"consensus","below_detection",7,114.485028979585,3,2.17136330895434,1.70334059566202,2.2528474825383,NA,NA,NA,NA,NA,NA
"2.1","hmgu","pos","ethylmalonic acid","[M + Na]+","consensus",NA,NA,NA,103.03699999998,2.4029061912719,8.14157464870004,2.16997691157993,5,"consensus","below_detection",7,113.189069751687,3,2.17136330895434,1.70334059566202,2.25178660754863,NA,NA,NA,NA,NA,NA
"2.1","hmgu","pos","methylmalonic acid","[M + Na]+","consensus",NA,NA,NA,NA,NA,NA,NA,0,"consensus","no_data",7,NA,NA,2.17136330895434,NA,NA,NA,NA,NA,NA,NA,NA
"2.1","hmgu","pos","pyridoxamine","[M + H]+","consensus",52672.065138639,8.55499999998,8831.67218569588,23.616,529.94013460729,49.8713677190299,16.5713072939542,3,"consensus","detected",7,NA,NA,2.17136330895434,NA,NA,19176.7689407326,NA,NA,114370.189648894,NA,NA
"2.1","hmgu","pos","pyridoxamine","[M + Na]+","consensus",848.020356503086,7.869,196.820374137969,23.616,83.8147349519185,7.5152997591058,2.25861329141542,3,"consensus","detected",7,NA,NA,2.17136330895434,NA,NA,427.368538857851,NA,NA,1841.36028735718,NA,NA
"2.1","hmgu","pos","tricaproin","[M + H]+","consensus",955171.393507835,1.41100000002007,443898.860990897,581.17699999998,6102.52249651098,127.599383167571,72.71931596507,4,"consensus","detected",7,567.968360459077,10,2.17136330895434,2.28493676545325,NA,963865.699642256,1014280.82762092,NA,2074024.1176257,2182506.23433527,NA
"2.10","hmgu","pos","(5-hydroxyindol-3-yl)acetic acid","[M + H]+","consensus",NA,NA,NA,NA,NA,NA,NA,0,"consensus","no_data",8,NA,NA,1.75479525818436,NA,NA,NA,NA,NA,NA,NA,NA
"2.10","hmgu","pos","(5-hydroxyindol-3-yl)acetic acid","[M + K]+","consensus",NA,NA,NA,NA,NA,NA,NA,0,"consensus","no_data",8,NA,NA,1.75479525818436,NA,NA,NA,NA,NA,NA,NA,NA
"2.10","hmgu","pos","(S)-2-hydroxy-4-methylpentanoic acid","[M + H]+","consensus",NA,NA,NA,NA,NA,NA,NA,0,"consensus","no_data",8,NA,NA,1.75479525818436,NA,NA,NA,NA,NA,NA,NA,NA
"2.10","hmgu","pos","2-hydroxy-2-methylbutyric acid","[M + Na]+","consensus",303.548292430396,59.82399999996,8.72577946682031,206.33200000002,6.10804186300697,2.61773760381334,1,4,"consensus","detected",8,188.446916003643,4,1.75479525818436,1.72892241566599,1.7494831465023,15.3119564323387,15.0861957143436,15.265604117298,532.665104186818,524.811447020046,531.05262175653
"2.10","hmgu","pos","3-methoxytyramine","[M + H]+","consensus",NA,NA,NA,NA,NA,NA,NA,0,"consensus","no_data",8,NA,NA,1.75479525818436,NA,NA,NA,NA,NA,NA,NA,NA
"2.10","hmgu","pos","4-hydroxy-L-proline","[M + H]+","consensus",NA,NA,NA,NA,NA,NA,NA,0,"consensus","no_data",8,NA,NA,1.75479525818436,NA,NA,NA,NA,NA,NA,NA,NA
"2.10","hmgu","pos","4-hydroxy-L-proline","[M + Na]+","consensus",1012.08932490174,31.96300000002,34.4683390618811,38.74600000002,31.7326831733099,2.73565588857127,1,2,"consensus","detected",8,32.7778870023878,1,1.75479525818436,2.59458122168113,1.98700325882558,60.4848779432797,89.430905272495,68.4887020422627,1776.00954819658,2625.94795705399,2011.02478680234
"2.10","hmgu","pos","7,9-dihydro-1H-purine-2,6,8(3H)-trione","[M + H]+","consensus",NA,NA,NA,NA,NA,NA,NA,0,"consensus","no_data",8,NA,NA,1.75479525818436,NA,NA,NA,NA,NA,NA,NA,NA
"2.10","hmgu","pos","L-pipecolic acid","[M + H]+","consensus",178.137604464098,1.359,51.1999119312195,23.98999999998,48.4346237094605,2.76528822175896,1,4,"consensus","detected",8,NA,NA,1.75479525818436,NA,NA,89.8453626763608,NA,NA,312.59502361792,NA,NA
"2.10","hmgu","pos","N-isovalerylglycine","[M + H]+","consensus",NA,NA,NA,NA,NA,NA,NA,0,"consensus","no_data",8,NA,NA,1.75479525818436,NA,NA,NA,NA,NA,NA,NA,NA
"2.10","hmgu","pos","N-isovalerylglycine","[M + Na]+","consensus",NA,NA,NA,NA,NA,NA,NA,0,"consensus","no_data",8,NA,NA,1.75479525818436,NA,NA,NA,NA,NA,NA,NA,NA
"2.10","hmgu","pos","alpha-D-mannose","[M + Na]+","consensus",516.767711111473,44.4,23.2415685668484,75.357,20.0484469977921,3.1931215690563,1,3,"consensus","detected",8,87.4301657819669,2,1.75479525818436,1.33093537773963,1.88589121318913,40.7841943138722,30.9330258397798,43.831069940952,906.821529041198,687.78442879179,974.567685644984
"2.10","hmgu","pos","glycinamide","[M + H]+","consensus",NA,NA,NA,NA,NA,NA,NA,0,"consensus","no_data",8,NA,NA,1.75479525818436,NA,NA,NA,NA,NA,NA,NA,NA
"2.10","hmgu","pos","glycinamide","[M + Na]+","consensus",NA,NA,NA,NA,NA,NA,NA,0,"consensus","no_data",8,NA,NA,1.75479525818436,NA,NA,NA,NA,NA,NA,NA,NA
"2.10","hmgu","pos","quinolinic acid","[M + H]+","consensus",NA,NA,NA,NA,NA,NA,NA,0,"consensus","no_data",8,NA,NA,1.75479525818436,NA,NA,NA,NA,NA,NA,NA,NA
"2.10","hmgu","pos","trans-urocanic acid","[M + H]+","consensus",NA,NA,NA,NA,NA,NA,NA,0,"consensus","no_data",8,NA,NA,1.75479525818436,NA,NA,NA,NA,NA,NA,NA,NA
"2.10","hmgu","pos","uracil","[M + H]+","consensus",NA,NA,NA,NA,NA,NA,NA,0,"consensus","no_data",8,NA,NA,1.75479525818436,NA,NA,NA,NA,NA,NA,NA,NA
"2.2","hmgu","pos","2-oxobutanoic acid","[M + H]+","own",348.536188892003,2.70699999996,117.236590691696,100.671,106.79568891642,10.4409017752757,1,5,"consensus","detected",9,111.914675256761,3,2.26359887032863,2.16064741455705,2.61874249138027,265.376614250903,253.306936569496,307.012441588901,788.946123444584,753.063815409074,912.726527635227
"2.2","hmgu","pos","2-oxobutanoic acid","[M + K]+","consensus",NA,NA,NA,NA,NA,NA,NA,0,"consensus","no_data",9,NA,NA,2.26359887032863,NA,NA,NA,NA,NA,NA,NA,NA
"2.2","hmgu","pos","3,3',5-triiodo-L-thyronine","[M + H]+","consensus",NA,NA,NA,NA,NA,NA,NA,0,"consensus","no_data",9,NA,NA,2.26359887032863,NA,NA,NA,NA,NA,NA,NA,NA
"2.2","hmgu","pos","3-iodo-L-tyrosine","[M + H]+","consensus",NA,NA,NA,NA,NA,NA,NA,0,"consensus","no_data",9,NA,NA,2.26359887032863,NA,NA,NA,NA,NA,NA,NA,NA
"2.2","hmgu","pos","5-methoxysalicylic acid","[M + H]+","consensus",30.8867399993343,1.34400000000002,9.45700159483067,246.36100000002,6.49573553964728,2.96126605518339,1,5,"consensus","detected",9,232.062247886431,4,2.26359887032863,1.76073629899653,2.15660758711049,21.4068581267548,16.6512859876864,20.3950413907278,69.9151897706273,54.383404274496,66.6105778236734
"2.2","hmgu","pos","5-oxo-L-proline","[M + H]+","consensus",NA,NA,NA,NA,NA,NA,NA,0,"consensus","no_data",9,NA,NA,2.26359887032863,NA,NA,NA,NA,NA,NA,NA,NA
"2.2","hmgu","pos","L-methionine","[M + H]+","consensus",137.907865199714,2.91100000002,40.4094398370944,31.05799999998,37.304480808182,3.10495902891239,1,2,"consensus","detected",9,29.0433212009296,1,2.26359887032863,2.31331811217319,NA,91.4707623658597,93.4798890779233,NA,312.168087875506,319.024762377637,NA
"2.2","hmgu","pos","N,N-dimethyl-beta-alanine","[M + H]+","own",NA,NA,NA,192.76999999998,3.9119974830196,7.86398180061531,3.84699562099774,3,"consensus","below_detection",9,173.136421616015,3,2.26359887032863,2.16064741455705,2.36572251996393,NA,NA,NA,NA,NA,NA
"2.2","hmgu","pos","N,N-dimethyl-beta-alanine","[M + Na]+","consensus",46.0492310619714,NA,12.1733042675019,193.43899999998,9.12996784721827,3.04333642028359,1,3,"consensus","detected",9,173.880255602958,3,2.26359887032863,2.16064741455705,2.3617946540173,27.555477788084,26.3022183921943,28.750844940712,104.236987411381,99.4961520363887,108.758827743772
"2.2","hmgu","pos","N-acetyl-L-phenylalanine","[M + H]+","consensus",NA,NA,NA,251.283,9.37972371679916,3.12657058765217,1,1,"consensus","below_detection",9,237.184664317636,5,2.26359887032863,2.78695085203862,2.12667544546746,NA,NA,NA,NA,NA,NA
"2.2","hmgu","pos","N-acetyl-L-phenylalanine","[M + Na]+","consensus",330.571628572686,1.43099999999998,214.637067718977,247.70500000002,121.056139633971,4.62485916651622,1.73483318720934,3,"consensus","detected",9,233.461978830239,4,2.26359887032863,1.76073629899653,2.14855602742692,485.852224019326,377.919276242979,461.159765556848,748.281564999828,582.049465846327,710.251665066178
"2.2","hmgu","pos","N-acetyl-L-proline","[M + H]+","consensus",NA,NA,NA,NA,NA,NA,NA,0,"consensus","no_data",9,NA,NA,2.26359887032863,NA,NA,NA,NA,NA,NA,NA,NA
"2.2","hmgu","pos","alloxanthine","[M + H]+","consensus",NA,NA,NA,NA,NA,NA,NA,0,"consensus","no_data",9,NA,NA,2.26359887032863,NA,NA,NA,NA,NA,NA,NA,NA
"2.2","hmgu","pos","biotin","[M + H]+","consensus",NA,NA,NA,170.79100000002,3.40204669537191,4.60088225531763,2.23142210816923,4,"consensus","below_detection",9,150.217499282213,3,2.26359887032863,2.16064741455705,2.48524286553232,NA,NA,NA,NA,NA,NA
"2.2","hmgu","pos","biotin","[M + Na]+","consensus",NA,NA,NA,NA,NA,NA,NA,0,"consensus","no_data",9,NA,NA,2.26359887032863,NA,NA,NA,NA,NA,NA,NA,NA
"2.2","hmgu","pos","corticosterone","[M + H]+","consensus",1258.93528190641,NA,59.2796301965536,326.808,30.728569204953,4.38092276958741,1.78656894373453,5,"consensus","detected",9,318.280577570409,6,2.26359887032863,2.21387962848407,1.80867720668769,134.185303946418,131.237965676219,107.217715957382,2849.72448194021,2787.13117419246,2277.00754907907
"2.2","hmgu","pos","kynurenic acid","[M + H]+","consensus",NA,NA,NA,NA,NA,NA,NA,0,"consensus","no_data",9,NA,NA,2.26359887032863,NA,NA,NA,NA,NA,NA,NA,NA
"2.2","hmgu","pos","kynurenic acid","[M + Na]+","consensus",NA,NA,NA,NA,NA,NA,NA,0,"consensus","no_data",9,NA,NA,2.26359887032863,NA,NA,NA,NA,NA,NA,NA,NA
"2.2","hmgu","pos","trans-3-coumaric acid","[M + H]+","consensus",NA,NA,NA,234.087,1.98213501220425,2.92607639436983,1,4,"consensus","below_detection",9,219.17308063777,4,2.26359887032863,1.76073629899653,2.22004642649258,NA,NA,NA,NA,NA,NA
"2.2","hmgu","pos","trans-3-coumaric acid","[M + Na]+","consensus",NA,NA,NA,NA,NA,NA,NA,0,"consensus","no_data",9,NA,NA,2.26359887032863,NA,NA,NA,NA,NA,NA,NA,NA
"2.2","hmgu","pos","tyramine","[M + H]+","consensus",NA,NA,NA,62.91,4.5327076060446,3.06492412001512,1,5,"consensus","below_detection",9,64.7620804921406,2,2.26359887032863,4.2068983525823,2.78663729719092,NA,NA,NA,NA,NA,NA
"2.2","hmgu","pos","tyramine","[M + Na]+","consensus",179139.003985984,32.433,604.950949402495,61.72300000002,67.3559605140924,17.6614043755421,8.71919189548307,5,"consensus","detected",9,62.1223757585473,2,2.26359887032863,4.2068983525823,2.79835917280948,1369.36628567172,2544.96715243445,1692.87003836027,405498.84705447,753619.58075187,501295.275012132
"2.3","hmgu","pos","(R)-adrenaline","[M + H]+","consensus",2069.22579611008,NA,1539.23817453043,25.473,1147.14042408256,4.03728965590585,1.33828505442333,2,"consensus","detected",10,NA,NA,2.40052343693658,NA,NA,3694.97731298778,NA,NA,4967.225019876,NA,NA
"2.3","hmgu","pos","2'-deoxyinosine","[M + H]+","consensus",NA,NA,NA,NA,NA,NA,NA,0,"consensus","no_data",10,NA,NA,2.40052343693658,NA,NA,NA,NA,NA,NA,NA,NA
"2.3","hmgu","pos","2'-deoxyinosine","[M + K]+","consensus",NA,NA,NA,NA,NA,NA,NA,0,"consensus","no_data",10,NA,NA,2.40052343693658,NA,NA,NA,NA,NA,NA,NA,NA
"2.3","hmgu","pos","2'-deoxyinosine","[M + Na]+","consensus",NA,NA,NA,NA,NA,NA,NA,0,"consensus","no_data",10,NA,NA,2.40052343693658,NA,NA,NA,NA,NA,NA,NA,NA
"2.3","hmgu","pos","2'-deoxyuridine","[M + H]+","consensus",NA,NA,NA,NA,NA,NA,NA,0,"consensus","no_data",10,NA,NA,2.40052343693658,NA,NA,NA,NA,NA,NA,NA,NA
"2.3","hmgu","pos","2'-deoxyuridine","[M + K]+","consensus",NA,NA,NA,NA,NA,NA,NA,0,"consensus","no_data",10,NA,NA,2.40052343693658,NA,NA,NA,NA,NA,NA,NA,NA
"2.3","hmgu","pos","2-hydroxy-3-methylbutyric acid","[M + Na]+","consensus",NA,NA,NA,NA,NA,NA,NA,0,"consensus","no_data",10,NA,NA,2.40052343693658,NA,NA,NA,NA,NA,NA,NA,NA
"2.3","hmgu","pos","2-hydroxy-4-(methylthio)butanoic acid","[M + H]+","consensus",NA,NA,NA,NA,NA,NA,NA,0,"consensus","no_data",10,NA,NA,2.40052343693658,NA,NA,NA,NA,NA,NA,NA,NA
"2.3","hmgu","pos","2-hydroxy-4-(methylthio)butanoic acid","[M + Na]+","consensus",NA,NA,NA,NA,NA,NA,NA,0,"consensus","no_data",10,NA,NA,2.40052343693658,NA,NA,NA,NA,NA,NA,NA,NA
"2.3","hmgu","pos","6-hydroxynicotinic acid","[M + H]+","consensus",NA,NA,NA,NA,NA,NA,NA,0,"consensus","no_data",10,NA,NA,2.40052343693658,NA,NA,NA,NA,NA,NA,NA,NA
"2.3","hmgu","pos","L-isoglutamine","[M + H]+","consensus",NA,NA,NA,38.08000000002,0.179860282548473,9.1774320778527,1.98161911760188,3,"consensus","below_detection",10,31.8646040479025,1,2.40052343693658,2.45925608865602,2.5654666600585,NA,NA,NA,NA,NA,NA
"2.3","hmgu","pos","L-isoglutamine","[M + Na]+","consensus",322.900268613153,37.32400000002,9.53384665224803,38.08000000002,6.50440248036693,3.0294441718811,1,3,"consensus","detected",10,31.8646040479025,1,2.40052343693658,2.45925608865602,2.5654666600585,22.8862223328808,23.4461704278538,24.4587657284527,775.129662598991,794.094451615561,828.389873650979
"2.3","hmgu","pos","L-proline","[M + H]+","consensus",NA,NA,NA,56.45200000002,0.719720385733701,2.92868366132484,2.85941102885727,4,"consensus","below_detection",10,50.4813798968671,2,2.40052343693658,2.55345213280413,2.53997365343881,NA,NA,NA,NA,NA,NA
"2.3","hmgu","pos","N-acetyl-L-leucine","[M + H]+","consensus",NA,NA,NA,NA,NA,NA,NA,0,"consensus","no_data",10,NA,NA,2.40052343693658,NA,NA,NA,NA,NA,NA,NA,NA
"2.3","hmgu","pos","N-acetyl-L-tryptophan","[M + H]+","consensus",NA,NA,NA,NA,NA,NA,NA,0,"consensus","no_data",10,NA,NA,2.40052343693658,NA,NA,NA,NA,NA,NA,NA,NA
"2.3","hmgu","pos","N-acetyl-L-tryptophan","[M + Na]+","consensus",NA,NA,NA,NA,NA,NA,NA,0,"consensus","no_data",10,NA,NA,2.40052343693658,NA,NA,NA,NA,NA,NA,NA,NA
"2.3","hmgu","pos","N-acetylserotonin","[M + H]+","own",NA,NA,NA,NA,NA,NA,NA,0,"consensus","no_data",10,NA,NA,2.40052343693658,NA,NA,NA,NA,NA,NA,NA,NA
"2.3","hmgu","pos","N-acetylserotonin","[M + Na]+","consensus",NA,NA,NA,195.165,-0.151896788624314,19.4503875473856,9.38691819034752,3,"consensus","below_detection",10,175.807040173249,3,2.40052343693658,2.34179078521714,2.32342278946562,NA,NA,NA,NA,NA,NA
"2.3","hmgu","pos","gamma-aminobutyric acid","[M + H]+","own",510.482567870292,0.696999999960003,300.776248394885,28.28800000002,298.152976011365,2.62327238352026,1,3,"own","detected",10,27.9515970553257,1,2.40052343693658,2.45925608865602,NA,722.02043354578,739.685820188237,NA,1225.4253683202,1255.40736318778,NA
"2.3","hmgu","pos","imidazol-4-ylacetic acid","[M + H]+","consensus",NA,NA,NA,38.08000000002,1.49064387318708,5.79695264517409,1,3,"consensus","below_detection",10,31.8646040479025,1,2.40052343693658,2.45925608865602,2.5654666600585,NA,NA,NA,NA,NA,NA
"2.3","hmgu","pos","imidazol-4-ylacetic acid","[M + Na]+","consensus",NA,NA,NA,38.08000000002,1.49064387318708,5.79695264517409,1,3,"consensus","below_detection",10,31.8646040479025,1,2.40052343693658,2.45925608865602,2.5654666600585,NA,NA,NA,NA,NA,NA
"2.3","hmgu","pos","serotonin","[M + H]+","consensus",NA,NA,NA,NA,NA,NA,NA,0,"consensus","no_data",10,NA,NA,2.40052343693658,NA,NA,NA,NA,NA,NA,NA,NA
"2.3","hmgu","pos","taurocyamine","[M + H]+","consensus",NA,NA,NA,NA,NA,NA,NA,0,"consensus","no_data",10,NA,NA,2.40052343693658,NA,NA,NA,NA,NA,NA,NA,NA
"2.3","hmgu","pos","trans-3-hexenedioic acid","[M + H]+","consensus",NA,NA,NA,98.35600000002,4.33576715101503,2.65453150716144,1,5,"consensus","below_detection",10,110.54424018021,3,2.40052343693658,2.34179078521714,2.44280710418601,NA,NA,NA,NA,NA,NA
"2.3","hmgu","pos","trans-3-hexenedioic acid","[M + Na]+","consensus",348.361792250465,3.15199999998001,34.6577860008165,98.35600000002,31.7617054957279,2.89608050508855,1,5,"consensus","detected",10,110.54424018021,3,2.40052343693658,2.34179078521714,2.44280710418601,83.1968275672925,81.1612838927397,84.662285858153,836.250646830473,815.790435013867,850.980660936407
"2.4","hmgu","pos","(R)-carnitine","[M + H]+","consensus",NA,NA,NA,NA,NA,NA,NA,0,"consensus","no_data",11,NA,NA,2.85103110765252,NA,NA,NA,NA,NA,NA,NA,NA
"2.4","hmgu","pos","(S)-methylsuccinic acid","[M + H]+","consensus",NA,NA,NA,NA,NA,NA,NA,0,"consensus","no_data",11,NA,NA,2.85103110765252,NA,NA,NA,NA,NA,NA,NA,NA
"2.4","hmgu","pos","1-hexadecanoyl-sn-glycero-3-phosphocholine","[M + H]+","consensus",18817.6451062881,2.09200000001999,3149.56011749249,459.723,149.409707202005,31.4268112288846,20.8696835343357,5,"consensus","detected",11,451.365999202862,8,2.85103110765252,2.52351316633441,2.58568250521577,8979.49387039281,7947.95642465405,8143.76249492565,53649.6915707925,47486.5751851263,48656.4557406882
"2.4","hmgu","pos","1-hexadecanoyl-sn-glycero-3-phosphocholine","[M + Na]+","consensus",2771.74780854172,1.48099999997999,494.607018166796,459.723,62.6515910279994,12.9631539865004,7.68765575266949,5,"consensus","detected",11,451.365999202862,8,2.85103110765252,2.52351316633441,2.58568250521577,1410.13999485679,1248.14732250531,1278.89671383082,7902.33922472014,6994.54208861358,7166.85981741647
"2.4","hmgu","pos","2'-deoxyadenosine","[M + H]+","consensus",NA,NA,NA,NA,NA,NA,NA,0,"consensus","no_data",11,NA,NA,2.85103110765252,NA,NA,NA,NA,NA,NA,NA,NA
"2.4","hmgu","pos","2-Methyl-4-pentenoic acid","[M + H]+","consensus",NA,NA,NA,253.89199999998,2.39042091290331,3.31016409343329,1.9782244446388,2,"consensus","below_detection",11,239.898805488356,5,2.85103110765252,2.57081565255394,2.61967269984309,NA,NA,NA,NA,NA,NA
"2.4","hmgu","pos","3-methylbut-2-enoic acid","[M + H]+","own",60.9284215526383,NA,19.7939445010124,601.15699999998,5.95210423012101,3.28667651218348,2.77334995333127,3,"consensus","detected",11,NA,NA,2.85103110765252,NA,NA,56.4331515155339,NA,NA,173.708825186738,NA,NA
"2.4","hmgu","pos","4-guanidinobutanoic acid","[M + H]+","consensus",NA,NA,NA,NA,NA,NA,NA,0,"consensus","no_data",11,NA,NA,2.85103110765252,NA,NA,NA,NA,NA,NA,NA,NA
"2.4","hmgu","pos","5,6-dihydroxyindole-2-carboxylic acid","[M + H]+","consensus",NA,NA,NA,NA,NA,NA,NA,0,"consensus","no_data",11,NA,NA,2.85103110765252,NA,NA,NA,NA,NA,NA,NA,NA
"2.4","hmgu","pos","5,6-dimethylbenzimidazole","[M + H]+","consensus",NA,NA,NA,202.956,19.6644813500895,4.09887319235622,2.12516584199723,1,"consensus","below_detection",11,184.606046020427,4,2.85103110765252,3.17063536245969,2.99740083743616,NA,NA,NA,NA,NA,NA
"2.4","hmgu","pos","5-methoxytryptamine","[M + H]+","consensus",NA,NA,NA,NA,NA,NA,NA,0,"consensus","no_data",11,NA,NA,2.85103110765252,NA,NA,NA,NA,NA,NA,NA,NA
"2.4","hmgu","pos","Dimethyl adipate","[M + H]+","consensus",NA,NA,NA,NA,NA,NA,NA,0,"consensus","no_data",11,NA,NA,2.85103110765252,NA,NA,NA,NA,NA,NA,NA,NA
"2.4","hmgu","pos","Homocysteine thiolactone","[M + H]+","consensus",NA,NA,NA,NA,NA,NA,NA,0,"consensus","no_data",11,NA,NA,2.85103110765252,NA,NA,NA,NA,NA,NA,NA,NA
"2.4","hmgu","pos","L-tryptophanamide","[M + H]+","consensus",NA,NA,NA,NA,NA,NA,NA,0,"consensus","no_data",11,NA,NA,2.85103110765252,NA,NA,NA,NA,NA,NA,NA,NA
"2.4","hmgu","pos","N-acetyl-alpha-D-galactosamine","[M + H]+","consensus",NA,NA,NA,NA,NA,NA,NA,0,"consensus","no_data",11,NA,NA,2.85103110765252,NA,NA,NA,NA,NA,NA,NA,NA
"2.4","hmgu","pos","citraconic acid","[M + H]+","consensus",NA,NA,NA,NA,NA,NA,NA,0,"consensus","no_data",11,NA,NA,2.85103110765252,NA,NA,NA,NA,NA,NA,NA,NA
"2.4","hmgu","pos","citraconic acid","[M + K]+","consensus",NA,NA,NA,NA,NA,NA,NA,0,"consensus","no_data",11,NA,NA,2.85103110765252,NA,NA,NA,NA,NA,NA,NA,NA
"2.4","hmgu","pos","cortisol","[M + H]+","consensus",179.027910495454,NA,28.8443141904936,302.48299999998,22.9634546297093,5.8808595607843,1,2,"consensus","detected",11,292.028966454813,6,2.85103110765252,2.20139530347803,2.18768652453875,82.2360370360002,63.4977377909974,63.1023174641046,510.41414196057,394.111201356178,391.656947307234
"2.4","hmgu","pos","cortisol","[M + Na]+","consensus",NA,NA,NA,283.23,2.19104941421816,8.21920490576213,7.70004659078172,3,"consensus","below_detection",11,270.987102651644,5,2.85103110765252,2.57081565255394,2.31707756294396,NA,NA,NA,NA,NA,NA
"2.4","hmgu","pos","creatinine","[M + H]+","consensus",NA,NA,NA,NA,NA,NA,NA,0,"consensus","no_data",11,NA,NA,2.85103110765252,NA,NA,NA,NA,NA,NA,NA,NA
"2.4","hmgu","pos","phosphoenolpyruvic acid","[M + K]+","consensus",NA,NA,NA,NA,NA,NA,NA,0,"consensus","no_data",11,NA,NA,2.85103110765252,NA,NA,NA,NA,NA,NA,NA,NA
"2.5","hmgu","pos","2-phenylethylamine","[M + H]+","consensus",NA,NA,NA,91.55800000002,3.95793039548662,4.05913282705228,3.85611194554276,5,"consensus","below_detection",12,105.687513494878,2,2.31861261882204,3.20131711718711,2.59873916226621,NA,NA,NA,NA,NA,NA
"2.5","hmgu","pos","3-hydroxybenzoic acid","[M + H]+","consensus",NA,NA,NA,188.685,4.67814723757715,2.59895863725046,1,5,"consensus","below_detection",12,168.636835928608,3,2.31861261882204,2.92982417336474,2.39603890438835,NA,NA,NA,NA,NA,NA
"2.5","hmgu","pos","3-hydroxybenzoic acid","[M + Na]+","consensus",NA,NA,NA,NA,NA,NA,NA,0,"consensus","no_data",12,NA,NA,2.31861261882204,NA,NA,NA,NA,NA,NA,NA,NA
"2.5","hmgu","pos","5-aminolevulinic acid","[M + H]+","consensus",NA,NA,NA,NA,NA,NA,NA,0,"consensus","no_data",12,NA,NA,2.31861261882204,NA,NA,NA,NA,NA,NA,NA,NA
"2.5","hmgu","pos","5-aminolevulinic acid","[M + Na]+","consensus",NA,NA,NA,46.86100000002,60.3282433055274,6.74785826896687,5.81331706085466,1,"consensus","below_detection",12,42.0697621128175,2,2.31861261882204,3.20131711718711,2.77501355309251,NA,NA,NA,NA,NA,NA
"2.5","hmgu","pos","5-hydroxymethyl-2-furoic acid","[M + H]+","consensus",NA,NA,NA,NA,NA,NA,NA,0,"consensus","no_data",12,NA,NA,2.31861261882204,NA,NA,NA,NA,NA,NA,NA,NA
"2.5","hmgu","pos","5-hydroxymethyl-2-furoic acid","[M + Na]+","consensus",NA,NA,NA,NA,NA,NA,NA,0,"consensus","no_data",12,NA,NA,2.31861261882204,NA,NA,NA,NA,NA,NA,NA,NA
"2.5","hmgu","pos","5-oxo-L-proline","[M + Na]+","consensus",NA,NA,NA,NA,NA,NA,NA,0,"consensus","no_data",12,NA,NA,2.31861261882204,NA,NA,NA,NA,NA,NA,NA,NA
"2.5","hmgu","pos","N-acetyl-L-valine","[M + H]+","consensus",NA,NA,NA,NA,NA,NA,NA,0,"consensus","no_data",12,NA,NA,2.31861261882204,NA,NA,NA,NA,NA,NA,NA,NA
"2.5","hmgu","pos","N-acetyl-L-valine","[M + Na]+","consensus",NA,NA,NA,NA,NA,NA,NA,0,"consensus","no_data",12,NA,NA,2.31861261882204,NA,NA,NA,NA,NA,NA,NA,NA
"2.5","hmgu","pos","N-carbamoyl-beta-alanine","[M + H]+","consensus",905.440761403599,1.38700000002,214.669589702586,38.388,212.042338232849,2.62725146973685,1,5,"consensus","detected",12,32.2726027153371,1,2.31861261882204,2.23794727034908,2.80097908832279,497.735619561766,480.41922230186,601.285031655777,2099.36637498622,2026.32868044598,2536.12063840655
"2.5","hmgu","pos","N-carbamoyl-beta-alanine","[M + Na]+","own",369.470699132053,6.987,59.3720796343441,46.19299999998,5.75419257951014,9.42275180932756,8.68051027747646,5,"consensus","detected",12,41.7207012683667,2,2.31861261882204,3.20131711718711,2.7758756144552,137.660853045897,190.068854816422,164.809508036468,856.659425292579,1182.79287343053,1025.60470397638
"2.5","hmgu","pos","Phenylglyoxal","[M + H]+","consensus",NA,NA,NA,159.71200000002,3.32265069781065,5.97646697868868,2.64674015529357,4,"consensus","below_detection",12,140.382340102172,3,2.31861261882204,2.92982417336474,2.48298285924718,NA,NA,NA,NA,NA,NA
"2.5","hmgu","pos","Phenylglyoxal","[M + Na]+","consensus",NA,NA,NA,159.71200000002,3.32265069781065,5.97646697868868,2.64674015529357,4,"consensus","below_detection",12,140.382340102172,3,2.31861261882204,2.92982417336474,2.48298285924718,NA,NA,NA,NA,NA,NA
"2.5","hmgu","pos","cis-4-hydroxy-D-proline","[M + H]+","consensus",NA,NA,NA,NA,NA,NA,NA,0,"consensus","no_data",12,NA,NA,2.31861261882204,NA,NA,NA,NA,NA,NA,NA,NA
"2.5","hmgu","pos","cis-4-hydroxy-D-proline","[M + Na]+","consensus",NA,NA,NA,46.86100000002,354.810609743412,2.64445458496812,1,1,"consensus","below_detection",12,42.0697621128175,2,2.31861261882204,3.20131711718711,2.77501355309251,NA,NA,NA,NA,NA,NA
"2.5","hmgu","pos","hypoxanthine","[M + H]+","consensus",NA,NA,NA,NA,NA,NA,NA,0,"consensus","no_data",12,NA,NA,2.31861261882204,NA,NA,NA,NA,NA,NA,NA,NA
"2.5","hmgu","pos","inosine","[M + H]+","consensus",NA,NA,NA,NA,NA,NA,NA,0,"consensus","no_data",12,NA,NA,2.31861261882204,NA,NA,NA,NA,NA,NA,NA,NA
"2.5","hmgu","pos","picolinic acid","[M + H]+","consensus",220795.218063804,NA,75578.7075837951,29.19,10832.2963505226,16.3242033825384,6.97565695539407,3,"consensus","detected",12,28.5048690751212,1,2.31861261882204,2.23794727034908,NA,175237.745118048,169141.162333666,NA,511938.5787783,494128.055572021,NA
"2.5","hmgu","pos","picolinic acid","[M + Na]+","consensus",791.756944261885,0.684000000000005,284.364183614773,29.19,82.0277798770858,15.0927484679814,3.28268588459032,2,"consensus","detected",12,28.5048690751212,1,2.31861261882204,2.23794727034908,NA,659.33038447024,636.392048505727,NA,1835.77764200558,1771.91029219082,NA
"2.5","hmgu","pos","pyridin-2-ol","[M + H]+","own",14786.29746866,11.93599999998,63.7940593503008,39.75199999998,61.6340001362448,2.16005921405599,1,4,"consensus","detected",12,34.3239680077182,2,2.31861261882204,3.20131711718711,2.79515474954129,147.91371101549,204.225014172968,178.314267985512,34283.6958964915,47335.6271862417,41329.9895976554
"2.5","hmgu","pos","pyridoxal","[M + H]+","consensus",498.680541185772,2.74299999996001,40.9558876688416,55.857,15.268138222721,5.3813989611167,2.32998209662428,3,"consensus","detected",12,49.3989191624453,2,2.31861261882204,3.20131711718711,2.75731210552883,94.9608379640341,131.112784243855,112.928164861976,1156.24699555433,1596.43455250614,1375.0178930032
"2.5","hmgu","pos","trans-cinnamic acid","[M + H]+","consensus",98.8139658000188,0.665999999999997,27.7169054764981,364.27300000002,17.6973084715436,3.58797804426558,1.3634235664158,3,"consensus","detected",12,357.332096928739,7,2.31861261882204,1.13532933280005,1.64962971579315,64.2647667925062,31.4678158019148,45.7226309038612,229.111308019773,112.186393863063,163.006454319079
"2.5","hmgu","pos","xanthurenic acid","[M + H]+","consensus",1694.71090655352,36.153,28.1578870575249,172.03999999998,7.86127658270454,4.21846642151968,3.0452332244198,3,"consensus","detected",12,151.413996753203,3,2.31861261882204,2.92982417336474,2.43896044386525,65.287232250943,82.4976581720107,68.6759727161284,3929.37809319033,4965.20498088538,4133.33286487105
"2.6","hmgu","pos","3-methyladipic acid","[M + H]+","consensus",629.809183329358,1.36299999995998,234.515070335359,185.68399999998,231.671064606483,2.84400572887625,1,4,"consensus","detected",13,165.385663643816,3,2.22850003961097,2.91816785718099,2.11117774471571,522.616843531717,684.354340277185,495.10299729245,1403.52978999683,1837.88891494914,1329.63913126252
"2.6","hmgu","pos","3-methyladipic acid","[M + Na]+","consensus",17033.1765225816,2.02999999997999,5732.02148567545,185.68399999998,5728.93991984908,3.08156582636911,1,5,"consensus","detected",13,165.385663643816,3,2.22850003961097,2.91816785718099,2.11117774471571,12773.8101078787,16727.000856169,12101.3161927903,37958.4345552737,49705.6682338876,35960.0631962884
"2.6","hmgu","pos","4-hydroxy-4-methyloxan-2-one","[M + H]+","consensus",NA,NA,NA,NA,NA,NA,NA,0,"consensus","no_data",13,NA,NA,2.22850003961097,NA,NA,NA,NA,NA,NA,NA,NA
"2.6","hmgu","pos","5-aminopentanoic acid","[M + H]+","consensus",38.0923194497159,0.63300000000001,29.6997402692086,134.613,7.88887220121771,7.02572398860752,2.87417715768056,4,"consensus","detected",13,124.885975913308,3,2.22850003961097,2.91816785718099,1.91985660922549,66.1858723663669,86.6688274202286,57.0192426481204,84.8887354025656,111.159782223631,73.1317912562656
"2.6","hmgu","pos","5-aminopentanoic acid","[M + Na]+","consensus",NA,NA,NA,142.01800000002,2.52158690978422,2.69553304417013,1,5,"consensus","below_detection",13,128.318070022989,3,2.22850003961097,2.91816785718099,1.93237295925655,NA,NA,NA,NA,NA,NA
"2.6","hmgu","pos","5-hydroxymethyluracil","[M + H]+","consensus",NA,NA,NA,53.22700000002,0.911865649028186,2.73556175263002,1,4,"consensus","below_detection",13,45.7981327475587,2,2.22850003961097,1.21131203720054,1.60907647246936,NA,NA,NA,NA,NA,NA
"2.6","hmgu","pos","5-hydroxymethyluracil","[M + Na]+","consensus",NA,NA,NA,NA,NA,NA,NA,0,"consensus","no_data",13,NA,NA,2.22850003961097,NA,NA,NA,NA,NA,NA,NA,NA
"2.6","hmgu","pos","esculin","[M + H]+","consensus",NA,NA,NA,NA,NA,NA,NA,0,"consensus","no_data",13,NA,NA,2.22850003961097,NA,NA,NA,NA,NA,NA,NA,NA
"2.6","hmgu","pos","esculin","[M + K]+","consensus",694.346779542559,39.393,38.0779166735238,147.828,22.0137566685304,5.17972677013768,1.49443779172936,5,"consensus","detected",13,131.70834683428,3,2.22850003961097,2.91816785718099,1.94461039063088,84.856638815251,111.117752505093,74.0467124169111,1547.35182571434,2026.22045379823,1350.23396219955
"2.6","hmgu","pos","esculin","[M + Na]+","consensus",694.346779542559,39.393,38.0779166735238,147.828,22.0137566685304,5.17972677013768,1.49443779172936,5,"consensus","detected",13,131.70834683428,3,2.22850003961097,2.91816785718099,1.94461039063088,84.856638815251,111.117752505093,74.0467124169111,1547.35182571434,2026.22045379823,1350.23396219955
"2.6","hmgu","pos","guanine","[M + H]+","consensus",NA,NA,NA,19.52800000002,2.17427162474689,2.98971241615652,1,5,"consensus","below_detection",13,NA,NA,2.22850003961097,NA,NA,NA,NA,NA,NA,NA,NA
"2.6","hmgu","pos","indole-3-butyric acid","[M + H]+","consensus",NA,NA,NA,318.67300000002,-0.174524598915148,4.1985073714568,6.01435527141948,5,"consensus","below_detection",13,309.67458965353,6,2.22850003961097,2.1171133428015,1.82691103735524,NA,NA,NA,NA,NA,NA
"2.6","hmgu","pos","indole-3-butyric acid","[M + K]+","consensus",NA,NA,NA,318.67300000002,-0.174524598915148,4.1985073714568,6.01435527141948,5,"consensus","below_detection",13,309.67458965353,6,2.22850003961097,2.1171133428015,1.82691103735524,NA,NA,NA,NA,NA,NA
"2.6","hmgu","pos","isonicotinic acid","[M + H]+","consensus",NA,NA,NA,37.56199999998,3.35481294820352,2.37295601206711,1,5,"consensus","below_detection",13,31.2457419933369,1,2.22850003961097,1.67818697138631,1.54890372001748,NA,NA,NA,NA,NA,NA
"2.6","hmgu","pos","lipoamide","[M + H]+","consensus",NA,NA,NA,NA,NA,NA,NA,0,"consensus","no_data",13,NA,NA,2.22850003961097,NA,NA,NA,NA,NA,NA,NA,NA
"2.6","hmgu","pos","lipoamide","[M + Na]+","consensus",NA,NA,NA,282.60100000002,11.2057818039793,3.43942539611999,1,3,"consensus","below_detection",13,270.307136332995,5,2.22850003961097,1.63130064128055,1.99827323410259,NA,NA,NA,NA,NA,NA
"2.6","hmgu","pos","phenylacetylglycine","[M + H]+","consensus",NA,NA,NA,NA,NA,NA,NA,0,"consensus","no_data",13,NA,NA,2.22850003961097,NA,NA,NA,NA,NA,NA,NA,NA
"2.6","hmgu","pos","phenylacetylglycine","[M + Na]+","consensus",NA,NA,NA,NA,NA,NA,NA,0,"consensus","no_data",13,NA,NA,2.22850003961097,NA,NA,NA,NA,NA,NA,NA,NA
"2.6","hmgu","pos","pyrimidine","[M + H]+","own",416.536983681454,30.8670000000001,28.3087169664391,704.96599999998,21.4366171019486,2.64564305616238,1.19716062418934,2,"consensus","detected",13,NA,NA,2.22850003961097,NA,NA,63.0859768810452,NA,NA,928.252684633554,NA,NA
"2.6","hmgu","pos","pyrrolidin-2-one","[M + H]+","consensus",10864.9829105343,25.16200000002,33.6015212020619,55.38100000002,31.5568093086931,2.04471189336886,1,5,"consensus","detected",13,48.5980673234255,2,2.22850003961097,1.21131203720054,1.6214211352846,74.8809913297838,40.7019271003067,54.4822166547366,24212.6148464982,13160.8845835083,17616.7129256463
"2.6","hmgu","pos","xanthosine","[M + H]+","consensus",NA,NA,NA,NA,NA,NA,NA,0,"consensus","no_data",13,NA,NA,2.22850003961097,NA,NA,NA,NA,NA,NA,NA,NA
"2.6","hmgu","pos","xanthosine","[M + K]+","consensus",NA,NA,NA,58.73200000002,-1.31162355879547,92.5418433764717,38.4931552220689,5,"consensus","below_detection",13,55.2539596367886,2,2.22850003961097,1.21131203720054,1.6509099362319,NA,NA,NA,NA,NA,NA
"2.6","hmgu","pos","xanthosine","[M + Na]+","consensus",NA,NA,NA,58.73200000002,-1.31162355879547,92.5418433764717,38.4931552220689,5,"consensus","below_detection",13,55.2539596367886,2,2.22850003961097,1.21131203720054,1.6509099362319,NA,NA,NA,NA,NA,NA
"2.7","hmgu","pos","3,3-dimethylglutaric acid","[M + H]+","consensus",NA,NA,NA,NA,NA,NA,NA,0,"consensus","no_data",14,NA,NA,2.03952034124989,NA,NA,NA,NA,NA,NA,NA,NA
"2.7","hmgu","pos","3,3-dimethylglutaric acid","[M + Na]+","consensus",378.668902995714,37.791,14.0162680507656,197.96500000002,6.90794069744366,3.5786118635715,1.51096493793825,2,"consensus","detected",14,178.953215341104,3,2.03952034124989,2.29390748717708,1.81853715681919,28.5864637979473,32.1520222239322,25.4891042502549,772.302930258539,868.631431743001,688.623470229666
"2.7","hmgu","pos","3,4,5-Trimethoxycinnamic acid","[M + H]+","consensus",NA,NA,NA,295.47799999998,1.12729903134259,181.08353486148,44.8445419195268,5,"consensus","below_detection",14,284.330007432409,5,2.03952034124989,1.64346619135011,1.54638778041231,NA,NA,NA,NA,NA,NA
"2.7","hmgu","pos","3-hydroxyphenylacetic acid","[M + H]+","consensus",NA,NA,NA,199.96399999998,1.68153156528422,2.77224944978173,1,5,"consensus","below_detection",14,181.211800452205,4,2.03952034124989,1.1850612755104,1.81087380170333,NA,NA,NA,NA,NA,NA
"2.7","hmgu","pos","3-hydroxyphenylacetic acid","[M + Na]+","consensus",NA,NA,NA,NA,NA,NA,NA,0,"consensus","no_data",14,NA,NA,2.03952034124989,NA,NA,NA,NA,NA,NA,NA,NA
"2.7","hmgu","pos","4-acetamidobutanoic acid","[M + H]+","consensus",NA,NA,NA,NA,NA,NA,NA,0,"consensus","no_data",14,NA,NA,2.03952034124989,NA,NA,NA,NA,NA,NA,NA,NA
"2.7","hmgu","pos","4-acetamidobutanoic acid","[M + Na]+","consensus",NA,NA,NA,NA,NA,NA,NA,0,"consensus","no_data",14,NA,NA,2.03952034124989,NA,NA,NA,NA,NA,NA,NA,NA
"2.7","hmgu","pos","4-pyridoxic acid","[M + H]+","consensus",NA,NA,NA,46.50499999998,0.0498467893251018,3.04011694493079,1,5,"consensus","below_detection",14,41.8888333526707,2,2.03952034124989,3.26501480797861,2.34514842086619,NA,NA,NA,NA,NA,NA
"2.7","hmgu","pos","4-pyridoxic acid","[M + Na]+","consensus",NA,NA,NA,NA,NA,NA,NA,0,"consensus","no_data",14,NA,NA,2.03952034124989,NA,NA,NA,NA,NA,NA,NA,NA
"2.7","hmgu","pos","6-methyladenine","[M + H]+","consensus",NA,NA,NA,62.34400000002,3.24885440294454,60.6634830783298,14.8216364099373,5,"consensus","below_detection",14,63.5145776533655,2,2.03952034124989,3.26501480797861,2.25198825692403,NA,NA,NA,NA,NA,NA
"2.7","hmgu","pos","Methyl 3-aminopropanoate","[M + H]+","consensus",NA,NA,NA,32.63200000002,0.374748553695554,2.62327145824702,1,3,"consensus","below_detection",14,29.1742831717555,1,2.03952034124989,1.71468664328297,NA,NA,NA,NA,NA,NA,NA
"2.7","hmgu","pos","N(4)-acetylcytosine","[M + H]+","consensus",NA,NA,NA,NA,NA,NA,NA,0,"consensus","no_data",14,NA,NA,2.03952034124989,NA,NA,NA,NA,NA,NA,NA,NA
"2.7","hmgu","pos","N(4)-acetylcytosine","[M + Na]+","consensus",NA,NA,NA,NA,NA,NA,NA,0,"consensus","no_data",14,NA,NA,2.03952034124989,NA,NA,NA,NA,NA,NA,NA,NA
"2.7","hmgu","pos","N-acetyl-L-isoleucine","[M + H]+","consensus",NA,NA,NA,NA,NA,NA,NA,0,"consensus","no_data",14,NA,NA,2.03952034124989,NA,NA,NA,NA,NA,NA,NA,NA
"2.7","hmgu","pos","N-acetyl-L-isoleucine","[M + Na]+","consensus",1220.09277131504,53.79799999998,13.8893922063016,214.15000000002,10.7000170523338,3.18937515396783,1,2,"consensus","detected",14,197.325888291761,4,2.03952034124989,1.1850612755104,1.75664413408581,28.3276979323498,16.459780844064,24.3987193452169,2488.40402530897,1445.88469581562,2143.26880977107
"2.7","hmgu","pos","N-acetyl-beta-D-mannosamine","[M + H]+","consensus",NA,NA,NA,NA,NA,NA,NA,0,"consensus","no_data",14,NA,NA,2.03952034124989,NA,NA,NA,NA,NA,NA,NA,NA
"2.7","hmgu","pos","N-acetyl-beta-D-mannosamine","[M + Na]+","consensus",NA,NA,NA,NA,NA,NA,NA,0,"consensus","no_data",14,NA,NA,2.03952034124989,NA,NA,NA,NA,NA,NA,NA,NA
"2.7","hmgu","pos","O-propanoyl-L-carnitine","[M + H]+","consensus",NA,NA,NA,NA,NA,NA,NA,0,"consensus","no_data",14,NA,NA,2.03952034124989,NA,NA,NA,NA,NA,NA,NA,NA
"2.7","hmgu","pos","beta-alanine","[M + H]+","consensus",NA,NA,NA,NA,NA,NA,NA,0,"consensus","no_data",14,NA,NA,2.03952034124989,NA,NA,NA,NA,NA,NA,NA,NA
"2.7","hmgu","pos","ethanolamine","[M + H]+","consensus",NA,NA,NA,NA,NA,NA,NA,0,"consensus","no_data",14,NA,NA,2.03952034124989,NA,NA,NA,NA,NA,NA,NA,NA
"2.7","hmgu","pos","melatonin","[M + H]+","consensus",179.748154287106,4.94500000002,37.8043792598801,265.764,6.96983764131059,6.50635585073542,4.49049533430157,5,"consensus","detected",14,252.321637222495,5,2.03952034124989,1.64346619135011,1.57069905693499,77.1028004888508,62.1302191985901,59.3793028515065,366.600016970676,295.410014528441,282.330256424563
"2.7","hmgu","pos","melatonin","[M + K]+","consensus",179.748154287106,4.94500000002,37.8043792598801,265.764,6.96983764131059,6.50635585073542,4.49049533430157,5,"consensus","detected",14,252.321637222495,5,2.03952034124989,1.64346619135011,1.57069905693499,77.1028004888508,62.1302191985901,59.3793028515065,366.600016970676,295.410014528441,282.330256424563
"2.7","hmgu","pos","melatonin","[M + Na]+","consensus",NA,NA,NA,NA,NA,NA,NA,0,"consensus","no_data",14,NA,NA,2.03952034124989,NA,NA,NA,NA,NA,NA,NA,NA
"2.8","hmgu","pos","2'-deoxycytidine","[M + H]+","consensus",NA,NA,NA,NA,NA,NA,NA,0,"consensus","no_data",15,NA,NA,1.98314013515296,NA,NA,NA,NA,NA,NA,NA,NA
"2.8","hmgu","pos","3-amino-3-(4-hydroxyphenyl)propanoic acid","[M + H]+","consensus",156.991771908925,5.769,31.7243416534038,32.16499999998,28.2049371047801,3.5194045486237,1,2,"consensus","detected",15,29.1457683196911,1,1.98314013515296,2.0043174866582,NA,62.91381519417,63.5856527286363,NA,311.336683761369,314.661353698514,NA
"2.8","hmgu","pos","L-isoleucine","[M + H]+","consensus",210.906472380378,0.737000000040013,157.401940007243,220.26499999998,146.171080362072,11.230859645171,1,3,"consensus","detected",15,204.183940917143,4,1.98314013515296,1.005158556657,1.50415966351473,312.150104579303,158.213906832693,236.757649117861,418.257090141058,211.994445367481,317.237008528749
"2.8","hmgu","pos","cytosine","[M + Na]+","own",NA,NA,NA,70.44400000002,17.6920764505621,9.95162092911687,1,4,"consensus","below_detection",15,79.5186227065158,2,1.98314013515296,4.31378534104885,2.48475660650641,NA,NA,NA,NA,NA,NA
"2.8","hmgu","pos","phenyl acetate","[M + H]+","own",23201.814882688,2.83199999999999,6541.13071172807,185.418,6408.29056250566,3.35448719269357,1.0202059598838,5,"consensus","detected",15,165.100022624891,3,1.98314013515296,2.17295639780798,1.75949630415876,12971.9788437096,14213.5918289478,11509.0953123049,46012.4503022479,50416.5320900932,40823.5075358653
"2.9","hmgu","pos","(R)-noradrenaline","[M + H]+","consensus",NA,NA,NA,24.26200000002,46.9495581546844,3.83261478906934,1,1,"consensus","below_detection",16,NA,NA,2.24222419414691,NA,NA,NA,NA,NA,NA,NA,NA
"2.9","hmgu","pos","D-leucine","[M + H]+","consensus",NA,NA,NA,NA,NA,NA,NA,0,"consensus","no_data",16,NA,NA,2.24222419414691,NA,NA,NA,NA,NA,NA,NA,NA
"2.9","hmgu","pos","D-proline","[M + H]+","consensus",1542.98633891671,0.685000000020004,530.09204304222,27.04000000002,527.717429336614,2.37461370560595,1,4,"consensus","detected",16,NA,NA,2.24222419414691,NA,NA,1188.58520403403,NA,NA,3459.72130035721,NA,NA
"2.9","hmgu","pos","Gly-Pro","[M + H]+","consensus",NA,NA,NA,NA,NA,NA,NA,0,"consensus","no_data",16,NA,NA,2.24222419414691,NA,NA,NA,NA,NA,NA,NA,NA
"2.9","hmgu","pos","N-acetyl-L-methionine","[M + H]+","consensus",NA,NA,NA,NA,NA,NA,NA,0,"consensus","no_data",16,NA,NA,2.24222419414691,NA,NA,NA,NA,NA,NA,NA,NA
"2.9","hmgu","pos","N-acetyl-L-methionine","[M + Na]+","consensus",NA,NA,NA,NA,NA,NA,NA,0,"consensus","no_data",16,NA,NA,2.24222419414691,NA,NA,NA,NA,NA,NA,NA,NA
"2.9","hmgu","pos","agmatine","[M + H]+","consensus",NA,NA,NA,NA,NA,NA,NA,0,"consensus","no_data",16,NA,NA,2.24222419414691,NA,NA,NA,NA,NA,NA,NA,NA
"2.9","hmgu","pos","agmatine","[M + Na]+","consensus",NA,NA,NA,NA,NA,NA,NA,0,"consensus","no_data",16,NA,NA,2.24222419414691,NA,NA,NA,NA,NA,NA,NA,NA
"2.9","hmgu","pos","diethyl 2-methyl-3-oxosuccinate","[M + H]+","consensus",NA,NA,NA,255.98899999998,11.5174314686897,3.24575107276132,1,1,"consensus","below_detection",16,242.082120007718,5,2.24222419414691,2.25980061713807,2.52550297328499,NA,NA,NA,NA,NA,NA
"2.9","hmgu","pos","diethyl 2-methyl-3-oxosuccinate","[M + Na]+","consensus",41.0328898725,NA,18.2972095880996,247.26400000002,9.44332288656465,4.4089067368127,1.47070083466555,3,"consensus","detected",16,233.002815045189,4,2.24222419414691,3.92675362291281,2.56958614983621,41.0264460238137,71.8486340392651,47.016256338231,92.0049384278852,161.126048965422,105.43754550413
"2.9","hmgu","pos","fumaric acid","[M + H]+","consensus",NA,NA,NA,NA,NA,NA,NA,0,"consensus","no_data",16,NA,NA,2.24222419414691,NA,NA,NA,NA,NA,NA,NA,NA
"2.9","hmgu","pos","homogentisic acid","[M + H]+","consensus",NA,NA,NA,NA,NA,NA,NA,0,"consensus","no_data",16,NA,NA,2.24222419414691,NA,NA,NA,NA,NA,NA,NA,NA
"2.9","hmgu","pos","nicotinamide","[M + H]+","consensus",NA,NA,NA,59.49499999998,-0.0407415265863165,2.48575438837088,1,4,"consensus","below_detection",16,56.9905989917289,2,2.24222419414691,2.82501155021354,2.2001902082521,NA,NA,NA,NA,NA,NA
"2.9","hmgu","pos","nicotinamide","[M + Na]+","own",744.307641503131,85.956,12.1218163570247,61.40899999998,7.31034104923673,2.74292661623304,1.2829619955653,4,"consensus","detected",16,61.40899999998,2,2.24222419414691,2.82501155021354,2.21722031339934,27.1798299127265,34.2442712181622,26.8767374620916,1668.90460166674,2102.67768415854,1650.2940221591
"2.9","hmgu","pos","nicotinic acid","[M + H]+","consensus",7023.09271324799,0.706000000019998,2684.94518852088,39.711,1888.90010762892,3.35487088863056,1.4196570304601,4,"consensus","detected",16,34.2585157419585,2,2.24222419414691,2.82501155021354,2.1123499187141,6020.24906165985,7585.00116926176,5671.5437507239,15747.3483993815,19840.3180331461,14835.229321951
"2.9","hmgu","pos","ritalinic acid","[M + H]+","consensus",NA,NA,NA,NA,NA,NA,NA,0,"consensus","no_data",16,NA,NA,2.24222419414691,NA,NA,NA,NA,NA,NA,NA,NA
"2.9","hmgu","pos","ritalinic acid","[M + Na]+","consensus",NA,NA,NA,NA,NA,NA,NA,0,"consensus","no_data",16,NA,NA,2.24222419414691,NA,NA,NA,NA,NA,NA,NA,NA
"2.9","hmgu","pos","taurine","[M + Na]+","consensus",NA,NA,NA,NA,NA,NA,NA,0,"consensus","no_data",16,NA,NA,2.24222419414691,NA,NA,NA,NA,NA,NA,NA,NA
"2.9","hmgu","pos","thymine","[M + H]+","consensus",NA,NA,NA,NA,NA,NA,NA,0,"consensus","no_data",16,NA,NA,2.24222419414691,NA,NA,NA,NA,NA,NA,NA,NA
"2.9","hmgu","pos","thymine","[M + Na]+","consensus",NA,NA,NA,NA,NA,NA,NA,0,"consensus","no_data",16,NA,NA,2.24222419414691,NA,NA,NA,NA,NA,NA,NA,NA
"2.9","hmgu","pos","vanillin","[M + H]+","consensus",72.393126326618,2.79800000003999,18.9966413986067,225.279,16.1789507982025,2.81769060040415,1,5,"consensus","detected",16,209.702386699117,4,2.24222419414691,3.92675362291281,2.64206864332604,42.5947289514887,74.5951304351543,50.1904305677681,162.321619339476,284.269971077032,191.267609059898
"2.9","hmgu","pos","vanillin","[M + Na]+","consensus",72.393126326618,2.79800000003999,18.9966413986067,225.279,16.1789507982025,2.81769060040415,1,5,"consensus","detected",16,209.702386699117,4,2.24222419414691,3.92675362291281,2.64206864332604,42.5947289514887,74.5951304351543,50.1904305677681,162.321619339476,284.269971077032,191.267609059898
"3.1","hmgu","pos","(3S,5R)-fluvastatin","[M + Na]+","consensus",342824.173485523,0.676999999980012,123878.64153306,404.42800000002,20562.792157248,8.72594936604582,6.0239832526845,4,"consensus","detected",17,397.332648947108,8,2.02245214337846,1.27748219228882,1.5351651078623,250538.62408735,158252.758563414,190174.168090935,693345.484467746,437951.776713888,526291.709266707
"3.1","hmgu","pos","1,2-di-O-myristoyl-sn-glycero-3-phosphocholine","[M + H]+","consensus",1243.77360927815,28.71700000002,34.4474438170728,538.632,28.1319849985812,6.31545881849161,1,3,"consensus","detected",17,527.505854588593,10,2.02245214337846,3.59993490143741,2.78278142839274,69.6683065817481,124.008555262385,95.8597069097525,2515.47260196216,4477.50402552719,3461.15010102424
"3.1","hmgu","pos","L-thyroxine","[M + H]+","consensus",5086431.05103365,0.661999999979969,2870102.35636017,324.444,37027.7058922775,328.126520278078,77.5034304903674,3,"consensus","detected",17,315.803191077987,6,2.02245214337846,1.83023735961461,1.54406471798672,5804644.66233621,5252968.5585283,4431623.78546629,10287063.3813098,9309376.13670558,7853778.72637318
"3.1","hmgu","pos","taurochenodeoxycholic acid","[M + H]+","consensus",806753.983061613,13.10599999998,24824.2815110054,356.604,847.401761105382,48.9715984816794,29.236793041598,3,"consensus","detected",17,349.261027260144,7,2.02245214337846,0.981344617871111,1.4464245278915,50205.9213497632,24361.1750533425,35906.4496648017,1631621.32222207,791703.679223595,1166908.74907448
"3.1","hmgu","pos","taurochenodeoxycholic acid","[M + K]+","consensus",453712.456551551,11.74999999998,58627.598322972,356.604,1743.36559824774,39.6255982870425,33.6062457487814,4,"consensus","detected",17,349.261027260144,7,2.02245214337846,0.981344617871111,1.4464245278915,118571.511889426,57533.8780729579,84800.3962257173,917611.730230192,445248.277297945,656260.82576607
"3.1","hmgu","pos","taurochenodeoxycholic acid","[M + Na]+","consensus",806753.983061613,13.10599999998,24824.2815110054,356.604,847.401761105382,48.9715984816794,29.236793041598,3,"consensus","detected",17,349.261027260144,7,2.02245214337846,0.981344617871111,1.4464245278915,50205.9213497632,24361.1750533425,35906.4496648017,1631621.32222207,791703.679223595,1166908.74907448
"3.1","hmgu","pos","taurodeoxycholic acid","[M + H]+","consensus",806753.983061613,12.39499999998,28840.7757009552,357.38800000002,984.779830725917,48.9715984816794,29.236793041598,4,"consensus","detected",17,350.088804086555,7,2.02245214337846,0.981344617871111,1.44570005490603,58329.0886330944,28302.7400093603,41695.1110144033,1631621.32222207,791703.679223595,1166324.27760783
"3.1","hmgu","pos","taurodeoxycholic acid","[M + K]+","consensus",453712.456551551,11.07400000002,70816.6458771769,357.38800000002,2106.06744972268,39.6255982870425,33.6062457487814,4,"consensus","detected",17,350.088804086555,7,2.02245214337846,0.981344617871111,1.44570005490603,143223.27724117,69495.5342872519,102379.628832895,917611.730230192,445248.277297945,655932.123348125
"3.1","hmgu","pos","undecanedioic acid","[M + Na]+","consensus",80654.6331348532,1.46899999998004,35158.6023989961,314.616,4894.10200009324,17.7233121127074,7.18025065399411,4,"consensus","detected",17,305.300998791623,6,2.02245214337846,1.83023735961461,1.61459450129776,71106.5907800409,64348.5876224784,56766.8861067333,163120.135656987,147617.122789419,130224.527163722
"3.2","hmgu","pos","1,2-dioleoyl-sn-glycero-3-phosphocholine","[M + H]+","consensus",21694.5645149844,1.49499999995999,14257.4364846657,379.59100000002,217.6350358186,95.6101211624919,65.0714454602209,3,"consensus","detected",18,372.880566707805,7,2.62782083982428,1.33064328990603,1.98580769322019,37465.9887168755,18971.5621895819,28312.5270568473,57009.4287433882,28867.7266992975,43081.2331149177
"3.2","hmgu","pos","1-stearoyl-sn-glycerol","[M + H]+","consensus",NA,NA,NA,619.932,3.51639721844946,17.4780307796391,7.7427739057107,5,"consensus","below_detection",18,NA,NA,2.62782083982428,NA,NA,NA,NA,NA,NA,NA,NA
"3.2","hmgu","pos","1-stearoyl-sn-glycerol","[M + Na]+","consensus",NA,NA,NA,634.695,0.545605868043988,14.4897220296843,33.6566105386824,2,"consensus","below_detection",18,NA,NA,2.62782083982428,NA,NA,NA,NA,NA,NA,NA,NA
"3.2","hmgu","pos","Leucomalachite green","[M + H]+","consensus",513962.217209702,2.70799999997996,142885.814990792,340.50799999998,5094.38543517943,180.910078790504,28.0121923886145,5,"consensus","detected",18,332.445284820621,6,2.62782083982428,1.62979949703634,1.80781198631929,375478.322348079,232875.22940562,258310.689015355,1350600.62526595,837655.363104055,929147.056786939
"3.2","hmgu","pos","all-trans-retinal","[M + H]+","consensus",438503.133557298,2.11600000001999,163335.151705635,580.66000000002,7303.29657623013,40.0154830295996,22.3590996912378,4,"consensus","detected",18,567.473261319585,10,2.62782083982428,4.05752677664306,NA,429215.515527927,662736.751612671,NA,1152307.67269012,1779238.20605063,NA
"3.2","hmgu","pos","cholest-4-en-3-one","[M + H]+","consensus",14948.284075449,13.701,27.5465019747353,711.921,12.3999349174473,5.19203573107916,1.80278899788436,3,"consensus","detected",18,NA,NA,2.62782083982428,NA,NA,72.38727195347,NA,NA,39281.4124130783,NA,NA
"3.2","hmgu","pos","cholic acid","[M + Na]+","consensus",223665.766163212,1.37700000000001,83133.9018146585,367.49800000002,7001.46313823374,24.0308167097646,11.8703575748475,5,"consensus","detected",18,360.688963085873,7,2.62782083982428,1.33064328990603,1.91222718904108,218460.999684465,110621.568613382,158970.907381062,587753.561478952,297619.35092677,427699.759314998
"3.2","hmgu","pos","gamma-terpinene","[M + H]+","consensus",547.134338110732,1.42300000002001,155.724845721426,580.66000000002,132.710761776383,3.01125663123275,1.15072498300865,5,"consensus","detected",18,567.473261319585,10,2.62782083982428,4.05752677664306,NA,409.216994865184,631.857731303296,NA,1437.77101587084,2220.01222730517,NA
"3.2","hmgu","pos","gamma-terpinene","[M + Na]+","consensus",547.134338110732,1.42300000002001,155.724845721426,580.66000000002,132.710761776383,3.01125663123275,1.15072498300865,5,"consensus","detected",18,567.473261319585,10,2.62782083982428,4.05752677664306,NA,409.216994865184,631.857731303296,NA,1437.77101587084,2220.01222730517,NA
"3.2","hmgu","pos","hexadecanedioic acid","[M + H]+","consensus",25764.4889165339,2.13599999999997,10723.1447101581,432.06400000002,2414.53654257045,5.22958169711637,4.4389119565989,4,"consensus","detected",18,424.964455513032,8,2.62782083982428,2.69628639640639,2.46601981222486,28178.5031378049,28912.6692086965,26443.4873046041,67704.4609022894,69468.4409760137,63535.7401200204
"3.2","hmgu","pos","hexadecanedioic acid","[M + Na]+","consensus",94265.420596605,1.41899999999998,41281.1333035972,432.06400000002,3188.24212347268,30.1012419573199,12.9384878764191,4,"consensus","detected",18,424.964455513032,8,2.62782083982428,2.69628639640639,2.46601981222486,108479.422386757,111305.758154728,101800.092597766,247712.636718559,254166.571206153,232460.394798937
"3.2","hmgu","pos","hexanal","[M + Na]+","own",34.4762398557904,NA,11.5742443599793,69.561,6.87981583570411,3.26034779462248,1.20844754625702,3,"consensus","detected",18,77.9595266487696,2,2.62782083982428,2.55935528324216,2.29603455695199,30.4150405343722,29.6226034522488,26.5748650211192,90.5973815718263,88.236946621241,79.1586381026604
"3.2","hmgu","pos","hyodeoxycholic acid","[M + H]+","consensus",51697.63916905,0.736999999979957,11330.6262354487,635.37,707.678930538096,63.1627067681366,15.9217168160047,3,"consensus","detected",18,NA,NA,2.62782083982428,NA,NA,29774.8557497718,NA,NA,135852.133578145,NA,NA
"3.2","hmgu","pos","hyodeoxycholic acid","[M + Na]+","consensus",51697.63916905,0.736999999979957,11330.6262354487,635.37,707.678930538096,63.1627067681366,15.9217168160047,3,"consensus","detected",18,NA,NA,2.62782083982428,NA,NA,29774.8557497718,NA,NA,135852.133578145,NA,NA
"3.2","hmgu","pos","taurocholic acid","[M + H]+","consensus",NA,NA,NA,315.363,3.75528386262959,15.6923218364354,9.1575299027169,2,"consensus","below_detection",18,306.109682497567,6,2.62782083982428,1.62979949703634,1.83360599189794,NA,NA,NA,NA,NA,NA
"3.2","hmgu","pos","tauroursodeoxycholic acid","[M + H]+","consensus",NA,NA,NA,295.86,-0.458786582398189,22.8424867484282,24.715593890904,5,"consensus","below_detection",18,284.749089031617,5,2.62782083982428,1.84625243921274,1.90885615206207,NA,NA,NA,NA,NA,NA
"3.2","hmgu","pos","tauroursodeoxycholic acid","[M + Na]+","consensus",NA,NA,NA,311.07799999998,-0.253933840426657,14.4398804623052,13.8856632622308,5,"consensus","below_detection",18,301.4535680285,6,2.62782083982428,1.62979949703634,1.84688534734616,NA,NA,NA,NA,NA,NA
"3.3","hmgu","pos","(S)-lipoic acid","[M + Na]+","consensus",NA,NA,NA,331.40200000002,2212.73019025647,3.44684761249664,1,1,"consensus","below_detection",19,323.054736395074,6,2.23022236770189,2.37957428701298,1.84464137322231,NA,NA,NA,NA,NA,NA
"3.3","hmgu","pos","2-hydroxyoctanoic acid","[M + H]+","consensus",NA,NA,NA,NA,NA,NA,NA,0,"consensus","no_data",19,NA,NA,2.23022236770189,NA,NA,NA,NA,NA,NA,NA,NA
"3.3","hmgu","pos","2-hydroxyoctanoic acid","[M + Na]+","own",164.392077371812,3.53299999998001,27.1403792675937,432.51700000002,7.50640418889596,5.36843431895068,2.90044932310597,3,"consensus","detected",19,425.40207288519,8,2.23022236770189,2.01739152412958,2.24538989554511,60.5290809105,54.7527710961057,60.9407333687169,366.630888027594,331.643183523948,369.124309438337
"3.3","hmgu","pos","Dipropyl hexanedioate","[M + H]+","consensus",NA,NA,NA,NA,NA,NA,NA,0,"consensus","no_data",19,NA,NA,2.23022236770189,NA,NA,NA,NA,NA,NA,NA,NA
"3.3","hmgu","pos","Dipropyl hexanedioate","[M + Na]+","consensus",576090.178032066,10.46199999996,2553.42408162803,431.82100000002,49.0148643603278,43.3094837654298,51.2112933621472,5,"consensus","detected",19,424.729530424899,8,2.23022236770189,2.01739152412958,2.24163250954855,5694.70350107548,5151.25609978475,5723.83843204154,1284809.20086048,1162199.44229619,1291382.47150829
"3.3","hmgu","pos","bilirubin IXalpha","[M + H]+","consensus",9575.19702077464,0.721999999979971,4091.07304651445,320.697,152.460215411124,39.8140821415509,26.5725648717489,3,"consensus","detected",19,311.837651494306,6,2.23022236770189,2.37957428701298,1.85246815248216,9124.00261623883,9735.01222777766,7578.58252814619,21354.8185708841,22784.8926237187,17737.7475347271
"3.3","hmgu","pos","progesterone","[M + H]+","consensus",1787894.89872943,3.51299999999992,69984.8730673754,444.50200000002,1441.9128916292,109.703595439687,48.4600490623152,3,"consensus","detected",19,436.870304074474,8,2.23022236770189,2.01739152412958,2.3071176430001,156081.829315638,141186.889743408,161463.335396864,3987403.19424648,3606884.01473127,4124883.86468854
"3.3","hmgu","pos","undecanoic acid","[M + H]+","own",29019.6709569624,1.452,13537.143967108,463.41499999998,7862.25244089007,3.76929297972583,1.72131011766346,4,"consensus","detected",19,454.893564968155,8,2.23022236770189,2.01739152412958,2.39998301094689,30190.8412702449,27309.7195001656,32488.9155378014,64720.3192715664,58544.0382216053,69646.7172799787
"1.1","icl","neg","5-hydroxy-L-tryptophan","[M - H]-","consensus",1642529.11920539,1.14199876788,554318.5,40.05699992178,41540.7242531888,24,13.3434,5,"consensus","detected",20,61.882055626319,2,0.712949356393642,0.839161760941239,0.805218897510179,395201.017812089,465162.888582306,446347.731439496,1171040.0783953,1378347.62806966,1322595.48649493
"1.1","icl","neg","D-alpha-aminobutyric acid","[M - H]-","consensus",NA,NA,NA,75.99299669268,4.04503137925092,21.3827667236328,8.5,4,"consensus","below_detection",20,108.09439288915,3,0.712949356393642,0.759316198334365,0.683147240586157,NA,NA,NA,NA,NA,NA
"1.1","icl","neg","L-citrulline","[M - H]-","consensus",86507.9526993048,12.79199838636,1329.6181640625,30.2229988575,220.831337525715,20,5.9304,5,"consensus","detected",20,33.5361126441179,2,0.712949356393642,0.839161760941239,0.901379862015623,947.950414317655,1115.76471993414,1198.49103725612,61675.7891999009,72594.16592257,77976.5264673534
"1.1","icl","neg","L-homoserine","[M - H]-","consensus",41254.3796628589,17.37200081352,516.8701171875,29.76600050928,223.743156209468,15,2.24306354522705,5,"consensus","detected",20,32.3007274239479,2,0.712949356393642,0.839161760941239,0.905983854182785,368.502217387934,433.737637716967,468.275980881439,29412.2834290542,34619.0978844231,37375.8018888768
"1.1","icl","neg","L-lysine","[M - H]-","consensus",58975.8125252937,4.11199986936,20915.796875,24.9699997902,3537.31239614868,15.9782257080078,5.90838928222656,4,"consensus","detected",20,NA,NA,0.712949356393642,NA,NA,14911.9039204914,NA,NA,42046.7675827002,NA,NA
"1.1","icl","neg","L-valine","[M - H]-","consensus",NA,NA,NA,56.50400161746,12.194227187795,18.5,6.6834903717041,1,"consensus","below_detection",20,92.0499393380282,3,0.712949356393642,0.759316198334365,0.721126649757092,NA,NA,NA,NA,NA,NA
"1.1","icl","neg","N(6)-acetyl-L-lysine","[M - H]-","consensus",561638.64843479,8.68000209336,26002.78125,30.2229988575,1111.44994632549,33.9181518554688,23.3648516372681,5,"consensus","detected",20,33.5361126441179,2,0.712949356393642,0.839161760941239,0.901379862015623,18538.6661566321,21820.5397031198,23438.3833751474,400419.912927378,471305.677233196,506249.767428792
"1.1","icl","neg","N-acetyl-L-cysteine","[M - H]-","consensus",603003.56284216,44.85600113868,7600.66796875,75.99299669268,349.230954259588,34.0055084228516,21.6666431427002,5,"consensus","detected",20,108.09439288915,3,0.712949356393642,0.759316198334365,0.683147240586157,5418.89133648208,5771.31030683303,5192.37534946316,429911.002031391,457870.372919386,411940.220019243
"1.1","icl","neg","N-alpha-acetyl-L-asparagine","[M - H]-","consensus",535975.169089488,0.91300070286,298941,25.42600035666,24617.4504105632,24.5023574829102,12.1424636856079,5,"consensus","detected",20,26.2099671924157,1,0.712949356393642,1.02145955448882,NA,213129.793549672,305356.140678442,NA,382123.151845324,547476.957435218,NA
"1.1","icl","neg","O(4)-phospho-L-tyrosine","[M - H]-","consensus",721122.005612609,19.65699970722,14072.2265625,35.24900078772,64.2240871764727,471.228515625,211.774096679687,5,"consensus","detected",20,49.0013141435213,2,0.712949356393642,0.839161760941239,0.844991984145497,10032.7848707599,11808.8744225516,11890.9186443918,514123.469782802,605138.012083355,609342.314333579
"1.1","icl","neg","alpha-D-glucosamine 6-phosphate","[M - H]-","consensus",442809.663115851,11.64999783042,14064.984375,28.62399995328,156.228793243989,182.827697753906,88.8578628112793,5,"consensus","detected",20,29.655511916512,1,0.712949356393642,1.02145955448882,0.915599318614036,10027.6215578429,14366.8126735797,12877.8901100671,315700.864323331,452312.161209661,405436.225824584
"1.1","icl","neg","carnosine","[M - H]-","consensus",1382613.28712957,1.14300012588,841902,21.3140004873,24170.2928670899,38.0419006347656,34.8305236816406,5,"consensus","detected",20,NA,NA,0.712949356393642,NA,NA,600233.48904652,NA,NA,985733.253200324,NA,NA
"1.1","icl","neg","glutathione","[M - H]-","consensus",871886.24588837,1.59899890422,318141.75,26.56799912454,9033.58761071006,57,35.211342791748,5,"consensus","detected",20,26.7572168889738,1,0.712949356393642,1.02145955448882,NA,226818.955904447,324968.930219293,NA,621610.737854582,890596.536290063,NA
"1.1","icl","neg","guanosine 5'-monophosphate","[M - H]-","consensus",2194838.69652434,27.65200138092,17999.84375,43.71199965474,39.9743317593935,1586.876953125,410.587646484375,5,"consensus","detected",20,70.3317228257378,3,0.712949356393642,0.759316198334365,0.779888886525454,12832.9770167486,13667.5729268626,14037.8780998197,1564808.83607489,1666576.57500201,1711730.30713535
"1.1","icl","neg","homocystine","[M - H]-","consensus",87376.0765319431,0.914000272740001,53511.375,23.59899938106,12513.1177186129,17.7967529296875,4.275,4,"consensus","detected",20,NA,NA,0.712949356393642,NA,NA,38150.9003659888,NA,NA,62294.7175276504,NA,NA
"1.1","icl","neg","uridine 5'-monophosphate","[M - H]-","consensus",3015465.71008159,12.79200196272,49730.5,32.96399831772,151.719145844416,929.01904296875,321.656707763672,5,"consensus","detected",20,42.0430489396335,2,0.712949356393642,0.839161760941239,0.869270899556313,35455.327968134,41731.9339524883,43229.2764703852,2149874.33722976,2530463.51532999,2621256.59038384
"1.2","icl","neg","(2R)-2-acetamidopropanoic acid","[M - H]-","consensus",715710.442299804,40.26500165466,379.34619140625,61.35000228882,12.0183580678142,43,27.98603515625,4,"consensus","detected",21,97.6051607951287,3,0.804563295047856,0.799321328661775,1.16773456298555,305.208021721667,303.219501737628,442.975659042009,575834.351756889,572082.621676186,835759.820563154
"1.2","icl","neg","D-erythronic acid","[M - H]-","consensus",717854.617245062,1.5990006924,309109.75,23.82699966432,6227.51400411345,73.4581909179688,49.6243431335449,5,"consensus","detected",21,NA,NA,0.804563295047856,NA,NA,248698.358991419,NA,NA,577559.476216005,NA,NA
"1.2","icl","neg","IMP","[M - H]-","consensus",5725139.62603608,1.59899890422,1270593,25.19700050352,996.744085376149,6875.68359375,1267.8453125,5,"consensus","detected",21,NA,NA,0.804563295047856,NA,NA,1022272.49074474,NA,NA,4606237.20213264,NA,NA
"1.2","icl","neg","L-alpha-aminobutyric acid","[M - H]-","consensus",125783.545707609,0.914000272740001,41788.5625,26.11100077632,1371.94516642744,40,30.4301975921631,4,"consensus","detected",21,26.4449376260491,1,0.804563295047856,2.61196241086015,NA,33621.5435403133,109150.15445388,NA,101200.823997317,328541.893292984,NA
"1.2","icl","neg","L-homocitrulline","[M - H]-","consensus",60260.2813265458,1.14200055594,30489.328125,23.14099967478,1926.15902166874,27.4146575927734,15.8148486831665,5,"consensus","detected",21,NA,NA,0.804563295047856,NA,NA,24530.5943000453,NA,NA,48483.2105045965,NA,NA
"1.2","icl","neg","N-acetyl-L-aspartic acid","[M - H]-","consensus",1714905.72497145,5.93900084496,90542.25,31.36399984362,4917.21572637695,30,18.4072155944824,5,"consensus","detected",21,36.927305473022,2,0.804563295047856,0.657163116539155,1.28491621952188,72846.9710010468,59501.0271884673,116339.205577005,1379750.20077946,1126972.79079308,2203510.18096674
"1.2","icl","neg","N-acetyl-L-glutamine","[M - H]-","consensus",405500.329242397,0.457000136400001,276671.5,25.65400063992,9601.56329422768,43.1229400634766,28.8107643081665,4,"consensus","detected",21,26.2568602346852,1,0.804563295047856,2.61196241086015,NA,222599.733685833,722655.558156293,NA,326250.681038254,1059151.61757256,NA
"1.2","icl","neg","NAD zwitterion","[M - H]-","consensus",51923.1964527557,0.91300070286,23001.84375,23.82699966432,2549.22138489492,17.2051086425781,9.01633682250977,5,"consensus","detected",21,NA,NA,0.804563295047856,NA,NA,18506.4391996759,NA,NA,41775.4980274463,NA,NA
"1.2","icl","neg","cytidine 5'-monophosphate","[M - H]-","consensus",785047.507338808,13.02000224592,18813.375,31.13600134848,191.731751383781,227.385498046875,96.9374627197266,5,"consensus","detected",21,36.2223195425099,2,0.804563295047856,0.657163116539155,1.28634292030168,15136.550980971,12363.4561476198,24200.4517382306,631620.409273618,515904.266554066,1009840.30316576
"1.3","icl","neg","2-aminoisobutyric acid","[M - H]-","consensus",203409.39451304,1.5990006924,91688.1875,32.50399947168,32494.7717588485,18.5,2.82105959014893,5,"consensus","detected",22,40.5613832888272,2,0.642576241120223,1.14043578727482,0.66905954726801,58916.6508788762,104564.490295364,61344.8572185744,130706.04413473,231975.352970574,136092.997402955
"1.3","icl","neg","D-alanine","[M - H]-","consensus",75447.0021380363,3.19799959662,19623.84375,25.18100023272,2697.86089263233,19.3762664794922,7.26667098999024,5,"consensus","detected",22,NA,NA,0.642576241120223,NA,NA,12609.8157532056,NA,NA,48480.4510376488,NA,NA
"1.3","icl","neg","D-asparagine","[M - H]-","consensus",31914.2935319428,16.45899832248,213.0341796875,37.07299947738,33.9836389667636,17.9788208007812,5.7396842956543,4,"consensus","detected",22,54.1343127946688,2,0.642576241120223,1.14043578727482,0.630988747783368,136.890702413724,242.95180242836,134.422170276073,20507.3667757633,36396.202469421,20137.5601121114
"1.3","icl","neg","D-glucopyranose 6-phosphate","[M - H]-","consensus",675426.517127553,8.0089992285,53353.40625,26.3240003586,263.115541479343,681.043701171875,200.187196289062,5,"consensus","detected",22,26.5751296218656,1,0.642576241120223,0.618754207099666,NA,34283.6312390852,33012.6445802851,NA,434013.032528747,417922.999059348,NA
"1.3","icl","neg","L-arginine","[M - H]-","consensus",173957.248143308,27.19599902628,396.1962890625,39.8139989376,117.643720314558,14.8406143188477,3.24161522369385,5,"consensus","detected",22,61.2804155463331,2,0.642576241120223,1.14043578727482,0.613845946111363,254.586322171563,451.836426832356,243.203485905381,111780.794627545,198387.071238475,106782.951569458
"1.3","icl","neg","L-dopa","[M - H]-","consensus",146510.56786201,0.68599820136,115822.5,29.9919998646,11158.0524561099,22,10.3782,5,"consensus","detected",22,32.900950884538,2,0.642576241120223,1.14043578727482,0.694624121456703,74424.786687147,132088.123971638,80453.102307419,94144.2099811598,167085.894803793,101769.774485271
"1.3","icl","neg","L-ornithine","[M - H]-","consensus",164517.809878603,1.37100040914,87916.0625,21.52700006964,9919.32420376122,19.9614410400391,8.86109771728515,5,"consensus","detected",22,NA,NA,0.642576241120223,NA,NA,56492.7729753406,NA,NA,105715.235869124,NA,NA
"1.3","icl","neg","N(2)-acetyl-L-lysine","[M - H]-","consensus",214009.612471433,8.00799965856,5635.59765625,28.8499993086,280.810845741206,30.4631958007812,19.9605340942383,5,"consensus","detected",22,30.1212453431692,1,0.642576241120223,0.618754207099666,0.703290639819205,3621.30115841906,3487.04975932571,3963.46308142768,137517.492345489,132419.348076468,150510.957282494
"1.3","icl","neg","N-acetyl-L-glutamic acid","[M - H]-","consensus",2422923.42068569,31.77200138568,581.458984375,57.1949994564,93.642417147138,16.1220397949219,6.03718872070312,5,"consensus","detected",22,92.9207973288354,3,0.642576241120223,0.428891896626353,0.547323149257979,373.63172854527,249.383046619026,318.245962492471,1556913.02418636,1039172.2212783,1326122.07702061
"1.3","icl","neg","N-acetyl-beta-neuraminic acid","[M - H]-","consensus",654543.26321211,10.97799897192,2935.126953125,32.9610013962,326.575173594266,21.1940078735352,8.92270197143555,5,"consensus","detected",22,42.0334262224501,2,0.642576241120223,1.14043578727482,0.66421773611492,1886.04284474972,3347.32381753866,1949.56338001457,420593.949725403,746464.561686735,434759.24448002
"1.3","icl","neg","N-carbamoylaspartic acid","[M - H]-","consensus",136011.479507549,4.58100020886,21778.765625,27.46599912642,2927.70158289371,21,7.43168830871582,5,"consensus","detected",22,27.7264843416409,1,0.642576241120223,0.618754207099666,NA,13994.5173515508,13475.7028559063,NA,87397.7452511611,84157.675159146,NA
"1.3","icl","neg","UDP","[M - H]-","consensus",2075251.21800518,28.57099950312,23970.046875,43.23999881742,46.4025529249164,2052.068359375,472.34423828125,5,"consensus","detected",22,69.3023135608649,3,0.642576241120223,0.428891896626353,0.595158002184818,15402.5826204131,10280.5588664413,14265.9652104014,1333507.12704593,890058.43086639,1235102.36893957
"1.3","icl","neg","UDP-alpha-D-glucose","[M - H]-","consensus",1884637.1583793,20.11500120162,25621.609375,37.07299947738,142.149966105393,554.054565429688,176.345837402344,5,"consensus","detected",22,54.1343127946688,2,0.642576241120223,1.14043578727482,0.630988747783368,16463.8374436382,29219.8002588261,16166.9472157259,1211023.06110687,2149307.66144368,1189184.84059176
"1.3","icl","neg","guanosine","[M - H]-","consensus",1784347.5719095,32.75199651714,818.25048828125,59.02300000188,107.29185782823,18.9261474609375,7.45,5,"consensus","detected",22,95.0952841064072,3,0.642576241120223,0.428891896626353,0.543669420149641,525.788323054553,350.941003834384,444.857768501028,1146579.3556096,765292.214356892,970095.209765457
"1.3","icl","neg","isocitric acid","[M - H]-","consensus",1633310.73988816,29.25599992272,3254.556640625,42.0980000496,33.5181182280042,150.274658203125,92.6150436401367,5,"consensus","detected",22,66.736966891263,2,0.642576241120223,1.14043578727482,0.601044943698175,2091.30077264567,3711.61286468168,1956.13481282697,1049526.67581862,1862686.01950878,981693.161697703
"1.4","icl","neg","2'-deoxyadenosine 5'-monophosphate","[M - H]-","consensus",466333.939120655,1.37100040914,163056.75,26.10400021074,3206.6366501768,93.7438659667969,50.8205399963379,5,"consensus","detected",23,26.4411157324063,1,0.849920145927881,0.986152782135768,NA,138585.216754526,160798.867658516,NA,396346.609588551,459876.511468166,NA
"1.4","icl","neg","2'-deoxyguanosine 5'-monophosphate","[M - H]-","consensus",1504417.70788926,5.94000041484,111437.625,28.61699938776,536.141529420787,688.39501953125,206.567154199219,5,"consensus","detected",23,29.6415908036702,1,0.849920145927881,0.986152782135768,0.78628164686105,94713.0825018565,109894.523928352,87621.3593072841,1278634.91782573,1483585.70812931,1182896.03292609
"1.4","icl","neg","D-arabinitol","[M - H]-","consensus",14743.9139653748,2.51299917702,5115.796875,22.44900047778,2081.79791197485,15.3919906616211,2.45,4,"consensus","detected",23,NA,NA,0.849920145927881,NA,NA,4348.0188265374,NA,NA,12531.1495089995,NA,NA
"1.4","icl","neg","D-lysine","[M - H]-","consensus",75825.3319533083,0.685999989479999,54504.1875,21.76400005818,9427.93004573457,15.9782257080078,5.77944564819335,5,"consensus","detected",23,NA,NA,0.849920145927881,NA,NA,46324.2069936806,NA,NA,64445.4771987858,NA,NA
"1.4","icl","neg","L-homoarginine","[M - H]-","consensus",119738.533524384,23.316001296,442.76220703125,36.85699939728,84.6746650481028,17.6134033203125,5.02096823730469,5,"consensus","detected",23,53.5425016269852,2,0.849920145927881,0.918221543446549,0.791937463087355,376.312519611351,406.553797120035,350.639978987286,101768.191886235,109946.501062786,94825.4304731009
"1.4","icl","neg","N(2)-phenylacetyl-L-glutamine","[M - H]-","consensus",5584941.12552256,8.71200084684,14064.0234375,167.06999301912,1424.97587485304,21.6989593505859,9.85442962646484,5,"consensus","detected",23,182.036405213475,4,0.849920145927881,1.19078414504431,0.842351730065433,11953.2968523331,16747.2161249065,11846.8544742589,4746753.97640276,6650459.34327817,4704484.81939752
"1.4","icl","neg","N-acetyl-L-serine","[M - H]-","consensus",98692.9943310479,0.914000272740001,72603.6875,25.6470000744,24479.9096243722,15.8594818115234,2.9652,5,"consensus","detected",23,26.2549534235399,1,0.849920145927881,0.986152782135768,NA,61707.3366749023,71598.3284214408,NA,83881.1641439037,97326.3709368724,NA
"1.4","icl","neg","N-benzoylglycine","[M - H]-","consensus",1744638.35308079,17.37799644474,726.0517578125,160.88699340822,72.1532442406241,20.5946350097656,9.77720586547852,5,"consensus","detected",23,175.683065983394,4,0.849920145927881,1.19078414504431,0.839793551616848,617.086015951194,864.570921684673,609.733584351015,1482803.2836418,2077487.68968481,1465136.03882068
"1.4","icl","neg","O-phospho-L-serine","[M - H]-","consensus",215769.85772487,48.05299937724,718.615234375,48.27799916268,17.3358810542464,64.7502136230469,37.7174381103516,5,"consensus","detected",23,79.3980819154631,3,0.849920145927881,0.385440404086546,0.80169890680741,610.765564865998,276.983346320248,576.113047813588,183387.14896436,83166.4211511703,172982.459060019
"1.4","icl","neg","O-phosphoethanolamine","[M - H]-","consensus",110516.843477498,2.28399932388,36664.1875,22.90600061418,1158.1542598011,61.1227722167969,31.6046540588379,5,"consensus","detected",23,NA,NA,0.849920145927881,NA,NA,31161.6315903272,NA,NA,93930.4917358839,NA,NA
"1.4","icl","neg","UDP-alpha-D-glucose","[M - H]-","consensus",1645602.6345371,2.96999931336,307919.25,24.73399937154,1856.81656031144,443.844970703125,165.592773999023,5,"consensus","detected",23,NA,NA,0.849920145927881,NA,NA,261706.773894004,NA,NA,1398630.83128508,NA,NA
"1.4","icl","neg","citric acid","[M - H]-","consensus",1658349.73648002,21.9460004568,6993.2421875,40.74000120162,47.7290497052152,236.668212890625,141.561041259766,5,"consensus","detected",23,63.545925898637,2,0.849920145927881,0.918221543446549,0.795587888553758,5943.69742050901,6421.34563510177,5563.73878609819,1409464.85002856,1522732.45460486,1319362.96532982
"1.4","icl","neg","creatine","[M - H]-","consensus",1547.30365841979,14.39200043682,81,31.13000035284,18.1441509320878,16.3292083740234,3.56427764892578,4,"consensus","detected",23,36.2039142742072,2,0.849920145927881,0.918221543446549,0.78766572999523,68.8435318201583,74.3759450191705,63.8009241296136,1315.08455115889,1420.76755341471,1218.75806563351
"1.4","icl","neg","glutathione disulfide","[M - H]-","consensus",268768.153787578,20.80400168898,2045.3896484375,40.28400063516,39.6816582780272,97.0042419433594,49.1004028320312,5,"consensus","detected",23,62.4394862564737,2,0.849920145927881,0.918221543446549,0.795184502935677,1738.41786847938,1878.12083993788,1626.46215090255,228431.468487905,246788.709000109,213720.270774515
"1.4","icl","neg","uridine","[M - H]-","consensus",NA,NA,NA,91.54199838636,1.60721122407842,28.650634765625,30.0827697753906,3,"consensus","below_detection",23,113.561938079886,3,0.849920145927881,0.385440404086546,0.809131810510381,NA,NA,NA,NA,NA,NA
"1.5","icl","neg","3-amino-L-alanine","[M - H]-","consensus",5975.10202066844,0.45700013634,4647.60546875,21.54399991038,2296.75591639254,15,2.01702124099731,5,"consensus","detected",24,NA,NA,0.800082981487699,NA,NA,3718.47004021604,NA,NA,4780.57743938958,NA,NA
"1.5","icl","neg","D-arginine","[M - H]-","consensus",142979.547813148,11.42100155352,842.40087890625,30.90999841692,272.095734512631,16.9005584716797,3.03385983581543,5,"consensus","detected",24,35.5350861610453,2,0.800082981487699,0.801752888283937,0.657457887517407,673.990606803171,675.397337756013,553.84310228851,114395.502906107,114634.265424723,94003.0314634264
"1.5","icl","neg","L-alanine","[M - H]-","consensus",368779.440079723,7.76600003244,89537.6875,28.16900074482,7072.23909602488,28,12.6564849243164,5,"consensus","detected",24,28.8077515931161,1,0.800082981487699,1.05325182760235,NA,71637.5799705139,94305.7329986633,NA,295054.153930349,388417.61924614,NA
"1.5","icl","neg","L-aspartic acid","[M - H]-","consensus",75604.0478039457,1.37100040914,31079.828125,22.91500031946,6983.6386809209,18,4.4478,5,"consensus","detected",24,NA,NA,0.800082981487699,NA,NA,24866.4415503753,NA,NA,60489.5119795194,NA,NA
"1.5","icl","neg","L-glutamic acid","[M - H]-","consensus",92584.2434456017,1.59900069234,36651.84375,23.14300060272,7506.41060090492,19,4.88020782470703,5,"consensus","detected",24,NA,NA,0.800082981487699,NA,NA,29324.5164245213,NA,NA,74075.07753474,NA,NA
"1.5","icl","neg","L-glutamine","[M - H]-","consensus",97098.015102922,0.91300070286,46957.9375,22.68700003626,12782.2248693255,19,3.67220401611328,5,"consensus","detected",24,NA,NA,0.800082981487699,NA,NA,37570.246639513,NA,NA,77686.4694200835,NA,NA
"1.5","icl","neg","L-serine","[M - H]-","consensus",NA,NA,NA,50.58300018312,0.661475887921515,18.3781509399414,46.5666198730469,5,"consensus","below_detection",24,83.3940632213526,3,0.800082981487699,0.244170019755296,0.711135801593659,NA,NA,NA,NA,NA,NA
"1.5","icl","neg","N-acetyl-L-alanine","[M - H]-","consensus",574253.948210645,9.375,76949.5,35.02099871634,3292.16436109958,36.5,23.3624423217773,5,"consensus","detected",24,48.3378256894524,2,0.800082981487699,0.801752888283937,0.667120237857972,61565.9853839877,61694.4838770048,51334.568743052,459450.811015456,460409.761586339,383096.430521165
"1.5","icl","neg","N-acetyl-L-tyrosine","[M - H]-","consensus",5291104.20510295,12.16400384904,102860.6875,129.7990036011,11708.7372546083,20.4452896118164,8.78320522308349,5,"consensus","detected",24,139.277479674539,4,0.800082981487699,0.876653352522458,0.762233645814112,82297.0855328745,90173.1665396399,78403.876844071,4233322.42778087,4638464.23994918,4033057.648638
"1.5","icl","neg","alpha-D-glucose 1-phosphate","[M - H]-","consensus",987288.312568504,3.42599987982,177896.625,24.97099936008,697.659452041035,820.77001953125,253.8141703125,5,"consensus","detected",24,NA,NA,0.800082981487699,NA,NA,142332.062126599,NA,NA,789912.576707768,NA,NA
"1.5","icl","neg","cysteic acid","[M - H]-","consensus",982292.135264204,2.74099946022,288763.25,23.37200045586,15359.0809180543,34.8516235351562,18.7985466003418,5,"consensus","detected",24,NA,NA,0.800082981487699,NA,NA,231034.562004078,NA,NA,785915.220274103,NA,NA
"1.5","icl","neg","cytidine","[M - H]-","consensus",57804.5888343815,7.99399852752,2417.83984375,30.45300006864,533.964409722222,15,4.5,5,"consensus","detected",24,34.1883253898455,2,0.800082981487699,0.801752888283937,0.656500446672117,1934.47251094725,1938.51007813455,1587.31293740352,46248.4677782825,46344.9960540308,37948.7383894695
"1.5","icl","neg","sn-glycerol 3-phosphate","[M - H]-","consensus",463817.699153031,31.7809993029,2657.845703125,41.8830013275,15.6023210125668,241.052368164062,154.899603271484,5,"consensus","detected",24,66.2420239678342,2,0.800082981487699,0.801752888283937,0.688673034518497,2126.49711449052,2130.93546909352,1830.38666565304,371092.647605122,371867.179933153,319418.742339105
"1.6","icl","neg","(6S)-5-formyltetrahydrofolic acid","[M - H]-","own",5583486.40363542,3.42600345611999,1439051,155.62199592588,38205.9951436024,62,37.6639580932617,5,"own","detected",25,169.93999999998,4,0.737334466234774,0.869265518560906,0.658176828469433,1061061.90096962,1250917.41375059,947150.023185767,4116896.96715364,4853532.20403391,3674921.37294696
"1.6","icl","neg","3-chloro-L-tyrosine","[M - H]-","consensus",1379724.54715488,9.6130013466,160102.75,53.0729985237,24927.0822784837,19,6.42208134155273,5,"consensus","detected",25,87.3046992611004,3,0.737334466234774,0.463769225545346,0.690840508281648,118049.27571397,74250.7283751801,110605.46518729,1017318.46252746,639873.784699922,953169.607445144
"1.6","icl","neg","D-serine","[M - H]-","consensus",30305.6424544187,8.68000030518001,2159.802734375,26.79599940774,597.990335987208,17.5903625488281,3.58235282897949,5,"consensus","detected",25,26.9589565150329,1,0.737334466234774,1.31675027819266,NA,1592.4969963228,2843.92085132956,NA,22345.3947030307,39904.9631326632,NA
"1.6","icl","neg","L-arabinitol","[M - H]-","consensus",65798.3326443391,1.59900069234,17338.5,23.59899938106,5519.3404969269,15.7581176757812,3.13855285644531,5,"consensus","detected",25,NA,NA,0.737334466234774,NA,NA,12784.2736428116,NA,NA,48515.3784794519,NA,NA
"1.6","icl","neg","L-histidine","[M - H]-","consensus",1169438.24177972,17.81699895864,2080.46875,35.4760015011,236.351915260336,19.8804168701172,8.71830605163574,5,"consensus","detected",25,49.6570163510141,2,0.737334466234774,0.458179983650692,0.721581573579229,1534.00131529938,953.229137860775,1501.22791440741,862267.121797183,535813.194499126,843845.086707137
"1.6","icl","neg","L-methionine S-oxide","[M - H]-","consensus",37834.167131879,11.87799990174,642,31.82199954984,161.249859731159,16,3.88217391967773,4,"consensus","detected",25,38.371222529856,2,0.737334466234774,0.458179983650692,0.731872603255985,473.368727322725,294.151549503744,469.862211290343,27896.4354276212,17334.8580779219,27689.7903908303
"1.6","icl","neg","L-threonine","[M - H]-","consensus",61591.8071273463,1.37100040914,22913.78125,23.14199924466,2573.71973222717,19,8.8956,5,"consensus","detected",25,NA,NA,0.737334466234774,NA,NA,16895.1206673891,NA,NA,45413.7622326771,NA,NA
"1.6","icl","neg","N(alpha)-acetyl-L-arginine","[M - H]-","consensus",1655800.23584112,6.16799890998,71461.6875,28.62399995328,7537.05377319644,19.1444091796875,9.47884216308594,5,"consensus","detected",25,29.655511916512,1,0.737334466234774,1.31675027819266,0.740110235662863,52691.1652090487,94097.1968957421,52889.5263764909,1220878.58308533,2180275.42117527,1225474.70275899
"2.1","icl","neg","2'-deoxyguanosine","[M - H]-","consensus",984075.764263169,28.80400121214,1248.4208984375,54.68199849126,122.901006259237,19,10.0033428192139,5,"consensus","detected",26,89.6194279566455,3,1.01939212345019,0.866216013305228,0.983490091981173,1272.6304306178,1081.40217357146,1227.80958423552,1003159.0829681,852422.185310338,967828.763911627
"2.1","icl","neg","2,4-dihydroxypyrimidine-5-carboxylic acid","[M - H]-","consensus",3375429.50317036,6.3949996233,490873.75,32.27300047872,13318.9023037873,58.4192199707031,36.8510346862793,5,"consensus","detected",26,39.8167405888482,2,1.01939212345019,0.846919498617136,0.978539474135023,500392.834358459,415730.550234314,480339.341191687,3440886.24879326,2858717.06244253,3302991.01101217
"2.1","icl","neg","3-hydroxybenzyl alcohol","[M - H]-","consensus",799.585373593082,12.4110031128,84,124.52799797058,8.88163430337637,18.9407424926758,7.32514481964111,5,"consensus","detected",26,133.562827111469,4,1.01939212345019,1.0133338473102,0.983971825868219,85.6289383698161,85.1200431740566,82.6536333729304,815.091031866767,810.246922876039,786.769479991907
"2.1","icl","neg","5,6-dihydroxyindole","[M - H]-","consensus",NA,NA,NA,142.36800670626,3.89232521844402,34.3997497558594,28.6718719482422,4,"consensus","below_detection",26,154.19473678992,4,1.01939212345019,1.0133338473102,0.993786575318479,NA,NA,NA,NA,NA,NA
"2.1","icl","neg","5-aminoimidazole-4-carboxamide","[M - H]-","consensus",102366.333630408,1.3700008392,47142.59375,22.66299963,437.163364261872,139.30712890625,107.51881439209,4,"consensus","detected",26,NA,NA,1.01939212345019,NA,NA,48056.7887477622,NA,NA,104351.434209312,NA,NA
"2.1","icl","neg","5-methyl-2'-deoxycytidine","[M - H]-","consensus",67465.7081397636,8.01100015644,1423.4462890625,32.27300047872,230.559998206118,19.1083145141602,6.09098709869385,5,"consensus","detected",26,39.8167405888482,2,1.01939212345019,0.846919498617136,0.978539474135023,1451.04993522472,1205.54441744124,1392.89838315867,68774.0114806645,57138.0237115786,66017.8585652312
"2.1","icl","neg","9H-xanthine","[M - H]-","consensus",73197.7078660452,44.12999868396,76.246826171875,55.59599876406,5.40928301369281,19,10.5830709960937,4,"consensus","detected",26,90.863397121807,3,1.01939212345019,0.866216013305228,0.983744820099586,77.7254140376853,66.0462217937783,75.0074202956156,74617.1668532546,63405.0266908064,72007.8659563847
"2.1","icl","neg","Gly-Phe","[M - H]-","consensus",4054321.41176913,13.04900407794,41534.78125,96.11999988558,2332.71399624533,33,17.7912,5,"consensus","detected",26,114.971753431795,3,1.01939212345019,0.866216013305228,0.985339894220257,42340.2288554767,35978.0926278798,40925.8769633365,4132943.31309291,3511918.12996068,3994884.63100752
"2.1","icl","neg","L-leucine","[M - H]-","consensus",NA,NA,NA,77.35500097272,0.563852201029915,39.9375305175781,30.3933,4,"consensus","below_detection",26,108.718587521874,3,1.01939212345019,0.866216013305228,0.985975685426358,NA,NA,NA,NA,NA,NA
"2.1","icl","neg","L-phenylalanine","[M - H]-","consensus",187296.49242268,5.51100254057999,34659.75,87.88199901582,36.9224226599398,151.296020507812,934.620523071289,5,"consensus","detected",26,112.471552261773,3,1.01939212345019,0.866216013305228,0.985639368187951,35331.8761507528,30022.8304671559,34162.0140915523,190928.569125529,162239.220972427,184606.79645531
"2.1","icl","neg","dopamine","[M - H]-","consensus",191067.690459431,7.7670013905,3192.765625,32.50200033186,210.43008660253,28,15.0395111083984,5,"consensus","detected",26,40.5549349104161,2,1.01939212345019,0.846919498617136,0.978540527619275,3254.68013014753,2704.01546232703,3124.25055925218,194772.898700163,161818.952605836,186967.478633168
"2.1","icl","neg","ethylmalonic acid","[M - H]-","consensus",NA,NA,NA,105.03200054166,1.57871078632056,46.7976684570312,55.2364196777344,1,"consensus","below_detection",26,118.450285703198,3,1.01939212345019,0.866216013305228,0.984880142988837,NA,NA,NA,NA,NA,NA
"2.1","icl","neg","keto-phenylpyruvic acid","[M - H]-","consensus",31008.4674733709,5.94300270083997,4233.58984375,166.82400226596,112.187599466558,63.1903991699219,37.1734439849853,5,"consensus","detected",26,181.79013296163,4,1.01939212345019,1.0133338473102,1.02095249713445,4315.68814063748,4290.03988430057,4322.29412281963,31609.7875026158,31421.9296439841,31658.1722992505
"2.1","icl","neg","methylmalonic acid","[M - H]-","consensus",NA,NA,NA,107.08899736404,2.16800601260334,33,20.7564,3,"consensus","below_detection",26,119.490908366262,3,1.01939212345019,0.866216013305228,0.984742185467254,NA,NA,NA,NA,NA,NA
"2.1","icl","neg","pyridoxamine","[M - H]-","consensus",11648.3107092152,1.14199876782,8223.1796875,21.29199922086,2001.93246150067,15,4.10012817382812,5,"consensus","detected",26,NA,NA,1.01939212345019,NA,NA,8382.64460315311,NA,NA,11874.1961884745,NA,NA
"2.1","icl","neg","vanillylmandelic acid","[M - H]-","consensus",4292788.88670091,6.1840009689,732613.5,49.86899971962,19003.9717128952,56,38.5476,5,"consensus","detected",26,82.195933594035,3,1.01939212345019,0.866216013305228,0.982266894313271,746820.431433277,634601.54526359,719621.987376976,4376035.17873742,3718482.47539905,4216664.40768223
"2.10","icl","neg","(5-hydroxyindol-3-yl)acetic acid","[M - H]-","consensus",250443.02477469,13.47999572754,333,157.24599838254,58.0266105978038,17,5.44577732086182,4,"consensus","detected",27,171.74972164015,4,0.989898535354546,1.311143722776,1.33607009372529,329.636212273064,436.610859684408,444.911341210522,247913.183414228,328366.799846369,334609.435583565
"2.10","icl","neg","(S)-2-hydroxy-4-methylpentanoic acid","[M - H]-","consensus",2142729.85497145,41.6510009766,2253.048828125,191.12600326536,9.11401151978294,360.473510742188,207.655576611328,5,"consensus","detected",27,205.21790807893,5,0.989898535354546,1.84260826671606,1.39479083144974,2230.28973504321,4151.48639601806,3142.53184827733,2121085.1450967,3948211.74410971,2988659.95598781
"2.10","icl","neg","2-hydroxy-2-methylbutyric acid","[M - H]-","consensus",1839.91238188469,3.8829946518,615.44189453125,213.07000637052,5.05210341597198,252.055541992188,71.927734375,5,"consensus","detected",27,227.486257227431,5,0.989898535354546,1.84260826671606,1.3764914889749,609.225029992311,1134.01832254668,847.150529780855,1821.32657200835,3390.23776489397,2532.62373412382
"2.10","icl","neg","4-hydroxy-L-proline","[M - H]-","consensus",100144.279330219,13.49299907682,1889.0869140625,30.9010004997,179.90469581069,22,10.3782,5,"consensus","detected",27,35.5079901878237,2,0.989898535354546,0.46234321766029,0.786746939634435,1870.00436938791,873.406522287605,1486.23334834213,99132.6754331203,46301.0283358044,78788.2052849458
"2.10","icl","neg","7,9-dihydro-1H-purine-2,6,8(3H)-trione","[M - H]-","consensus",3601786.74954278,1.84400081634,1283139,26.31600022314,26014.1606605213,85.86865234375,49.3213349487305,5,"consensus","detected",27,26.5697539450922,1,0.989898535354546,1.23055941013484,NA,1270177.4167563,1578978.77096101,NA,3565403.42803181,4432212.57794885,NA
"2.10","icl","neg","L-pipecolic acid","[M - H]-","consensus",480.681448625837,NA,207,25.40299952028,70.7735771560346,17.3431167602539,2.67976963806152,2,"consensus","detected",27,NA,NA,0.989898535354546,NA,NA,204.908996818391,NA,NA,475.825861966817,NA,NA
"2.10","icl","neg","N-isovalerylglycine","[M - H]-","consensus",4454135.64779242,31.37900590902,4207.83203125,124.99600410462,106.230450338912,55,39.0926708679199,5,"consensus","detected",27,134.050117136271,4,0.989898535354546,1.311143722776,1.15426808118861,4165.32676475232,5517.07255426923,4856.9662046749,4409142.35402019,5840011.99499585,5141266.60753113
"2.10","icl","neg","alpha-D-glucuronic acid","[M - H]-","consensus",83350.1164849445,1.59899890422,39558,23.34700047972,11316.3541964881,17,3.49414655227661,5,"consensus","detected",27,NA,NA,0.989898535354546,NA,NA,39158.4062615551,NA,NA,82508.1582300773,NA,NA
"2.10","icl","neg","trans-urocanic acid","[M - H]-","consensus",80650.431189203,15.09200155734,979.61669921875,35.69799900054,107.164868533528,21.9449310302734,8.93643393859863,5,"consensus","detected",27,50.2935837566735,2,0.989898535354546,0.46234321766029,0.834959908758709,969.721135765495,452.91913679055,817.940669798195,79835.7437099046,37288.1798617059,67339.8766670875
"2.10","icl","neg","uracil","[M - H]-","consensus",14076.1868642205,1.14199876782,4685.58984375,27.24600076674,761.930972224468,18.4219818115234,6.12544709701538,5,"consensus","detected",27,27.4459045857663,1,0.989898535354546,1.23055941013484,NA,4638.25852360026,5765.89667425881,NA,13933.9967602688,17321.584204583,NA
"2.2","icl","neg","2-oxobutanoic acid","[M - H]-","consensus",NA,NA,NA,91.33300065996,2.10498745647696,58.263916015625,52.7004165649414,4,"consensus","below_detection",28,113.499778961911,3,1.07960078842533,0.707414059101199,1.02501778907053,NA,NA,NA,NA,NA,NA
"2.2","icl","neg","3,3',5-triiodo-L-thyronine","[M - H]-","consensus",NA,NA,NA,321.2929916382,11.9807705871971,30.381462097168,19.8333267608643,1,"consensus","below_detection",28,337.397027618457,7,1.07960078842533,1.76298542425261,1.48851172716787,NA,NA,NA,NA,NA,NA
"2.2","icl","neg","3-iodo-L-tyrosine","[M - H]-","consensus",2487618.87594735,33.3849978447,310.1298828125,115.57800292968,13.2180184749192,33.3399047851562,20.9403533935547,5,"consensus","detected",28,125.218190471551,4,1.07960078842533,0.913819629100352,1.04229985946037,334.816465998632,283.402774484654,323.24833326993,2685635.2997745,2273234.95856124,2592844.80479089
"2.2","icl","neg","5-methoxysalicylic acid","[M - H]-","consensus",4961414.79768113,2.05600261692001,1944015,237.77800083162,6452.9973676315,1029.71044921875,301.098106640625,5,"consensus","detected",28,253.024790916961,6,1.07960078842533,1.93167698333515,1.59314442437526,2098760.12671068,3755209.03075828,3097096.65815187,5356347.32728167,9583850.76945905,7904250.3219386
"2.2","icl","neg","5-oxo-L-proline","[M - H]-","consensus",1490472.14270007,5.25400042536,209996.375,30.2309989929,8756.11181213631,41.4585876464844,23.9780990600586,5,"consensus","detected",28,33.5584784318635,2,1.07960078842533,0.835911348164932,0.889225425515078,226712.252016462,175538.352935999,186734.115915999,1609114.90038499,1245902.57820669,1325365.72531084
"2.2","icl","neg","D-glucono-1,5-lactone","[M - H]-","consensus",NA,NA,NA,57.65200138092,4.07126728606031,32.9438781738281,41.5644088745117,3,"consensus","below_detection",28,93.4818129323134,3,1.07960078842533,0.707414059101199,0.988059709997261,NA,NA,NA,NA,NA,NA
"2.2","icl","neg","L-methionine","[M - H]-","consensus",38776.7609486366,15.07599771024,559.09716796875,30.2309989929,119.41894698929,15.7409591674805,4.55,5,"consensus","detected",28,33.5584784318635,2,1.07960078842533,0.835911348164932,0.889225425515078,603.601743345434,467.355667431953,497.163417091287,41863.4216927288,32413.9345220441,34481.2817546478
"2.2","icl","neg","N-acetyl-L-phenylalanine","[M - H]-","consensus",2299.2259903664,11.19300842286,382.60302734375,243.77500534056,9.39324024101054,60.401611328125,34.3014133300781,5,"consensus","detected",28,259.108148740605,6,1.07960078842533,1.93167698333515,1.61031980179466,413.058529974232,739.06546167427,616.113231158223,2482.24619196759,4441.36192507674,3702.48914108795
"2.2","icl","neg","N-acetyl-L-proline","[M - H]-","consensus",1278746.82204509,29.0780031681,1788.650390625,75.5359983444,234.184306718292,20,7.55238647460937,5,"consensus","detected",28,107.874913024442,3,1.07960078842533,0.707414059101199,1.01660774341561,1931.02837193603,1265.31643314498,1818.35583737274,1380536.07727627,904603.479945675,1299983.92115915
"2.2","icl","neg","alloxanthine","[M - H]-","consensus",8987208.04045493,7.76600003244,786331,33.42900037764,21807.4542815016,74.3554992675781,36.0544901000977,5,"consensus","detected",28,43.5258556157785,2,1.07960078842533,0.835911348164932,0.900823708906328,848923.567563282,657303.006313879,708345.607848022,9702596.88621764,7512509.1893354,8095890.07971539
"2.2","icl","neg","biotin","[M - H]-","consensus",5108343.65404421,1.48499965668003,2994026,180.35900115966,163716.148055713,30.5,18.2877225952148,5,"consensus","detected",28,194.877548418497,5,1.07960078842533,1.77840538971032,1.31784252855118,3232352.83016595,5324591.97533283,3945654.79438799,5514971.83645368,9084705.88684474,6731992.51775401
"2.2","icl","neg","glutaric acid","[M - H]-","consensus",873298.196726281,10.0600004196,15996.6796875,50.57100176814,1786.58121406425,24,8.94036026000976,5,"consensus","detected",28,83.3742179085553,3,1.07960078842533,0.707414059101199,0.967098345055245,17270.0280028125,11316.2761098761,15470.3624521601,942813.421716116,617783.422151896,844565.240793716
"2.2","icl","neg","homovanillic acid","[M - H]-","consensus",97007.1409668892,16.7700004578,36873.90625,173.7130022049,6093.66976435436,17.2857513427734,6.0483455657959,5,"consensus","detected",28,188.539939975447,5,1.07960078842533,1.77840538971032,1.2863852815505,39809.0982598219,65576.7536146731,47434.050273273,104728.985870741,172518.022335905,124788.558345101
"2.2","icl","neg","kynurenic acid","[M - H]-","consensus",1843547.98423178,14.63800907136,7328.8046875,148.78900051116,143.534375472819,85.0791320800781,50.4668343841553,5,"consensus","detected",28,161.973736866384,4,1.07960078842533,0.913819629100352,1.16936199925557,7912.18331884029,6697.20558128017,8570.02570152859,1990295.85727657,1684670.33517939,2155774.95656485
"2.2","icl","neg","trans-3-coumaric acid","[M - H]-","consensus",3931411.97828213,16.91399574282,2035.3828125,226.3459968567,42.4721778253863,91.1438903808594,45.7767654418945,5,"consensus","detected",28,241.278366027549,6,1.07960078842533,1.93167698333515,1.55889736536703,2197.40088912237,3931.70213118221,3172.95290391958,4244355.47137819,7594218.03045569,6128667.77511639
"2.3","icl","neg","(R)-adrenaline","[M - H]-","consensus",188896.496955259,0.914000272800003,132635.625,24.74099993706,13261.4125,21.5,10,5,"consensus","detected",29,NA,NA,0.901078844201051,NA,NA,119515.155674884,NA,NA,170210.637150072,NA,NA
"2.3","icl","neg","(S)-mandelic acid","[M - H]-","consensus",866670.859196383,5.48300743104001,134737.75,127.94799327852,2525.05702107815,87.0115356445312,53.3258208984375,5,"consensus","detected",29,137.217480503986,4,0.901078844201051,1.10686248277121,1.0392696480522,121409.33604025,149136.160488007,140028.854021845,780938.776107408,959285.458955566,900704.71881412
"2.3","icl","neg","2'-deoxyinosine","[M - H]-","consensus",2497060.48114935,12.33500003814,376842.75,39.13300037382,26178.6648113861,27.4157638549805,14.3939859786987,5,"consensus","detected",29,59.5670426075708,2,0.901078844201051,0.763698596572842,0.852868498211933,339565.029615545,287794.27930365,321397.310254555,2250048.37225418,1907001.58501126,2129664.22250221
"2.3","icl","neg","2'-deoxyuridine","[M - H]-","consensus",787665.134178117,8.45100045204,157416.875,28.39599967002,13509.9797504383,19.7769775390625,11.6504318237305,5,"consensus","detected",29,29.2162974072254,1,0.901078844201051,0.860395758459538,0.790529383941224,141845.015782741,135440.811559955,124442.665215703,709748.388722683,677703.740533315,622672.433273808
"2.3","icl","neg","2-hydroxy-3-methylbutyric acid","[M - H]-","consensus",753265.249074589,39.10599946974,840.158203125,115.32099723816,8.18666590796648,213.177917480469,76.585546875,5,"consensus","detected",29,125.010118987941,4,0.901078844201051,1.10686248277121,1.00674950547314,757.048782617906,929.939594631536,845.828855515296,678751.380012947,833761.043775974,758349.416995944
"2.3","icl","neg","2-hydroxy-4-(methylthio)butanoic acid","[M - H]-","consensus",2140974.340731,41.3910055161,869.724609375,108.23600292204,16.6724552002032,94.5185546875,46.4962145874023,5,"consensus","detected",29,120.122582876128,3,0.901078844201051,0.924715960400007,0.994338625802733,783.690445788835,804.248227441724,864.800772912756,1929186.68441,1979793.14368084,2128853.48384137
"2.3","icl","neg","6-hydroxynicotinic acid","[M - H]-","consensus",718400.462916143,6.8529975414,99399.625,35.705999136,7849.28616276898,23.4190063476562,12.6605405807495,5,"consensus","detected",29,50.3164375656446,2,0.901078844201051,0.763698596572842,0.833191704022744,89566.8992090179,75911.3541123668,82818.9429329718,647335.458797978,548641.425306338,598565.305867829
"2.3","icl","neg","L-isoglutamine","[M - H]-","consensus",181668.375335375,0.457000136400001,170722.5,22.22900032998,13398.2850235444,24,12.7403245788574,5,"consensus","detected",29,NA,NA,0.901078844201051,NA,NA,153834.432979114,NA,NA,163697.529675082,NA,NA
"2.3","icl","neg","L-proline","[M - H]-","consensus",1918.02704000547,11.25300049782,232.432373046875,65.47800064086,36.1581635381888,18,5.9304,5,"consensus","detected",29,101.408905490794,3,0.901078844201051,0.924715960400007,0.948396881012084,209.439894059986,214.933925070094,220.438137643893,1728.29358835449,1773.63021637184,1819.05086243803
"2.3","icl","neg","N-acetyl-L-leucine","[M - H]-","consensus",4283074.84596916,34.10998821258,779.90478515625,210.74800014498,8.95332385840062,106.358337402344,75.2286478637695,5,"consensus","detected",29,225.080844541414,5,0.901078844201051,1.17024984314795,1.21605290090528,702.755702395462,912.683452499435,948.405476419164,3859388.13183248,5012267.66668633,5208445.59123522
"2.3","icl","neg","N-acetyl-L-tryptophan","[M - H]-","consensus",6406064.991653,21.7110013962,1043.171875,229.032998085,39.3122012299274,47,25.3400177001953,5,"consensus","detected",29,244.058185975738,6,0.901078844201051,1.71041098554254,1.19105550725527,939.980107428043,1784.25263480901,1242.47560673255,5772369.6385555,10957003.9358228,7629978.98814348
"2.3","icl","neg","N-acetylserotonin","[M - H]-","consensus",1283010.37219622,10.28001308442,1506.7490234375,173.21000576022,71.1948615095826,29,20.7564,5,"consensus","detected",29,188.05553270611,5,0.901078844201051,1.17024984314795,1.17402858053387,1357.69966854012,1763.27280834106,1768.96641720712,1156093.50327653,1501442.68681982,1506290.84607976
"2.3","icl","neg","gallic acid","[M - H]-","consensus",6341876.7893395,39.36800122266,1386.7333984375,70.73299884798,29.412514232863,103.449096679688,43.6305543823242,5,"consensus","detected",29,105.215351564941,3,0.901078844201051,0.924715960400007,0.957646756082101,1249.55612787906,1282.3345063549,1328.00074056438,5714531.00740351,5864434.68599259,6073277.73478334
"2.3","icl","neg","gamma-aminobutyric acid","[M - H]-","consensus",4194.36711583324,0.228000283199997,1950.0009765625,25.42600035666,78.207284109933,33.9225158691406,24.5,3,"consensus","detected",29,26.2099671924157,1,0.901078844201051,0.860395758459538,NA,1757.10462615186,1677.77256922633,NA,3779.45547288991,3608.81567588509,NA
"2.3","icl","neg","imidazol-4-ylacetic acid","[M - H]-","consensus",33380.6102083139,32.91100144386,1020.9716796875,29.08100008962,42.501028237096,23.4526748657227,23.4704675674438,5,"consensus","detected",29,30.62868098011,1,0.901078844201051,0.860395758459538,0.793340021781733,919.975981094818,878.439702710435,809.977694601814,30078.5616652333,28720.5354380244,26482.1740297513
"2.3","icl","neg","pyruvic acid","[M - H]-","consensus",14607.1297347159,2.28399932382,3643.8984375,26.56799912454,218.911476636579,26.1466979980469,16.5260944519043,5,"consensus","detected",29,26.7572168889738,1,0.901078844201051,0.860395758459538,NA,3283.43979244851,3135.19475988234,NA,13162.1755784526,12567.9124670178,NA
"2.3","icl","neg","taurocyamine","[M - H]-","consensus",619047.308298401,1.82800054554,246469.125,24.05599951746,19218.6050024791,22.8822250366211,12.8233158828735,5,"consensus","detected",29,NA,NA,0.901078844201051,NA,NA,222088.114286244,NA,NA,557810.433067295,NA,NA
"2.3","icl","neg","trans-3-hexenedioic acid","[M - H]-","consensus",NA,NA,NA,108.00699949266,3.41276041666667,21.046875,12,4,"consensus","below_detection",29,119.993347817822,3,0.901078844201051,0.924715960400007,0.994013975797598,NA,NA,NA,NA,NA,NA
"2.4","icl","neg","(S)-methylsuccinic acid","[M - H]-","consensus",NA,NA,NA,87.19900131228,2.25150329198362,55,54.6301666259766,5,"consensus","below_detection",30,112.26414556713,3,1.14565870090938,0.750857012852556,0.905485667924245,NA,NA,NA,NA,NA,NA
"2.4","icl","neg","1-hexadecanoyl-sn-glycero-3-phosphocholine","[M + CH2O2 - H]-","consensus",2918727.79945395,21.53600692752,4841.2265625,437.48800277712,114.569030536854,80.7725524902344,41.5509670257568,5,"consensus","detected",30,453.442316402436,9,1.14565870090938,1.33326410903094,1.01153912357627,5546.39333440174,6454.6336194685,4897.09007406539,3343865.89903051,3891435.01904282,2952407.36021733
"2.4","icl","neg","2'-deoxyadenosine","[M - H]-","consensus",NA,NA,NA,77.57100105288,4.60116460728457,23.7086334228516,8.97411201324463,3,"consensus","below_detection",30,108.813658832454,3,1.14565870090938,0.750857012852556,0.90393374461168,NA,NA,NA,NA,NA,NA
"2.4","icl","neg","4-guanidinobutanoic acid","[M - H]-","consensus",29300.2628977626,9.36599850654,502.48779296875,34.08899903298,78.6716723034157,18.7932891845703,6.14826772613525,2,"consensus","detected",30,45.5729438506756,2,1.14565870090938,0.701612048631689,0.860410750334244,575.6795121154,352.551489837221,432.34589898204,33568.101127754,20557.4174771463,25210.2611848545
"2.4","icl","neg","5,6-dihydroxyindole-2-carboxylic acid","[M - H]-","consensus",2718229.61263552,26.92299842832,2784.4140625,144.89200115202,53.6122434833507,84.8441772460938,50.3536078674316,5,"consensus","detected",30,157.267031605221,4,1.14565870090938,0.83456706674825,0.955783624435818,3189.98819763756,2323.7802767532,2661.29736458631,3114163.40678542,2268544.91456546,2598039.35121355
"2.4","icl","neg","5,6-dimethylbenzimidazole","[M - H]-","consensus",2684.48605611748,0.914011001580008,2024.1708984375,204.15299892426,54.9589551646859,41.8567504882812,36.0689926147461,5,"consensus","detected",30,218.292994898794,5,1.14565870090938,1.26180978027463,1.07811597187866,2319.00900192248,2554.11863659573,2182.29097541744,3075.5048076609,3387.31076061991,2894.1872933858
"2.4","icl","neg","L-tryptophanamide","[M - H]-","consensus",26122.9021866462,15.5579996109,197.702392578125,78.95700216294,40.6273646697525,17,4.4478,4,"consensus","detected",30,109.400042115581,3,1.14565870090938,0.750857012852556,0.904212790975534,226.499466247731,148.446227925014,178.765032175607,29927.9301831359,19614.5643029047,23620.6622945682
"2.4","icl","neg","N-acetyl-alpha-D-galactosamine","[M - H]-","consensus",20838.1518648953,10.27900099752,145,31.3469982147,55.9405302184207,16,2.30602033081055,5,"consensus","detected",30,36.8743726115912,2,1.14565870090938,0.701612048631689,0.857031170368903,166.12051163186,101.733747051595,124.269519703491,23873.4099948883,14620.2984196274,17858.9456810962
"2.4","icl","neg","citraconic acid","[M - H]-","consensus",575869.179780236,10.06399869918,63273.21875,43.23799967766,14416.5986827443,16,4.38780465087891,5,"consensus","detected",30,69.2979154417567,3,1.14565870090938,0.750857012852556,0.87493244253328,72489.51359548,47509.1400241913,55359.79182788,659749.536400776,432395.412123639,503846.628044758
"2.4","icl","neg","cortisol","[M - H]-","consensus",345117.14985292,20.79800605776,303.172607421875,287.4030017853,58.2810566409869,16.4047927856445,4.92042922973633,2,"consensus","detected",30,303.057338908539,7,1.14565870090938,1.11894674039489,1.17844930658762,347.332335570255,339.234000851725,357.273548992669,395386.465562044,386167.709882298,406703.065935669
"2.4","icl","neg","creatinine","[M - H]-","consensus",4643.79915856987,0.457000136400001,2515.69140625,22.43899941444,305.844465499726,21.7438812255859,8.1543,2,"consensus","detected",30,NA,NA,1.14565870090938,NA,NA,2882.12374837327,NA,NA,5320.20891129123,NA,NA
"2.4","icl","neg","phloretic acid","[M - H]-","consensus",1643.42455491229,0.457005500820003,1323.0927734375,217.64000415804,125.19356554198,19.2164764404297,10.4148826766968,5,"consensus","detected",30,232.233290552642,6,1.14565870090938,1.21649053958951,1.10218966687029,1515.812747999,1609.52984188597,1458.29918319357,1882.80364062339,1999.21042357991,1811.36556270523
"2.5","icl","neg","3-hydroxybenzoic acid","[M - H]-","consensus",1005784.12418041,22.0019960403,678.244140625,178.51800441744,25.6520678636,57.7368011474609,24.1893691680908,4,"consensus","detected",31,193.129149458561,5,1.01123278514027,0.969565738108482,1.05372301372879,685.862711329288,657.602280822831,714.681459903271,1017081.88114482,975173.826738772,1059817.87849196
"2.5","icl","neg","5-aminolevulinic acid","[M - H]-","consensus",329398.801297421,21.02400004866,768.30078125,40.51499962806,100.674667162852,21.9994735717773,7.413,5,"consensus","detected",31,63.0022000239735,2,1.01123278514027,0.826855394907984,1.00434248634954,776.930938848884,635.273645888581,771.637116904922,333098.867257858,272365.175928995,330829.211095611
"2.5","icl","neg","5-hydroxymethyl-2-furoic acid","[M - H]-","consensus",215573.277992233,15.1430010795,1545.8671875,65.25099992754,191.1083984375,17,8,5,"consensus","detected",31,101.219720856637,3,1.01123278514027,0.971808884616152,1.00507244901151,1563.23158147258,1502.28746724908,1553.70851998716,217994.766305904,209496.02683868,216666.762453093
"2.5","icl","neg","5-oxo-L-proline","[M - H]-","consensus",1166838.57909998,4.56800043582,298456.5,28.17099988458,15218.3406147856,29.7265472412109,19.6096789398193,5,"consensus","detected",31,28.8112238993477,1,1.01123278514027,1.21331042551921,NA,301808.997738217,362120.383013975,NA,1179945.42615239,1415737.41292003,NA
"2.5","icl","neg","D-glyceric acid","[M - H]-","consensus",88757.2851154827,16.68399989604,3468.767578125,34.5759987831,804.577829821021,15.8945999145508,4.29153383331299,5,"consensus","detected",31,47.0286667568492,2,1.01123278514027,0.826855394907984,1.0044592691887,3507.73149903162,2868.16918565456,3484.23574650891,89754.2766288187,73389.440035123,89153.0777422713
"2.5","icl","neg","D-ribofuranose","[M - H]-","consensus",8222.16552029599,7.08899974824,1675.8486328125,27.94299960138,469.087707397506,15,3.54059295654297,3,"consensus","detected",31,28.4296736188934,1,1.01123278514027,1.21331042551921,NA,1694.6730804325,2033.32461778353,NA,8314.52333897322,9976.03914611974,NA
"2.5","icl","neg","N-acetyl-L-valine","[M - H]-","consensus",4096889.56550359,25.87100028996,1747.1005859375,125.92100143434,28.4977573957625,73.6356811523438,58.7226875976562,5,"consensus","detected",31,135.025672010756,4,1.01123278514027,1.05065668566439,1.0039299280472,1766.72539143778,1835.60291114341,1753.96656553145,4142909.04573631,4304424.41242502,4112990.04671332
"2.5","icl","neg","N-carbamoyl-beta-alanine","[M - H]-","consensus",8522.1258807114,1.14199876788,1720.171875,27.02899932864,245.585915465648,19.4894104003906,6.925,3,"consensus","detected",31,27.1964397371766,1,1.01123278514027,1.21331042551921,NA,1739.49419607621,2087.10246962243,NA,8617.85308966778,10339.9841786543,NA
"2.5","icl","neg","Phenylglyoxal","[M - H]-","consensus",1541.5073797324,46.67299747464,41,180.11700153348,12.5,16,2,4,"consensus","detected",31,194.647796119405,5,1.01123278514027,0.969565738108482,1.0556281251236,41.4605441907511,39.7521952624477,43.2807531300675,1558.82280092108,1494.59274042992,1627.2585451311
"2.5","icl","neg","cis-4-hydroxy-D-proline","[M - H]-","consensus",329073.214487361,5.48299849032,4765.375,26.11500084402,401.116166097878,22.7164154052734,11.8236535583496,5,"consensus","detected",31,26.4471345106164,1,1.01123278514027,1.21331042551921,NA,4818.90343348782,5781.87916900862,NA,332769.623201116,399267.961896635,NA
"2.5","icl","neg","hypoxanthine","[M - H]-","consensus",1298304.41052494,9.60200071332,78864.375,34.34699892996,2474.12076488785,56.8634643554688,31.852734375,5,"consensus","detected",31,46.3476048897232,2,1.01123278514027,0.826855394907984,1.00447433951277,79750.2415795968,65209.4339347963,79217.2409892128,1312887.98501503,1073510.00607538,1304113.46524856
"2.5","icl","neg","inosine","[M - H]-","consensus",7193311.05934237,9.14500057698,981291.5,34.5759987831,28944.2061357725,47,33.9012407318115,5,"consensus","detected",31,47.0286667568492,2,1.01123278514027,0.826855394907984,1.0044592691887,992314.136579474,811386.170752348,985667.342951088,7274111.9769191,5947828.0566685,7225387.96971407
"2.5","icl","neg","oxalic acid","[M - H]-","consensus",60729.5426375022,18.73899757866,2902.982421875,35.71800112722,210.172402675976,30.6997451782227,13.666316986084,5,"consensus","detected",31,50.3507121565213,2,1.01123278514027,0.826855394907984,1.00447404564218,2935.59099968591,2400.34667685039,2915.97049772891,61411.7045416162,50214.5499601131,61001.2493830909
"2.5","icl","neg","picolinic acid","[M - H]-","consensus",3302.18619364081,1.142000556,571.4609375,25.88700056076,83.3789106429174,18.4733734130859,6.63222342224121,5,"consensus","detected",31,26.3371319046653,1,1.01123278514027,1.21331042551921,NA,577.880035426995,693.359513245734,NA,3339.27894164715,4006.57693575,NA
"2.5","icl","neg","pyridoxal","[M - H]-","consensus",291873.942259,16.91199839118,8866.828125,29.77000057698,108.894684958726,176.897827148438,79.8012345703125,5,"consensus","detected",31,32.3111580289261,2,1.01123278514027,0.826855394907984,1.00526585612227,8966.42730020384,7331.58467087809,8913.51956616711,295152.499540439,241337.543789915,293410.908444774
"2.5","icl","neg","xanthurenic acid","[M - H]-","consensus",5277652.20037998,45.78500032428,2763.548828125,146.97800159454,18.8429700528577,384.463134765625,126.258529663086,5,"consensus","detected",31,159.795217695816,4,1.01123278514027,1.05065668566439,1.01600316489187,2794.59117833598,2903.54105242952,2807.77435570821,5336934.93359193,5545000.5689406,5362111.33878459
"2.6","icl","neg","(S)-2-hydroxybutyric acid","[M - H]-","consensus",1099.37534777182,2.28399753570001,262,71.43899917602,12.9461847964566,30.9630737304688,17.845946887207,3,"consensus","detected",32,105.650437304796,3,0.883270005134124,0.841432029925077,0.928144657628703,231.416741345141,220.45519184037,243.17390029872,971.045269070745,925.04963052523,1020.37935576311
"2.6","icl","neg","2-oxoglutaric acid","[M - H]-","consensus",282633.515826555,3.65400016308,49754.40625,27.94900059702,3922.67894202719,31,12.6758796691894,5,"consensus","detected",32,28.4393413095431,1,0.883270005134124,0.818963515037403,NA,43946.5746638828,40747.0434310989,NA,249641.706975197,231466.537588695,NA
"2.6","icl","neg","3-methyl-2-oxovaleric acid","[M - H]-","consensus",471675.491075214,5.93900442125999,71150.0625,107.5670027733,1247.08380658893,65.1656494140625,57.0008979949951,5,"consensus","detected",32,119.749449040626,3,0.883270005134124,0.841432029925077,0.950433002389958,62844.7160696683,59867.9415186711,67623.3675221082,416616.813423645,396882.865921325,448295.953136374
"2.6","icl","neg","3-methyladipic acid","[M - H]-","consensus",2228933.88597382,10.96399784088,1843.2509765625,166.8160057068,59.6707080908547,41.36767578125,30.1971161132812,5,"consensus","detected",32,181.78211937683,4,0.883270005134124,1.13677716095636,1.05195383889464,1628.08829953184,2095.36561206675,1939.01494084121,1968750.44490772,2533801.13485674,2344735.5579925
"2.6","icl","neg","4-hydroxy-4-methyloxan-2-one","[M - H]-","consensus",NA,NA,NA,97.49899864194,1.84984395457425,30,42.7063049316406,4,"consensus","below_detection",32,115.428942798052,3,0.883270005134124,0.841432029925077,0.943644418610847,NA,NA,NA,NA,NA,NA
"2.6","icl","neg","4-hydroxyphenylpyruvic acid","[M - H]-","consensus",358878.453645471,8.74799966814,35771.125,61.37799739836,829.884163169759,49.0332336425781,43.0446721984863,4,"consensus","detected",32,97.6336740152201,3,0.883270005134124,0.841432029925077,0.915319705620268,31595.5617624034,30098.9703214537,32742.0156047058,316986.573593962,301971.825747281,328488.520544229
"2.6","icl","neg","5-aminopentanoic acid","[M - H]-","consensus",977.343381930576,11.64899826048,162.164794921875,162.93299674986,6.35041158103889,42,18.92236328125,5,"consensus","detected",32,177.826249794844,4,0.883270005134124,1.13677716095636,1.04428312706442,143.235299243219,184.345235178359,169.345959140776,863.258093975622,1111.02163499053,1020.62320309818
"2.6","icl","neg","5-hydroxymethyluracil","[M - H]-","consensus",1934264.36338796,5.2540004253,249078.75,39.5979988575,3123.03649245228,83,79.7287353515625,5,"consensus","detected",32,60.7413371685948,2,0.883270005134124,0.834398874812088,0.85531168191921,220003.788791301,207831.028739601,213039.964592835,1708477.69418044,1613948.00840003,1654398.90592575
"2.6","icl","neg","esculin","[M - H]-","consensus",9435124.61883989,12.56399631498,51748.09375,144.8740053177,515.527926707843,138.838134765625,100.109524511719,5,"consensus","detected",32,157.245160447664,4,0.883270005134124,1.13677716095636,1.00741194651269,45707.5390322436,58826.0510980285,52131.6478530088,8333762.57052381,10725634.1774743,9505057.25785531
"2.6","icl","neg","glyceraldehyde","[M - H]-","consensus",3480.21406561775,24.90499913688,154,48.28599929808,40.1052365949789,16.6229934692383,3.42541319274902,2,"consensus","detected",32,79.4126011010192,3,0.883270005134124,0.841432029925077,0.885680160493873,136.023580790655,129.580532608462,136.394744716056,3073.96869560604,2928.36358580655,3082.35655218936
"2.6","icl","neg","guanine","[M - H]-","consensus",48527.3471868118,0.684998631479999,38255.75,25.20799934862,1445.55220931064,71.9778442382812,26.4146614074707,3,"consensus","detected",32,NA,NA,0.883270005134124,NA,NA,33790.1564989098,NA,NA,42862.7501988407,NA,NA
"2.6","icl","neg","indole-3-butyric acid","[M - H]-","consensus",1108480.49497595,13.07699203494,3337.16015625,300.42700767516,392.521189531096,20.5,8.44963340759277,5,"consensus","detected",32,316.233768366136,7,0.883270005134124,1.71047165187936,1.10955808511137,2947.61346834433,5708.11784504691,3702.77303267872,979087.572488484,1896024.46331756,1229923.49538882
"2.6","icl","neg","isonicotinic acid","[M - H]-","consensus",215259.372737773,8.22300016878,2046.4970703125,30.00499963758,102.072267857935,37,19.6870032623291,5,"consensus","detected",32,32.9361322168024,2,0.883270005134124,0.834398874812088,0.811082595605477,1807.60947780189,1707.59485277499,1659.87815568807,190132.147263261,179612.178405154,174593.13076856
"2.6","icl","neg","phenylacetylglycine","[M - H]-","consensus",1825780.61935818,15.36699771876,791.779296875,187.89400577544,91.5814511125587,19.0809783935547,8.43727970123291,5,"consensus","detected",32,202.072659886339,5,0.883270005134124,1.15534306364372,1.08962796559323,699.354903615874,914.776718581229,862.744864452747,1612657.25703428,2109402.9743106,1989421.62189081
"2.6","icl","neg","xanthosine","[M - H]-","consensus",260393.874993233,19.6649980545,1103.271484375,50.81300139426,145.071202397554,16,7.4947437286377,5,"consensus","detected",32,83.7725915089072,3,0.883270005134124,0.841432029925077,0.892824054645561,974.486609668239,928.32796465611,985.027320054514,229998.099302167,219103.746815613,232485.915276328
"2.7","icl","neg","3,3-dimethylglutaric acid","[M - H]-","consensus",4238332.29756837,14.62198734288,2162.16796875,169.60099697112,33.2803780517956,104.09326171875,61.8404846191406,5,"consensus","detected",33,184.544936795054,5,1.00462904510557,1.93082300090272,1.50787847431231,2172.17674180317,4174.76364587762,3260.28653792569,4257951.72894621,8183469.4856139,6390890.03848597
"2.7","icl","neg","3,4,5-Trimethoxycinnamic acid","[M - H]-","consensus",578243.016856056,6.16702079772,1144.427734375,270.08600234988,136.415874431295,22.9755706787109,8.22083330383301,4,"consensus","detected",33,285.565684297804,6,1.00462904510557,1.83157649914279,1.3189511077898,1149.72534197749,2096.10694324848,1509.44422803928,580919.729863064,1059096.32046698,762674.267654012
"2.7","icl","neg","3-hydroxyphenylacetic acid","[M - H]-","consensus",740.244387255706,1.37100219726,142,191.36499881742,17.6489424271052,19,6.96925611877441,3,"consensus","detected",33,205.452313022973,5,1.00462904510557,1.93082300090272,1.53287835058024,142.657324404991,274.176866128187,217.668725782394,743.671011913459,1429.28088920246,1134.7045953628
"2.7","icl","neg","3-hydroxypropionic acid","[M - H]-","consensus",224.30960242271,NA,113,17.40899920464,33.0500472143532,15,2.9652,2,"consensus","detected",33,NA,NA,1.00462904510557,NA,NA,113.52308209693,NA,NA,225.347941689938,NA,NA
"2.7","icl","neg","4-acetamidobutanoic acid","[M - H]-","consensus",615832.859403709,20.33200085166,2256.08984375,48.2660007477,391.721322606856,17,5.71602747802734,5,"consensus","detected",33,79.3762977358938,3,1.00462904510557,0.976562463947919,1.34626409476627,2266.53338539894,2203.21265670038,3037.29275120747,618683.577487382,601399.254559379,829073.666992457
"2.7","icl","neg","4-pyridoxic acid","[M - H]-","consensus",5113299.01644324,20.10299921034,60995.59375,45.29500007628,572.736468622595,230.59130859375,106.095919799805,5,"consensus","detected",33,73.6552770882943,3,1.00462904510557,0.976562463947919,1.34211364635209,61277.9451047099,59566.0073224663,81863.0187392233,5136968.70822863,4993455.88640028,6862628.3878472
"2.7","icl","neg","6-methyladenine","[M - H]-","consensus",751674.646096306,50.58900296688,522.6259765625,61.37100219726,9.80385533860275,88.2434692382812,44.3073150634766,5,"consensus","detected",33,97.6265530020538,3,1.00462904510557,0.976562463947919,1.36627555854317,525.045235781351,510.376911395063,714.0510980371,755154.1819378,734057.244478989,1026994.69693797
"2.7","icl","neg","LMFA01170001","[M - H]-","consensus",317093.718345008,28.11300158496,114.669311523438,52.15199947356,21.5093555293488,19,4.4478,5,"consensus","detected",33,85.9057856895777,3,1.00462904510557,0.976562463947919,1.35199434586457,115.200120938705,111.98174540054,155.032260823871,318561.55946992,309661.822889409,428708.914311623
"2.7","icl","neg","Methyl 3-aminopropanoate","[M - H]-","consensus",155241.935688976,6.39599919324,17730.125,38.67000102996,6824.39955493199,14,2.59599761962891,5,"consensus","detected",33,58.378955409778,2,1.00462904510557,0.900210855995494,1.33228807102574,17812.1985483524,15960.8510031571,23621.6340352953,155960.557611556,139750.47581297,206826.979041368
"2.7","icl","neg","N(4)-acetylcytosine","[M - H]-","consensus",230270.629755303,5.71099877357999,28891.90625,40.95399856566,9738.60321394847,15,2.9652,5,"consensus","detected",33,64.0590687751537,2,1.00462904510557,0.900210855995494,1.33598253764732,29025.6481872172,26008.8076566541,38599.0822293435,231336.562886929,207292.120722643,307637.540286136
"2.7","icl","neg","N-acetyl-L-isoleucine","[M - H]-","consensus",3342413.14460044,46.01298809052,654.6123046875,209.67099666594,14.836179416513,72.329345703125,39.2475004943848,4,"consensus","detected",33,223.967387619508,5,1.00462904510557,1.93082300090272,1.53480825303821,657.642534572561,1263.94049456457,1004.70436777474,3357885.32580825,6453608.17811413,5129963.27939615
"2.7","icl","neg","N-acetyl-beta-D-mannosamine","[M - H]-","consensus",14560.2927568228,2.98399865628,2686.4296875,25.41999936102,900.590074025361,16,2.9652,5,"consensus","detected",33,26.2091577234372,1,1.00462904510557,2.28131644790838,NA,2698.86529169638,6128.59623224312,NA,14627.6930087445,33216.6353525011,NA
"2.7","icl","neg","O-propanoyl-L-carnitine","[M - H]-","consensus",NA,NA,NA,99.5539999008,3.64225010117361,15.5,3.7065,5,"consensus","below_detection",33,116.154302516622,3,1.00462904510557,0.976562463947919,1.3733143370353,NA,NA,NA,NA,NA,NA
"2.7","icl","neg","melatonin","[M - H]-","consensus",2070.20171729032,0.684986114460003,1668.943359375,288.14300537112,133.591794919428,27.1912002563477,12.2893188171387,4,"consensus","detected",33,303.806033689038,7,1.00462904510557,1.03269562626322,1.24719383229214,1676.66897346419,1723.51050770761,2081.49586425742,2079.78477441729,2137.88825892833,2581.94281340508
"2.7","icl","neg","methyl (R)-lactate","[M - H]-","consensus",423.320103411747,9.13999915122,67.591552734375,40.26900172236,16.3903328423599,16.8214263916016,3.09756530456543,4,"consensus","detected",33,62.4027909487069,2,1.00462904510557,0.900210855995494,1.3349329687646,67.904437080738,60.8466495450763,90.2301921551084,425.279671264535,381.07735265239,565.103962385182
"2.8","icl","neg","2'-deoxycytidine","[M - H]-","consensus",29452.5840610178,0.685000419599998,17626.796875,24.96400058268,3554.40391619773,14,4.95520410461426,4,"consensus","detected",34,NA,NA,0.856018042346993,NA,NA,15088.8561537856,NA,NA,25211.9433499727,NA,NA
"2.8","icl","neg","3-hydroxyisovaleric acid","[M - H]-","consensus",8401.56291219714,21.28199815752,570.09423828125,82.17699766158,7.93158723037959,101.262878417969,59.1093997009277,5,"consensus","detected",34,110.624699271895,3,0.856018042346993,0.840116559761461,0.967424794161385,488.010953806816,478.945610204675,551.52330112183,7191.8894367541,7058.29213041455,8127.88027096625
"2.8","icl","neg","L-isoleucine","[M - H]-","consensus",61.688534826518,NA,161,218.34600448608,7.30758251483296,37,16.968675994873,4,"consensus","detected",34,232.967450333601,6,0.856018042346993,1.82386638914353,1.14469712197517,137.818904817866,293.642488652109,184.296236638003,52.8064988174502,112.511645265597,70.6146882747802
"2.8","icl","neg","itaconic acid","[M - H]-","consensus",NA,NA,NA,114.41699981688,4.18140380430631,28,11.9315637451172,2,"consensus","below_detection",34,124.294187071712,4,0.856018042346993,0.879475097872363,0.989875903348109,NA,NA,NA,NA,NA,NA
"2.8","icl","neg","thymidine","[M - H]-","consensus",2037107.20933337,9.13999915128001,210134.875,45.75199842456,19657.8155167977,20,10.6886177062988,5,"consensus","detected",34,74.5784885013063,3,0.856018042346993,0.840116559761461,0.904273723151115,179879.24432633,176537.788270905,190019.445780144,1743800.5253845,1711407.50057042,1842102.52064186
"2.9","icl","neg","(R)-noradrenaline","[M - H]-","consensus",33854.2349949729,0.914000272740001,22798,23.14700067042,4537.8322578862,18,5.0200180847168,5,"consensus","detected",35,NA,NA,0.849363242596662,NA,NA,19363.7832047187,NA,NA,28754.5428109596,NA,NA
"2.9","icl","neg","(S)-lactic acid","[M - H]-","consensus",77256.6078386139,4.79699850084,16150.4921875,65.96199989316,1293.23417097355,22.6370391845703,12.470947265625,5,"consensus","detected",35,101.804961146242,3,0.849363242596662,0.95215470514111,0.997552943897524,13717.6344139071,15377.7671266729,16110.9710270346,65618.9229458238,73560.2426567778,77067.5565849458
"2.9","icl","neg","3-methylbutanal","[M - H]-","consensus",1167.62523105389,22.47000217434,37.5877685546875,194.3390035629,15.8045851038728,12.9484710693359,1.55899679260254,5,"consensus","detected",35,208.388668300563,5,0.849363242596662,1.31816627875347,1.10061951870946,31.9256689815822,49.546929002379,41.3698317360228,991.737952385609,1539.12420579696,1285.11111983556
"2.9","icl","neg","D-leucine","[M - H]-","consensus",2740.58578473583,1.14297866819999,2035.7314453125,251.53000831602,142.420686865253,30.9125366210938,14.0767395019531,4,"consensus","detected",35,266.922938856065,6,0.849363242596662,0.856012833090608,0.990348901232909,1729.07546144662,1742.61224191359,2016.08440007052,2327.75282873754,2345.97660191957,2714.13612064766
"2.9","icl","neg","D-proline","[M - H]-","consensus",19530.1222850905,6.16700112816,1375.337890625,27.71600067618,305.019750702247,18,4.45,5,"consensus","detected",35,28.0789209179263,1,0.849363242596662,0.847794767403557,NA,1168.1614504473,1166.00426708372,NA,16588.1679923738,16557.5354800513,NA
"2.9","icl","neg","Gly-Pro","[M - H]-","consensus",51200.6553004909,0.457000136400001,31237.96875,24.97499942778,4475.79751808499,17,6.97550964355469,4,"consensus","detected",35,NA,NA,0.849363242596662,NA,NA,26532.3824296332,NA,NA,43487.9546090989,NA,NA
"2.9","icl","neg","N-acetyl-L-methionine","[M - H]-","consensus",4965022.85669214,20.39899349208,2817.833984375,127.51899719238,141.587468841337,31,19.6827728271484,5,"consensus","detected",35,136.747730188209,4,0.849363242596662,1.38411986984242,1.07966025317425,2393.36461006782,3900.22000769066,3042.30335297331,4217107.91312658,6872186.79016935,5360537.83447216
"2.9","icl","neg","dihydroorotic acid","[M - H]-","consensus",249375.73582644,1.37100040914,87296,25.88800013064,9830.86237941415,21.0851593017578,8.87764587402343,5,"consensus","detected",35,26.3375464125829,1,0.849363242596662,0.847794767403557,NA,74146.0136257182,74009.0920152609,NA,211810.583606474,211419.443951068,NA
"2.9","icl","neg","fumaric acid","[M - H]-","consensus",176636.555899928,16.45900011066,515.6943359375,46.23000025752,53.0063747262095,17,9.40819549560547,4,"consensus","detected",35,75.527063528322,3,0.849363242596662,0.95215470514111,0.935903259285603,438.011813360608,491.020788377511,482.640009799031,150028.597880269,168185.327800037,165314.728375726
"2.9","icl","neg","homogentisic acid","[M - H]-","consensus",387323.47506547,4.16900038716,90565.375,58.58100056646,5088.49178245425,35,17.7912,5,"consensus","detected",35,94.5863491202607,3,0.849363242596662,0.95215470514111,0.980844257946618,76922.9005769827,86232.2479291191,88830.5280375322,328978.322715415,368791.869195193,379904.006485896
"2.9","icl","neg","nicotinic acid","[M - H]-","consensus",10469.4972969855,46.47000074382,197.591430664062,39.821999073,22.2489817794713,19.4582214355469,8.0063533241272,5,"consensus","detected",35,61.3003040960757,2,0.849363242596662,0.810907066871045,0.902258219507136,167.826898258141,160.228287478648,178.278492420824,8892.4061725246,8489.78934471285,9446.18999031291
"2.9","icl","neg","propynoic acid","[M - H]-","consensus",2757.16025520028,6.85295104980003,223.534790039062,703.40297698974,21.7521987747002,19.6788482666016,9.37173955993652,3,"consensus","detected",35,NA,NA,0.849363242596662,NA,NA,189.862234100742,NA,NA,2341.83057471555,NA,NA
"2.9","icl","neg","ritalinic acid","[M - H]-","consensus",NA,NA,NA,204.16199684142,19.2592592592593,16,4.05,1,"consensus","below_detection",35,218.302198239559,5,0.849363242596662,1.31816627875347,1.08212185122738,NA,NA,NA,NA,NA,NA
"2.9","icl","neg","thymine","[M - H]-","consensus",88705.3916431632,2.51199960714001,25802.21875,38.45100045204,12348.6959571549,15,2.08825440673828,5,"consensus","detected",35,57.8103869531923,2,0.849363242596662,0.810907066871045,0.894179793602683,21915.4561836884,20923.2015253276,23071.8226363663,75343.099081844,71931.8289530048,79318.5687909288
"2.9","icl","neg","vanillin","[M - H]-","consensus",219196.149669686,60.84501743316,1360.3994140625,208.73099327088,19.6655291507777,77.7083740234375,65.2253509277344,5,"consensus","detected",35,222.996931493345,5,0.849363242596662,1.31816627875347,1.07465001147776,1155.47325755472,1793.23263325316,1461.9532459366,186177.152448148,288936.972927178,235559.144758409
"3.1","icl","neg","(3S,5R)-fluvastatin","[M - H]-","consensus",808933.760964944,14.40599441526,595.73828125,387.1230125427,16.6260275171516,72.5178833007812,31.4699586181641,2,"consensus","detected",36,403.425149052437,8,0.456669092243947,0.987055319555131,0.776607392534125,272.055260113407,588.026639570443,462.654753234323,369415.046305343,798462.371928187,628223.938835808
"3.1","icl","neg","2-Methylheptanoic acid","[M - H]-","consensus",NA,NA,NA,311.4210033417,14.7879775617468,25.8859405517578,11.6916954620361,1,"consensus","below_detection",36,327.364893315625,7,0.456669092243947,1.65397421434239,0.693824184057311,NA,NA,NA,NA,NA,NA
"3.1","icl","neg","4-phenylbutyric acid","[M - H]-","consensus",39206.2714376175,24.27000045774,176,318.04498672488,13.0748283691321,24.2890472412109,11.6032844543457,3,"consensus","detected",36,334.090672054591,7,0.456669092243947,1.65397421434239,0.713496845823759,80.3737602349347,291.09946172426,125.575444864982,17904.2923876866,64846.1619983279,27973.5510072502
"3.1","icl","neg","L-thyroxine","[M - H]-","consensus",39397.9457479976,16.9109916687,159.92041015625,314.391002655,26.58984375,17,5.375,5,"consensus","detected",36,330.37803405231,7,0.456669092243947,1.65397421434239,0.703170184860902,73.0307085373344,264.504234745496,112.451264372602,17991.8241210143,65163.1863652484,27703.4607947593
"3.1","icl","neg","lithocholic acid","[M - H]-","consensus",356.074887323328,1.82802200315996,144,524.41600799562,12.9728358524814,21.3755569458008,9.45240072784424,4,"consensus","detected",36,539.64749973276,10,0.456669092243947,0.49134245302091,NA,65.7603492831284,70.753313235011,NA,162.60839556481,174.954708596588,NA
"3.1","icl","neg","taurochenodeoxycholic acid","[M - H]-","consensus",7191664.3764153,23.3210277556801,647.69384765625,327.87600517272,20.4486532169046,53.8314208984375,29.0416400756836,5,"consensus","detected",36,344.116544905868,8,0.456669092243947,0.987055319555131,0.735650218700225,295.781761461169,639.309657772232,476.47612067911,3284210.84250071,7098570.57919586,5290549.47132853
"3.1","icl","neg","taurodeoxycholic acid","[M - H]-","consensus",7191664.3764153,32.91400909422,549,330.15998840334,17.7373576764698,53,27.9635788513184,5,"consensus","detected",36,346.450489814623,8,0.456669092243947,0.987055319555131,0.73979895491819,250.711331641927,541.893370435767,406.149626250086,3284210.84250071,7098570.57919586,5320385.78979441
"3.1","icl","neg","undecanedioic acid","[M - H]-","consensus",3006900.66206474,1.14200592042005,2161178,288.50798606874,29337.8374119776,102.713562011719,73.6617105102539,5,"consensus","detected",36,304.17531309244,7,0.456669092243947,1.65397421434239,0.606250346315179,986943.195437589,3574532.68460406,1310214.91094874,1373158.59581283,4973336.16014414,1822934.56771209
"3.2","icl","neg","cholic acid","[M - H]-","consensus",4058007.28676604,21.30100250244,323.19091796875,352.2780132294,20.7859776451312,30.4266586303711,14.0847,5,"consensus","detected",37,368.847549303623,8,0.488316061090714,1.21303223599719,0.872663809603618,157.819316042792,392.041001877617,282.0370177039,1981590.13415101,4922493.6527587,3541276.09826849
"3.2","icl","neg","hexadecanedioic acid","[M - H]-","consensus",6658690.13628074,16.5089893341,10364.4453125,416.5480041504,132.68184725217,195.211791992188,76.6437438964844,5,"consensus","detected",37,432.689629504397,9,0.488316061090714,0.884733495376304,0.875249166513395,5061.12511039012,9169.77192896468,9071.47212113929,3251545.3393722,5891166.19889938,5828012.99185068
"3.2","icl","neg","hexadecanoic acid","[M - H]-","consensus",45591.7535737059,59.0239906311001,859.62060546875,575.10400772094,21.62096681579,56.7349243164062,37.1345873657227,4,"consensus","detected",37,NA,NA,0.488316061090714,NA,NA,419.766548094915,NA,NA,22263.1855233306,NA,NA
"3.2","icl","neg","taurocholic acid","[M - H]-","consensus",6904177.43010829,9.82798576355998,963.06396484375,290.29898643492,77.8411690560888,24.8705902099609,12.0526629547119,5,"consensus","detected",37,305.987485752529,7,0.488316061090714,1.29050031112412,0.705994065814634,470.279601890906,1242.83434626329,679.917444179601,3371420.72774189,8909843.12161089,4874308.29498778
"3.2","icl","neg","tauroursodeoxycholic acid","[M - H]-","consensus",7811180.2892841,32.27102279664,59206,314.34099197388,2852.57725165638,30,20.744749319458,5,"consensus","detected",37,330.327265841914,7,0.488316061090714,1.29050031112412,0.79916799817666,28911.2407129368,76405.3614204148,47315.5405000474,3814324.79133264,10080330.5935677,6242445.31518416
"3.3","icl","neg","(S)-lipoic acid","[M - H]-","consensus",1000.71743536058,1.14200592036002,190,349.76700782778,35.7791604638301,20.3131713867188,4.74261627197266,2,"consensus","detected",38,366.338812726349,8,0.431167043813602,0.869136021708765,0.766123630381747,81.9217383245844,165.135844124665,145.563489772532,431.476378297151,869.759570623893,766.673274564759
"3.3","icl","neg","2-hydroxyoctanoic acid","[M - H]-","consensus",585.961923221861,3.42598915097994,203.71435546875,433.05101394654,7.54742709706083,43.4524688720703,21.2339761001587,5,"consensus","detected",38,449.046619022668,9,0.431167043813602,0.95016978971434,0.811725517148327,87.8349164298543,193.563226297535,165.360140543409,252.647470222903,556.763317368326,475.640245156493
"3.3","icl","neg","5-phenylpentanoic acid","[M - H]-","consensus",5191.7564238156,0.91300964358004,2912.59375,339.25901412966,182.395125550593,34.8732757568359,15.7773979187012,5,"consensus","detected",38,355.730935818252,8,0.431167043813602,0.869136021708765,0.746113549147207,1255.81443701747,2531.44014472881,2173.12566003647,2238.51426945685,4512.34252387602,3873.63981168087
"3.3","icl","neg","estriol","[M - H]-","consensus",3160.5391303059,24.0500164032,231.159057617188,285.0359916687,20.2500489118718,21,10.3782,4,"consensus","detected",38,300.662834849502,7,0.431167043813602,0.942197220533588,0.584692330435441,99.6681675235411,217.797421588078,135.156928099454,1362.72031367121,2977.85118396186,1847.94298953096
"3.3","icl","neg","undecanoic acid","[M - H]-","consensus",1240.71389089878,NA,126.967224121094,463.9060020447,21.8577199272416,18.6577606201172,4.95520410461426,3,"consensus","detected",38,479.613744152595,9,0.431167043813602,0.95016978971434,0.820290655652379,54.7440826855112,120.640420643753,104.150027520655,534.954940557299,1178.88885681095,1017.74601104237
"1.1","icl","pos","5-hydroxy-L-tryptophan","[M + H]+","consensus",450298.383176411,18.75200092794,26766.25,41.6439986229,2447.67534679985,24,10.9255706787109,5,"consensus","detected",1,49.482439212714,2,0.681752004548501,0.660182041603149,0.958414045573095,18247.9445917463,17670.5975710603,25653.1499473209,306991.825375467,297278.905936,431572.295135128
"1.1","icl","pos","D-alpha-aminobutyric acid","[M + H]+","consensus",1184.99918657791,0.456998348279996,116.619506835938,70.94000101092,7.95563983262787,22.5,11.8305389404297,4,"consensus","detected",1,86.6990988084307,2,0.681752004548501,0.660182041603149,0.841160093230639,79.5055825548583,76.9901041137019,98.0956752426287,807.875570837833,782.315182293076,996.774026260106
"1.1","icl","pos","L-citrulline","[M + H]+","consensus",209549.891439767,7.31299996374,6929.33984375,28.37599933146,439.690380823608,27.412353515625,15.6972446777344,5,"consensus","detected",1,34.1652817153714,2,0.681752004548501,0.660182041603149,1.01436259325039,4724.09132867436,4574.62572500892,7028.86313341947,142861.058541982,138341.075148424,212559.571296179
"1.1","icl","pos","L-citrulline","[M + Na]+","consensus",514907.930320415,11.65399789812,3732.693359375,28.37599933146,502.555375577022,19,7.38962020874023,5,"consensus","detected",1,34.1652817153714,2,0.681752004548501,0.660182041603149,1.01436259325039,2544.77118011878,2464.2571226707,3786.30451582412,351039.513653863,339932.968676584,522303.343485005
"1.1","icl","pos","L-homoserine","[M + H]+","consensus",35908.3467988239,8.22700023648,1373.30859375,28.83299946786,141.688316179025,22.1796264648438,9.53592366485596,5,"consensus","detected",1,35.0431838452149,2,0.681752004548501,0.660182041603149,1.01116598000919,936.255886652746,906.633671173024,1388.64293005426,24480.5874101209,23706.0457002415,36309.2986813426
"1.1","icl","pos","L-homoserine","[M + Na]+","consensus",12183.8455752683,26.74800038334,608.58984375,32.26000070574,83.0408230633803,19,7.1,4,"consensus","detected",1,40.3631861445397,2,0.681752004548501,0.660182041603149,0.991665559064705,414.907345924422,401.780085545816,603.517587643445,8306.36114404855,8043.55604645812,12082.3000339565
"1.1","icl","pos","L-lysine","[M + H]+","consensus",125546.305325331,1.82699918742,37061.375,21.29099965098,4996.0036422501,26,7.413,5,"consensus","detected",1,NA,NA,0.681752004548501,NA,NA,25266.6666975737,NA,NA,85591.4453192026,NA,NA
"1.1","icl","pos","L-lysine","[M + Na]+","consensus",25242.627804648,0.68500041966,21737.71875,21.74799978732,3303.44949443868,21,6.57395210266113,5,"consensus","detected",1,NA,NA,0.681752004548501,NA,NA,14819.733332124,NA,NA,17209.2121058905,NA,NA
"1.1","icl","pos","L-valine","[M + H]+","consensus",20676.1477186967,23.09199929238,550.23291015625,38.20199847222,19.4641938085269,51.0272521972656,25.6473842620849,5,"consensus","detected",1,46.3564942614929,2,0.681752004548501,0.660182041603149,0.969717755137176,375.122389467579,363.253885984195,533.570622439314,14096.0051535624,13650.0214134175,20050.0275506592
"1.1","icl","pos","N(6)-acetyl-L-lysine","[M + H]+","consensus",2230681.62416783,7.99699902534,49773.4375,30.20400166512,2909.46218269921,37.4698791503906,17.0945571716309,5,"consensus","detected",1,37.4196928404153,2,0.681752004548501,0.660182041603149,1.00247419506628,33933.1407888945,32859.5295863567,49896.5866934944,1520771.66878592,1472655.94880975,2236200.76563679
"1.1","icl","pos","N(6)-acetyl-L-lysine","[M + Na]+","consensus",116328.27463856,8.68299901481999,5838.6015625,30.65999865534,363.870933389609,38.7509155273438,15.9393073608398,5,"consensus","detected",1,38.131764940156,2,0.681752004548501,0.660182041603149,0.999862086341917,3980.47831899439,3854.53989963859,5837.79633960043,79307.0344205068,76797.8378470564,116312.231380666
"1.1","icl","pos","N-acetyl-L-cysteine","[M + H]+","consensus",47919.441995141,5.49400091171999,3666.240234375,76.43500328064,26.6611191809968,57.5,135.355916976929,5,"consensus","detected",1,94.3268109847386,2,0.681752004548501,0.660182041603149,0.818404483726502,2499.46662894152,2420.3859629373,3000.467446231,32669.175637033,31635.5550488359,39217.4861864954
"1.1","icl","pos","N-alpha-acetyl-L-asparagine","[M + H]+","consensus",33532.1456646182,1.82799875736,9981.21875,25.40400087834,957.479160294776,23.9154205322266,10.3994987487793,5,"consensus","detected",1,28.0592802095803,1,0.681752004548501,1.45878240560001,NA,6804.71589064958,14560.426298945,NA,22860.6075236658,48916.1041175618,NA
"1.1","icl","pos","O(4)-phospho-L-tyrosine","[M + H]+","consensus",392592.64613928,18.75199913976,8520.484375,35.22899866104,62.2165575380092,348.306884765625,131.350524902344,5,"consensus","detected",1,43.6582354839743,2,0.681752004548501,0.660182041603149,0.979570556685284,5808.85730238043,5625.07077013523,8346.41562244702,267650.823476454,259182.614646612,384572.196929203
"1.1","icl","pos","alpha-D-glucosamine 6-phosphate","[M + H]+","consensus",46820.2951220732,8.4560018778,4111.5859375,28.14699947832,423.692882306551,28.5,9.6369,5,"consensus","detected",1,33.7080359799332,2,0.681752004548501,0.660182041603149,1.01602365159382,2803.08195476405,2714.39519844555,4177.46855806056,31919.8300530258,30909.9180221522,47570.5272186293
"1.1","icl","pos","alpha-D-glucosamine 6-phosphate","[M + K]+","consensus",46820.2951220732,8.4560018778,4111.5859375,28.14699947832,423.692882306551,28.5,9.6369,5,"consensus","detected",1,33.7080359799332,2,0.681752004548501,0.660182041603149,1.01602365159382,2803.08195476405,2714.39519844555,4177.46855806056,31919.8300530258,30909.9180221522,47570.5272186293
"1.1","icl","pos","alpha-D-glucosamine 6-phosphate","[M + Na]+","consensus",133087.946935315,10.51199913024,2531.587890625,29.2899996042,92.8165932980618,56.9827575683594,26.6612363708496,5,"consensus","detected",1,35.8767865721975,2,0.681752004548501,0.660182041603149,1.00812277813708,1725.91511912431,1671.30886213062,2552.15141739507,90732.9746043955,87862.2725205278,134168.99080099
"1.1","icl","pos","carnosine","[M + H]+","consensus",1616261.97797612,1.14199876782,856619,21.29099965098,23672.1735089332,43,36.1849324768066,5,"consensus","detected",1,NA,NA,0.681752004548501,NA,NA,584001.720384332,NA,NA,1101889.84336075,NA,NA
"1.1","icl","pos","glutathione","[M + H]+","consensus",2384275.93702854,0.684998631480003,1668217,26.5469992161,27765.7700653161,114.772003173828,60.0776504333496,5,"consensus","detected",1,30.2379328419542,1,0.681752004548501,1.45878240560001,1.02851895752518,1137310.28377189,2433565.60832284,1715792.80976578,1625484.89946596,3478139.78703272,2452273.00120497
"1.1","icl","pos","glutathione","[M + K]+","consensus",101976.61639988,0.914000272740001,54151.4375,26.31799936296,4815.01689389722,22.0516510009766,11.2417852401733,5,"consensus","detected",1,29.7475428599778,1,0.681752004548501,1.45878240560001,NA,36917.8510648079,78995.1642629487,NA,69522.7626476917,148761.693786767,NA
"1.1","icl","pos","guanosine 5'-monophosphate","[M + H]+","consensus",464390.304399787,36.1120015383,3067.9921875,42.78600096702,35.4427976679829,193.256591796875,81.1091613769531,5,"consensus","detected",1,50.6028940726054,2,0.681752004548501,0.660182041603149,0.954401426294341,2091.60982376727,2025.43334596626,2928.09611960989,316599.020917443,306582.139259359,443214.76887642
"1.1","icl","pos","homocystine","[M + H]+","consensus",60104.1012467956,0.914000272739997,38767.4375,24.03400003908,8711.14652187598,22,4.4478,5,"consensus","detected",1,NA,NA,0.681752004548501,NA,NA,26429.7782268337,NA,NA,40976.091506589,NA,NA
"1.1","icl","pos","sarcosine","[M + H]+","consensus",NA,NA,NA,88.99899959562,1.15054958424958,43,37.3734436035156,4,"consensus","below_detection",1,110.33538723169,3,0.681752004548501,0.560303189672274,0.772745637391215,NA,NA,NA,NA,NA,NA
"1.2","icl","pos","(2R)-2-acetamidopropanoic acid","[M + H]+","consensus",6861.73795510591,62.71199941638,141.216064453125,66.36400222776,9.62106319593844,25.6049880981445,12.0164553543091,3,"consensus","detected",2,80.2698227113906,2,0.814179374784066,0.591706263749743,0.929928810977129,114.975207065912,83.5584298790015,131.320886907764,5586.68551822023,4060.13332824552,6380.92781782828
"1.2","icl","pos","Acetylcarnosine","[M + H]+","consensus",7858016.08000838,0.68600177766,4973236,24.7100007534,142933.249763139,61.83740234375,34.7936828613281,5,"consensus","detected",2,27.2318173057657,1,0.814179374784066,1.48675735869301,NA,4049106.17713361,7393995.21951698,NA,6397834.61906436,11682963.2316804,NA
"1.2","icl","pos","D-erythronic acid","[M + Na]+","consensus",7576.20864878048,4.34000015262,1490.60546875,24.93799924848,97.4235085766655,27.0133666992188,15.0229869918823,5,"consensus","detected",2,27.452961165838,1,0.814179374784066,1.48675735869301,NA,1213.62022859659,2216.1686495721,NA,6168.39282089773,11263.983959568,NA
"1.2","icl","pos","L-alpha-aminobutyric acid","[M + H]+","consensus",14021.7965272193,0.914000272740001,6527.34375,23.79600048066,796.80759985075,20.5079803466797,8.1661316619873,5,"consensus","detected",2,NA,NA,0.814179374784066,NA,NA,5314.42865337568,NA,NA,11416.2575298808,NA,NA
"1.2","icl","pos","L-homocitrulline","[M + H]+","consensus",527118.720542892,0.914000272740001,331607,23.5680001974,22364.629704573,29,14.826,5,"consensus","detected",2,NA,NA,0.814179374784066,NA,NA,269987.57993402,NA,NA,429169.190328589,NA,NA
"1.2","icl","pos","L-homocitrulline","[M + Na]+","consensus",132729.410290168,0.91300070286,111667.125,23.11100006106,14633.8708515155,24.1457443237305,7.62908053436279,4,"consensus","detected",2,NA,NA,0.814179374784066,NA,NA,90917.0700164342,NA,NA,108065.548285507,NA,NA
"1.2","icl","pos","L-tryptophan","[M + H]+","consensus",NA,NA,NA,149.43099975588,1.34464976499539,94.9173278808594,94.5098682403564,2,"consensus","below_detection",2,148.02974793716,3,0.814179374784066,0.925294776276335,0.785253043755211,NA,NA,NA,NA,NA,NA
"1.2","icl","pos","N(4)-acetylcytidine","[M + H]+","consensus",NA,NA,NA,115.29499769208,0.935071026360614,40,58.8190612792969,4,"consensus","below_detection",2,128.202827127921,3,0.814179374784066,0.925294776276335,0.818674069351927,NA,NA,NA,NA,NA,NA
"1.2","icl","pos","N(4)-acetylcytidine","[M + K]+","consensus",NA,NA,NA,99.51099872592,1.03621338259605,63,131.694519042969,4,"consensus","below_detection",2,120.779834321225,3,0.814179374784066,0.925294776276335,0.833854424802,NA,NA,NA,NA,NA,NA
"1.2","icl","pos","N(4)-acetylcytidine","[M + Na]+","consensus",NA,NA,NA,94.2560005188,4.91711090531953,23.5,9.05002975463867,4,"consensus","below_detection",2,115.995302669249,3,0.814179374784066,0.925294776276335,0.844263211194002,NA,NA,NA,NA,NA,NA
"1.2","icl","pos","N-acetyl-L-aspartic acid","[M + H]+","consensus",41225.1818659766,0.68500041966,2638.107421875,42.5289988518,160.840367528271,37.2919769287109,16.170166015625,3,"consensus","detected",2,50.3470815564025,2,0.814179374784066,0.591706263749743,1.00182929532993,2147.89265135539,1560.98468596812,2642.9332994617,33564.6927970003,24393.1983343207,41300.5948986397
"1.2","icl","pos","N-acetyl-L-glutamine","[M + H]+","consensus",46978.8846201525,1.142000556,23237,26.53699994088,342.365705957052,183.170776367188,67.3368530273438,4,"consensus","detected",2,30.2161851733641,1,0.814179374784066,1.48675735869301,1.05414309203652,18919.0861318574,34547.7807439494,24495.1230296527,38249.2389080886,69846.2024122015,49522.4666939146
"1.2","icl","pos","N-acetyl-L-glutamine","[M + Na]+","consensus",171.942276344735,0.457000136400001,226.532836914062,27.45100021362,16.3241563361393,23.7483367919922,12.4223571464539,3,"consensus","detected",2,32.2439499552194,1,0.814179374784066,1.48675735869301,1.04886030546623,184.438363526752,336.799362267585,237.601300523814,139.991855053306,255.636444625962,180.343428489497
"1.2","icl","pos","N-acetylglycine","[M + H]+","consensus",5730.90952389059,34.28400099276,187.79345703125,30.8780014515,14.7164837223797,34.4480972290039,10.4199727798462,4,"consensus","detected",2,38.4594997596839,2,0.814179374784066,0.591706263749743,1.03261776928602,152.897559434242,111.118564816609,193.91886068612,4665.98833310529,3391.01506226912,5917.83900853992
"1.2","icl","pos","N-carbamoylglutamic acid","[M + H]+","consensus",11707.679563761,0.457000136400001,10022.4375,26.76599979402,709.873301599396,35.6333312988281,14.068431854248,3,"consensus","detected",2,30.7198353986641,1,0.814179374784066,1.48675735869301,1.05283240921401,8160.06189756238,14900.9327051658,10551.9470193218,9532.15122739512,17406.4787446414,12326.2244814201
"1.2","icl","pos","N-carbamoylglutamic acid","[M + Na]+","consensus",81702.3575975312,0.457000136400001,41441.9375,26.76599979402,4333.7674464978,25.8030548095703,9.55661210632324,4,"consensus","detected",2,30.7198353986641,1,0.814179374784066,1.48675735869301,1.05283240921401,33741.1707635904,61614.1055366207,43631.4149006213,66520.3744271422,121471.581380697,86018.8899878731
"1.2","icl","pos","folic acid","[M + H]+","consensus",723.622006596421,6.39600276948002,158,185.6019973755,24.3076409505074,20.3329086303711,5.66353154754639,3,"consensus","detected",2,200.595764104678,4,0.814179374784066,0.624515624668261,0.72212799049437,128.640341215883,98.6734686975852,114.09622249811,589.158112910666,451.913249473264,522.547705500977
"1.2","icl","pos","folic acid","[M + K]+","consensus",723.622006596421,6.39600276948002,158,185.6019973755,24.3076409505074,20.3329086303711,5.66353154754639,3,"consensus","detected",2,200.595764104678,4,0.814179374784066,0.624515624668261,0.72212799049437,128.640341215883,98.6734686975852,114.09622249811,589.158112910666,451.913249473264,522.547705500977
"1.2","icl","pos","folic acid","[M + Na]+","consensus",53389.2917877499,23.30100059514,506.028564453125,175.47300338748,47.0136856545597,22.8412780761719,10.277587890625,2,"consensus","detected",2,185.764683823102,4,0.814179374784066,0.624515624668261,0.736728894058773,411.998020229324,316.022745029427,372.805864651699,43468.4602079143,33342.4469114227,39333.4338933701
"1.2","icl","pos","kynurenine","[M + H]+","consensus",433184.228363305,28.34500193592,26584.859375,53.05499911308,2716.93739143805,26.5953063964844,9.77507400512695,5,"consensus","detected",2,62.3110082952503,2,0.814179374784066,0.591706263749743,0.972095034505899,21644.8441846598,15730.4278130936,25843.0097914751,352689.664215154,256317.821280167,421096.237418238
"1.2","icl","pos","kynurenine","[M + Na]+","consensus",48561.7873186941,26.74700081346,4638.40234375,52.14099884034,352.621099898888,25.7738800048828,13.0809769042969,5,"consensus","detected",2,61.1681441574017,2,0.814179374784066,0.591706263749743,0.974854293673294,3776.49152023132,2744.57172058836,4521.76644058896,39538.0056375312,28734.3137353541,47340.6668760783
"1.3","icl","pos","2-aminoisobutyric acid","[M + H]+","consensus",NA,NA,NA,23.36700081828,1019.62204099748,44.5,17.2329174865723,1,"consensus","below_detection",3,NA,NA,0.703341595844815,NA,NA,NA,NA,NA,NA,NA,NA
"1.3","icl","pos","D-alanine","[M + H]+","consensus",6510.60721711716,1.14300012588,2889.8125,22.91000068188,645.445501146634,19,4.4478,4,"consensus","detected",3,NA,NA,0.703341595844815,NA,NA,2032.5253354423,NA,NA,4579.18087000596,NA,NA
"1.3","icl","pos","D-asparagine","[M + H]+","consensus",15399.8816585594,34.95299935344,147.41650390625,40.0440001488,15.843224691623,20.437614440918,8.01471240463257,2,"consensus","detected",3,47.9854504970604,2,0.703341595844815,0.652392917222223,0.854802402185049,103.684159111285,96.1734830300996,126.011981660784,10831.3773415525,10046.7737201046,13163.8558351021
"1.3","icl","pos","D-asparagine","[M + Na]+","consensus",NA,NA,NA,52.1500003338,28.6116328307976,28.7891387939453,14.4001358032227,1,"consensus","below_detection",3,61.1793192126943,2,0.703341595844815,0.652392917222223,0.827037459822529,NA,NA,NA,NA,NA,NA
"1.3","icl","pos","L-arginine","[M + H]+","consensus",319523.529327269,12.56399810316,3143.521484375,37.53099918366,97.9909541000779,69.6515197753906,31.3689155578613,5,"consensus","detected",3,45.7695201519963,2,0.703341595844815,0.652392917222223,0.85964425958827,2210.96941739278,2050.81115154214,2702.31019893537,224734.189027009,208454.887418957,274676.567789571
"1.3","icl","pos","L-arginine","[M + Na]+","consensus",617.326419996002,NA,310.01123046875,37.30199933052,32.4068807362724,27.3859558105469,8.72115020751953,4,"consensus","detected",3,45.5678622160861,2,0.703341595844815,0.652392917222223,0.860086005298147,218.043793567706,202.249131017159,266.63632081143,434.191349397155,402.739384019543,530.953814539367
"1.3","icl","pos","L-cysteine","[M + H]+","consensus",16246.2174861241,2.28399932382,4234.390625,24.28099930284,297.551753565824,27.193603515625,14.139379019165,5,"consensus","detected",3,26.9582232319822,1,0.703341595844815,1.14159228897303,NA,2978.22305961783,4833.94768599968,NA,11426.6405331325,18546.556607138,NA
"1.3","icl","pos","L-dopa","[M + H]+","consensus",53590.0818146412,1.82800054548,13974.46875,27.48000025752,1771.50327584478,24,7.87493251647949,3,"consensus","detected",3,32.3072534318877,1,0.703341595844815,1.14159228897303,0.888976982094431,9828.8251517085,15953.1457674946,12422.9810557479,37692.133664964,61178.0241650281,47640.3492017734
"1.3","icl","pos","L-ornithine","[M + H]+","consensus",15221.2107562259,4.34000015256,3791.84375,22.91000068188,346.584597004573,34.5527954101562,10.8409057617187,5,"consensus","detected",3,NA,NA,0.703341595844815,NA,NA,2666.96143431919,NA,NA,10705.7106639742,NA,NA
"1.3","icl","pos","L-ornithine","[M + Na]+","consensus",4513.75351484192,0.457000136400001,1057.8232421875,22.22500026228,75.3130111081541,25.985481262207,13.7006573730469,2,"consensus","detected",3,NA,NA,0.703341595844815,NA,NA,744.011087281893,NA,NA,3174.71060037906,NA,NA
"1.3","icl","pos","N(2)-acetyl-L-lysine","[M + H]+","consensus",NA,NA,NA,30.6780016422,3556.81229732799,26.8326568603516,13.3193294677734,1,"consensus","below_detection",3,38.1591343732001,2,0.703341595844815,0.652392917222223,0.876334118568025,NA,NA,NA,NA,NA,NA
"1.3","icl","pos","N(2)-acetyl-L-lysine","[M + Na]+","consensus",15517.0864197175,7.53899931912,989.31689453125,29.99299943448,55.0185509573901,30.6020965576172,17.4253007629395,5,"consensus","detected",3,37.0775732116457,2,0.703341595844815,0.652392917222223,0.878692782647465,695.827723395846,645.423334880472,869.305614975812,10913.812325306,10123.2372761488,13634.7518447228
"1.3","icl","pos","N-acetyl-L-glutamic acid","[M + H]+","consensus",436.836227793641,NA,138,84.22199964522,5.75288410806332,27.035888671875,19.2884315490723,2,"consensus","detected",3,104.584588614818,2,0.703341595844815,0.652392917222223,0.746127519456999,97.0611402265845,90.0302225766667,102.965597685066,307.245089579209,284.988860998645,325.935531052622
"1.3","icl","pos","N-acetyl-beta-neuraminic acid","[M + Na]+","consensus",31576.6266010198,3.8829982281,1736.7353515625,33.64800095556,257.076759995299,22,6.67012977600098,4,"consensus","detected",3,42.0158023600061,2,0.703341595844815,0.652392917222223,0.86788189930145,1221.51821372808,1133.03384244882,1507.28117549803,22209.1549449571,20600.3675442761,27404.7826680257
"1.3","icl","pos","N-carbamoylaspartic acid","[M + H]+","consensus",21849.7203474312,5.94000220296,1079.6337890625,29.308000803,159.968319280779,21,6.61777153015137,4,"consensus","detected",3,35.9087451811304,2,0.703341595844815,0.652392917222223,0.881232607537238,759.351352127204,704.345437178166,951.408499120856,15367.8171779252,14254.6027979504,19254.6860357262
"1.3","icl","pos","UDP","[M + H]+","consensus",54442.9955607813,38.67199838166,1203.95703125,48.95300030706,20.8480129103055,76,54.1038148864746,4,"consensus","detected",3,57.319491687294,2,0.703341595844815,0.652392917222223,0.834895481394995,846.793059687961,785.453039827394,1005.17828518436,38292.0233802921,35518.2246962146,45454.2109873041
"1.3","icl","pos","guanosine","[M + H]+","consensus",NA,NA,NA,64.78699922562,2.40057043153717,27.7322311401367,11.3588705841064,3,"consensus","below_detection",3,78.0610079552199,2,0.703341595844815,0.652392917222223,0.795641051245794,NA,NA,NA,NA,NA,NA
"1.3","icl","pos","guanosine","[M + Na]+","consensus",470.513926187724,2.75799751278001,123.370483398438,67.98500061036,6.56848881868708,25.5,14.9,3,"consensus","detected",3,82.5470675310652,2,0.703341595844815,0.652392917222223,0.787268218177168,86.7715926736037,80.4860295634227,97.1256606407442,330.932015712084,306.959952899291,370.420660297353
"1.3","icl","pos","isocitric acid","[M + Na]+","consensus",NA,NA,NA,42.55700111388,29.3021792980671,25.8398208618164,12.081746673584,1,"consensus","below_detection",3,50.3748522259687,2,0.703341595844815,0.652392917222223,0.849616987955618,NA,NA,NA,NA,NA,NA
"1.3","icl","pos","thiamine(1+) diphosphate","[M + H]+","consensus",55406.5688994516,9.36600208278,6633.2421875,43.47000002862,11.4344651607707,1509.47314453125,448.098706054687,4,"consensus","detected",3,51.2938425140185,2,0.703341595844815,0.652392917222223,0.847635625949864,4665.4351457814,4327.48022134464,5622.57239367861,38969.744590026,36146.8531175873,46964.5817108209
"1.4","icl","pos","2'-deoxyadenosine 5'-monophosphate","[M + H]+","consensus",674527.693601767,1.59900069234,242745.625,26.10499978068,11917.5829481643,38,20.3655075073242,5,"consensus","detected",4,29.3095654868461,1,0.793110269076256,1.63419781147344,NA,192524.047960834,396694.369119753,NA,534974.840571884,1102311.68066224,NA
"1.4","icl","pos","2'-deoxyguanosine 5'-monophosphate","[M + H]+","consensus",287924.150305248,7.31200039386,14695.9921875,28.8470005989,296.650436848535,92.2044677734375,49.2289439208984,5,"consensus","detected",4,35.0693698124107,2,0.793110269076256,0.612466141591204,1.09143838880329,11655.5423181707,9000.79763193261,16039.7700349907,228355.600322148,176343.793408381,314251.470706715
"1.4","icl","pos","2'-deoxyguanosine 5'-monophosphate","[M + Na]+","consensus",49770.381780561,7.0829987526,4643.71484375,28.8470005989,273.373406520827,25.7232055664062,16.8926147460937,5,"consensus","detected",4,35.0693698124107,2,0.793110269076256,0.612466141591204,1.09143838880329,3682.97792923997,2844.11811300136,5068.32864712441,39473.4008860087,30482.6736946614,54321.3053006999
"1.4","icl","pos","D-arabinitol","[M + H]+","consensus",1933.34407578118,3.19799959662,221.851196289062,24.73500072954,35.0791037846563,19,5.7826789855957,2,"consensus","detected",4,27.2535580044169,1,0.793110269076256,1.63419781147344,NA,175.952461983707,362.54873944835,NA,1533.3550401598,3159.46665746675,NA
"1.4","icl","pos","D-arabinitol","[M + Na]+","consensus",31109.5327513351,1.59900069234,18026.078125,23.36400032046,2207.55651925978,25,8.1543,5,"consensus","detected",4,NA,NA,0.793110269076256,NA,NA,14296.6676721084,NA,NA,24673.289891248,NA,NA
"1.4","icl","pos","D-lysine","[M + H]+","consensus",89190.5989895526,2.05700039862,25171.4375,21.53599977492,3173.46356798046,21.7387237548828,7.925,5,"consensus","detected",4,NA,NA,0.793110269076256,NA,NA,19963.7255686612,NA,NA,70737.9799636765,NA,NA
"1.4","icl","pos","D-lysine","[M + Na]+","consensus",20082.8135848351,0.914000272740001,10397.59375,21.99299991132,1616.39262885372,19,6.42083709411621,5,"consensus","detected",4,NA,NA,0.793110269076256,NA,NA,8246.4383768081,NA,NA,15927.8856860769,NA,NA
"1.4","icl","pos","L-homoarginine","[M + H]+","consensus",3663059.33240501,18.5200023651,4242.1875,36.84399962424,219.07523417154,32.6470642089844,19.2150447845459,5,"consensus","detected",4,45.1609057527146,2,0.793110269076256,0.612466141591204,1.06364513512353,3364.52246959693,2598.19621003144,4512.18209665685,2905209.97276603,2243499.81573775,3896195.23858143
"1.4","icl","pos","L-homoarginine","[M + Na]+","consensus",194.12749122025,NA,127,46.45299911502,22.6110187091858,18.8915023803711,4.78123073577881,2,"consensus","detected",4,54.4702719523405,2,0.793110269076256,0.612466141591204,1.03847305219899,100.725004172684,77.7831999820829,131.886077629272,153.964506796791,118.896515524447,201.596168323226
"1.4","icl","pos","N(2)-phenylacetyl-L-glutamine","[M + H]+","consensus",268.587512911625,NA,299.155517578125,187.218003273,15.6657696240784,28.1845550537109,17.2970092773437,2,"consensus","detected",4,202.815036948526,4,0.793110269076256,0.727656801169693,0.755408187809137,237.263313042033,217.682546973162,225.984527406796,213.019514635861,195.439530479397,202.893206396734
"1.4","icl","pos","N(2)-phenylacetyl-L-glutamine","[M + K]+","consensus",1617471.05487534,9.37800407406002,6969.1953125,167.05800533292,252.507757143552,62.169677734375,27.3537166259766,5,"consensus","detected",4,172.914833039936,3,0.793110269076256,0.86654523745116,0.787962636584894,5527.34036954186,6039.12300691382,5491.46551331258,1282832.90355524,1401611.83931733,1274506.75699932
"1.4","icl","pos","N(2)-phenylacetyl-L-glutamine","[M + Na]+","consensus",4913038.86381375,9.60700035089999,15878.703125,167.05800533292,652.735246257353,45,24.2574661254883,5,"consensus","detected",4,172.914833039936,3,0.793110269076256,0.86654523745116,0.787962636584894,12593.5625080507,13759.6145698696,12511.8247799238,3896581.57526143,4257370.42885026,3871291.05677473
"1.4","icl","pos","N-acetyl-L-serine","[M + H]+","consensus",3244.24090967375,1.82699918748,685.78125,27.01900005342,94.7023091596965,20,7.03025360107422,2,"consensus","detected",4,31.2845555324785,1,0.793110269076256,1.63419781147344,1.10179184268217,543.900151714951,1120.70221789952,755.588187114381,2573.04078081955,5301.73139448146,3574.47816997432
"1.4","icl","pos","N-acetyl-L-serine","[M + K]+","consensus",68579.4005914751,1.82699918748,16128.515625,24.2780005932,581.27904104565,70.3273315429688,27.6256103515625,5,"consensus","detected",4,26.9569874496313,1,0.793110269076256,1.63419781147344,NA,12791.6913671443,26357.1849366902,NA,54391.0268561932,112072.306358749,NA
"1.4","icl","pos","N-benzoylglycine","[M + H]+","consensus",695.038034772371,3.42600345611999,146,169.1139936447,10.1600092254946,24.7054214477539,11.938431930542,4,"consensus","detected",4,176.052079348272,3,0.793110269076256,0.86654523745116,0.78355740796503,115.794099285133,126.515604667869,114.399381562894,551.241802776547,602.281898879412,544.602200963348
"1.4","icl","pos","N-benzoylglycine","[M + Na]+","consensus",33936.6656965725,18.97200107574,96.9158935546875,168.42800617218,11.7283459115854,20.4272689819336,6.5216890045166,2,"consensus","detected",4,175.003732289655,3,0.793110269076256,0.86654523745116,0.785012097442044,76.864990414924,83.982005993138,76.0801488748351,26915.5180621596,29407.6560343371,26640.6931186558
"1.4","icl","pos","O-phospho-L-serine","[M + H]+","consensus",71240.9520911326,41.87999904156,704.048828125,51.70699954032,34.1475171306971,36.5,19.5489711761475,4,"consensus","detected",4,60.6312988828479,2,0.793110269076256,0.612466141591204,1.02244287444339,558.388355517041,431.206069253528,719.849707576624,56501.9306822468,43632.6710505398,72839.8038341413
"1.4","icl","pos","O-phosphoethanolamine","[M + Na]+","consensus",13434.312093271,0.914000272799999,6822.265625,22.6789999008,764.565136134718,21,8.8956,5,"consensus","detected",4,NA,NA,0.793110269076256,NA,NA,5410.80892555344,NA,NA,10654.8908791486,NA,NA
"1.4","icl","pos","citric acid","[M + H]+","consensus",NA,NA,NA,67.75699853898,3.63692080462348,28.5,17.1848669128418,2,"consensus","below_detection",4,82.2265368837381,2,0.793110269076256,0.612466141591204,0.969635619200767,NA,NA,NA,NA,NA,NA
"1.4","icl","pos","creatine","[M + H]+","consensus",831795.414595573,8.91099929814,16537.625,29.30500030518,1504.0532036239,21.4066772460938,10.9811396850586,5,"consensus","detected",4,35.9034227536036,2,0.793110269076256,0.612466141591204,1.08914533469453,13116.1602136322,10128.7353748322,18011.8771156777,659705.485086291,509446.528170607,905946.095227072
"1.4","icl","pos","creatine","[M + Na]+","consensus",7788.93802715811,29.26800012588,283.40234375,29.53400015832,24.2547066165139,25,10.653699005127,5,"consensus","detected",4,36.304464987901,2,0.793110269076256,0.612466141591204,1.08804172676576,224.769309108404,173.574339994467,308.353575463212,6177.48673453765,4770.46082058653,8474.68958074057
"1.4","icl","pos","glutathione disulfide","[M + H]+","consensus",818840.470394451,18.9770025015,1976.181640625,40.74200034144,106.702432505283,28.3867874145508,18.2544559432983,4,"consensus","detected",4,48.6277988604179,2,0.793110269076256,0.612466141591204,1.05417397856868,1567.32995273965,1210.34434451697,2083.23926247204,649430.785805071,501512.063481216,863200.31648877
"1.4","icl","pos","glycine","[M + H]+","consensus",NA,NA,NA,NA,NA,NA,NA,0,"consensus","no_data",4,NA,NA,0.793110269076256,NA,NA,NA,NA,NA,NA,NA,NA
"1.4","icl","pos","uridine","[M + H]+","consensus",2137.56642152855,16.23400211334,251.088745117188,89.0249991417,8.51027173012242,47.6440124511719,23.9057857513428,4,"consensus","detected",4,110.365237417059,3,0.793110269076256,0.86654523745116,0.898417159928898,199.141062201912,217.579756258888,225.582437278295,1695.32587974688,1852.29800231108,1920.42635358906
"1.4","icl","pos","uridine","[M + Na]+","consensus",NA,NA,NA,97.48000144956,8.15960447222724,24.4664535522461,8.20403596343994,1,"consensus","below_detection",4,119.045544030788,3,0.793110269076256,0.86654523745116,0.878229153500412,NA,NA,NA,NA,NA,NA
"1.5","icl","pos","(2R)-2-amino-3-methoxypropanoic acid","[M + H]+","consensus",11469.6542508966,21.27700120212,107,30.91200113298,7.94664395994282,25.5,10.2559017883301,5,"consensus","detected",5,38.5098958855399,2,0.84951792639883,0.508615961826706,0.858365778239823,90.8984181246748,54.4219079154576,91.845138271661,9743.6768957332,5833.64922863955,9845.15869721255
"1.5","icl","pos","3-amino-L-alanine","[M + H]+","consensus",5882.03140093904,3.88300001622,1985.4189453125,22.46100068094,442.110469290998,19,4.4478,3,"consensus","detected",5,NA,NA,0.84951792639883,NA,NA,1686.64898545483,NA,NA,4996.89111873854,NA,NA
"1.5","icl","pos","3-amino-L-alanine","[M + Na]+","consensus",729.270748884001,NA,339.35693359375,22.2320008278,32.3088268627619,28,9.6369,3,"consensus","detected",5,NA,NA,0.84951792639883,NA,NA,288.289798535628,NA,NA,619.528574375258,NA,NA
"1.5","icl","pos","D-arginine","[M + H]+","consensus",2586032.36261119,12.34600067136,15019.078125,30.91200113298,360.386648588748,76.3312072753906,41.4630979705811,5,"consensus","detected",5,38.5098958855399,2,0.84951792639883,0.508615961826706,0.858365778239823,12758.976105172,7638.94286629732,12891.8626832103,2196880.85028572,1315297.33742448,2219761.68148612
"1.5","icl","pos","D-arginine","[M + Na]+","consensus",59491.1966245533,32.24500134588,139,32.51099824908,16.2389539614973,21.865234375,7.213196484375,3,"consensus","detected",5,40.6795361118182,2,0.84951792639883,0.508615961826706,0.855949440843339,118.082991769437,70.6976186939122,118.976972277224,50538.8379954756,30258.1721914189,50921.4564858875
"1.5","icl","pos","L-alanine","[M + H]+","consensus",2899.75455219391,5.48200070856,349.740234375,26.34400069716,20.7547659135001,27,15.5501746307373,5,"consensus","detected",5,29.8023221876063,1,0.84951792639883,1.31220521856444,NA,297.110598684491,458.930960688826,NA,2463.39347424534,3805.07305594485,NA
"1.5","icl","pos","L-cystine","[M + H]+","consensus",50607.0171866998,4.11199986936,12991.9140625,22.91699945928,1117.95265592378,23.6632537841797,11.6,5,"consensus","detected",5,NA,NA,0.84951792639883,NA,NA,11036.8638943268,NA,NA,42991.5683016751,NA,NA
"1.5","icl","pos","L-glutamic acid","[M + H]+","consensus",20148.7490109151,3.65500152114,4763.578125,23.37399959562,389.463712920497,19,12.182336807251,5,"consensus","detected",5,NA,NA,0.84951792639883,NA,NA,4046.74501098883,NA,NA,17116.7234792831,NA,NA
"1.5","icl","pos","L-glutamine","[M + H]+","consensus",28122.9332509904,0.685000419599998,18757.171875,22.91699945928,2066.32374377433,24.8280639648438,9.06554157714844,5,"consensus","detected",5,NA,NA,0.84951792639883,NA,NA,15934.5537563564,NA,NA,23890.9359396341,NA,NA
"1.5","icl","pos","L-glutamine","[M + Na]+","consensus",28122.9332509904,0.685000419599998,18757.171875,22.91699945928,2066.32374377433,24.8280639648438,9.06554157714844,5,"consensus","detected",5,NA,NA,0.84951792639883,NA,NA,15934.5537563564,NA,NA,23890.9359396341,NA,NA
"1.5","icl","pos","L-serine","[M + H]+","consensus",NA,NA,NA,46.44499897956,0.959089656879079,24.8900909423828,10.5411511688232,5,"consensus","below_detection",5,54.4614159577816,2,0.84951792639883,0.508615961826706,0.840591658522845,NA,NA,NA,NA,NA,NA
"1.5","icl","pos","N,N,N-trimethylglycinium","[M + H]+","consensus",1066.06725038857,6.40997886653997,327.1708984375,400.68700790406,12.8844736583165,53.0405883789062,21.2760192871094,2,"consensus","detected",5,419.166855682611,8,0.84951792639883,0.872853621967928,0.91651749082472,277.937543218667,285.572303703673,299.857850906807,905.6432399518,930.520660763054,977.06928137654
"1.5","icl","pos","N-acetyl-L-alanine","[M + H]+","consensus",NA,NA,NA,35.70899963376,88.0613884076116,24,5.9304,1,"consensus","below_detection",5,44.1191170271162,2,0.84951792639883,0.508615961826706,0.852092112499862,NA,NA,NA,NA,NA,NA
"1.5","icl","pos","N-acetyl-L-alanine","[M + Na]+","consensus",6152.12946551543,11.8779999018,915.53369140625,35.93700170514,142.671612371962,21.3295974731445,6.26756843261719,5,"consensus","detected",5,44.3332605564766,2,0.84951792639883,0.508615961826706,0.851851478424548,777.762283071704,465.655049039345,779.898728571898,5226.34426648181,3129.07124538555,5240.70058065854
"1.5","icl","pos","N-acetyl-L-tyrosine","[M + H]+","consensus",135272.355229264,8.68100166324001,8274.0390625,129.78900432588,177.08339753157,48.5909729003906,46.4495723724365,5,"consensus","detected",5,130.762826268264,3,0.84951792639883,0.699851994063722,0.760192031060891,7028.94450731792,5790.60273685175,6289.85855999903,114916.29071345,94670.6275488965,102832.966468125
"1.5","icl","pos","alpha-D-glucose 1-phosphate","[M + Na]+","consensus",47413.3030825407,0.912998914679999,19541.96875,22.91699945928,2012.66101426893,24,9.69759368896484,5,"consensus","detected",5,NA,NA,0.84951792639883,NA,NA,16601.2527702507,NA,NA,40278.4509183992,NA,NA
"1.5","icl","pos","cysteic acid","[M + H]+","consensus",92003.6089369021,10.963999629,11315.2109375,27.94299960138,1360.8687876506,20,8.3,5,"consensus","detected",5,33.2906658536153,2,0.84951792639883,0.508615961826706,0.864069541190473,9612.47453239036,5755.09689424863,9777.12912323905,78158.7150852859,46794.5040509706,79497.5161619767
"1.5","icl","pos","cysteic acid","[M + K]+","consensus",18421.3547627975,1.37099862096,3084.85546875,23.37399959562,313.911122308936,24.0447998046875,9.75056457519531,5,"consensus","detected",5,NA,NA,0.84951792639883,NA,NA,2620.64002105259,NA,NA,15649.2710995489,NA,NA
"1.5","icl","pos","cytidine","[M + H]+","consensus",592307.754954404,7.9950016737,1344.6767578125,31.14100098612,124.62823946493,25.517204284668,10.5847563858032,3,"consensus","detected",5,38.8443978786796,2,0.84951792639883,0.508615961826706,0.857994518436651,1142.32701097358,683.924062520822,1153.72528727229,503176.055778811,301257.178483551,508196.806978398
"1.6","icl","pos","(6S)-5-formyltetrahydrofolic acid","[M + H]+","consensus",836.91969655277,NA,103,164.10199642182,15.1282741598887,20.1726989746094,5.475,2,"consensus","detected",6,168.443213523679,3,0.798632914602424,0.798295982704689,0.732335790228165,82.2591902040497,82.2244862185829,75.430586393501,668.391616546115,668.109631604503,612.906247332489
"1.6","icl","pos","(6S)-5-formyltetrahydrofolic acid","[M + K]+","consensus",836.91969655277,NA,103,164.10199642182,15.1282741598887,20.1726989746094,5.475,2,"consensus","detected",6,168.443213523679,3,0.798632914602424,0.798295982704689,0.732335790228165,82.2591902040497,82.2244862185829,75.430586393501,668.391616546115,668.109631604503,612.906247332489
"1.6","icl","pos","(6S)-5-formyltetrahydrofolic acid","[M + Na]+","consensus",836.91969655277,NA,103,164.10199642182,15.1282741598887,20.1726989746094,5.475,2,"consensus","detected",6,168.443213523679,3,0.798632914602424,0.798295982704689,0.732335790228165,82.2591902040497,82.2244862185829,75.430586393501,668.391616546115,668.109631604503,612.906247332489
"1.6","icl","pos","3-chloro-L-tyrosine","[M + H]+","consensus",1192208.83647008,28.80900084972,81934.125,54.22999978068,13652.3541666667,20,6,5,"consensus","detected",6,63.8034052523836,2,0.798632914602424,0.61815298132595,0.968623345459492,65435.2890541494,50647.8236410831,79363.3062647962,952137.217884865,736967.446627122,1154801.31166802
"1.6","icl","pos","D-serine","[M + H]+","consensus",2558.61343392783,21.71800017354,106.951171875,28.61900031564,10.7517116055167,19.3247222900391,8.15,5,"consensus","detected",6,34.6377352628081,2,0.798632914602424,0.61815298132595,1.05524323095861,85.4147261146761,66.1121857508353,112.859500164185,2043.3929040787,1581.61452224311,2699.95950679212
"1.6","icl","pos","L-arabinitol","[M + H]+","consensus",1685.9146616137,0.685000419600001,384.442138671875,26.79099977016,31.7651403963933,31.2296600341797,11.1195,3,"consensus","detected",6,30.7753841144575,1,0.798632914602424,1.52954403270932,1.06697075647649,307.028145703509,588.021179127574,410.188519520171,1346.42693997551,2578.68071032838,1798.82164185678
"1.6","icl","pos","L-arabinitol","[M + Na]+","consensus",34363.443766635,1.37100040914,17122.90625,23.59300017354,3012.27524565954,21.9127349853516,5.67710189819335,5,"consensus","detected",6,NA,NA,0.798632914602424,NA,NA,13674.9165249016,NA,NA,27443.7772511242,NA,NA
"1.6","icl","pos","L-histidine","[M + H]+","consensus",1729293.36418475,17.60099887848,3544.95703125,35.47099828722,109.7606020566,43.8826141357422,31.8973689239502,5,"consensus","detected",6,43.8924008139282,2,0.798632914602424,0.61815298132595,1.02690597634153,2831.11936600755,2191.32575753958,3640.33756126455,1381070.5996415,1068967.84865798,1775821.69052907
"1.6","icl","pos","L-histidine","[M + Na]+","consensus",195386.18572476,26.05600029234,178.086303710938,36.8530011177,25.4844258230947,19,6.24249119110107,4,"consensus","detected",6,45.1689610929793,2,0.798632914602424,0.61815298132595,1.02301160694661,142.225583783439,110.084579572235,182.184355734508,156041.838978416,120778.553215666,199882.335833455
"1.6","icl","pos","L-methionine S-oxide","[M + H]+","consensus",100250.952454593,14.16300058362,439.631103515625,31.58800005912,52.8154858785962,23.7091522216797,7.875,5,"consensus","detected",6,39.4733848424985,2,0.798632914602424,0.61815298132595,1.04043879205396,351.103869550564,271.759277321801,457.409254291147,80063.7103504807,61970.4251405727,104304.979874116
"1.6","icl","pos","L-threonine","[M + H]+","consensus",14232.6350213168,1.37100040914,5695.47265625,23.1360000372,1057.16397084023,20.9989471435547,5.36763819580078,5,"consensus","detected",6,NA,NA,0.798632914602424,NA,NA,4548.59192749935,NA,NA,11366.6507895468,NA,NA
"1.6","icl","pos","N(alpha)-acetyl-L-arginine","[M + H]+","consensus",20005762.7355207,6.39600098136,411842,28.61900031564,8318.52395629489,102.465637207031,49.4967059692383,5,"consensus","detected",6,34.6377352628081,2,0.798632914602424,0.61815298132595,1.05524323095861,328910.576815692,254581.360135242,434593.482724457,15977260.6023135,12366621.8786617,21110945.7068223
"2.1","icl","pos","2'-deoxyguanosine","[M + H]+","consensus",622.169426166511,2.96899795536,193.028564453125,57.6479995251,14.4328936023106,23,11.7806289672852,3,"consensus","detected",7,68.2752343945971,2,0.834833964751255,0.786394537672053,1.01742602038211,161.146801772646,151.796608700615,196.392284151615,519.408168793602,489.2706382439,633.011363268016
"2.1","icl","pos","2'-deoxyguanosine","[M + Na]+","consensus",622.169426166511,2.96899795536,193.028564453125,57.6479995251,14.4328936023106,23,11.7806289672852,3,"consensus","detected",7,68.2752343945971,2,0.834833964751255,0.786394537672053,1.01742602038211,161.146801772646,151.796608700615,196.392284151615,519.408168793602,489.2706382439,633.011363268016
"2.1","icl","pos","3-hydroxybenzyl alcohol","[M + H]+","consensus",610.377146318158,NA,222.987182617188,111.18900060654,9.55791297325721,36.6078796386719,19.5,2,"consensus","detected",7,127.388141287772,3,0.834833964751255,0.720926982611782,0.844123939585355,186.157273753019,160.757476725312,188.22881906786,509.563573054345,440.03735435034,515.23396138295
"2.1","icl","pos","3-hydroxybenzyl alcohol","[M + Na]+","consensus",NA,NA,NA,130.44899940492,1.92945002979861,41.7914581298828,37.0260566711426,4,"consensus","below_detection",7,131.0648983393,3,0.834833964751255,0.720926982611782,0.835300662562762,NA,NA,NA,NA,NA,NA
"2.1","icl","pos","5-aminoimidazole-4-carboxamide","[M + H]+","consensus",24059.9355867419,1.37100040914,5839.22265625,24.04299974442,144.337810418801,55.6663360595703,40.0695860870361,5,"consensus","detected",7,NA,NA,0.834833964751255,NA,NA,4874.78140118254,NA,NA,20086.0514175396,NA,NA
"2.1","icl","pos","5-methyl-2'-deoxycytidine","[M + H]+","consensus",585203.761618518,8.90899837014,16414.53125,32.03799963,1098.02563014757,29.0370330810547,14.922688293457,5,"consensus","detected",7,40.0763086685138,2,0.834833964751255,0.786394537672053,1.11542411959245,13703.4082029709,12908.2977134472,18309.164068054,488547.976499336,460201.041561941,652750.390585526
"2.1","icl","pos","9H-xanthine","[M + H]+","consensus",NA,NA,NA,71.42699718474,2.43181964148026,56.7148132324219,66.7726570129394,2,"consensus","below_detection",7,87.3817231053861,2,0.834833964751255,0.786394537672053,0.958463812243581,NA,NA,NA,NA,NA,NA
"2.1","icl","pos","L-leucine","[M + H]+","consensus",590.777949564862,2.96999931336,161,58.79099965098,7.13836053779397,34,17.7912,3,"consensus","detected",7,69.8078703831076,2,0.834833964751255,0.786394537672053,1.01273099190903,134.408268324952,126.609520565201,163.049689697353,493.201497922851,464.584552514903,598.299138860803
"2.1","icl","pos","L-phenylalanine","[M + H]+","consensus",3472817.48053461,42.33899831772,237168,92.67800331114,44.6324231847032,258.299560546875,5308.01788330078,5,"consensus","detected",7,114.38001234505,3,0.834833964751255,0.720926982611782,0.878148626870665,197995.901752126,170980.810612071,208268.753537662,2899225.98613217,2503647.82740327,3049649.90190391
"2.1","icl","pos","L-phenylalanine","[M + Na]+","consensus",3668139.54133449,42.33899831772,237168,92.67800331114,44.6455966703545,244.477661132812,5306.7612487793,5,"consensus","detected",7,114.38001234505,3,0.834833964751255,0.720926982611782,0.878148626870665,197995.901752126,170980.810612071,208268.753537662,3062287.47655312,2644460.77133324,3221171.70139287
"2.1","icl","pos","dopamine","[M + H]+","consensus",21053.5813207948,13.47700059414,1206.9267578125,32.95199990274,139.878334962883,22,8.47112426757812,4,"consensus","detected",7,41.2158502827051,2,0.834833964751255,0.786394537672053,1.11122636751459,1007.58345038899,949.120609713991,1341.16883694015,17576.2447662521,16556.4213491074,23395.2946942799
"2.1","icl","pos","ethylmalonic acid","[M + H]+","consensus",NA,NA,NA,124.9630022049,4.72143531633617,25,7.413,4,"consensus","below_detection",7,129.259540936222,3,0.834833964751255,0.720926982611782,0.839585370103919,NA,NA,NA,NA,NA,NA
"2.1","icl","pos","ethylmalonic acid","[M + Na]+","consensus",378.036558977737,4.17200088498001,130,122.90499687192,12.0284185439993,23,8.8956,3,"consensus","detected",7,128.932294099017,3,0.834833964751255,0.720926982611782,0.840371967016488,108.528415417663,93.7205077395317,109.248355712143,315.597759352306,272.536755780761,317.691326672265
"2.1","icl","pos","methylmalonic acid","[M + Na]+","consensus",NA,NA,NA,99.53199863436,2.55265148520926,33.5697860717773,25.6322550521851,4,"consensus","below_detection",7,120.79696382153,3,0.834833964751255,0.720926982611782,0.860851996104926,NA,NA,NA,NA,NA,NA
"2.1","icl","pos","pyridoxamine","[M + H]+","consensus",363302.804637362,1.37000083926,185543.625,21.53100013734,4903.74013783308,100,37.8167724609375,5,"consensus","detected",7,NA,NA,0.834833964751255,NA,NA,154898.12009307,NA,NA,303297.52080066,NA,NA
"2.1","icl","pos","pyridoxamine","[M + Na]+","consensus",15056.9348754903,0.684998631479999,11252.109375,22.4440008402,909.66736170151,23.5104522705078,12.3436317443848,5,"consensus","detected",7,NA,NA,0.834833964751255,NA,NA,9393.64308134602,NA,NA,12570.040639107,NA,NA
"2.1","icl","pos","tricaproin","[M + H]+","consensus",309946.707302058,19.88903045658,1830.8134765625,574.33702468872,20.7810341781497,129.37548828125,81.8745580078125,4,"consensus","detected",7,NA,NA,0.834833964751255,NA,NA,1528.4252733587,NA,NA,258754.038518574,NA,NA
"2.10","icl","pos","(5-hydroxyindol-3-yl)acetic acid","[M + H]+","consensus",962177.208579924,18.52699756626,1168.5029296875,158.81299495698,128.583467672977,24.6758346557617,8.8956,3,"consensus","detected",8,160.654161393969,3,0.910534150777707,0.883313685505409,0.834526080190055,1063.96182276427,1032.15462934613,975.146169602705,876095.207511985,849904.296220039,802961.974324413
"2.10","icl","pos","(5-hydroxyindol-3-yl)acetic acid","[M + K]+","consensus",1102.18613199271,6.85199260709999,249.781616210938,167.49499797822,22.5600759364871,20,10.1853210449219,3,"consensus","detected",8,173.58030035651,3,0.910534150777707,0.883313685505409,0.825941017728869,227.434691796509,220.635519986781,206.304882303224,1003.57811369295,973.576094363432,910.340735584705
"2.10","icl","pos","(S)-2-hydroxy-4-methylpentanoic acid","[M + H]+","consensus",241.603686837535,1.3700008392,284.0703125,219.92400169374,11.2398892391374,38.1625061035156,21.8781343093872,3,"consensus","detected",8,237.860943358621,5,0.910534150777707,0.752137543711892,0.804141761488091,258.655720753345,213.65994708522,228.432801480222,219.988407819378,181.719203569721,194.283614315552
"2.10","icl","pos","2-hydroxy-2-methylbutyric acid","[M + Na]+","consensus",522.806332081548,4.79799270629999,112.94140625,234.10200119016,7.03631158919543,27,12.2139852905273,2,"consensus","detected",8,250.971940729182,5,0.910534150777707,0.752137543711892,0.806761570739809,102.837007427484,84.9474718802419,91.1167863078129,476.03301960308,393.222270448839,421.780057662828
"2.10","icl","pos","3-methoxytyramine","[M + H]+","consensus",38113.7754898251,18.2799983025,2977.6171875,44.1519999504,290.73514080331,20,10.172891998291,5,"consensus","detected",8,51.9971030662446,2,0.910534150777707,0.652653508407457,0.952993724487348,2711.22213716142,1943.35230411622,2837.65049361317,34703.8941985601,24875.0892920885,36322.188858323
"2.10","icl","pos","4-hydroxy-L-proline","[M + H]+","consensus",810859.415397154,10.7359993458,8389.2265625,30.89699864388,839.690817906658,23.2776260375977,9.96313018798828,5,"consensus","detected",8,38.4876820110288,2,0.910534150777707,0.652653508407457,0.969320870754207,7638.67728376772,5475.25814884066,8131.85239651682,738315.189198755,529210.242284172,785982.954592016
"2.10","icl","pos","4-hydroxy-L-proline","[M + Na]+","consensus",17545.8258666632,8.22399795054,352.228759765625,30.66799879074,46.1751847028511,21,7.17330665588379,5,"consensus","detected",8,38.1439341535664,2,0.910534150777707,0.652653508407457,0.969738386604844,320.716314652678,229.883335823043,341.569749210943,15976.0736551957,11451.3448097841,17014.8608675875
"2.10","icl","pos","7,9-dihydro-1H-purine-2,6,8(3H)-trione","[M + H]+","consensus",46264.722790195,0.228999853139999,34605.46875,26.55700027944,559.304110903603,82.46240234375,61.7249286651611,3,"consensus","detected",8,30.2597105663583,1,0.910534150777707,1.27926415874776,0.979280031057833,31509.4611005457,44269.5358685406,33888.4445122709,42125.6100767362,59184.8016798971,45306.1191708642
"2.10","icl","pos","L-pipecolic acid","[M + H]+","consensus",216006.945245223,3.65499794484,33269.8125,28.61299932006,2479.52176800247,29.2670822143555,13.4060308914185,4,"consensus","detected",8,34.6262234468198,2,0.910534150777707,0.652653508407457,0.97400646100897,30293.300471221,21713.6598521833,32405.012331557,196681.700450946,140977.690654672,210392.160291658
"2.10","icl","pos","N-isovalerylglycine","[M + H]+","consensus",730.299985822616,8.45699787138001,127.005493164062,131.6000032425,5.66770706202169,32.2736511230469,16.7143151550293,5,"consensus","detected",8,131.646001432056,3,0.910534150777707,0.883313685505409,0.857138787626942,115.642838862243,112.18569024618,108.861334432606,664.963077403967,645.083972001523,625.96844445197
"2.10","icl","pos","N-isovalerylglycine","[M + Na]+","consensus",NA,NA,NA,154.23099517824,0.907429105191616,82.234130859375,110.872583007812,3,"consensus","below_detection",8,154.251211984362,3,0.910534150777707,0.883313685505409,0.838980504803612,NA,NA,NA,NA,NA,NA
"2.10","icl","pos","alpha-D-mannose","[M + Na]+","consensus",2574.95456158478,21.77599668498,212.41357421875,75.06400108338,14.7674416702267,26.3127975463867,12.6021,3,"consensus","detected",8,92.4432458446495,2,0.910534150777707,0.652653508407457,0.90470778489578,193.409813414927,138.632464447235,192.172214213241,2344.58406502378,1680.55312860809,2329.58143761865
"2.10","icl","pos","glycinamide","[M + H]+","consensus",5022.74507922474,10.0520002842,96.9241943359375,31.3540005684,5.55895400090416,20.0716552734375,13.825,2,"consensus","detected",8,39.1479840309969,2,0.910534150777707,0.652653508407457,0.968518781976694,88.2527889794863,63.2579154829158,93.8729026423146,4573.3809252848,3278.11219779232,4864.62294631018
"2.10","icl","pos","glycinamide","[M + Na]+","consensus",19895.0876327851,29.92999970916,314.60205078125,29.29799973966,49.8452129335711,19,5.9304,4,"consensus","detected",8,35.8909977590394,2,0.910534150777707,0.652653508407457,0.972473182483876,286.45591114103,205.326132194564,305.942057539196,18115.156722366,12984.598743611,19347.4391860501
"2.10","icl","pos","quinolinic acid","[M + H]+","consensus",12840.8637731035,34.72800135612,531.10205078125,50.54700136182,12.1215375862309,46.295166015625,39.9954940795898,4,"consensus","detected",8,59.2157776062953,2,0.910534150777707,0.652653508407457,0.944469762320263,483.586554784404,346.625616764778,501.609827669172,11692.044990895,8380.63479249822,12127.8075557699
"2.10","icl","pos","trans-urocanic acid","[M + H]+","consensus",5072070.06310773,13.71299922462,17707.09375,35.23699879644,411.484603141048,68.522216796875,42.8656902313232,5,"consensus","detected",8,43.6660386142464,2,0.910534150777707,0.652653508407457,0.963033255685095,16122.9135703975,11556.5968596373,17052.5201427837,4618293.00759683,3310304.32157569,4884572.14593754
"2.10","icl","pos","uracil","[M + H]+","consensus",2702.78271431267,11.655998826,537,26.55700027944,195.933077128493,22,2.62844848632812,2,"consensus","detected",8,30.2597105663583,1,0.910534150777707,1.27926415874776,0.979280031057833,488.956838967629,686.964853247547,525.873376678056,2460.97596351335,3457.57305530318,2646.78114041469
"2.2","icl","pos","2-oxobutanoic acid","[M + H]+","consensus",2462.55561747136,32.22199916838,175,95.64899682996,52.1757577390741,21,2.95156230926514,3,"consensus","detected",9,117.355953373701,3,0.960220820587663,0.705524788986088,0.862739374482241,168.038643602841,123.466838072565,150.979390534392,2364.59717575111,1737.39403238299,2124.54369304497
"2.2","icl","pos","2-oxobutanoic acid","[M + K]+","consensus",316.424826862071,0.68600177766001,359.38671875,109.81500148776,7.84811264556965,70.8954162597656,36.7593223388672,2,"consensus","detected",9,126.943840940519,3,0.960220820587663,0.705524788986088,0.857056396044416,345.090609986433,253.556238910496,308.014685958103,303.837706903807,223.245559201822,271.193921729385
"2.2","icl","pos","3,3',5-triiodo-L-thyronine","[M + H]+","consensus",10090796.543095,46.44301414488,1537.755859375,308.18799018858,28.716135962194,77,50.868816796875,5,"consensus","detected",9,326.178591312808,6,0.960220820587663,0.936931654421532,0.94975381809192,1476.58519315255,1440.77214142062,1460.48949873463,9689392.93699383,9454386.69955307,9583772.54439322
"2.2","icl","pos","3-iodo-L-tyrosine","[M + H]+","consensus",2647902.84701898,51.93599939346,527.59130859375,116.90299987794,5.22750958137159,105.544494628906,80.7357322631836,4,"consensus","detected",9,128.380246721668,3,0.960220820587663,0.705524788986088,0.856362306566646,506.60415927281,372.228746666499,451.809309951859,2542571.44460097,1868161.09739873,2267564.18963756
"2.2","icl","pos","5-methoxysalicylic acid","[M + H]+","consensus",8234.88611467731,1.37100219726003,3147.7421875,238.60699653624,193.434238787952,30.6532135009766,16.1144634658813,5,"consensus","detected",9,255.360667185587,5,0.960220820587663,0.860962570799463,0.891887518577941,3022.52758627966,2710.08820596393,2807.43196873248,7907.3091024814,7089.92871953338,7344.59214259149
"2.2","icl","pos","5-oxo-L-proline","[M + H]+","consensus",44993.1500674066,6.1680006981,7751.3046875,32.2699999809,528.948633085896,30.8447723388672,14.5958594696045,5,"consensus","detected",9,40.3759491788721,2,0.960220820587663,0.654270114322537,0.921068236126623,7442.96414765625,5071.44700403944,7139.48053619565,43203.359478549,29437.6734383332,41441.7613703666
"2.2","icl","pos","L-methionine","[M + H]+","consensus",109153.756920248,7.08199918272,5520.50390625,31.12800121308,244.569973780767,36.0877380371094,22.424732208252,5,"consensus","detected",9,38.8256363910318,2,0.960220820587663,0.654270114322537,0.922335908627168,5300.90279091677,3611.9007218602,5091.75898645092,104811.710040187,71416.0410189451,100676.429569106
"2.2","icl","pos","N,N-dimethyl-beta-alanine","[M + H]+","consensus",1547.80330786363,1.37100219726,328.1357421875,207.98000335692,10.7448142223148,42.9344482421875,26.5431572891235,3,"consensus","detected",9,226.630084675844,4,0.960220820587663,0.983509986753794,0.863547884101209,315.082771627423,322.724779452275,283.360925863995,1486.23296238511,1522.28001081444,1336.60227151049
"2.2","icl","pos","N,N-dimethyl-beta-alanine","[M + Na]+","consensus",4602.50327432359,7.38099575039999,732.4970703125,181.9339942932,10.550010609209,84,61.4688548034668,4,"consensus","detected",9,195.38139599037,4,0.960220820587663,0.983509986753794,0.832351685734413,703.358937933528,720.41818392024,609.695171270128,4419.4194708284,4526.60793436429,3830.9013589814
"2.2","icl","pos","N-acetyl-L-phenylalanine","[M + H]+","consensus",NA,NA,NA,259.6800041199,4.03223857636993,52.1753540039062,56.8385173797607,4,"consensus","below_detection",9,276.957122307682,5,0.960220820587663,0.860962570799463,0.908777947810023,NA,NA,NA,NA,NA,NA
"2.2","icl","pos","N-acetyl-L-phenylalanine","[M + Na]+","consensus",1761.22506193669,1.14200592036002,919.57177734375,241.40599250796,37.9381509510326,32.195671081543,23.3900726318359,3,"consensus","detected",9,258.145273188968,5,0.960220820587663,0.860962570799463,0.894019216064148,882.991966630271,791.716881456506,822.114839495575,1691.16497421241,1516.34885708146,1574.56904918517
"2.2","icl","pos","N-acetyl-L-proline","[M + H]+","consensus",NA,NA,NA,75.76199769972,0.741711346791654,110.207305908203,2033.9545211792,5,"consensus","below_detection",9,93.4042833447058,2,0.960220820587663,0.654270114322537,0.881575845852499,NA,NA,NA,NA,NA,NA
"2.2","icl","pos","alloxanthine","[M + H]+","consensus",24988.904967289,2.52699851994,5487.6875,34.79799985884,682.68540763855,26.2042388916016,8,5,"consensus","detected",9,43.2311074057396,2,0.960220820587663,0.654270114322537,0.918696621414659,5269.39179437866,3590.42992799136,5041.51996562946,23994.8668332774,16349.4937097432,22957.2225663004
"2.2","icl","pos","biotin","[M + H]+","consensus",4938802.29313543,1.88499927522,1502482,180.84799289706,40732.2805421759,52.8344116210938,36.88546640625,4,"consensus","detected",9,193.797490740584,4,0.960220820587663,0.983509986753794,0.832022856704671,1442714.49895819,1477706.05191781,1250099.36578735,4742340.79063473,4857361.37790123,4109196.39263412
"2.2","icl","pos","biotin","[M + Na]+","consensus",1117.86271206531,5.71600914006001,253.24658203125,191.30500316622,13.5053934875919,27,16.7523132324219,3,"consensus","detected",9,208.169869202555,4,0.960220820587663,0.983509986753794,0.841621169158724,243.172640809068,249.070542538998,213.137684454591,1073.3950506837,1099.42914113591,940.816922687348
"2.2","icl","pos","corticosterone","[M + H]+","consensus",11287417.6365506,11.19300842286,6629.95703125,310.9289932251,144.588939944546,95.246337890625,45.1950937316895,5,"consensus","detected",9,328.944661835799,6,0.960220820587663,0.936931654421532,0.951802277934463,6366.22278100782,6211.81661003273,6310.40820495136,10838413.4252843,10575538.8803601,10743389.8184665
"2.2","icl","pos","kynurenic acid","[M + H]+","consensus",13796769.1456484,46.46100282672,40593.21875,148.73600006106,228.563347725322,313.240600585938,176.23113482666,5,"consensus","detected",9,147.178467701978,3,0.960220820587663,0.705524788986088,0.851903154058716,38978.4538184195,28639.5220928599,34581.4910865204,13247944.9904931,9733962.64017336,11753511.1509978
"2.2","icl","pos","kynurenic acid","[M + Na]+","consensus",13797352.1927523,46.46100282672,40593.21875,148.73600006106,222.261682037948,318.098999023438,181.205862304687,5,"consensus","detected",9,147.178467701978,3,0.960220820587663,0.705524788986088,0.851903154058716,38978.4538184195,28639.5220928599,34581.4910865204,13248504.8444616,9734373.9943583,11754007.8506646
"2.2","icl","pos","trans-3-coumaric acid","[M + H]+","consensus",4028.09079802732,0.685000419600016,1294.490234375,230.84000587464,80.6048222551886,28.1608123779297,15.7103432098389,5,"consensus","detected",9,247.877836848328,5,0.960220820587663,0.860962570799463,0.885528910622147,1242.99647509428,1114.5076400623,1146.3085270571,3867.85665148341,3468.03540888326,3566.99085626423
"2.2","icl","pos","trans-3-coumaric acid","[M + Na]+","consensus",NA,NA,NA,255.34000396728,31.4017918085842,24,9.21816177368164,1,"consensus","below_detection",9,272.437213125163,5,0.960220820587663,0.860962570799463,0.904742202017181,NA,NA,NA,NA,NA,NA
"2.2","icl","pos","tyramine","[M + H]+","consensus",NA,NA,NA,81.01700305938,1.62445719233832,39.3458862304688,49.008821105957,3,"consensus","below_detection",9,100.471260869478,2,0.960220820587663,0.654270114322537,0.8757115014775,NA,NA,NA,NA,NA,NA
"2.2","icl","pos","tyramine","[M + Na]+","consensus",NA,NA,NA,69.82400178912,14.6569792731988,26,15.4608345031738,1,"consensus","below_detection",9,85.1323669125802,2,0.960220820587663,0.654270114322537,0.888252790498263,NA,NA,NA,NA,NA,NA
"2.3","icl","pos","(R)-adrenaline","[M + H]+","consensus",113883.381089629,2.75500059132,32133.140625,24.2599993944,3106.16050360708,25.0278472900391,10.3369136077881,4,"consensus","detected",10,26.9497708245414,1,0.882785371040295,0.990184544806267,NA,28366.6664693306,31817.7392229614,NA,100534.582830531,112765.563865233,NA
"2.3","icl","pos","2'-deoxyinosine","[M + H]+","consensus",226257.84143712,15.57900130746,14069.4453125,40.99399924278,1175.18782052361,27.2919998168945,11.9488587844849,5,"consensus","detected",10,48.8638114762313,2,0.882785371040295,0.534590190053762,0.762290335561748,12420.3005005264,7521.38744356039,10725.0021884333,199737.112503844,120955.222455024,172474.165872579
"2.3","icl","pos","2'-deoxyinosine","[M + K]+","consensus",87226.2192912062,15.12199938294,10155.9453125,39.62300062182,682.985654424659,30,14.826,5,"consensus","detected",10,47.6061991891793,2,0.882785371040295,0.534590190053762,0.762076700994716,8965.51995096025,5429.26873478499,7739.60929923275,77002.0303614296,46630.2811485571,66473.0694376841
"2.3","icl","pos","2'-deoxyinosine","[M + Na]+","consensus",224945.138294969,15.57900130746,14069.4453125,40.99399924278,1203.40483641486,26.5,11.66934425354,5,"consensus","detected",10,48.8638114762313,2,0.882785371040295,0.534590190053762,0.762290335561748,12420.3005005264,7521.38744356039,10725.0021884333,198578.277373435,120253.464232777,171473.504953856
"2.3","icl","pos","2'-deoxyuridine","[M + H]+","consensus",651.907198141585,2.74099946022,252.7158203125,34.81099963188,14.3782316842374,33.60009765625,15.2394068664551,3,"consensus","detected",10,43.2441927621034,2,0.882785371040295,0.534590190053762,0.761343578195452,223.093829202323,135.099398410452,192.403566903318,575.494137795258,348.503192951926,496.325358884486
"2.3","icl","pos","2'-deoxyuridine","[M + K]+","consensus",21443.0280816142,9.6240001917,3977.34765625,35.72499990462,92.5583590587406,48.7550811767578,42.4444924804687,5,"consensus","detected",10,44.1342388221982,2,0.882785371040295,0.534590190053762,0.761492058713106,3511.1443264789,2126.25103946457,3028.71865497556,18929.5915012553,11463.2324574783,16328.6955989113
"2.3","icl","pos","2-hydroxy-3-methylbutyric acid","[M + Na]+","consensus",NA,NA,NA,129.14999485014,4.98328327909734,36.0972290039062,25.6535543060303,3,"consensus","below_detection",10,130.492422452993,3,0.882785371040295,0.773745252067176,0.767145960993769,NA,NA,NA,NA,NA,NA
"2.3","icl","pos","2-hydroxy-4-(methylthio)butanoic acid","[M + H]+","consensus",NA,NA,NA,120.4079961777,13.8197807304668,51.5120697021484,29.9591368240356,1,"consensus","below_detection",10,128.674078716343,3,0.882785371040295,0.773745252067176,0.766935671494062,NA,NA,NA,NA,NA,NA
"2.3","icl","pos","2-hydroxy-4-(methylthio)butanoic acid","[M + Na]+","consensus",202.228370367894,NA,160,137.61600494382,6.47640590506315,33.4012756347656,19.5476821899414,4,"consensus","detected",10,135.733614896706,3,0.882785371040295,0.773745252067176,0.767982930815688,141.245659366447,123.799240330748,122.87726893051,178.524246970095,156.47324140544,155.307936569216
"2.3","icl","pos","6-hydroxynicotinic acid","[M + H]+","consensus",1114478.43108062,16.4920002222,146825,40.99399924278,4773.47824986652,39.0870666503906,30.7503051757812,5,"consensus","detected",10,48.8638114762313,2,0.882785371040295,0.534590190053762,0.762290335561748,129614.962102991,78491.2046546437,111923.278518854,983845.255297911,595789.236282208,849556.137204776
"2.3","icl","pos","L-isoglutamine","[M + H]+","consensus",4646.77142099315,0.457000136340003,2385.2734375,27.24300026892,189.456580293837,23,12.4686798095703,4,"consensus","detected",10,31.7848385042405,1,0.882785371040295,0.990184544806267,0.75950073247165,2105.684496556,2361.86089294942,1811.61692292642,4102.10183302088,4601.16124431487,3529.22629787263
"2.3","icl","pos","L-isoglutamine","[M + Na]+","consensus",5443.94453058617,0.2280002832,2385.2734375,27.24300026892,176.96190157681,24,13.3434,3,"consensus","detected",10,31.7848385042405,1,0.882785371040295,0.990184544806267,0.75950073247165,2105.684496556,2361.86089294942,1811.61692292642,4805.83459235629,5390.50973696904,4134.67985851523
"2.3","icl","pos","L-proline","[M + H]+","consensus",89019.1055507487,22.23300039768,578.0341796875,45.12200117112,34.5230064601765,35.2796936035156,15.7215301254272,5,"consensus","detected",10,53.0212281013314,2,0.882785371040295,0.534590190053762,0.763002010216868,510.280117789402,309.011401976711,441.041241075621,78584.7641232928,47588.7405547907,67921.7564829288
"2.3","icl","pos","N-acetyl-L-leucine","[M + H]+","consensus",738.754008281218,3.88300895693999,239.669311523438,236.8830013275,5.33710238090055,84.0357055664062,29.160693359375,4,"consensus","detected",10,253.666591724,5,0.882785371040295,0.736407000371967,0.805573835969804,211.57656210019,176.49415878019,193.071326648178,652.16123130804,544.023623251139,595.120900289169
"2.3","icl","pos","N-acetyl-L-tryptophan","[M + H]+","consensus",1639.10261307191,NA,1321.2490234375,232.54300117494,96.995445196689,27,13.3434,3,"consensus","detected",10,249.483822672993,5,0.882785371040295,0.736407000371967,0.80499701472063,1166.3793093919,972.977030094,1063.60151956974,1446.9758084538,1207.04663859414,1319.47271034367
"2.3","icl","pos","N-acetyl-L-tryptophan","[M + Na]+","consensus",1481667.92512101,28.56598377228,435.39111328125,233.0000066757,20.4852713202094,33.2242126464844,19.6320026397705,3,"consensus","detected",10,249.918286001218,5,0.882785371040295,0.736407000371967,0.805082553377075,384.356905485635,320.625063720057,350.525789198156,1307994.76903645,1091110.63228572,1192864.99641334
"2.3","icl","pos","N-acetylserotonin","[M + H]+","consensus",2359057.2641565,21.96001052856,1060.7548828125,173.29400539398,57.9254106629317,39.2467193603516,17.6348885879517,5,"consensus","detected",10,182.447208870002,4,0.882785371040295,0.964286248451081,0.785469796215355,936.418892806437,1022.87134647343,833.190921637177,2082541.2422437,2274806.47913474,1852968.22853736
"2.3","icl","pos","N-acetylserotonin","[M + Na]+","consensus",5238733.26520051,16.70599937442,12961.5625,173.52300167082,167.467268520508,110.984100341797,76.7348659423828,5,"consensus","detected",10,182.796799142128,4,0.882785371040295,0.964286248451081,0.785595761838046,11442.2777608245,12498.6564771892,10182.548566799,4624677.08930117,5051638.44693608,4115526.65054151
"2.3","icl","pos","gamma-aminobutyric acid","[M + H]+","consensus",6074.40935535223,1.8270009756,736.6611328125,25.41599929332,150.474697290198,22,4.74937744140625,3,"consensus","detected",10,28.0775256358602,1,0.882785371040295,0.990184544806267,NA,650.313671460847,729.430468470415,NA,5362.39971661525,6014.78626249638,NA
"2.3","icl","pos","imidazol-4-ylacetic acid","[M + H]+","consensus",312108.091761632,9.39400076868,5025.90234375,29.07100081446,211.576240952068,21.9470062255859,23.6508377075195,5,"consensus","detected",10,35.4827081674308,2,0.882785371040295,0.534590190053762,0.760079451893022,4436.79306533963,2686.79808913696,3820.08509870535,275524.457590471,166849.924092168,237226.947317558
"2.3","icl","pos","imidazol-4-ylacetic acid","[M + Na]+","consensus",308902.338782952,9.39400076868,5025.90234375,29.07100081446,111.490666069502,45.21875,44.673547744751,5,"consensus","detected",10,35.4827081674308,2,0.882785371040295,0.534590190053762,0.760079451893022,4436.79306533963,2686.79808913696,3820.08509870535,272694.465757723,165136.15999803,234790.320350619
"2.3","icl","pos","serotonin","[M + H]+","consensus",147153.674508199,21.9910007715,5531.359375,44.6649992466,341.439354844062,40.2196960449219,16.082327947998,5,"consensus","detected",10,52.5352894408581,2,0.882785371040295,0.534590190053762,0.762918466424581,4883.00313821659,2957.01045953691,4219.97621161823,129905.111150663,78666.9108224476,112266.255684537
"2.3","icl","pos","taurocyamine","[M + H]+","consensus",457835.441388767,1.14199876782,216824.75,23.80299925806,11371.1815497836,33,19.0650152801514,5,"consensus","detected",10,NA,NA,0.882785371040295,NA,NA,191409.717379469,NA,NA,404170.43000178,NA,NA
"2.3","icl","pos","trans-3-hexenedioic acid","[M + H]+","consensus",327.340420919382,2.51199960708,165.825805664062,82.00100183484,8.36808791791366,29,16.3509044128418,2,"consensus","detected",10,101.752787926448,2,0.882785371040295,0.534590190053762,0.766799354661639,146.388595381205,88.6488489657692,127.155120769449,288.971334937803,174.992977831571,251.004423515651
"2.3","icl","pos","trans-3-hexenedioic acid","[M + Na]+","consensus",NA,NA,NA,81.08799934386,1.24182777792798,122.366119384766,154.102089691162,3,"consensus","below_detection",10,100.564235682002,2,0.882785371040295,0.534590190053762,0.766851977983358,NA,NA,NA,NA,NA,NA
"2.4","icl","pos","(R)-carnitine","[M + H]+","consensus",9578454.77673057,30.39699912072,6790.28515625,46.4590001106,108.625852972954,105.366271972656,61.5407723052978,5,"consensus","detected",11,54.4769160764952,2,0.909929287419555,0.665625619644423,0.943884438072301,6178.67933360214,4519.78776469124,6409.24448905772,8715716.52957088,6375664.89599737,9040954.40453528
"2.4","icl","pos","(S)-methylsuccinic acid","[M + H]+","consensus",127.208400667957,NA,356.58642578125,107.56100177766,6.08785998998383,76.5081787109375,46.0060263427734,3,"consensus","detected",11,126.009039543901,3,0.909929287419555,0.575949730059658,0.795937218882796,324.468432314619,205.375855671649,283.820408027685,115.750649373575,73.2656440260306,101.249900646182
"2.4","icl","pos","1-hexadecanoyl-sn-glycero-3-phosphocholine","[M + H]+","consensus",27978190.1024527,21.0970115661599,62176.1875,437.72300720214,61.8443735070082,1518.01806640625,980.81953125,5,"consensus","detected",11,455.708584741914,8,0.909929287419555,1.98192435475185,1.26768492996939,56575.9339863396,123228.500291867,78819.815896701,25458174.5832136,55450656.3659281,35467529.960698
"2.4","icl","pos","1-hexadecanoyl-sn-glycero-3-phosphocholine","[M + Na]+","consensus",2140135.69041194,22.23901748658,8080.87890625,437.4950122833,60.6223321404077,223.660766601562,129.609301757813,5,"consensus","detected",11,455.485327598934,8,0.909929287419555,1.98192435475185,1.26734469765959,7353.02838488778,16015.6907120973,10241.2590342651,1947372.14375769,4241587.04730108,2712289.61951561
"2.4","icl","pos","2'-deoxyadenosine","[M + H]+","consensus",NA,NA,NA,69.6140027046,0.0282156667538961,71.2379150390625,3481.29036140442,2,"consensus","below_detection",11,84.8372776886859,2,0.909929287419555,0.665625619644423,0.878107872141872,NA,NA,NA,NA,NA,NA
"2.4","icl","pos","2-Methyl-4-pentenoic acid","[M + H]+","consensus",5247.62339934803,1.82802200316004,2143.912109375,253.77699851988,130.020337745116,36.0454711914062,16.2118225097656,5,"consensus","detected",11,270.812069676333,5,0.909929287419555,0.878442159917072,0.809527949222122,1950.80841797375,1883.30278403174,1735.55677321482,4774.96622041494,4609.73363335465,4248.09780876423
"2.4","icl","pos","3-methylbut-2-enoic acid","[M + H]+","consensus",2069.79689655671,NA,327.26513671875,610.24698257448,78.8823586869429,19,3.90790972595215,3,"consensus","detected",11,NA,NA,0.909929287419555,NA,NA,297.788132651755,NA,NA,1883.36881518705,NA,NA
"2.4","icl","pos","4-guanidinobutanoic acid","[M + H]+","consensus",4415851.67884515,11.4209997654,52196.4375,32.96600103378,499.05922502103,203.113891601562,104.182672119141,5,"consensus","detected",11,41.2324870137052,2,0.909929287419555,0.665625619644423,0.978656540949694,47495.0671802143,34743.2860541689,51082.3849736469,4018112.77148201,2939304.00998917,4321602.12936549
"2.4","icl","pos","5,6-dihydroxyindole-2-carboxylic acid","[M + H]+","consensus",NA,NA,NA,148.06500434874,0.468410358139271,62.0325622558594,327.593679428101,2,"consensus","below_detection",11,146.369698616946,3,0.909929287419555,0.575949730059658,0.771221687844725,NA,NA,NA,NA,NA,NA
"2.4","icl","pos","5,6-dimethylbenzimidazole","[M + H]+","consensus",59825707.5104814,49.42299842832,13824.9375,204.35400009156,12.9623481616334,2739.318359375,855.21689453125,5,"consensus","detected",11,222.981711394777,4,0.909929287419555,0.680311847272808,0.73079032864971,12579.7155279949,9405.26876905612,10103.1306191867,54437163.4043831,40700137.5908583,43720048.4532861
"2.4","icl","pos","5-methoxytryptamine","[M + H]+","consensus",11673.5320831591,1.38400554660004,4216.37890625,207.56599903104,52.4503014061618,63.9254150390625,79.1692970275879,5,"consensus","detected",11,226.221162620066,4,0.909929287419555,0.680311847272808,0.735392836285533,3836.60665365491,2868.45252251304,3100.69484272168,10622.0887300983,7941.64217569236,8584.63186810453
"2.4","icl","pos","Dimethyl adipate","[M + H]+","consensus",3445054.19410396,3.44000816345999,549205.5,153.33200454714,84.9287310559848,11365.484375,6332.83941650391,5,"consensus","detected",11,153.043987096617,3,0.909929287419555,0.575949730059658,0.762087411352031,499738.1692619,316314.759472279,418542.597795298,3134755.70796277,1984178.03313507,2625432.43275215
"2.4","icl","pos","Homocysteine thiolactone","[M + H]+","consensus",3161.07831014583,1.142000556,2128.8671875,27.71200060842,43.3064998347959,101.57470703125,46.8126606445312,4,"consensus","detected",11,32.8063833714123,1,0.909929287419555,1.49845824455015,1.0004313231776,1937.11860293275,3190.01858866166,2129.78541726,2876.35773422841,4736.74385550667,3162.4417564872
"2.4","icl","pos","L-tryptophanamide","[M + H]+","consensus",612385.153720308,19.49200630188,22590.953125,78.75100135806,316.016185987367,105.394653320312,71.1531860351563,5,"consensus","detected",11,97.4654908364482,2,0.909929287419555,0.665625619644423,0.850763968440304,20556.1698791598,15037.1171721862,19219.5689314739,557227.186551035,407619.247406125,520995.223593015
"2.4","icl","pos","N-acetyl-alpha-D-galactosamine","[M + H]+","consensus",NA,NA,NA,32.05200076104,26.0290608723958,19.8319702148438,7.5,1,"consensus","below_detection",11,40.0946026155598,2,0.909929287419555,0.665625619644423,0.981662607455607,NA,NA,NA,NA,NA,NA
"2.4","icl","pos","citraconic acid","[M + H]+","consensus",6281.34642477686,31.31799817086,232.334594726562,51.9420003891,34.2900583837757,20.2844772338867,6.18401156158447,3,"consensus","detected",11,60.9215121029791,2,0.909929287419555,0.665625619644423,0.928131864781661,211.408052222452,154.647858579704,215.637140656856,5715.58107633258,4181.02510619338,5829.91777056777
"2.4","icl","pos","citraconic acid","[M + K]+","consensus",52601.2056691731,26.5130013228,1688.25390625,46.68699860574,143.238889951137,24.7643814086914,11.6133930206299,5,"consensus","detected",11,54.7300695946772,2,0.909929287419555,0.665625619644423,0.943243373639926,1536.19167389734,1123.74505246477,1592.43431009203,47863.3775919601,35012.7101175871,49615.7386929184
"2.4","icl","pos","cortisol","[M + H]+","consensus",7778829.0240281,15.76300621032,2656.7734375,279.1450023651,81.7038431627979,58.2776794433594,31.8038375854492,5,"consensus","detected",11,296.948764707169,6,0.909929287419555,0.850602792048673,0.884286192517526,2417.47596081958,2259.85890377825,2349.34806742857,7078184.35079244,6616693.68670755,6878711.09990263
"2.4","icl","pos","cortisol","[M + Na]+","consensus",1334.05650566003,0.227994918839954,522.7265625,283.48600387572,16.5912164585116,47.5081939697266,28.6427682815552,2,"consensus","detected",11,301.33215492469,6,0.909929287419555,0.850602792048673,0.89858919367661,475.644208530898,444.632673540505,469.716440310221,1213.89708557265,1134.75218846512,1198.76875974008
"2.4","icl","pos","creatinine","[M + H]+","consensus",448201.231374308,4.5690000057,149039.75,23.37200045586,3776.63601034098,51.5595245361328,39.4499734863281,5,"consensus","detected",11,NA,NA,0.909929287419555,NA,NA,135615.633514689,NA,NA,407831.427084991,NA,NA
"2.4","icl","pos","phosphoenolpyruvic acid","[M + K]+","consensus",52601.2056691731,26.5130013228,1688.25390625,46.68699860574,143.238889951137,24.7643814086914,11.6133930206299,5,"consensus","detected",11,54.7300695946772,2,0.909929287419555,0.665625619644423,0.943243373639926,1536.19167389734,1123.74505246477,1592.43431009203,47863.3775919601,35012.7101175871,49615.7386929184
"2.5","icl","pos","2-phenylethylamine","[M + H]+","consensus",48011.6941148277,36.17999911308,932.0087890625,80.8039999008,20.4209936193756,54,42.9954,5,"consensus","detected",12,100.191855046975,2,1.02746673864694,0.716341877225729,0.769860201784697,957.608030888328,667.63692554791,717.516474412767,49330.4187690763,34392.7870910032,36962.2925192664
"2.5","icl","pos","3-hydroxybenzoic acid","[M + H]+","consensus",687.067125043789,NA,329.305908203125,201.1540031433,13.7440715979407,28.4118347167969,21.8926445007324,4,"consensus","detected",12,219.619404153164,4,1.02746673864694,0.73372733073751,0.783346203341259,338.350867518632,241.62074502197,257.960532928763,705.938618200269,504.119927695874,538.211423843646
"2.5","icl","pos","3-hydroxybenzoic acid","[M + Na]+","consensus",1550.9724018461,18.51499557498,131.3837890625,196.58500671384,9.20557551454258,22.9881057739258,11.7750034332275,2,"consensus","detected",12,214.537500505926,4,1.02746673864694,0.73372733073751,0.773794545716895,134.992473259124,96.3998768510082,101.664059372182,1593.57255545622,1137.99084045408,1200.13398510594
"2.5","icl","pos","5-aminolevulinic acid","[M + H]+","consensus",2934.14315027279,21.25999867914,170.432983398438,45.99499940874,11.1082872490292,19.3946914672852,13.5969018936157,3,"consensus","detected",12,53.9660877223622,2,1.02746673864694,0.716341877225729,0.788705324452271,175.114221610261,122.088283268819,134.421401468634,3014.73449333403,2101.84961231543,2314.17432532531
"2.5","icl","pos","5-aminolevulinic acid","[M + Na]+","consensus",NA,NA,NA,47.59400010108,2.96322670409841,43.0919189453125,59.3636932373047,1,"consensus","below_detection",12,55.7507994937096,2,1.02746673864694,0.716341877225729,0.787628119303522,NA,NA,NA,NA,NA,NA
"2.5","icl","pos","5-hydroxymethyl-2-furoic acid","[M + H]+","consensus",5595.93726610181,24.22400236128,331.602294921875,95.19599676132,12.214321377221,48,23.2188335449219,4,"consensus","detected",12,116.920406818509,3,1.02746673864694,0.565940121598024,0.763929469082537,340.710328491219,187.66704311027,253.320765106219,5749.63941247448,3166.96541683257,4274.90138471234
"2.5","icl","pos","5-hydroxymethyl-2-furoic acid","[M + Na]+","consensus",NA,NA,NA,74.6199989319,3.09091253880517,35,17.4705687469482,3,"consensus","below_detection",12,91.8298557505867,2,1.02746673864694,0.716341877225729,0.773346848036824,NA,NA,NA,NA,NA,NA
"2.5","icl","pos","5-oxo-L-proline","[M + Na]+","consensus",2160.15663654054,10.76700031758,294.243408203125,30.90299963952,29.2655878481658,25,9.19999999999999,3,"consensus","detected",12,38.4965720303005,2,1.02746673864694,0.716341877225729,0.798518391622083,302.325314994824,210.778875393523,234.958773063759,2219.48909431284,1547.41066012107,1724.92480306212
"2.5","icl","pos","N-acetyl-L-valine","[M + H]+","consensus",NA,NA,NA,153.54499340058,-0.191350235397809,201.043090820312,281.433126068115,3,"consensus","below_detection",12,153.328382473688,3,1.02746673864694,0.565940121598024,0.761828983582903,NA,NA,NA,NA,NA,NA
"2.5","icl","pos","N-acetyl-L-valine","[M + Na]+","consensus",NA,NA,NA,128.17600250244,2.84424709498902,80.4087219238281,137.478018188477,2,"consensus","below_detection",12,130.122796735477,3,1.02746673864694,0.565940121598024,0.761593791192322,NA,NA,NA,NA,NA,NA
"2.5","icl","pos","N-carbamoyl-beta-alanine","[M + H]+","consensus",18964.1581449902,21.27499938012,587.88232421875,34.11599993706,59.0222375584617,22.8149108886719,9.57380534362793,3,"consensus","detected",12,42.5249887403026,2,1.02746673864694,0.716341877225729,0.796036100544362,604.02953437322,421.124727718684,467.97555295005,19485.0417204178,13584.8206455879,15096.1544998446
"2.5","icl","pos","N-carbamoyl-beta-alanine","[M + Na]+","consensus",10697.7331025596,10.76700031752,417.278564453125,30.67500114438,50.5545699205273,27,7.7199462890625,5,"consensus","detected",12,38.1545766436469,2,1.02746673864694,0.716341877225729,0.798720649537585,428.739845725928,298.914110186409,333.289006038111,10991.5649418023,7663.23421274737,8544.50033225613
"2.5","icl","pos","Phenylglyoxal","[M + H]+","consensus",610491.248550919,6.69600963594002,59504.53125,180.29600143434,215.692496740439,464.850341796875,273.721533203125,5,"consensus","detected",12,192.986445005868,4,1.02746673864694,0.73372733073751,0.742776819646396,61138.9266581522,43660.1008808492,44198.5864764246,627259.452121109,447934.114237875,453458.748020609
"2.5","icl","pos","Phenylglyoxal","[M + Na]+","consensus",610916.906723041,6.69600963594002,59504.53125,180.29600143434,220.701322929098,473.727294921875,267.469189453125,5,"consensus","detected",12,192.986445005868,4,1.02746673864694,0.73372733073751,0.742776819646396,61138.9266581522,43660.1008808492,44198.5864764246,627696.801734998,448246.431272313,453774.917043954
"2.5","icl","pos","cis-4-hydroxy-D-proline","[M + H]+","consensus",392008.292623592,4.5679986477,10735.1171875,26.31900072096,440.482434420001,42.6270751953125,24.2744983154297,4,"consensus","detected",12,29.7496477096164,1,1.02746673864694,0.991586087988292,NA,11029.9758456333,10644.792856049,NA,402775.481944516,388709.969341597,NA
"2.5","icl","pos","cis-4-hydroxy-D-proline","[M + Na]+","consensus",51869.747242488,11.90900087358,751.70556640625,26.09100043776,59.6681462357684,28.5,12.1204631286621,3,"consensus","detected",12,29.2815259467661,1,1.02746673864694,0.991586087988292,NA,772.352466738178,745.380781911796,NA,53294.4400336801,51433.3197531202,NA
"2.5","icl","pos","hypoxanthine","[M + H]+","consensus",6281723.19636087,10.53900003432,407613.75,31.58800005912,3799.04468403901,186.446105957031,107.244672747803,5,"consensus","detected",12,39.4733848424985,2,1.02746673864694,0.716341877225729,0.797932365425533,418809.570340148,291990.798858019,325248.203717472,6454261.64564771,4499861.38669355,5012390.24902067
"2.5","icl","pos","inosine","[M + H]+","consensus",107643.083099897,10.76699852946,6056.6875,35.94400048254,1210.43654706164,20,4.98719863891602,5,"consensus","detected",12,44.3397896748527,2,1.02746673864694,0.716341877225729,0.794874751988551,6223.04495262867,4338.65889351961,4814.30797443466,110599.687530552,77109.2482181454,85562.7689823136
"2.5","icl","pos","picolinic acid","[M + H]+","consensus",110738.038040047,0.914000272740001,49622.25,26.31900072096,1304.56977408232,61,37.9904938659668,3,"consensus","detected",12,29.7496477096164,1,1.02746673864694,0.991586087988292,NA,50985.211371823,49204.732754677,NA,113779.650789168,109806.297931629,NA
"2.5","icl","pos","picolinic acid","[M + Na]+","consensus",NA,NA,NA,24.49100017548,165.451248728031,19,4.66801910400391,1,"consensus","below_detection",12,27.0683768334409,1,1.02746673864694,0.991586087988292,NA,NA,NA,NA,NA,NA,NA
"2.5","icl","pos","pyridin-2-ol","[M + H]+","consensus",301182.513462325,17.16399908064,24365.34375,40.05599856378,244.007864466068,199,99.0392002441406,5,"consensus","detected",12,47.9963495326724,2,1.02746673864694,0.716341877225729,0.792502641184391,25034.580278824,17453.9160811252,19309.5992752406,309455.014844622,215749.647081165,238687.937397446
"2.5","icl","pos","pyridoxal","[M + H]+","consensus",723722.447168712,22.18899965286,15523.46875,41.65499925612,96.5329753767854,224.029663085938,158.489252270508,5,"consensus","detected",12,49.493029873949,2,1.02746673864694,0.716341877225729,0.791533070366282,15949.8478090501,11120.1107454299,12287.3388824225,743600.742478017,518432.696395234,572850.25070045
"2.5","icl","pos","trans-cinnamic acid","[M + H]+","consensus",5437.80139725653,0.91300964358004,3865.8046875,341.1460018158,9.1247715175905,390.516967773438,380.862985229492,5,"consensus","detected",12,359.621939138963,7,1.02746673864694,1.07553830492719,1.01010547612811,3971.98573451167,4157.82102077333,3904.87048448546,5587.16006704892,5848.56369733598,5492.7529694659
"2.5","icl","pos","xanthurenic acid","[M + H]+","consensus",7344936.86790512,55.15199661252,5376.97265625,147.60599613192,19.5854216148828,723.808837890625,237.583030371094,5,"consensus","detected",12,145.824066721846,3,1.02746673864694,0.565940121598024,0.763141558295872,5524.66055891094,3043.04455890737,4103.39129180492,7546678.32923412,4156794.46415203,5605226.56695792
"2.6","icl","pos","3-methyladipic acid","[M + H]+","consensus",771.817528245324,0.228996276840007,215,192.02599525452,10.3179411725049,30,17.9299335891724,4,"consensus","detected",13,209.074330585308,4,0.855990136841263,0.783823475841918,0.72481535422109,184.037879420871,168.522047306012,155.835301157534,660.6681916192,604.968697704968,559.425195129181
"2.6","icl","pos","3-methyladipic acid","[M + Na]+","consensus",NA,NA,NA,187.6720046997,8.14710477503334,54.8892211914062,32.8,1,"consensus","below_detection",13,203.428769866451,4,0.855990136841263,0.783823475841918,0.71974219931522,NA,NA,NA,NA,NA,NA
"2.6","icl","pos","4-hydroxy-4-methyloxan-2-one","[M + H]+","consensus",NA,NA,NA,81.70200347898,3.63686022104031,63.8651885986328,43.426290512085,1,"consensus","below_detection",13,101.365024841639,2,0.855990136841263,0.697779268572796,0.928178563656064,NA,NA,NA,NA,NA,NA
"2.6","icl","pos","5-aminopentanoic acid","[M + H]+","consensus",477.651508682461,NA,569.13037109375,139.1520023346,6.11210483321063,116,74.1365509033203,2,"consensus","detected",13,137.038030722643,3,0.855990136841263,0.59348934788251,0.836517064617542,487.169984233058,337.77281280056,476.087267412036,408.864980279535,283.481082403051,399.563637953192
"2.6","icl","pos","5-aminopentanoic acid","[M + Na]+","consensus",9582.83640088421,10.74199676514,1265.1865234375,159.03000354768,16.1541751783358,116.808715820312,71.0886068115234,3,"consensus","detected",13,160.966494783274,3,0.855990136841263,0.59348934788251,0.788273568936053,1082.98718532699,750.874724744662,997.313096199875,8202.81344212031,5687.31132642555,7553.89665025531
"2.6","icl","pos","5-hydroxymethyluracil","[M + H]+","consensus",17749.2176554886,14.8700004816,2261.30078125,37.3140013218,167.586002409245,33.6461486816406,13.2926055908203,5,"consensus","detected",13,45.5784567450395,2,0.855990136841263,0.697779268572796,1.11191720578281,1935.65116518144,1577.88880516372,2514.37924612199,15193.155249747,12385.0361133862,19735.6605003219
"2.6","icl","pos","5-hydroxymethyluracil","[M + Na]+","consensus",2672.17393316826,6.39700055124,492.017333984375,40.28400063516,40.308845587426,28,11.5115510559082,3,"consensus","detected",13,48.2044145436352,2,0.855990136841263,0.697779268572796,1.10178287778861,421.161985045558,343.319495432754,542.096274159186,2287.35453071635,1864.58757258544,2944.15548603784
"2.6","icl","pos","esculin","[M + H]+","consensus",2196.09059228885,11.6750049591,213.527954101562,173.20399761198,11.8145083142284,28.8876647949219,15.6282669067383,5,"consensus","detected",13,182.30975427246,4,0.855990136841263,0.783823475841918,0.737737814157965,182.777822650831,167.3682231733,157.527646120509,1879.83188660914,1721.34736131158,1620.13907324805
"2.6","icl","pos","esculin","[M + K]+","consensus",NA,NA,NA,145.3189945221,0.373706195104081,50.14208984375,2093.86084518433,5,"consensus","below_detection",13,143.202396973088,3,0.855990136841263,0.59348934788251,0.826007465805553,NA,NA,NA,NA,NA,NA
"2.6","icl","pos","esculin","[M + Na]+","consensus",NA,NA,NA,145.3189945221,0.373706195104081,50.14208984375,2093.86084518433,5,"consensus","below_detection",13,143.202396973088,3,0.855990136841263,0.59348934788251,0.826007465805553,NA,NA,NA,NA,NA,NA
"2.6","icl","pos","guanine","[M + H]+","consensus",1446259.44722757,1.15099847322,878905,24.9550008774,3117.08820436284,1873.87890625,281.3623046875,5,"consensus","detected",13,27.4714866927588,1,0.855990136841263,1.85234026495147,NA,752334.01122047,1628031.12056717,NA,1237983.8221403,2678964.60766609,NA
"2.6","icl","pos","indole-3-butyric acid","[M + H]+","consensus",1448525.92087964,24.0730190277,1137.029296875,311.6659927368,68.2153030014012,32.9498901367188,16.1852158996582,5,"consensus","detected",13,329.688953469194,6,0.855990136841263,0.877903610130226,0.836032341903158,973.285863424556,998.202124550395,950.593265878907,1239923.90123188,1271666.13530745,1211014.51794043
"2.6","icl","pos","indole-3-butyric acid","[M + K]+","consensus",1448525.92087964,24.0730190277,1137.029296875,311.6659927368,68.2153030014012,32.9498901367188,16.1852158996582,5,"consensus","detected",13,329.688953469194,6,0.855990136841263,0.877903610130226,0.836032341903158,973.285863424556,998.202124550395,950.593265878907,1239923.90123188,1271666.13530745,1211014.51794043
"2.6","icl","pos","isonicotinic acid","[M + H]+","consensus",2813956.62273379,6.42299830914,63050.5,29.06800031664,376.88488481467,610.75,165.673266601563,5,"consensus","detected",13,35.4772405874286,2,0.855990136841263,0.697779268572796,1.15102683656299,53970.60612291,43995.3317731491,72572.8175587146,2408719.11455927,1963520.59400676,3238939.58969074
"2.6","icl","pos","lipoamide","[M + H]+","consensus",871.218935005195,1.14200592041999,576.25830078125,277.76999473572,23.5994743837829,35.8893127441406,22.8975009887695,3,"consensus","detected",13,295.556277008554,6,0.855990136841263,0.877903610130226,0.813533964596529,493.271421741656,505.899242623369,468.805700066229,745.754815393796,764.846248254871,708.766194226342
"2.6","icl","pos","lipoamide","[M + Na]+","consensus",928.5318497816,2.74100303652,394.726806640625,289.4189929962,13.3852424771781,38.0351715087891,26.6481265274048,2,"consensus","detected",13,307.301261150859,6,0.855990136841263,0.877903610130226,0.822634854220804,337.882253231223,346.53208856498,324.716029037854,794.814105156022,815.161463044163,763.84266288446
"2.6","icl","pos","phenylacetylglycine","[M + H]+","consensus",NA,NA,NA,191.32600307466,4.26340517121574,44.790283203125,27.7401685684204,2,"consensus","below_detection",13,208.196378677025,4,0.855990136841263,0.783823475841918,0.723789641532379,NA,NA,NA,NA,NA,NA
"2.6","icl","pos","phenylacetylglycine","[M + Na]+","consensus",266.81762026827,NA,442,209.6140050888,11.1747775714543,46.1453552246094,35.4239395141602,3,"consensus","detected",13,228.226963403086,4,0.855990136841263,0.783823475841918,0.745782118835286,378.347640483838,346.449976322128,329.635696525196,228.393251285096,209.137914534544,198.987810186259
"2.6","icl","pos","pyrimidine","[M + H]+","consensus",NA,NA,NA,702.7680015564,-0.674490759476595,23.2172622680664,7.09088696136475,3,"consensus","below_detection",13,NA,NA,0.855990136841263,NA,NA,NA,NA,NA,NA,NA,NA
"2.6","icl","pos","pyrrolidin-2-one","[M + H]+","consensus",256.942557649916,NA,262.299072265625,59.69899892808,6.55734245778725,40,33.9007873535156,3,"consensus","detected",13,71.0366104340628,2,0.855990136841263,0.697779268572796,1.02303353039955,224.525418761989,183.026854792831,268.340745920429,219.940295083096,179.289189942182,262.860851862484
"2.6","icl","pos","xanthosine","[M + H]+","consensus",1463.83494902112,NA,320.081787109375,80.08800029754,49.5380842645155,23,5.99703826904297,2,"consensus","detected",13,99.2476951275938,2,0.855990136841263,0.697779268572796,0.934730384648889,273.98685274815,223.346435292653,299.19017198385,1253.02827832561,1021.43368003925,1368.291004961
"2.6","icl","pos","xanthosine","[M + K]+","consensus",3474.35383913039,20.5579984188,180.68505859375,54.90200042724,7.4566455906238,34.254638671875,19.6375727050781,4,"consensus","detected",13,64.6679485149481,2,0.855990136841263,0.697779268572796,1.04256666460338,154.664628030836,126.07828802758,188.376218881752,2974.01261819219,2424.33208063149,3622.24549371411
"2.6","icl","pos","xanthosine","[M + Na]+","consensus",3474.35383913039,20.5579984188,180.68505859375,54.90200042724,7.4566455906238,34.254638671875,19.6375727050781,4,"consensus","detected",13,64.6679485149481,2,0.855990136841263,0.697779268572796,1.04256666460338,154.664628030836,126.07828802758,188.376218881752,2974.01261819219,2424.33208063149,3622.24549371411
"2.7","icl","pos","3,3-dimethylglutaric acid","[M + H]+","consensus",3359.49705750063,1.82700634002001,548.888671875,177.77699947356,38.9081856015973,31.5,13.2976818084717,3,"consensus","detected",14,189.241032955103,4,0.937951275806603,1.11155887012436,0.902170119604513,514.830830060948,610.122071933433,495.190958755031,3151.04455115124,3734.2787534215,3030.83786217635
"2.7","icl","pos","3,3-dimethylglutaric acid","[M + Na]+","consensus",260.838941084763,NA,212.273071289062,183.32300662992,10.2532789736973,27,18.0696411132812,2,"consensus","detected",14,197.38224881037,4,0.937951275806603,1.11155887012436,0.903083800591353,199.101798034962,235.954015279897,191.700371982925,244.654217570497,289.937838636613,235.559422257052
"2.7","icl","pos","3,4,5-Trimethoxycinnamic acid","[M + H]+","consensus",68398.9309620015,8.22401046755999,404.97119140625,270.46199798586,14.084840762522,53.8123474121094,24.9316871887207,4,"consensus","detected",14,288.111452400217,5,0.937951275806603,1.25245999313769,0.943811164388182,379.843245644412,507.210215609635,382.216331704802,64154.864559617,85666.9246032939,64555.6746741535
"2.7","icl","pos","3-hydroxyphenylacetic acid","[M + H]+","consensus",1453.62501727445,2.51300811767999,441.3955078125,196.35599613192,10.0779708210897,70,36.8522110656738,4,"consensus","detected",14,214.273003387764,4,0.937951275806603,1.11155887012436,0.925367838246814,414.007479688038,490.637091942029,408.453206876308,1363.42943949697,1615.78978178609,1345.13783985675
"2.7","icl","pos","3-hydroxyphenylacetic acid","[M + Na]+","consensus",NA,NA,NA,193.6149930954,9.1398988002357,23.5,11.9804389953613,1,"consensus","below_detection",14,211.027313093667,4,0.937951275806603,1.11155887012436,0.920395395883625,NA,NA,NA,NA,NA,NA
"2.7","icl","pos","4-acetamidobutanoic acid","[M + H]+","consensus",NA,NA,NA,66.82800292968,11.1304347826087,22,11.5,1,"consensus","below_detection",14,80.9211891229563,2,0.937951275806603,0.681398766771451,0.965112243295066,NA,NA,NA,NA,NA,NA
"2.7","icl","pos","4-acetamidobutanoic acid","[M + Na]+","consensus",216111.367316808,30.85100054742,1730.1044921875,48.25399875642,34.8865638802531,103.935760498047,46.6130381103516,5,"consensus","detected",14,56.5068973915452,2,0.937951275806603,0.681398766771451,0.980534253986575,1622.753715726,1178.89106736231,1696.42671756589,202701.932691109,147258.019174965,211904.598330005
"2.7","icl","pos","4-pyridoxic acid","[M + H]+","consensus",982780.644930144,20.32900035378,17335.859375,45.05600094798,666.738331309861,37,25.9455,5,"consensus","detected",14,52.9506752722196,2,0.937951275806603,0.681398766771451,0.983605551703449,16260.1914179851,11812.6331990483,17051.6475248003,921800.359750264,669665.519462252,966668.498459986
"2.7","icl","pos","4-pyridoxic acid","[M + Na]+","consensus",55056.2997185948,19.18700158596,1802.609375,45.5129992962,285.2175,20,6.25,5,"consensus","detected",14,53.4417523201751,2,0.937951275806603,0.681398766771451,0.983171146313946,1690.75976306219,1228.29580509566,1772.27352557502,51640.1265622467,37515.2947312499,54129.765306135
"2.7","icl","pos","6-methyladenine","[M + H]+","consensus",11746120.0898717,51.26000225544,2211.443359375,62.48600006106,9.18042662626823,434.152099609375,193.595715332031,5,"consensus","detected",14,74.859899638206,2,0.937951275806603,0.681398766771451,0.969028327878622,2074.22612029982,1506.87477786304,2142.95126073344,11017288.3240727,8003791.74358795,11382323.1097499
"2.7","icl","pos","Methyl 3-aminopropanoate","[M + H]+","consensus",NA,NA,NA,54.65399980548,8.42824601366743,36,21.95,1,"consensus","below_detection",14,64.3479913009796,2,0.937951275806603,0.681398766771451,0.974653109329558,NA,NA,NA,NA,NA,NA
"2.7","icl","pos","N(4)-acetylcytosine","[M + H]+","consensus",279130.76141343,14.61899936202,38384.5625,41.40100121496,3945.929710013,22.7752685546875,9.72186279296875,5,"consensus","detected",14,49.2495194565384,2,0.937951275806603,0.681398766771451,0.9869529694548,36002.8493681533,26155.1935505617,37883.7579405984,261811.053784595,190199.356595087,275488.933843164
"2.7","icl","pos","N(4)-acetylcytosine","[M + Na]+","consensus",279130.76141343,14.61899936202,38384.5625,41.40100121496,3945.929710013,22.7752685546875,9.72186279296875,5,"consensus","detected",14,49.2495194565384,2,0.937951275806603,0.681398766771451,0.9869529694548,36002.8493681533,26155.1935505617,37883.7579405984,261811.053784595,190199.356595087,275488.933843164
"2.7","icl","pos","N-acetyl-L-isoleucine","[M + H]+","consensus",7464.05713326418,22.170996666,604.53857421875,220.12500286104,23.1118987828656,39.2653503417969,24.4581039916992,4,"consensus","detected",14,238.044324117832,5,0.937951275806603,1.25245999313769,0.944859265685239,567.027726962781,757.160378517486,571.20387331473,7000.92191083851,9348.43294590739,7052.48354196867
"2.7","icl","pos","N-acetyl-L-isoleucine","[M + Na]+","consensus",177.96978827829,NA,260,215.31599521638,7.66066245130923,46.126708984375,27.9183807373047,2,"consensus","detected",14,233.625764999509,4,0.937951275806603,1.11155887012436,0.943249926024435,243.867331709717,289.005306232333,245.244980766353,166.926989970653,197.823896774887,167.869989628081
"2.7","icl","pos","N-acetyl-beta-D-mannosamine","[M + H]+","consensus",7144.94775238312,0.457000136399998,2240,27.01099991796,201.171143368919,28.1877822875977,10.994679359436,3,"consensus","detected",14,31.2666511111391,1,0.937951275806603,1.5288700781563,1.00249252764961,2101.01085780679,3424.66897507012,2245.58326193513,6701.61285991927,10923.6968286087,7162.75673221098
"2.7","icl","pos","N-acetyl-beta-D-mannosamine","[M + Na]+","consensus",255824.950374518,2.05700039862,68810.3125,25.17399966714,12560.9736701557,19.3061065673828,5.47656640319824,5,"consensus","detected",14,27.734758541194,1,0.937951275806603,1.5288700781563,NA,64540.720398026,105202.027849835,NA,239951.33858694,391123.111873422,NA
"2.7","icl","pos","O-propanoyl-L-carnitine","[M + H]+","consensus",NA,NA,NA,97.25300073624,0.934415697363429,238.383972167969,456.264421081543,3,"consensus","below_detection",14,118.842398727819,3,0.937951275806603,0.655965706540412,0.935884847559134,NA,NA,NA,NA,NA,NA
"2.7","icl","pos","beta-alanine","[M + H]+","consensus",3312.06069798279,1.14199876782,369.78857421875,23.11800062658,57.6333087513068,28,5.9304,3,"consensus","detected",14,NA,NA,0.937951275806603,NA,NA,346.843664967181,NA,NA,3106.55155722186,NA,NA
"2.7","icl","pos","ethanolamine","[M + H]+","consensus",2859.05846426306,NA,106.454040527344,25.63099980354,53.1931552090369,20.9153671264648,1.60807669830322,2,"consensus","detected",14,28.4252268818658,1,0.937951275806603,1.5288700781563,NA,99.8487031273901,162.754397261095,NA,2681.6575341612,4371.1289377113,NA
"2.7","icl","pos","melatonin","[M + H]+","consensus",3006983.14474194,34.57400321964,4621.5390625,266.57798767092,92.5390907191242,78,49.0985920349121,5,"consensus","detected",14,284.117230766046,5,0.937951275806603,1.25245999313769,0.943209554146217,4334.77845986193,5788.29278250433,4359.07979860995,2820403.67693965,3766126.08882865,2836215.23127723
"2.7","icl","pos","melatonin","[M + K]+","consensus",3006983.14474194,34.57400321964,4621.5390625,266.57798767092,92.5390907191242,78,49.0985920349121,5,"consensus","detected",14,284.117230766046,5,0.937951275806603,1.25245999313769,0.943209554146217,4334.77845986193,5788.29278250433,4359.07979860995,2820403.67693965,3766126.08882865,2836215.23127723
"2.7","icl","pos","melatonin","[M + Na]+","consensus",5594033.10159356,35.71599483492,3054.341796875,260.39800643922,19.8065445608543,316.08447265625,138.250128173828,5,"consensus","detected",14,277.704815489367,5,0.937951275806603,1.25245999313769,0.941789819091225,2864.82378512834,3825.44090595423,2876.54800832167,5246930.48454405,7006302.66003389,5268403.42274012
"2.8","icl","pos","2'-deoxycytidine","[M + H]+","consensus",1728431.84956502,0.913998484619999,1187893,24.72599923608,95034.7001645284,38.4305725097656,12.4991668029785,5,"consensus","detected",15,27.2456581148462,1,0.871434079986164,1.25155790824828,NA,1035170.443577,1486716.87830277,NA,1506214.41864448,2163232.5501913,NA
"2.8","icl","pos","3-amino-3-(4-hydroxyphenyl)propanoic acid","[M + H]+","consensus",32666.4364746029,0.914000272740001,5680.66796875,25.86799979208,164.032602227778,41,34.3813845062256,4,"consensus","detected",15,28.8494835768668,1,0.871434079986164,1.25155790824828,NA,4950.32766505453,7109.68492042174,NA,28466.646015672,40883.9369040792,NA
"2.8","icl","pos","L-isoleucine","[M + H]+","consensus",1195.94394803899,1.37100219726,289,232.9309988022,31.8077821843674,26.8327178955078,8.24223709106445,3,"consensus","detected",15,249.852586766437,5,0.871434079986164,0.869557696458875,0.810709125155146,251.844449116001,251.302174276615,234.294937169837,1042.18631407438,1039.94226455072,969.56267184928
"2.8","icl","pos","cytosine","[M + Na]+","consensus",178885.431202037,45.31599998472,589.755859375,66.84400320054,14.1352403934529,41.6515655517578,38.7757320404053,5,"consensus","detected",15,80.9436590515724,2,0.871434079986164,0.689780165192709,0.858286683534299,513.933354730903,406.801894103056,506.179600637889,155886.861162475,123391.62228511,153534.983478999
"2.8","icl","pos","phenyl acetate","[M + H]+","consensus",439.007440449172,2.28399753570002,221.748901367188,185.61199665072,11.9470583058668,27.4938049316406,16.2596591949463,3,"consensus","detected",15,200.609655654749,4,0.871434079986164,0.994894121272397,0.767983882606244,193.239549850858,220.616678368828,170.299582235642,382.566044974905,436.765921697723,337.150638609185
"2.9","icl","pos","(R)-noradrenaline","[M + H]+","consensus",16115.6806348643,1.37000083926,8769.8203125,23.35799932482,2015.07723828011,19,4.3426724029541,5,"consensus","detected",16,NA,NA,0.830432648305465,NA,NA,7282.74510727243,NA,NA,13382.9873488555,NA,NA
"2.9","icl","pos","D-leucine","[M + H]+","consensus",3788.26171489006,0.912981033299985,2702.142578125,251.98499679564,410.93691477873,24,6.51716232299805,5,"consensus","detected",16,268.952706368089,5,0.830432648305465,0.807399866860419,0.842981677836241,2243.9474172513,2181.70955781599,2277.85668426056,3145.89620837035,3058.64200423466,3193.43521650082
"2.9","icl","pos","D-proline","[M + H]+","consensus",1743163.23983485,2.28399932382,155875.25,26.5549993515,5432.81931665766,41.5,28.6837718902588,4,"consensus","detected",16,30.2553513964564,1,0.830432648305465,1.41262702985877,1.0085950066271,129443.896662776,220193.591435994,157214.99880675,1447579.66568479,2462439.5100469,1758145.73943334
"2.9","icl","pos","Gly-Pro","[M + H]+","consensus",2101030.18960565,0.914000272740001,1591383,25.18500030042,46466.1700709792,82.0845947265625,34.2464402160644,5,"consensus","detected",16,27.7491736704704,1,0.830432648305465,1.41262702985877,NA,1321536.3991583,2248030.64065774,NA,1744764.06452395,2967972.03638624,NA
"2.9","icl","pos","N-acetyl-L-methionine","[M + H]+","consensus",NA,NA,NA,152.44600296018,0.460022602949499,122.75830078125,167.908486938477,1,"consensus","below_detection",16,151.872118690467,3,0.830432648305465,0.806521247348553,0.895362743627081,NA,NA,NA,NA,NA,NA
"2.9","icl","pos","N-acetyl-L-methionine","[M + Na]+","consensus",1022290.70962044,35.7299995422,648.7998046875,127.51899719238,38.1787736346035,29.5,16.2210502258301,5,"consensus","detected",16,129.903,3,0.830432648305465,0.806521247348553,0.908331290000619,538.784540026709,523.27082775606,589.325163543947,848943.581328175,824499.178275915,928578.639025183
"2.9","icl","pos","agmatine","[M + H]+","consensus",143827.281918489,30.84599912166,376.8486328125,41.859998703,17.2044422866985,32.5,20.0151,5,"consensus","detected",16,49.691118162873,2,0.830432648305465,0.655370485501922,0.98943401510761,312.947408156778,246.975471447064,372.866855851485,119438.870622148,94260.155579342,142307.605030625
"2.9","icl","pos","agmatine","[M + Na]+","consensus",2160.26935224596,16.28500342368,226.562377929688,65.00600337984,21.6396834753378,23.6762084960938,9.37565328369141,2,"consensus","detected",16,78.3671821302161,2,0.830432648305465,0.655370485501922,0.962784415831127,188.144795510534,148.48229562025,218.130726684346,1793.95819923874,1415.77677419636,2079.87366634001
"2.9","icl","pos","diethyl 2-methyl-3-oxosuccinate","[M + H]+","consensus",931.884288616132,2.28401184083998,300.4033203125,259.06700134278,15.1186574490656,37.1264953613281,17.4140346679687,3,"consensus","detected",16,276.31861285668,5,0.830432648305465,0.807399866860419,0.837934626462301,249.464724846864,242.54560082474,251.71834399409,773.867137709749,752.403250557981,780.858113287646
"2.9","icl","pos","diethyl 2-methyl-3-oxosuccinate","[M + Na]+","consensus",30518.7485444379,1.14197731014002,18978.640625,267.08899497984,15.2550530916262,365.321533203125,1220.14122009277,5,"consensus","detected",16,284.644474220949,5,0.830432648305465,0.807399866860419,0.833321144854515,15760.4827954564,15323.3519138167,15815.3025334074,25343.7651767261,24640.8335115258,25431.9184765781
"2.9","icl","pos","fumaric acid","[M + H]+","consensus",NA,NA,NA,55.11600136758,4.72143531633617,24,7.413,5,"consensus","below_detection",16,64.944868576898,2,0.830432648305465,0.655370485501922,0.974963367832604,NA,NA,NA,NA,NA,NA
"2.9","icl","pos","homogentisic acid","[M + H]+","consensus",8028.21738821469,17.48199820518,415,58.99899959562,70.5357142857143,20,5.6,5,"consensus","detected",16,70.0885075513088,2,0.830432648305465,0.655370485501922,0.970482062660996,344.629549046768,271.978751483298,402.750056004313,6666.89382686711,5261.45672742924,7791.24097040546
"2.9","icl","pos","nicotinamide","[M + H]+","consensus",2250435.87502096,38.89800131322,1908.171875,60.59799671172,7.92861875978176,274.152099609375,206.091353979492,5,"consensus","detected",16,72.2619702265332,2,0.830432648305465,0.655370485501922,0.968585125241464,1584.60822357825,1250.55952813986,1848.22689452911,1868835.42353528,1474869.25200343,2179738.71385506
"2.9","icl","pos","nicotinamide","[M + Na]+","consensus",673.20322895716,1.48499608044,118.423156738281,59.45600152014,7.01357256288256,26.0289993286133,13.1736225128174,4,"consensus","detected",16,70.7068636207034,2,0.830432648305465,0.655370485501922,0.969952335370475,98.3424556708638,77.6110417262374,114.864817440239,559.049940270685,441.197527003116,652.975044105942
"2.9","icl","pos","nicotinic acid","[M + H]+","consensus",929468.857524575,16.21900141242,5057.26171875,37.74899840352,40.9459352150444,246.7822265625,117.483688354492,5,"consensus","detected",16,45.9606943538327,2,0.830432648305465,0.655370485501922,0.993126833076013,4199.71524227541,3314.38006792747,5022.50231477874,771861.284871588,609146.456414798,923080.462916161
"2.9","icl","pos","ritalinic acid","[M + H]+","consensus",57380506.6033099,41.88500404362,3675.48046875,201.86299324038,23.8898074390341,232.179748535156,144.132627648926,5,"consensus","detected",16,220.377204272298,4,0.830432648305465,1.11115442924446,0.860731265564136,3052.23897945907,4084.02640245305,3163.60095542345,47650646.0596959,63758604.0645586,49389196.0673782
"2.9","icl","pos","ritalinic acid","[M + Na]+","consensus",51260810.4707045,41.88500404362,3675.48046875,201.86299324038,23.4582340978042,210.323608398438,147.716015020752,5,"consensus","detected",16,220.377204272298,4,0.830432648305465,1.11115442924446,0.860731265564136,3052.23897945907,4084.02640245305,3163.60095542345,42568650.5934716,56958676.6011839,44121782.2702928
"2.9","icl","pos","taurine","[M + Na]+","consensus",49575.6851002902,0.456998348220001,44060.625,22.67199933528,5586.5917910152,19.9560699462891,7.88328028564453,4,"consensus","detected",16,NA,NA,0.830432648305465,NA,NA,36589.381504744,NA,NA,41169.2674693918,NA,NA
"2.9","icl","pos","thymine","[M + H]+","consensus",149581.392185005,3.65499973302001,26646.640625,39.5760011673,1560.809190963,35,17.0499,5,"consensus","detected",16,47.564225403715,2,0.830432648305465,0.655370485501922,0.991536138729336,22128.2403426627,17463.4218034015,26421.1071554207,124217.271649412,98031.2296183402,148315.356032878
"2.9","icl","pos","thymine","[M + Na]+","consensus",669.35183687062,NA,140,37.06300020216,26.5299698727461,22,4.4478,2,"consensus","detected",16,45.3561966431481,2,0.830432648305465,0.655370485501922,0.99372738777949,116.260570762765,91.7518679702691,139.121834289129,555.851618540596,438.673438301502,665.153252358844
"2.9","icl","pos","vanillin","[M + H]+","consensus",137444.632668827,68.16999435426,1264.5537109375,211.68600082398,22.6453674762389,93.3905639648438,51.7175598144531,4,"consensus","detected",16,230.21659932933,4,0.830432648305465,1.11115442924446,0.860510559454019,1050.12668709833,1405.11445692572,1088.16182125848,114138.510302546,152722.212365844,118272.557751804
"2.9","icl","pos","vanillin","[M + Na]+","consensus",137444.632668827,68.16999435426,1264.5537109375,211.68600082398,22.6453674762389,93.3905639648438,51.7175598144531,4,"consensus","detected",16,230.21659932933,4,0.830432648305465,1.11115442924446,0.860510559454019,1050.12668709833,1405.11445692572,1088.16182125848,114138.510302546,152722.212365844,118272.557751804
"3.1","icl","pos","(3S,5R)-fluvastatin","[M + Na]+","consensus",207806.033300627,13.24799537664,480.319091796875,386.56700134278,60.406652193199,24,7.55411987304688,4,"consensus","detected",17,405.047354625293,8,1.03979572016357,1.01498882564599,1.13403898595785,499.433735963245,487.518510918259,544.700575797521,216075.824050161,210920.801701955,235660.143280165
"3.1","icl","pos","1,2-di-O-myristoyl-sn-glycero-3-phosphocholine","[M + H]+","own",362.188908274579,NA,276.95849609375,542.39999771118,24.4703798436868,23,10.3782,2,"own","detected",17,559.225063491226,10,1.03979572016357,1.20771487190701,NA,287.980258901221,334.486894633422,NA,376.602476714624,437.420930962973,NA
"3.1","icl","pos","L-thyroxine","[M + H]+","own",13447274.2153643,1.14200592042005,8045908,304.20398712156,29668.694941827,225.911254882812,271.184226489258,5,"own","detected",17,322.163455497133,6,1.03979572016357,1.54429699279333,1.01069190652735,8366100.70322985,12425271.5286918,8131934.09626369,13982418.1770018,20766585.1320543,13591051.2143227
"3.1","icl","pos","taurochenodeoxycholic acid","[M + H]+","consensus",1397035.75302195,15.32898902892,1961.1572265625,327.07099914552,149.585245072603,24,12.9501892089844,4,"consensus","detected",17,345.309356398473,7,1.03979572016357,1.06460261468115,1.06886836392433,2039.20289074755,2087.85311119928,2096.21891615424,1452631.79690772,1487287.91547022,1493247.31967637
"3.1","icl","pos","taurochenodeoxycholic acid","[M + K]+","consensus",1377999.59369075,17.84099578854,2209.724609375,327.5279903412,103.776047333716,37.1113891601562,20.93559425354,5,"consensus","detected",17,345.774447385305,7,1.03979572016357,1.06460261468115,1.06984128239345,2297.66219156825,2352.47859686592,2364.05460983011,1432838.07990678,1467021.97047274,1474240.85245176
"3.1","icl","pos","taurochenodeoxycholic acid","[M + Na]+","consensus",1397035.75302195,15.32898902892,1961.1572265625,327.07099914552,149.585245072603,24,12.9501892089844,4,"consensus","detected",17,345.309356398473,7,1.03979572016357,1.06460261468115,1.06886836392433,2039.20289074755,2087.85311119928,2096.21891615424,1452631.79690772,1487287.91547022,1493247.31967637
"3.1","icl","pos","taurodeoxycholic acid","[M + H]+","consensus",1397035.75302195,22.63798713684,920.24169921875,328.44200134278,70.6851385885292,24,12.679351234436,5,"consensus","detected",17,346.704782449532,7,1.03979572016357,1.06460261468115,1.07175575109062,956.86338036371,979.691719126909,986.274333531096,1452631.79690772,1487287.91547022,1497281.10278048
"3.1","icl","pos","taurodeoxycholic acid","[M + K]+","consensus",1377999.59369075,19.43999290464,1923.310546875,328.44200134278,88.0176300987881,37,21.4310535827637,5,"consensus","detected",17,346.704782449532,7,1.03979572016357,1.06460261468115,1.07175575109062,1999.85007518609,2047.56143704696,2061.31913974652,1432838.07990678,1467021.97047274,1476878.98953859
"3.1","icl","pos","undecanedioic acid","[M + Na]+","consensus",108214.507544666,1.37000083920003,58138.5,288.84201049806,1679.16507144099,58.9349975585938,34.5883594116211,5,"consensus","detected",17,306.721466342082,6,1.03979572016357,1.54429699279333,0.968202107500403,60452.1634767299,89783.1107155147,56289.8182269122,112520.981804552,167115.338577838,104773.514266864
"3.2","icl","pos","1,2-dioleoyl-sn-glycero-3-phosphocholine","[M + H]+","consensus",3426.31851536054,0.685014724740029,1570.732421875,393.93198966978,244.367310531496,19,6.35,4,"consensus","detected",18,412.415860635458,8,1.09821564800299,1.15282450870035,1.25875823085436,1725.00292452877,1810.77883254776,1977.17236450495,3762.83660861133,3949.94395912144,4312.90663273876
"3.2","icl","pos","1-stearoyl-sn-glycerol","[M + H]+","consensus",NA,NA,NA,633.93299102784,2.09007450610445,23,11.961296081543,5,"consensus","below_detection",18,NA,NA,1.09821564800299,NA,NA,NA,NA,NA,NA,NA,NA
"3.2","icl","pos","1-stearoyl-sn-glycerol","[M + Na]+","consensus",369.333150978685,1.82899475099998,224.327758789062,623.6480140686,8.41444631751149,34.5994110107422,22.5479301452637,3,"consensus","detected",18,NA,NA,1.09821564800299,NA,NA,246.360254983589,NA,NA,405.607445731044,NA,NA
"3.2","icl","pos","Leucomalachite green","[M + H]+","consensus",17528040.9475348,28.1070041656801,23500.546875,335.59498786926,50.2486748990164,273.693115234375,462.238134765625,5,"consensus","detected",18,353.984997044081,7,1.09821564800299,1.31660648925725,1.26205544041542,25808.6683147529,30940.9725167191,29658.9930363314,19249568.8474199,23077532.4554911,22121359.4376606
"3.2","icl","pos","all-trans-retinal","[M + H]+","consensus",1514213.14766514,21.0460281372,12535.453125,572.38397598264,295.735094975087,83.0269775390625,42.106690612793,5,"consensus","detected",18,NA,NA,1.09821564800299,NA,NA,13766.630776683,NA,NA,1662932.57317773,NA,NA
"3.2","icl","pos","cholest-4-en-3-one","[M + H]+","consensus",34341.3355251948,4.56802368161993,4000.20703125,684.05799865722,670.647347775867,23,5.9304,4,"consensus","detected",18,NA,NA,1.09821564800299,NA,NA,4393.08995697035,NA,NA,37714.1920470901,NA,NA
"3.2","icl","pos","cholic acid","[M + Na]+","consensus",369941.917476562,16.2179946899399,869.765625,354.55301284788,43.4056677960175,33.3382873535156,19.270002746582,4,"consensus","detected",18,373.114859081085,7,1.09821564800299,1.31660648925725,1.27017200469601,955.190219470104,1145.13906600789,1104.75194752193,406276.002624993,487067.929197911,469889.86694229
"3.2","icl","pos","gamma-terpinene","[M + H]+","consensus",13812.9535486952,26.0719871521201,646.646484375,576.95199966432,65.3648145693946,27.2627029418945,9.47579803466796,5,"consensus","detected",18,NA,NA,1.09821564800299,NA,NA,710.157287866749,NA,NA,15169.6017323156,NA,NA
"3.2","icl","pos","gamma-terpinene","[M + Na]+","consensus",13812.9535486952,26.0719871521201,646.646484375,576.95199966432,65.3648145693946,27.2627029418945,9.47579803466796,5,"consensus","detected",18,NA,NA,1.09821564800299,NA,NA,710.157287866749,NA,NA,15169.6017323156,NA,NA
"3.2","icl","pos","hexadecanedioic acid","[M + H]+","consensus",1340.19586252473,NA,453.998046875,423.01500320436,17.2415877038227,45,23.7216,2,"consensus","detected",18,441.305738621629,8,1.09821564800299,1.15282450870035,1.22573249348632,498.587759240922,523.380075339592,556.480158034011,1471.82406761353,1545.01063677732,1642.72161633248
"3.2","icl","pos","hexadecanedioic acid","[M + Na]+","consensus",669.123834740859,4.11200523378,204.503295898438,427.12700843814,10.5596027229448,35.3014068603516,16.0235089782715,3,"consensus","detected",18,445.338817359585,8,1.09821564800299,1.15282450870035,1.2213695328002,224.588719623851,235.75641162172,249.774094967576,734.842265764181,771.382356044828,817.247465422921
"3.2","icl","pos","hexanal","[M + Na]+","consensus",NA,NA,NA,61.84199810028,22.3026112133706,22.5,8.1543,1,"consensus","below_detection",18,73.970357591889,2,1.09821564800299,0.621397216902958,1.02244130062633,NA,NA,NA,NA,NA,NA
"3.2","icl","pos","hyodeoxycholic acid","[M + H]+","consensus",640.592081545126,NA,487,635.99000930784,23.175552043068,35.0668334960938,19.5004272460938,2,"consensus","detected",18,NA,NA,1.09821564800299,NA,NA,534.831020577458,NA,NA,703.508247939667,NA,NA
"3.2","icl","pos","hyodeoxycholic acid","[M + Na]+","consensus",640.592081545126,NA,487,635.99000930784,23.175552043068,35.0668334960938,19.5004272460938,2,"consensus","detected",18,NA,NA,1.09821564800299,NA,NA,534.831020577458,NA,NA,703.508247939667,NA,NA
"3.2","icl","pos","taurocholic acid","[M + H]+","consensus",339983.777016187,7.55401611329995,1194.193359375,291.20799064638,97.8388835958767,28,11.9195284790039,4,"consensus","detected",18,309.098462635833,6,1.09821564800299,2.02992916828113,1.12587600195339,1311.48183400689,2424.12793276294,1344.51364501241,373375.503986337,690142.985707544,382779.575595996
"3.2","icl","pos","tauroursodeoxycholic acid","[M + H]+","consensus",96435.9956731833,3.89900207519997,14481.8125,287.09601402282,1238.5992521276,25,11.6719047546387,3,"consensus","detected",18,304.966239140777,6,1.09821564800299,2.02992916828113,1.11025355503198,15904.1530989454,29397.0536033282,16078.4838114315,105907.519479039,195758.240489227,107068.4070292
"3.2","icl","pos","tauroursodeoxycholic acid","[M + Na]+","consensus",259231.5856396,7.09699630739999,2797.578125,288.46598625186,118.240514811854,39,23.3302276245117,5,"consensus","detected",18,306.343552287662,6,1.09821564800299,2.02992916828113,1.11536064998111,3072.34407338588,5678.88543648272,3120.30855587294,284692.183806037,526221.757029591,289136.709854619
"3.3","icl","pos","(S)-lipoic acid","[M + Na]+","consensus",308.999830967375,0.685014724739972,177.964965820312,326.65400505066,25.3140465546983,21.7521896362305,6.17099189758301,5,"consensus","detected",19,344.885015739386,7,1.09604859095059,1.73491430621056,1.21859359025184,195.058250025922,308.753965205932,216.866966638019,338.678829335761,536.088227361943,376.545213405744
"3.3","icl","pos","2-hydroxyoctanoic acid","[M + H]+","consensus",1191.42305241029,2.30000495910002,391.088623046875,440.8329963684,10.3665425576811,49.5,32.9510655212402,2,"consensus","detected",19,458.756500307127,8,1.09604859095059,1.17358275303279,1.20309388341157,428.652134227333,458.974862915157,470.516330259547,1305.85755782035,1398.2335458744,1433.39378691036
"3.3","icl","pos","2-hydroxyoctanoic acid","[M + Na]+","consensus",2065.42683316185,13.28098297116,271,439.00500297546,14.1512372937769,37.7247314453125,16.4844432830811,2,"consensus","detected",19,456.964367114507,8,1.09604859095059,1.17358275303279,1.20493995522904,297.029168147609,318.040926071887,326.538727867069,2263.80817019858,2423.94930904989,2488.71531587889
"3.3","icl","pos","Dipropyl hexanedioate","[M + H]+","consensus",559.095350748511,NA,263.515380859375,433.05101394654,14.157353131163,29.7931823730469,16.508890914917,2,"consensus","detected",19,451.136531503168,8,1.09604859095059,1.17358275303279,1.21091499144203,288.825661884725,309.257106135431,319.094725158173,612.79567139493,656.144660939274,677.016941866912
"3.3","icl","pos","Dipropyl hexanedioate","[M + Na]+","consensus",2124891.17877948,53.56101036072,6866.015625,435.79198837278,17.3399425861338,429.43359375,371.199731445313,5,"consensus","detected",19,453.818270587795,8,1.09604859095059,1.17358275303279,1.20816999244992,7525.48675122597,8057.83751955369,8295.31404581725,2328983.98242458,2493735.63948712,2567229.7594229
"3.3","icl","pos","bilirubin IXalpha","[M + H]+","consensus",33799.0109372397,1.94200515744001,5174.03515625,300.76500892638,164.322786103573,44.5430908203125,31.215951159668,4,"consensus","detected",19,318.702049423314,6,1.09604859095059,1.35042162120987,1.14067028070403,5670.99394253662,6987.12894389997,5901.86813405219,37045.3583132851,45642.9151451573,38553.5272932997
"3.3","icl","pos","progesterone","[M + H]+","consensus",14039182.4610909,43.26298713684,946.06005859375,444.95999336244,8.46545984292474,168.028930664062,91.9065405029297,4,"consensus","detected",19,462.811572012481,9,1.09604859095059,1.01851442886838,1.19889589197787,1036.92779417631,963.5758202538,1134.22751781239,15387626.1545769,14299109.906137,16831518.1793296
"3.3","icl","pos","undecanoic acid","[M + H]+","consensus",645.77417054575,0.685987472579995,135.32958984375,465.29199600222,16.4092710285536,19.6691589355469,7.04848074645996,2,"consensus","detected",19,483.021737748323,9,1.09604859095059,1.01851442886838,1.1772812156772,148.327806262163,137.835139908699,159.320984048347,707.799869698954,657.730310491357,760.257800553035
