"sample","consensus_id","chrom_peak_id_afekta","chrom_peak_id_icl","chrom_peak_id_cembio","chrom_peak_id_hmgu","idx_afekta","idx_hmgu","idx_icl","idx_cembio","n_labs_matched","afekta_detected","hmgu_detected","icl_detected","cembio_detected"
1,17734,"CP022261","CP021634","CP006039","CP010989","CP022261","CP010989","CP021634","CP006039",4,TRUE,TRUE,TRUE,TRUE
1,1681,"CP023997","CP017947","CP006316","CP010900","CP023997","CP010900","CP017947","CP006316",4,TRUE,TRUE,TRUE,TRUE
1,3980,"CP023567","CP018078","CP006320","CP010919","CP023567","CP010919","CP018078","CP006320",4,TRUE,TRUE,TRUE,TRUE
1,12465,"CP024817","CP018281","CP006339","CP010832","CP024817","CP010832","CP018281","CP006339",4,TRUE,TRUE,TRUE,TRUE
1,12497,"CP024521","CP018448","CP007085","CP011046","CP024521","CP011046","CP018448","CP007085",4,TRUE,TRUE,TRUE,TRUE
1,12888,"CP031275","CP024794","CP010633","CP011533","CP031275","CP011533","CP024794","CP010633",4,TRUE,TRUE,TRUE,TRUE
1,12974,"CP024588","CP018504","CP006818","CP011059","CP024588","CP011059","CP018504","CP006818",4,TRUE,TRUE,TRUE,TRUE
1,13006,"CP021679","CP018419","CP006578","CP011031","CP021679","CP011031","CP018419","CP006578",4,TRUE,TRUE,TRUE,TRUE
1,14575,"CP024904","CP018828","CP007168","CP011093","CP024904","CP011093","CP018828","CP007168",4,TRUE,TRUE,TRUE,TRUE
1,14626,"CP024832","CP018806","CP007122","CP011063","CP024832","CP011063","CP018806","CP007122",4,TRUE,TRUE,TRUE,TRUE
1,15182,"CP025091","CP018797","CP007193","CP011072","CP025091","CP011072","CP018797","CP007193",4,TRUE,TRUE,TRUE,TRUE
1,15453,"CP024771","CP018459","CP006967","CP011034","CP024771","CP011034","CP018459","CP006967",4,TRUE,TRUE,TRUE,TRUE
1,15504,"CP030254","CP020588","CP009223","CP012159","CP030254","CP012159","CP020588","CP009223",4,TRUE,TRUE,TRUE,TRUE
1,15901,"CP023825","CP018941","CP006969","CP010909","CP023825","CP010909","CP018941","CP006969",4,TRUE,TRUE,TRUE,TRUE
1,16257,"CP029307","CP024356","CP009435","CP012319","CP029307","CP012319","CP024356","CP009435",4,TRUE,TRUE,TRUE,TRUE
1,16265,"CP021935","CP017873","CP006086","CP010952","CP021935","CP010952","CP017873","CP006086",4,TRUE,TRUE,TRUE,TRUE
1,16290,"CP025590","CP019142","CP007294","CP011289","CP025590","CP011289","CP019142","CP007294",4,TRUE,TRUE,TRUE,TRUE
1,16438,"CP031203","CP021493","CP010252","CP012360","CP031203","CP012360","CP021493","CP010252",4,TRUE,TRUE,TRUE,TRUE
1,16499,"CP023608","CP018603","CP006863","CP010836","CP023608","CP010836","CP018603","CP006863",4,TRUE,TRUE,TRUE,TRUE
1,16635,"CP027156","CP024171","CP008268","CP011483","CP027156","CP011483","CP024171","CP008268",4,TRUE,TRUE,TRUE,TRUE
1,16852,"CP025606","CP019301","CP007295","CP011290","CP025606","CP011290","CP019301","CP007295",4,TRUE,TRUE,TRUE,TRUE
1,16905,"CP028334","CP020477","CP009067","CP012053","CP028334","CP012053","CP020477","CP009067",4,TRUE,TRUE,TRUE,TRUE
1,17363,"CP022171","CP018250","CP006276","CP010717","CP022171","CP010717","CP018250","CP006276",4,TRUE,TRUE,TRUE,TRUE
1,17407,"CP025281","CP018939","CP007215","CP011147","CP025281","CP011147","CP018939","CP007215",4,TRUE,TRUE,TRUE,TRUE
1,17485,"CP031243","CP022565","CP010218","CP012611","CP031243","CP012611","CP022565","CP010218",4,TRUE,TRUE,TRUE,TRUE
1,17931,"CP024922","CP019373","CP006428","CP011110","CP024922","CP011110","CP019373","CP006428",4,TRUE,TRUE,TRUE,TRUE
1,17932,"CP026018","CP019369","CP007332","CP011298","CP026018","CP011298","CP019369","CP007332",4,TRUE,TRUE,TRUE,TRUE
1,17974,"CP025825","CP019338","CP007318","CP011295","CP025825","CP011295","CP019338","CP007318",4,TRUE,TRUE,TRUE,TRUE
1,17975,"CP022328","CP018187","CP006278","CP011027","CP022328","CP011027","CP018187","CP006278",4,TRUE,TRUE,TRUE,TRUE
1,18024,"CP022173","CP018434","CP005994","CP010938","CP022173","CP010938","CP018434","CP005994",4,TRUE,TRUE,TRUE,TRUE
1,18328,"CP025008","CP018676","CP007160","CP011076","CP025008","CP011076","CP018676","CP007160",4,TRUE,TRUE,TRUE,TRUE
1,18376,"CP024012","CP018679","CP006976","CP010993","CP024012","CP010993","CP018679","CP006976",4,TRUE,TRUE,TRUE,TRUE
1,18419,"CP023805","CP018032","CP006865","CP010994","CP023805","CP010994","CP018032","CP006865",4,TRUE,TRUE,TRUE,TRUE
1,18727,"CP023778","CP018333","CP006839","CP010857","CP023778","CP010857","CP018333","CP006839",4,TRUE,TRUE,TRUE,TRUE
1,18764,"CP021720","CP016663","CP005996","CP010911","CP021720","CP010911","CP016663","CP005996",4,TRUE,TRUE,TRUE,TRUE
1,19020,"CP025339","CP018980","CP007228","CP011150","CP025339","CP011150","CP018980","CP007228",4,TRUE,TRUE,TRUE,TRUE
1,19408,"CP031212","CP023831","CP010906","CP012986","CP031212","CP012986","CP023831","CP010906",4,TRUE,TRUE,TRUE,TRUE
1,19453,"CP023853","CP018702","CP006866","CP011082","CP023853","CP011082","CP018702","CP006866",4,TRUE,TRUE,TRUE,TRUE
1,19514,"CP028977","CP024032","CP010910","CP012248","CP028977","CP012248","CP024032","CP010910",4,TRUE,TRUE,TRUE,TRUE
1,19710,"CP025260","CP018904","CP007205","CP011135","CP025260","CP011135","CP018904","CP007205",4,TRUE,TRUE,TRUE,TRUE
1,20107,"CP025818","CP019320","CP007310","CP011294","CP025818","CP011294","CP019320","CP007310",4,TRUE,TRUE,TRUE,TRUE
1,20690,"CP025319","CP018859","CP007210","CP011132","CP025319","CP011132","CP018859","CP007210",4,TRUE,TRUE,TRUE,TRUE
1,20694,"CP023938","CP018069","CP006286","CP010774","CP023938","CP010774","CP018069","CP006286",4,TRUE,TRUE,TRUE,TRUE
1,20772,"CP024811","CP018384","CP007051","CP011096","CP024811","CP011096","CP018384","CP007051",4,TRUE,TRUE,TRUE,TRUE
1,365,"CP026154","CP019575","CP007393","CP011344","CP026154","CP011344","CP019575","CP007393",4,TRUE,TRUE,TRUE,TRUE
1,373,"CP031197","CP023548","CP010956","CP012861","CP031197","CP012861","CP023548","CP010956",4,TRUE,TRUE,TRUE,TRUE
1,572,"CP024837","CP018365","CP006855","CP011122","CP024837","CP011122","CP018365","CP006855",4,TRUE,TRUE,TRUE,TRUE
1,642,"CP023854","CP017702","CP006688","CP011054","CP023854","CP011054","CP017702","CP006688",4,TRUE,TRUE,TRUE,TRUE
1,954,"CP031836","CP023510","CP010221","CP012686","CP031836","CP012686","CP023510","CP010221",4,TRUE,TRUE,TRUE,TRUE
1,1374,"CP032514","CP021382","CP010986","CP012202","CP032514","CP012202","CP021382","CP010986",4,TRUE,TRUE,TRUE,TRUE
1,1399,"CP029082","CP023896","CP010047","CP012267","CP029082","CP012267","CP023896","CP010047",4,TRUE,TRUE,TRUE,TRUE
1,1534,"CP029237","CP021391","CP009312","CP012262","CP029237","CP012262","CP021391","CP009312",4,TRUE,TRUE,TRUE,TRUE
1,1754,"CP027831","CP020307","CP008771","CP011879","CP027831","CP011879","CP020307","CP008771",4,TRUE,TRUE,TRUE,TRUE
1,1789,"CP032521","CP021404","CP010989","CP012334","CP032521","CP012334","CP021404","CP010989",4,TRUE,TRUE,TRUE,TRUE
1,1964,"CP031506","CP024314","CP010998","CP012338","CP031506","CP012338","CP024314","CP010998",4,TRUE,TRUE,TRUE,TRUE
1,2000,"CP029309","CP021409","CP011003","CP012323","CP029309","CP012323","CP021409","CP011003",4,TRUE,TRUE,TRUE,TRUE
1,2366,"CP021981","CP014490","CP006153","CP010713","CP021981","CP010713","CP014490","CP006153",4,TRUE,TRUE,TRUE,TRUE
1,2384,"CP031512","CP022987","CP011030","CP012460","CP031512","CP012460","CP022987","CP011030",4,TRUE,TRUE,TRUE,TRUE
1,2663,"CP032588","CP021419","CP011035","CP012200","CP032588","CP012200","CP021419","CP011035",4,TRUE,TRUE,TRUE,TRUE
1,2673,"CP025977","CP018756","CP007307","CP011125","CP025977","CP011125","CP018756","CP007307",4,TRUE,TRUE,TRUE,TRUE
1,2694,"CP032589","CP021425","CP011039","CP012220","CP032589","CP012220","CP021425","CP011039",4,TRUE,TRUE,TRUE,TRUE
1,2711,"CP025621","CP018760","CP007162","CP011087","CP025621","CP011087","CP018760","CP007162",4,TRUE,TRUE,TRUE,TRUE
1,2742,"CP025320","CP018761","CP007137","CP011088","CP025320","CP011088","CP018761","CP007137",4,TRUE,TRUE,TRUE,TRUE
1,2774,"CP024930","CP018135","CP007001","CP011085","CP024930","CP011085","CP018135","CP007001",4,TRUE,TRUE,TRUE,TRUE
1,2829,"CP028843","CP021433","CP009542","CP012226","CP028843","CP012226","CP021433","CP009542",4,TRUE,TRUE,TRUE,TRUE
1,3004,"CP030188","CP023057","CP009673","CP012533","CP030188","CP012533","CP023057","CP009673",4,TRUE,TRUE,TRUE,TRUE
1,3041,"CP024566","CP018093","CP006699","CP011030","CP024566","CP011030","CP018093","CP006699",4,TRUE,TRUE,TRUE,TRUE
1,3055,"CP031518","CP021439","CP011041","CP012345","CP031518","CP012345","CP021439","CP011041",4,TRUE,TRUE,TRUE,TRUE
1,3203,"CP024956","CP018165","CP007002","CP011022","CP024956","CP011022","CP018165","CP007002",4,TRUE,TRUE,TRUE,TRUE
1,3248,"CP023888","CP017921","CP006869","CP010957","CP023888","CP010957","CP017921","CP006869",4,TRUE,TRUE,TRUE,TRUE
1,3396,"CP032625","CP023112","CP011051","CP012461","CP032625","CP012461","CP023112","CP011051",4,TRUE,TRUE,TRUE,TRUE
1,3411,"CP021343","CP014663","CP005967","CP010699","CP021343","CP010699","CP014663","CP005967",4,TRUE,TRUE,TRUE,TRUE
1,3632,"CP024496","CP018168","CP006702","CP011080","CP024496","CP011080","CP018168","CP006702",4,TRUE,TRUE,TRUE,TRUE
1,3759,"CP032653","CP024296","CP011057","CP012246","CP032653","CP012246","CP024296","CP011057",4,TRUE,TRUE,TRUE,TRUE
1,3878,"CP028806","CP023773","CP009299","CP012219","CP028806","CP012219","CP023773","CP009299",4,TRUE,TRUE,TRUE,TRUE
1,4004,"CP024497","CP018337","CP006841","CP010775","CP024497","CP010775","CP018337","CP006841",4,TRUE,TRUE,TRUE,TRUE
1,4084,"CP031519","CP025082","CP011063","CP012343","CP031519","CP012343","CP025082","CP011063",4,TRUE,TRUE,TRUE,TRUE
1,4109,"CP032665","CP023172","CP011065","CP012308","CP032665","CP012308","CP023172","CP011065",4,TRUE,TRUE,TRUE,TRUE
1,4182,"CP029203","CP023780","CP009507","CP012307","CP029203","CP012307","CP023780","CP009507",4,TRUE,TRUE,TRUE,TRUE
1,4723,"CP032719","CP024100","CP011074","CP012237","CP032719","CP012237","CP024100","CP011074",4,TRUE,TRUE,TRUE,TRUE
1,4748,"CP029067","CP020794","CP011075","CP012209","CP029067","CP012209","CP020794","CP011075",4,TRUE,TRUE,TRUE,TRUE
1,4821,"CP028905","CP020774","CP009328","CP012210","CP028905","CP012210","CP020774","CP009328",4,TRUE,TRUE,TRUE,TRUE
1,4875,"CP026370","CP019572","CP007797","CP011363","CP026370","CP011363","CP019572","CP007797",4,TRUE,TRUE,TRUE,TRUE
1,4966,"CP026348","CP019580","CP007593","CP011364","CP026348","CP011364","CP019580","CP007593",4,TRUE,TRUE,TRUE,TRUE
1,5011,"CP031522","CP021455","CP011083","CP012305","CP031522","CP012305","CP021455","CP011083",4,TRUE,TRUE,TRUE,TRUE
1,5295,"CP024206","CP018096","CP006790","CP011006","CP024206","CP011006","CP018096","CP006790",4,TRUE,TRUE,TRUE,TRUE
1,5384,"CP029156","CP020566","CP009204","CP012189","CP029156","CP012189","CP020566","CP009204",4,TRUE,TRUE,TRUE,TRUE
1,5411,"CP023442","CP017814","CP006502","CP010798","CP023442","CP010798","CP017814","CP006502",4,TRUE,TRUE,TRUE,TRUE
1,5554,"CP032725","CP023242","CP011091","CP012212","CP032725","CP012212","CP023242","CP011091",4,TRUE,TRUE,TRUE,TRUE
1,6023,"CP031821","CP021469","CP011099","CP012420","CP031821","CP012420","CP021469","CP011099",4,TRUE,TRUE,TRUE,TRUE
1,6037,"CP029758","CP021470","CP010608","CP012394","CP029758","CP012394","CP021470","CP010608",4,TRUE,TRUE,TRUE,TRUE
1,6268,"CP029069","CP020948","CP011100","CP012208","CP029069","CP012208","CP020948","CP011100",4,TRUE,TRUE,TRUE,TRUE
1,6705,"CP030969","CP023296","CP010727","CP012395","CP030969","CP012395","CP023296","CP010727",4,TRUE,TRUE,TRUE,TRUE
2,292092,"CP035814","CP028446","CP011994","CP013193","CP035814","CP013193","CP028446","CP011994",4,TRUE,TRUE,TRUE,TRUE
2,292138,"CP035451","CP028264","CP011853","CP013002","CP035451","CP013002","CP028264","CP011853",4,TRUE,TRUE,TRUE,TRUE
2,292282,"CP033621","CP032647","CP011295","CP013102","CP033621","CP013102","CP032647","CP011295",4,TRUE,TRUE,TRUE,TRUE
2,294349,"CP036781","CP028787","CP012371","CP013224","CP036781","CP013224","CP028787","CP012371",4,TRUE,TRUE,TRUE,TRUE
2,278212,"CP037300","CP028802","CP012459","CP013245","CP037300","CP013245","CP028802","CP012459",4,TRUE,TRUE,TRUE,TRUE
2,283177,"CP035821","CP029216","CP011972","CP013057","CP035821","CP013057","CP029216","CP011972",4,TRUE,TRUE,TRUE,TRUE
2,284233,"CP038255","CP029531","CP012581","CP013362","CP038255","CP013362","CP029531","CP012581",4,TRUE,TRUE,TRUE,TRUE
2,287699,"CP038191","CP030063","CP012568","CP013364","CP038191","CP013364","CP030063","CP012568",4,TRUE,TRUE,TRUE,TRUE
2,288767,"CP035598","CP028856","CP012017","CP013039","CP035598","CP013039","CP028856","CP012017",4,TRUE,TRUE,TRUE,TRUE
2,288811,"CP036803","CP030167","CP012394","CP013228","CP036803","CP013228","CP030167","CP012394",4,TRUE,TRUE,TRUE,TRUE
2,288876,"CP038220","CP029615","CP012560","CP013365","CP038220","CP013365","CP029615","CP012560",4,TRUE,TRUE,TRUE,TRUE
2,288913,"CP036400","CP028862","CP012156","CP013180","CP036400","CP013180","CP028862","CP012156",4,TRUE,TRUE,TRUE,TRUE
2,288948,"CP041750","CP031987","CP014827","CP015100","CP041750","CP015100","CP031987","CP014827",4,TRUE,TRUE,TRUE,TRUE
2,289150,"CP037396","CP028876","CP012463","CP013248","CP037396","CP013248","CP028876","CP012463",4,TRUE,TRUE,TRUE,TRUE
2,289214,"CP037234","CP028878","CP012442","CP013238","CP037234","CP013238","CP028878","CP012442",4,TRUE,TRUE,TRUE,TRUE
2,289358,"CP044303","CP035715","CP015804","CP013663","CP044303","CP013663","CP035715","CP015804",4,TRUE,TRUE,TRUE,TRUE
2,289720,"CP038235","CP029541","CP012578","CP013388","CP038235","CP013388","CP029541","CP012578",4,TRUE,TRUE,TRUE,TRUE
2,290506,"CP036792","CP028735","CP012158","CP013181","CP036792","CP013181","CP028735","CP012158",4,TRUE,TRUE,TRUE,TRUE
2,290555,"CP037276","CP028948","CP012453","CP013229","CP037276","CP013229","CP028948","CP012453",4,TRUE,TRUE,TRUE,TRUE
2,290592,"CP036836","CP029268","CP012396","CP013227","CP036836","CP013227","CP029268","CP012396",4,TRUE,TRUE,TRUE,TRUE
2,290835,"CP043845","CP031306","CP014572","CP014082","CP043845","CP014082","CP031306","CP014572",4,TRUE,TRUE,TRUE,TRUE
2,290979,"CP038498","CP029522","CP012661","CP013402","CP038498","CP013402","CP029522","CP012661",4,TRUE,TRUE,TRUE,TRUE
2,291034,"CP038282","CP029471","CP012588","CP013390","CP038282","CP013390","CP029471","CP012588",4,TRUE,TRUE,TRUE,TRUE
2,291158,"CP037437","CP029244","CP012498","CP013230","CP037437","CP013230","CP029244","CP012498",4,TRUE,TRUE,TRUE,TRUE
2,291280,"CP036215","CP028982","CP011936","CP013182","CP036215","CP013182","CP028982","CP011936",4,TRUE,TRUE,TRUE,TRUE
2,291511,"CP038609","CP035766","CP012623","CP013422","CP038609","CP013422","CP035766","CP012623",4,TRUE,TRUE,TRUE,TRUE
2,291844,"CP040089","CP030828","CP013575","CP013593","CP040089","CP013593","CP030828","CP013575",4,TRUE,TRUE,TRUE,TRUE
2,291868,"CP038239","CP029516","CP012580","CP013384","CP038239","CP013384","CP029516","CP012580",4,TRUE,TRUE,TRUE,TRUE
2,291957,"CP039351","CP031076","CP013202","CP013519","CP039351","CP013519","CP031076","CP013202",4,TRUE,TRUE,TRUE,TRUE
2,292003,"CP033276","CP025107","CP011228","CP013049","CP033276","CP013049","CP025107","CP011228",4,TRUE,TRUE,TRUE,TRUE
2,292337,"CP036299","CP029353","CP012340","CP013093","CP036299","CP013093","CP029353","CP012340",4,TRUE,TRUE,TRUE,TRUE
2,292458,"CP036175","CP027860","CP012067","CP013005","CP036175","CP013005","CP027860","CP012067",4,TRUE,TRUE,TRUE,TRUE
2,292706,"CP040298","CP030952","CP013734","CP013685","CP040298","CP013685","CP030952","CP013734",4,TRUE,TRUE,TRUE,TRUE
2,292723,"CP042246","CP033557","CP014681","CP014381","CP042246","CP014381","CP033557","CP014681",4,TRUE,TRUE,TRUE,TRUE
2,292905,"CP044145","CP034881","CP015275","CP014419","CP044145","CP014419","CP034881","CP015275",4,TRUE,TRUE,TRUE,TRUE
2,293064,"CP040128","CP031083","CP013605","CP013617","CP040128","CP013617","CP031083","CP013605",4,TRUE,TRUE,TRUE,TRUE
2,293334,"CP037244","CP028656","CP012456","CP013112","CP037244","CP013112","CP028656","CP012456",4,TRUE,TRUE,TRUE,TRUE
2,293986,"CP044152","CP034828","CP015520","CP014731","CP044152","CP014731","CP034828","CP015520",4,TRUE,TRUE,TRUE,TRUE
2,294053,"CP037397","CP029082","CP012479","CP013241","CP037397","CP013241","CP029082","CP012479",4,TRUE,TRUE,TRUE,TRUE
2,294425,"CP038873","CP030239","CP012669","CP013434","CP038873","CP013434","CP030239","CP012669",4,TRUE,TRUE,TRUE,TRUE
2,294538,"CP039893","CP030714","CP013501","CP013582","CP039893","CP013582","CP030714","CP013501",4,TRUE,TRUE,TRUE,TRUE
2,294595,"CP036181","CP035281","CP012072","CP013211","CP036181","CP013211","CP035281","CP012072",4,TRUE,TRUE,TRUE,TRUE
2,294616,"CP041675","CP035280","CP014555","CP014305","CP041675","CP014305","CP035280","CP014555",4,TRUE,TRUE,TRUE,TRUE
2,294872,"CP037190","CP029754","CP012427","CP013242","CP037190","CP013242","CP029754","CP012427",4,TRUE,TRUE,TRUE,TRUE
2,295362,"CP037457","CP029133","CP012489","CP013010","CP037457","CP013010","CP029133","CP012489",4,TRUE,TRUE,TRUE,TRUE
2,295858,"CP044154","CP035010","CP016124","CP015144","CP044154","CP015144","CP035010","CP016124",4,TRUE,TRUE,TRUE,TRUE
2,296065,"CP040331","CP030954","CP013795","CP013793","CP040331","CP013793","CP030954","CP013795",4,TRUE,TRUE,TRUE,TRUE
2,296668,"CP035048","CP028464","CP011427","CP012999","CP035048","CP012999","CP028464","CP011427",4,TRUE,TRUE,TRUE,TRUE
2,296943,"CP036341","CP029303","CP012310","CP013203","CP036341","CP013203","CP029303","CP012310",4,TRUE,TRUE,TRUE,TRUE
2,297405,"CP042003","CP032257","CP014672","CP014355","CP042003","CP014355","CP032257","CP014672",4,TRUE,TRUE,TRUE,TRUE
2,297561,"CP035397","CP028351","CP011829","CP013127","CP035397","CP013127","CP028351","CP011829",4,TRUE,TRUE,TRUE,TRUE
2,277304,"CP042108","CP031618","CP014700","CP014350","CP042108","CP014350","CP031618","CP014700",4,TRUE,TRUE,TRUE,TRUE
2,277660,"CP040823","CP031156","CP014085","CP013992","CP040823","CP013992","CP031156","CP014085",4,TRUE,TRUE,TRUE,TRUE
2,277997,"CP042109","CP034276","CP014767","CP014359","CP042109","CP014359","CP034276","CP014767",4,TRUE,TRUE,TRUE,TRUE
2,278408,"CP045631","CP032343","CP016200","CP014403","CP045631","CP014403","CP032343","CP016200",4,TRUE,TRUE,TRUE,TRUE
2,278594,"CP042302","CP032357","CP016208","CP014388","CP042302","CP014388","CP032357","CP016208",4,TRUE,TRUE,TRUE,TRUE
2,278985,"CP045677","CP032360","CP016219","CP014421","CP045677","CP014421","CP032360","CP016219",4,TRUE,TRUE,TRUE,TRUE
2,279143,"CP038812","CP030057","CP012650","CP013437","CP038812","CP013437","CP030057","CP012650",4,TRUE,TRUE,TRUE,TRUE
2,279269,"CP044793","CP032372","CP016224","CP014341","CP044793","CP014341","CP032372","CP016224",4,TRUE,TRUE,TRUE,TRUE
2,279643,"CP045748","CP034470","CP016228","CP014405","CP045748","CP014405","CP034470","CP016228",4,TRUE,TRUE,TRUE,TRUE
2,280369,"CP045778","CP035377","CP016246","CP014308","CP045778","CP014308","CP035377","CP016246",4,TRUE,TRUE,TRUE,TRUE
2,280398,"CP045780","CP031789","CP016247","CP014323","CP045780","CP014323","CP031789","CP016247",4,TRUE,TRUE,TRUE,TRUE
2,280559,"CP039175","CP030324","CP013077","CP013497","CP039175","CP013497","CP030324","CP013077",4,TRUE,TRUE,TRUE,TRUE
2,280983,"CP045804","CP032425","CP016262","CP014490","CP045804","CP014490","CP032425","CP016262",4,TRUE,TRUE,TRUE,TRUE
2,281008,"CP045807","CP032426","CP016263","CP014426","CP045807","CP014426","CP032426","CP016263",4,TRUE,TRUE,TRUE,TRUE
2,281015,"CP036228","CP028409","CP011898","CP013205","CP036228","CP013205","CP028409","CP011898",4,TRUE,TRUE,TRUE,TRUE
2,281092,"CP041968","CP031458","CP014503","CP014293","CP041968","CP014293","CP031458","CP014503",4,TRUE,TRUE,TRUE,TRUE
2,281308,"CP045811","CP035094","CP016265","CP014303","CP045811","CP014303","CP035094","CP016265",4,TRUE,TRUE,TRUE,TRUE
2,281382,"CP037389","CP028441","CP012388","CP013212","CP037389","CP013212","CP028441","CP012388",4,TRUE,TRUE,TRUE,TRUE
2,281401,"CP036433","CP028242","CP012080","CP013187","CP036433","CP013187","CP028242","CP012080",4,TRUE,TRUE,TRUE,TRUE
2,281472,"CP039213","CP030352","CP013058","CP013500","CP039213","CP013500","CP030352","CP013058",4,TRUE,TRUE,TRUE,TRUE
2,281695,"CP035806","CP028280","CP011556","CP013166","CP035806","CP013166","CP028280","CP011556",4,TRUE,TRUE,TRUE,TRUE
2,281829,"CP045844","CP032447","CP016277","CP014476","CP045844","CP014476","CP032447","CP016277",4,TRUE,TRUE,TRUE,TRUE
2,281925,"CP042033","CP031455","CP014469","CP014295","CP042033","CP014295","CP031455","CP014469",4,TRUE,TRUE,TRUE,TRUE
2,281932,"CP035629","CP028282","CP011700","CP013143","CP035629","CP013143","CP028282","CP011700",4,TRUE,TRUE,TRUE,TRUE
2,282006,"CP037166","CP029205","CP012414","CP013244","CP037166","CP013244","CP029205","CP012414",4,TRUE,TRUE,TRUE,TRUE
2,282096,"CP044641","CP032454","CP016281","CP014319","CP044641","CP014319","CP032454","CP016281",4,TRUE,TRUE,TRUE,TRUE
2,282240,"CP039256","CP030368","CP013096","CP013501","CP039256","CP013501","CP030368","CP013096",4,TRUE,TRUE,TRUE,TRUE
2,282591,"CP044396","CP035029","CP016288","CP014469","CP044396","CP014469","CP035029","CP016288",4,TRUE,TRUE,TRUE,TRUE
2,282827,"CP042385","CP031630","CP016018","CP014331","CP042385","CP014331","CP031630","CP016018",4,TRUE,TRUE,TRUE,TRUE
2,282838,"CP036192","CP028333","CP012112","CP013190","CP036192","CP013190","CP028333","CP012112",4,TRUE,TRUE,TRUE,TRUE
2,282846,"CP041951","CP031572","CP014603","CP014314","CP041951","CP014314","CP031572","CP014603",4,TRUE,TRUE,TRUE,TRUE
2,282943,"CP039302","CP030383","CP013016","CP013505","CP039302","CP013505","CP030383","CP013016",4,TRUE,TRUE,TRUE,TRUE
2,283093,"CP036409","CP028341","CP012010","CP013174","CP036409","CP013174","CP028341","CP012010",4,TRUE,TRUE,TRUE,TRUE
2,283165,"CP035277","CP029199","CP012436","CP013175","CP035277","CP013175","CP029199","CP012436",4,TRUE,TRUE,TRUE,TRUE
2,283276,"CP043799","CP032481","CP015989","CP014462","CP043799","CP014462","CP032481","CP015989",4,TRUE,TRUE,TRUE,TRUE
2,283705,"CP036366","CP028228","CP011947","CP013191","CP036366","CP013191","CP028228","CP011947",4,TRUE,TRUE,TRUE,TRUE
2,285032,"CP034311","CP027867","CP011405","CP013001","CP034311","CP013001","CP027867","CP011405",4,TRUE,TRUE,TRUE,TRUE
3,475265,"CP053531","CP044567","CP019669","CP015256","CP053531","CP015256","CP044567","CP019669",4,TRUE,TRUE,TRUE,TRUE
3,481094,"CP052115","CP041365","CP019274","CP016339","CP052115","CP016339","CP041365","CP019274",4,TRUE,TRUE,TRUE,TRUE
3,481156,"CP047389","CP039190","CP016471","CP015206","CP047389","CP015206","CP039190","CP016471",4,TRUE,TRUE,TRUE,TRUE
3,481952,"CP048458","CP039360","CP017015","CP015148","CP048458","CP015148","CP039360","CP017015",4,TRUE,TRUE,TRUE,TRUE
3,482363,"CP049019","CP039344","CP017348","CP015351","CP049019","CP015351","CP039344","CP017348",4,TRUE,TRUE,TRUE,TRUE
3,482545,"CP047417","CP039181","CP016398","CP015207","CP047417","CP015207","CP039181","CP016398",4,TRUE,TRUE,TRUE,TRUE
3,482737,"CP054738","CP041222","CP020046","CP016190","CP054738","CP016190","CP041222","CP020046",4,TRUE,TRUE,TRUE,TRUE
3,483510,"CP050673","CP040721","CP018338","CP015687","CP050673","CP015687","CP040721","CP018338",4,TRUE,TRUE,TRUE,TRUE
3,483573,"CP052815","CP041433","CP019410","CP016367","CP052815","CP016367","CP041433","CP019410",4,TRUE,TRUE,TRUE,TRUE
3,484357,"CP054965","CP044617","CP020166","CP016545","CP054965","CP016545","CP044617","CP020166",4,TRUE,TRUE,TRUE,TRUE
3,485266,"CP049162","CP039443","CP017376","CP015354","CP049162","CP015354","CP039443","CP017376",4,TRUE,TRUE,TRUE,TRUE
3,485330,"CP048925","CP039380","CP017287","CP015323","CP048925","CP015323","CP039380","CP017287",4,TRUE,TRUE,TRUE,TRUE
3,485523,"CP047432","CP038885","CP016955","CP015177","CP047432","CP015177","CP038885","CP016955",4,TRUE,TRUE,TRUE,TRUE
3,485889,"CP052222","CP045052","CP019601","CP016480","CP052222","CP016480","CP045052","CP019601",4,TRUE,TRUE,TRUE,TRUE
3,486013,"CP048875","CP039450","CP017258","CP015362","CP048875","CP015362","CP039450","CP017258",4,TRUE,TRUE,TRUE,TRUE
3,486237,"CP051827","CP043594","CP019153","CP016267","CP051827","CP016267","CP043594","CP019153",4,TRUE,TRUE,TRUE,TRUE
3,486456,"CP048856","CP039376","CP017248","CP015358","CP048856","CP015358","CP039376","CP017248",4,TRUE,TRUE,TRUE,TRUE
3,486952,"CP054844","CP045119","CP021094","CP017155","CP054844","CP017155","CP045119","CP021094",4,TRUE,TRUE,TRUE,TRUE
3,487790,"CP048149","CP039267","CP017097","CP015214","CP048149","CP015214","CP039267","CP017097",4,TRUE,TRUE,TRUE,TRUE
3,488559,"CP055408","CP044716","CP020600","CP017067","CP055408","CP017067","CP044716","CP020600",4,TRUE,TRUE,TRUE,TRUE
3,488608,"CP049683","CP040131","CP017477","CP015577","CP049683","CP015577","CP040131","CP017477",4,TRUE,TRUE,TRUE,TRUE
3,488812,"CP056244","CP042160","CP021131","CP016520","CP056244","CP016520","CP042160","CP021131",4,TRUE,TRUE,TRUE,TRUE
3,488904,"CP051638","CP041148","CP019132","CP016165","CP051638","CP016165","CP041148","CP019132",4,TRUE,TRUE,TRUE,TRUE
3,488918,"CP048411","CP039186","CP017191","CP015339","CP048411","CP015339","CP039186","CP017191",4,TRUE,TRUE,TRUE,TRUE
3,488987,"CP049001","CP039395","CP017250","CP015315","CP049001","CP015315","CP039395","CP017250",4,TRUE,TRUE,TRUE,TRUE
3,489461,"CP048332","CP039187","CP017102","CP015324","CP048332","CP015324","CP039187","CP017102",4,TRUE,TRUE,TRUE,TRUE
3,489590,"CP056372","CP041568","CP021153","CP016465","CP056372","CP016465","CP041568","CP021153",4,TRUE,TRUE,TRUE,TRUE
3,489610,"CP052804","CP044937","CP019767","CP016476","CP052804","CP016476","CP044937","CP019767",4,TRUE,TRUE,TRUE,TRUE
3,471364,"CP056392","CP042194","CP021155","CP016517","CP056392","CP016517","CP042194","CP021155",4,TRUE,TRUE,TRUE,TRUE
3,471600,"CP047980","CP038672","CP016902","CP015182","CP047980","CP015182","CP038672","CP016902",4,TRUE,TRUE,TRUE,TRUE
3,471933,"CP056430","CP044109","CP021192","CP016548","CP056430","CP016548","CP044109","CP021192",4,TRUE,TRUE,TRUE,TRUE
3,472226,"CP056438","CP044153","CP021196","CP016468","CP056438","CP016468","CP044153","CP021196",4,TRUE,TRUE,TRUE,TRUE
3,472374,"CP052397","CP044896","CP019707","CP016445","CP052397","CP016445","CP044896","CP019707",4,TRUE,TRUE,TRUE,TRUE
3,472567,"CP049787","CP040134","CP017547","CP015586","CP049787","CP015586","CP040134","CP017547",4,TRUE,TRUE,TRUE,TRUE
3,472621,"CP055449","CP044202","CP021207","CP016500","CP055449","CP016500","CP044202","CP021207",4,TRUE,TRUE,TRUE,TRUE
3,472726,"CP052747","CP042215","CP019821","CP016509","CP052747","CP016509","CP042215","CP019821",4,TRUE,TRUE,TRUE,TRUE
3,473017,"CP053425","CP042218","CP021213","CP016611","CP053425","CP016611","CP042218","CP021213",4,TRUE,TRUE,TRUE,TRUE
3,473245,"CP056524","CP042227","CP021215","CP016446","CP056524","CP016446","CP042227","CP021215",4,TRUE,TRUE,TRUE,TRUE
3,473543,"CP056585","CP042232","CP021221","CP016526","CP056585","CP016526","CP042232","CP021221",4,TRUE,TRUE,TRUE,TRUE
3,473554,"CP047991","CP039247","CP016970","CP015219","CP047991","CP015219","CP039247","CP016970",4,TRUE,TRUE,TRUE,TRUE
3,473853,"CP055524","CP042233","CP021228","CP016600","CP055524","CP016600","CP042233","CP021228",4,TRUE,TRUE,TRUE,TRUE
3,474147,"CP056654","CP044949","CP021230","CP016438","CP056654","CP016438","CP044949","CP021230",4,TRUE,TRUE,TRUE,TRUE
3,474173,"CP055458","CP041535","CP021231","CP016435","CP055458","CP016435","CP041535","CP021231",4,TRUE,TRUE,TRUE,TRUE
3,474286,"CP049893","CP040147","CP017834","CP015591","CP049893","CP015591","CP040147","CP017834",4,TRUE,TRUE,TRUE,TRUE
3,474338,"CP048831","CP038793","CP017134","CP015316","CP048831","CP015316","CP038793","CP017134",4,TRUE,TRUE,TRUE,TRUE
3,474355,"CP048832","CP039110","CP017109","CP015310","CP048832","CP015310","CP039110","CP017109",4,TRUE,TRUE,TRUE,TRUE
3,474836,"CP047483","CP039088","CP016686","CP015163","CP047483","CP015163","CP039088","CP016686",4,TRUE,TRUE,TRUE,TRUE
3,474925,"CP056687","CP044423","CP021249","CP016439","CP056687","CP016439","CP044423","CP021249",4,TRUE,TRUE,TRUE,TRUE
3,475069,"CP049924","CP040163","CP017873","CP015595","CP049924","CP015595","CP040163","CP017873",4,TRUE,TRUE,TRUE,TRUE
3,475137,"CP054031","CP042447","CP020103","CP016829","CP054031","CP016829","CP042447","CP020103",4,TRUE,TRUE,TRUE,TRUE
3,475404,"CP055543","CP044449","CP021254","CP016589","CP055543","CP016589","CP044449","CP021254",4,TRUE,TRUE,TRUE,TRUE
3,475419,"CP054300","CP042261","CP020919","CP016579","CP054300","CP016579","CP042261","CP020919",4,TRUE,TRUE,TRUE,TRUE
3,476060,"CP055108","CP044491","CP020993","CP016580","CP055108","CP016580","CP044491","CP020993",4,TRUE,TRUE,TRUE,TRUE
3,476244,"CP054705","CP044703","CP020714","CP016797","CP054705","CP016797","CP044703","CP020714",4,TRUE,TRUE,TRUE,TRUE
3,476369,"CP047502","CP038046","CP016701","CP015198","CP047502","CP015198","CP038046","CP016701",4,TRUE,TRUE,TRUE,TRUE
3,476416,"CP046866","CP038150","CP016539","CP015199","CP046866","CP015199","CP038150","CP016539",4,TRUE,TRUE,TRUE,TRUE
3,477045,"CP047331","CP036506","CP016542","CP015202","CP047331","CP015202","CP036506","CP016542",4,TRUE,TRUE,TRUE,TRUE
3,478091,"CP048809","CP039143","CP017135","CP015322","CP048809","CP015322","CP039143","CP017135",4,TRUE,TRUE,TRUE,TRUE
3,478291,"CP047635","CP038727","CP016644","CP015204","CP047635","CP015204","CP038727","CP016644",4,TRUE,TRUE,TRUE,TRUE
4,690614,"CP060418","CP050475","CP022522","CP017743","CP060418","CP017743","CP050475","CP022522",4,TRUE,TRUE,TRUE,TRUE
4,690847,"CP059910","CP050121","CP022396","CP017747","CP059910","CP017747","CP050121","CP022396",4,TRUE,TRUE,TRUE,TRUE
4,692258,"CP061350","CP051019","CP022698","CP017878","CP061350","CP017878","CP051019","CP022698",4,TRUE,TRUE,TRUE,TRUE
4,692315,"CP058161","CP049533","CP021701","CP017232","CP058161","CP017232","CP049533","CP021701",4,TRUE,TRUE,TRUE,TRUE
4,693413,"CP057964","CP049493","CP021921","CP017330","CP057964","CP017330","CP049493","CP021921",4,TRUE,TRUE,TRUE,TRUE
4,693759,"CP061402","CP051020","CP022756","CP017753","CP061402","CP017753","CP051020","CP022756",4,TRUE,TRUE,TRUE,TRUE
4,694725,"CP059469","CP052481","CP022200","CP017373","CP059469","CP017373","CP052481","CP022200",4,TRUE,TRUE,TRUE,TRUE
4,696103,"CP060447","CP050520","CP022551","CP017746","CP060447","CP017746","CP050520","CP022551",4,TRUE,TRUE,TRUE,TRUE
4,696502,"CP060401","CP050452","CP022512","CP017699","CP060401","CP017699","CP050452","CP022512",4,TRUE,TRUE,TRUE,TRUE
4,698080,"CP059598","CP049542","CP022244","CP017375","CP059598","CP017375","CP049542","CP022244",4,TRUE,TRUE,TRUE,TRUE
4,698347,"CP059533","CP049494","CP022066","CP017194","CP059533","CP017194","CP049494","CP022066",4,TRUE,TRUE,TRUE,TRUE
4,682817,"CP059607","CP049795","CP022098","CP017413","CP059607","CP017413","CP049795","CP022098",4,TRUE,TRUE,TRUE,TRUE
4,682884,"CP059549","CP050075","CP022230","CP017224","CP059549","CP017224","CP050075","CP022230",4,TRUE,TRUE,TRUE,TRUE
4,688239,"CP059648","CP049456","CP022311","CP017237","CP059648","CP017237","CP049456","CP022311",4,TRUE,TRUE,TRUE,TRUE
4,688761,"CP064207","CP052989","CP024948","CP019474","CP064207","CP019474","CP052989","CP024948",4,TRUE,TRUE,TRUE,TRUE
4,689017,"CP059291","CP049817","CP022034","CP017283","CP059291","CP017283","CP049817","CP022034",4,TRUE,TRUE,TRUE,TRUE
4,690328,"CP058016","CP048781","CP021567","CP017200","CP058016","CP017200","CP048781","CP021567",4,TRUE,TRUE,TRUE,TRUE
4,690476,"CP058181","CP049822","CP021928","CP017160","CP058181","CP017160","CP049822","CP021928",4,TRUE,TRUE,TRUE,TRUE
4,690767,"CP059560","CP055880","CP022070","CP017539","CP059560","CP017539","CP055880","CP022070",4,TRUE,TRUE,TRUE,TRUE
4,690946,"CP059675","CP050150","CP022373","CP017385","CP059675","CP017385","CP050150","CP022373",4,TRUE,TRUE,TRUE,TRUE
4,691155,"CP059414","CP049399","CP022161","CP017195","CP059414","CP017195","CP049399","CP022161",4,TRUE,TRUE,TRUE,TRUE
4,691296,"CP059660","CP049721","CP022330","CP017541","CP059660","CP017541","CP049721","CP022330",4,TRUE,TRUE,TRUE,TRUE
4,691621,"CP066279","CP052267","CP024438","CP018479","CP066279","CP018479","CP052267","CP024438",4,TRUE,TRUE,TRUE,TRUE
4,691668,"CP060414","CP050955","CP022525","CP017745","CP060414","CP017745","CP050955","CP022525",4,TRUE,TRUE,TRUE,TRUE
4,692021,"CP063021","CP052053","CP024042","CP018135","CP063021","CP018135","CP052053","CP024042",4,TRUE,TRUE,TRUE,TRUE
4,692064,"CP061767","CP051522","CP022950","CP017929","CP061767","CP017929","CP051522","CP022950",4,TRUE,TRUE,TRUE,TRUE
4,692532,"CP057193","CP045863","CP021353","CP017204","CP057193","CP017204","CP045863","CP021353",4,TRUE,TRUE,TRUE,TRUE
4,692862,"CP059474","CP050048","CP022264","CP017395","CP059474","CP017395","CP050048","CP022264",4,TRUE,TRUE,TRUE,TRUE
4,692924,"CP057862","CP049495","CP021686","CP017414","CP057862","CP017414","CP049495","CP021686",4,TRUE,TRUE,TRUE,TRUE
4,693088,"CP061444","CP051056","CP022780","CP017900","CP061444","CP017900","CP051056","CP022780",4,TRUE,TRUE,TRUE,TRUE
4,693185,"CP059039","CP049515","CP021976","CP017245","CP059039","CP017245","CP049515","CP021976",4,TRUE,TRUE,TRUE,TRUE
4,693188,"CP060520","CP050959","CP022560","CP017794","CP060520","CP017794","CP050959","CP022560",4,TRUE,TRUE,TRUE,TRUE
4,693377,"CP066555","CP055541","CP025425","CP018827","CP066555","CP018827","CP055541","CP025425",4,TRUE,TRUE,TRUE,TRUE
4,693512,"CP062749","CP053106","CP023723","CP018071","CP062749","CP018071","CP053106","CP023723",4,TRUE,TRUE,TRUE,TRUE
4,693753,"CP061478","CP051173","CP022758","CP017882","CP061478","CP017882","CP051173","CP022758",4,TRUE,TRUE,TRUE,TRUE
4,694072,"CP061430","CP051018","CP022778","CP017796","CP061430","CP017796","CP051018","CP022778",4,TRUE,TRUE,TRUE,TRUE
4,694108,"CP061431","CP051039","CP022772","CP017797","CP061431","CP017797","CP051039","CP022772",4,TRUE,TRUE,TRUE,TRUE
4,694129,"CP059339","CP049694","CP022172","CP017415","CP059339","CP017415","CP049694","CP022172",4,TRUE,TRUE,TRUE,TRUE
4,694261,"CP062948","CP056214","CP024382","CP018138","CP062948","CP018138","CP056214","CP024382",4,TRUE,TRUE,TRUE,TRUE
4,694292,"CP058867","CP050040","CP021754","CP017264","CP058867","CP017264","CP050040","CP021754",4,TRUE,TRUE,TRUE,TRUE
4,694427,"CP058868","CP049620","CP021717","CP017169","CP058868","CP017169","CP049620","CP021717",4,TRUE,TRUE,TRUE,TRUE
4,694600,"CP061482","CP051703","CP022790","CP017903","CP061482","CP017903","CP051703","CP022790",4,TRUE,TRUE,TRUE,TRUE
4,694631,"CP059710","CP049964","CP022365","CP017522","CP059710","CP017522","CP049964","CP022365",4,TRUE,TRUE,TRUE,TRUE
4,694805,"CP060193","CP050658","CP022437","CP017702","CP060193","CP017702","CP050658","CP022437",4,TRUE,TRUE,TRUE,TRUE
4,694979,"CP059342","CP049572","CP021880","CP017426","CP059342","CP017426","CP049572","CP021880",4,TRUE,TRUE,TRUE,TRUE
4,694991,"CP062512","CP051840","CP023627","CP018028","CP062512","CP018028","CP051840","CP023627",4,TRUE,TRUE,TRUE,TRUE
4,695065,"CP064198","CP056029","CP024744","CP018756","CP064198","CP018756","CP056029","CP024744",4,TRUE,TRUE,TRUE,TRUE
4,695095,"CP061780","CP051486","CP022952","CP017930","CP061780","CP017930","CP051486","CP022952",4,TRUE,TRUE,TRUE,TRUE
4,695130,"CP061453","CP051032","CP022760","CP017885","CP061453","CP017885","CP051032","CP022760",4,TRUE,TRUE,TRUE,TRUE
4,695167,"CP061410","CP050964","CP022716","CP017799","CP061410","CP017799","CP050964","CP022716",4,TRUE,TRUE,TRUE,TRUE
4,695350,"CP061255","CP051176","CP022781","CP017902","CP061255","CP017902","CP051176","CP022781",4,TRUE,TRUE,TRUE,TRUE
4,695479,"CP066617","CP055622","CP026046","CP019382","CP066617","CP019382","CP055622","CP026046",4,TRUE,TRUE,TRUE,TRUE
4,695640,"CP061781","CP051660","CP022953","CP017931","CP061781","CP017931","CP051660","CP022953",4,TRUE,TRUE,TRUE,TRUE
4,695678,"CP058758","CP049001","CP021507","CP017231","CP058758","CP017231","CP049001","CP021507",4,TRUE,TRUE,TRUE,TRUE
4,696188,"CP059594","CP049352","CP022220","CP017511","CP059594","CP017511","CP049352","CP022220",4,TRUE,TRUE,TRUE,TRUE
4,696381,"CP066596","CP055951","CP026268","CP019425","CP066596","CP019425","CP055951","CP026268",4,TRUE,TRUE,TRUE,TRUE
4,696697,"CP062788","CP049991","CP022521","CP017549","CP062788","CP017549","CP049991","CP022521",4,TRUE,TRUE,TRUE,TRUE
4,696730,"CP059884","CP049526","CP022336","CP017524","CP059884","CP017524","CP049526","CP022336",4,TRUE,TRUE,TRUE,TRUE
4,696897,"CP058610","CP049469","CP021762","CP017439","CP058610","CP017439","CP049469","CP021762",4,TRUE,TRUE,TRUE,TRUE
4,697249,"CP061468","CP050913","CP022789","CP017888","CP061468","CP017888","CP050913","CP022789",4,TRUE,TRUE,TRUE,TRUE
4,697290,"CP064058","CP052891","CP024545","CP018594","CP064058","CP018594","CP052891","CP024545",4,TRUE,TRUE,TRUE,TRUE
4,697873,"CP060365","CP050432","CP022491","CP017704","CP060365","CP017704","CP050432","CP022491",4,TRUE,TRUE,TRUE,TRUE
4,697945,"CP064493","CP055855","CP024855","CP018757","CP064493","CP018757","CP055855","CP024855",4,TRUE,TRUE,TRUE,TRUE
4,698133,"CP066958","CP055672","CP025793","CP019369","CP066958","CP019369","CP055672","CP025793",4,TRUE,TRUE,TRUE,TRUE
4,698210,"CP061570","CP051288","CP022825","CP017912","CP061570","CP017912","CP051288","CP022825",4,TRUE,TRUE,TRUE,TRUE
4,698217,"CP066563","CP055641","CP026317","CP019391","CP066563","CP019391","CP055641","CP026317",4,TRUE,TRUE,TRUE,TRUE
4,698332,"CP060367","CP050875","CP022492","CP017732","CP060367","CP017732","CP050875","CP022492",4,TRUE,TRUE,TRUE,TRUE
4,698354,"CP060368","CP050406","CP022493","CP017705","CP060368","CP017705","CP050406","CP022493",4,TRUE,TRUE,TRUE,TRUE
4,698823,"CP060407","CP050443","CP022518","CP017735","CP060407","CP017735","CP050443","CP022518",4,TRUE,TRUE,TRUE,TRUE
4,698844,"CP066119","CP054916","CP026342","CP018898","CP066119","CP018898","CP054916","CP026342",4,TRUE,TRUE,TRUE,TRUE
4,698950,"CP060931","CP050693","CP022666","CP017805","CP060931","CP017805","CP050693","CP022666",4,TRUE,TRUE,TRUE,TRUE
4,679224,"CP064699","CP055636","CP024800","CP018764","CP064699","CP018764","CP055636","CP024800",4,TRUE,TRUE,TRUE,TRUE
4,679375,"CP067998","CP053289","CP024757","CP018765","CP067998","CP018765","CP053289","CP024757",4,TRUE,TRUE,TRUE,TRUE
4,679408,"CP064326","CP053295","CP024680","CP018741","CP064326","CP018741","CP053295","CP024680",4,TRUE,TRUE,TRUE,TRUE
4,679456,"CP059393","CP049546","CP021987","CP017422","CP059393","CP017422","CP049546","CP021987",4,TRUE,TRUE,TRUE,TRUE
4,679658,"CP067999","CP053300","CP026356","CP018806","CP067999","CP018806","CP053300","CP026356",4,TRUE,TRUE,TRUE,TRUE
4,680216,"CP058985","CP049431","CP022020","CP017364","CP058985","CP017364","CP049431","CP022020",4,TRUE,TRUE,TRUE,TRUE
4,680524,"CP068035","CP053323","CP026384","CP018709","CP068035","CP018709","CP053323","CP026384",4,TRUE,TRUE,TRUE,TRUE
4,680539,"CP064994","CP055958","CP024947","CP018843","CP064994","CP018843","CP055958","CP024947",4,TRUE,TRUE,TRUE,TRUE
4,680548,"CP068036","CP052623","CP026385","CP018726","CP068036","CP018726","CP052623","CP026385",4,TRUE,TRUE,TRUE,TRUE
4,680667,"CP064341","CP053332","CP024895","CP018734","CP064341","CP018734","CP053332","CP024895",4,TRUE,TRUE,TRUE,TRUE
4,680704,"CP059184","CP049371","CP021895","CP017366","CP059184","CP017366","CP049371","CP021895",4,TRUE,TRUE,TRUE,TRUE
4,680977,"CP059225","CP049532","CP022021","CP017481","CP059225","CP017481","CP049532","CP022021",4,TRUE,TRUE,TRUE,TRUE
4,681590,"CP057727","CP048379","CP021641","CP017179","CP057727","CP017179","CP048379","CP021641",4,TRUE,TRUE,TRUE,TRUE
4,681638,"CP068120","CP053352","CP026398","CP018728","CP068120","CP018728","CP053352","CP026398",4,TRUE,TRUE,TRUE,TRUE
4,681672,"CP068132","CP052596","CP026399","CP018725","CP068132","CP018725","CP052596","CP026399",4,TRUE,TRUE,TRUE,TRUE
4,681910,"CP066223","CP055478","CP025407","CP019158","CP066223","CP019158","CP055478","CP025407",4,TRUE,TRUE,TRUE,TRUE
4,681988,"CP066871","CP053367","CP026403","CP018783","CP066871","CP018783","CP053367","CP026403",4,TRUE,TRUE,TRUE,TRUE
4,682287,"CP067224","CP053372","CP026409","CP018905","CP067224","CP018905","CP053372","CP026409",4,TRUE,TRUE,TRUE,TRUE
4,682597,"CP061280","CP050919","CP022677","CP017809","CP061280","CP017809","CP050919","CP022677",4,TRUE,TRUE,TRUE,TRUE
4,682657,"CP068195","CP056077","CP026412","CP018707","CP068195","CP018707","CP056077","CP026412",4,TRUE,TRUE,TRUE,TRUE
4,682682,"CP065426","CP052665","CP026413","CP018719","CP065426","CP018719","CP052665","CP026413",4,TRUE,TRUE,TRUE,TRUE
4,682929,"CP060955","CP050881","CP022680","CP017812","CP060955","CP017812","CP050881","CP022680",4,TRUE,TRUE,TRUE,TRUE
4,683055,"CP064625","CP055319","CP026425","CP018780","CP064625","CP018780","CP055319","CP026425",4,TRUE,TRUE,TRUE,TRUE
4,683067,"CP060311","CP050703","CP022497","CP017737","CP060311","CP017737","CP050703","CP022497",4,TRUE,TRUE,TRUE,TRUE
4,683108,"CP060965","CP050801","CP022591","CP017814","CP060965","CP017814","CP050801","CP022591",4,TRUE,TRUE,TRUE,TRUE
4,683169,"CP061417","CP050746","CP022592","CP017815","CP061417","CP017815","CP050746","CP022592",4,TRUE,TRUE,TRUE,TRUE
4,683193,"CP061387","CP050802","CP022738","CP017890","CP061387","CP017890","CP050802","CP022738",4,TRUE,TRUE,TRUE,TRUE
4,683216,"CP061433","CP050951","CP022755","CP017891","CP061433","CP017891","CP050951","CP022755",4,TRUE,TRUE,TRUE,TRUE
4,683241,"CP061388","CP050897","CP022739","CP017816","CP061388","CP017816","CP050897","CP022739",4,TRUE,TRUE,TRUE,TRUE
4,683246,"CP067340","CP055329","CP026430","CP018890","CP067340","CP018890","CP055329","CP026430",4,TRUE,TRUE,TRUE,TRUE
4,683264,"CP061286","CP050883","CP022683","CP017817","CP061286","CP017817","CP050883","CP022683",4,TRUE,TRUE,TRUE,TRUE
4,683271,"CP067335","CP053384","CP026234","CP018881","CP067335","CP018881","CP053384","CP026234",4,TRUE,TRUE,TRUE,TRUE
4,683282,"CP061287","CP050747","CP022594","CP017818","CP061287","CP017818","CP050747","CP022594",4,TRUE,TRUE,TRUE,TRUE
4,683303,"CP061288","CP050705","CP022595","CP017819","CP061288","CP017819","CP050705","CP022595",4,TRUE,TRUE,TRUE,TRUE
4,683336,"CP059511","CP049559","CP022271","CP017535","CP059511","CP017535","CP049559","CP022271",4,TRUE,TRUE,TRUE,TRUE
4,683340,"CP060975","CP050884","CP022596","CP017892","CP060975","CP017892","CP050884","CP022596",4,TRUE,TRUE,TRUE,TRUE
4,683382,"CP060314","CP050329","CP022459","CP017713","CP060314","CP017713","CP050329","CP022459",4,TRUE,TRUE,TRUE,TRUE
4,683541,"CP068231","CP053391","CP026435","CP018720","CP068231","CP018720","CP053391","CP026435",4,TRUE,TRUE,TRUE,TRUE
4,683761,"CP059839","CP050028","CP022325","CP017550","CP059839","CP017550","CP050028","CP022325",4,TRUE,TRUE,TRUE,TRUE
4,683778,"CP060317","CP050412","CP022421","CP017716","CP060317","CP017716","CP050412","CP022421",4,TRUE,TRUE,TRUE,TRUE
4,683780,"CP059652","CP049580","CP022198","CP017529","CP059652","CP017529","CP049580","CP022198",4,TRUE,TRUE,TRUE,TRUE
4,683804,"CP059512","CP049535","CP022061","CP017517","CP059512","CP017517","CP049535","CP022061",4,TRUE,TRUE,TRUE,TRUE
4,684127,"CP064397","CP052458","CP024563","CP018700","CP064397","CP018700","CP052458","CP024563",4,TRUE,TRUE,TRUE,TRUE
4,684292,"CP064607","CP052751","CP026201","CP018721","CP064607","CP018721","CP052751","CP026201",4,TRUE,TRUE,TRUE,TRUE
4,684639,"CP059485","CP049445","CP021915","CP017430","CP059485","CP017430","CP049445","CP021915",4,TRUE,TRUE,TRUE,TRUE
4,685002,"CP064393","CP052578","CP024607","CP018710","CP064393","CP018710","CP052578","CP024607",4,TRUE,TRUE,TRUE,TRUE
4,685544,"CP066340","CP055598","CP025840","CP019120","CP066340","CP019120","CP055598","CP025840",4,TRUE,TRUE,TRUE,TRUE
4,686501,"CP060671","CP050671","CP022613","CP017822","CP060671","CP017822","CP050671","CP022613",4,TRUE,TRUE,TRUE,TRUE
4,686524,"CP061026","CP050717","CP022688","CP017824","CP061026","CP017824","CP050717","CP022688",4,TRUE,TRUE,TRUE,TRUE
4,686689,"CP061309","CP050757","CP022690","CP017893","CP061309","CP017893","CP050757","CP022690",4,TRUE,TRUE,TRUE,TRUE
4,686700,"CP061310","CP050718","CP022615","CP017826","CP061310","CP017826","CP050718","CP022615",4,TRUE,TRUE,TRUE,TRUE
4,686719,"CP061029","CP050807","CP022616","CP017827","CP061029","CP017827","CP050807","CP022616",4,TRUE,TRUE,TRUE,TRUE
4,686782,"CP061311","CP050808","CP022618","CP017830","CP061311","CP017830","CP050808","CP022618",4,TRUE,TRUE,TRUE,TRUE
4,686832,"CP061312","CP050674","CP022691","CP017831","CP061312","CP017831","CP050674","CP022691",4,TRUE,TRUE,TRUE,TRUE
4,686846,"CP061313","CP050809","CP022692","CP017832","CP061313","CP017832","CP050809","CP022692",4,TRUE,TRUE,TRUE,TRUE
4,687085,"CP061045","CP050649","CP022695","CP017838","CP061045","CP017838","CP050649","CP022695",4,TRUE,TRUE,TRUE,TRUE
4,687097,"CP061048","CP050846","CP022696","CP017839","CP061048","CP017839","CP050846","CP022696",4,TRUE,TRUE,TRUE,TRUE
4,687105,"CP061051","CP050761","CP022634","CP017840","CP061051","CP017840","CP050761","CP022634",4,TRUE,TRUE,TRUE,TRUE
5,717487,"CP085493","CP094221","CP031549","CP024819","CP085493","CP024819","CP094221","CP031549",4,TRUE,TRUE,TRUE,TRUE
5,709644,"CP085254","CP094383","CP031796","CP024840","CP085254","CP024840","CP094383","CP031796",4,TRUE,TRUE,TRUE,TRUE
5,710243,"CP086112","CP093874","CP032035","CP024861","CP086112","CP024861","CP093874","CP032035",4,TRUE,TRUE,TRUE,TRUE
5,712032,"CP086867","CP094602","CP032155","CP025021","CP086867","CP025021","CP094602","CP032155",4,TRUE,TRUE,TRUE,TRUE
5,712955,"CP086037","CP093914","CP031860","CP024820","CP086037","CP024820","CP093914","CP031860",4,TRUE,TRUE,TRUE,TRUE
5,714488,"CP086619","CP094497","CP032140","CP024862","CP086619","CP024862","CP094497","CP032140",4,TRUE,TRUE,TRUE,TRUE
5,716066,"CP093220","CP094598","CP035793","CP024870","CP093220","CP024870","CP094598","CP035793",4,TRUE,TRUE,TRUE,TRUE
5,716732,"CP088949","CP094258","CP034915","CP024854","CP088949","CP024854","CP094258","CP034915",4,TRUE,TRUE,TRUE,TRUE
5,701080,"CP086234","CP094915","CP031830","CP024844","CP086234","CP024844","CP094915","CP031830",4,TRUE,TRUE,TRUE,TRUE
5,702781,"CP087671","CP095309","CP033474","CP025195","CP087671","CP025195","CP095309","CP033474",4,TRUE,TRUE,TRUE,TRUE
5,703770,"CP086680","CP094594","CP035179","CP024866","CP086680","CP024866","CP094594","CP035179",4,TRUE,TRUE,TRUE,TRUE
5,709063,"CP093557","CP101824","CP035737","CP025482","CP093557","CP025482","CP101824","CP035737",4,TRUE,TRUE,TRUE,TRUE
5,709207,"CP086859","CP096650","CP031992","CP024973","CP086859","CP024973","CP096650","CP031992",4,TRUE,TRUE,TRUE,TRUE
5,709272,"CP087680","CP094949","CP032343","CP025189","CP087680","CP025189","CP094949","CP032343",4,TRUE,TRUE,TRUE,TRUE
5,709572,"CP086928","CP094697","CP032126","CP024991","CP086928","CP024991","CP094697","CP032126",4,TRUE,TRUE,TRUE,TRUE
5,709634,"CP085959","CP094335","CP031609","CP024928","CP085959","CP024928","CP094335","CP031609",4,TRUE,TRUE,TRUE,TRUE
5,709718,"CP087665","CP095276","CP032326","CP025154","CP087665","CP025154","CP095276","CP032326",4,TRUE,TRUE,TRUE,TRUE
5,709775,"CP086199","CP094708","CP031789","CP024960","CP086199","CP024960","CP094708","CP031789",4,TRUE,TRUE,TRUE,TRUE
5,710274,"CP084510","CP094065","CP031429","CP024821","CP084510","CP024821","CP094065","CP031429",4,TRUE,TRUE,TRUE,TRUE
5,710375,"CP093321","CP097467","CP034479","CP025921","CP093321","CP025921","CP097467","CP034479",4,TRUE,TRUE,TRUE,TRUE
5,710920,"CP087513","CP095277","CP032319","CP025155","CP087513","CP025155","CP095277","CP032319",4,TRUE,TRUE,TRUE,TRUE
5,711048,"CP087765","CP096688","CP032345","CP025197","CP087765","CP025197","CP096688","CP032345",4,TRUE,TRUE,TRUE,TRUE
5,711404,"CP085453","CP094522","CP031561","CP024856","CP085453","CP024856","CP094522","CP031561",4,TRUE,TRUE,TRUE,TRUE
5,711841,"CP086152","CP094761","CP031853","CP024845","CP086152","CP024845","CP094761","CP031853",4,TRUE,TRUE,TRUE,TRUE
5,711909,"CP087590","CP095018","CP032267","CP025156","CP087590","CP025156","CP095018","CP032267",4,TRUE,TRUE,TRUE,TRUE
5,712233,"CP093357","CP098714","CP035046","CP026262","CP093357","CP026262","CP098714","CP035046",4,TRUE,TRUE,TRUE,TRUE
5,712363,"CP088301","CP096059","CP032509","CP025308","CP088301","CP025308","CP096059","CP032509",4,TRUE,TRUE,TRUE,TRUE
5,712402,"CP089563","CP097291","CP033384","CP025446","CP089563","CP025446","CP097291","CP033384",4,TRUE,TRUE,TRUE,TRUE
5,712606,"CP085149","CP094406","CP031481","CP024859","CP085149","CP024859","CP094406","CP031481",4,TRUE,TRUE,TRUE,TRUE
5,713351,"CP090292","CP097354","CP033824","CP025824","CP090292","CP025824","CP097354","CP033824",4,TRUE,TRUE,TRUE,TRUE
5,713661,"CP089315","CP097061","CP033288","CP025408","CP089315","CP025408","CP097061","CP033288",4,TRUE,TRUE,TRUE,TRUE
5,713849,"CP090325","CP097456","CP034019","CP025808","CP090325","CP025808","CP097456","CP034019",4,TRUE,TRUE,TRUE,TRUE
5,714102,"CP093476","CP101184","CP035603","CP026827","CP093476","CP026827","CP101184","CP035603",4,TRUE,TRUE,TRUE,TRUE
5,714218,"CP086588","CP094379","CP031897","CP024997","CP086588","CP024997","CP094379","CP031897",4,TRUE,TRUE,TRUE,TRUE
5,714825,"CP086964","CP094605","CP032137","CP024869","CP086964","CP024869","CP094605","CP032137",4,TRUE,TRUE,TRUE,TRUE
5,714900,"CP090401","CP097577","CP033881","CP025875","CP090401","CP025875","CP097577","CP033881",4,TRUE,TRUE,TRUE,TRUE
5,714952,"CP093398","CP101443","CP035844","CP026933","CP093398","CP026933","CP101443","CP035844",4,TRUE,TRUE,TRUE,TRUE
5,715167,"CP089758","CP097173","CP033564","CP025613","CP089758","CP025613","CP097173","CP033564",4,TRUE,TRUE,TRUE,TRUE
5,716179,"CP088501","CP096342","CP032616","CP025313","CP088501","CP025313","CP096342","CP032616",4,TRUE,TRUE,TRUE,TRUE
5,716396,"CP088443","CP096357","CP032582","CP025321","CP088443","CP025321","CP096357","CP032582",4,TRUE,TRUE,TRUE,TRUE
5,716791,"CP088009","CP096366","CP032394","CP025299","CP088009","CP025299","CP096366","CP032394",4,TRUE,TRUE,TRUE,TRUE
5,716797,"CP093313","CP101254","CP035887","CP026833","CP093313","CP026833","CP101254","CP035887",4,TRUE,TRUE,TRUE,TRUE
5,716860,"CP092253","CP100353","CP034840","CP026455","CP092253","CP026455","CP100353","CP034840",4,TRUE,TRUE,TRUE,TRUE
5,716997,"CP094716","CP098489","CP035904","CP026254","CP094716","CP026254","CP098489","CP035904",4,TRUE,TRUE,TRUE,TRUE
5,717116,"CP091567","CP098010","CP034445","CP026194","CP091567","CP026194","CP098010","CP034445",4,TRUE,TRUE,TRUE,TRUE
5,717781,"CP091562","CP101460","CP034544","CP026207","CP091562","CP026207","CP101460","CP034544",4,TRUE,TRUE,TRUE,TRUE
5,717904,"CP091416","CP098532","CP034373","CP026157","CP091416","CP026157","CP098532","CP034373",4,TRUE,TRUE,TRUE,TRUE
5,699058,"CP090214","CP097362","CP033816","CP025817","CP090214","CP025817","CP097362","CP033816",4,TRUE,TRUE,TRUE,TRUE
5,699090,"CP094829","CP100500","CP035928","CP026255","CP094829","CP026255","CP100500","CP035928",4,TRUE,TRUE,TRUE,TRUE
5,699106,"CP088402","CP096755","CP032476","CP025290","CP088402","CP025290","CP096755","CP032476",4,TRUE,TRUE,TRUE,TRUE
5,699297,"CP088578","CP096363","CP032621","CP025319","CP088578","CP025319","CP096363","CP032621",4,TRUE,TRUE,TRUE,TRUE
5,699334,"CP088471","CP096223","CP032601","CP025311","CP088471","CP025311","CP096223","CP032601",4,TRUE,TRUE,TRUE,TRUE
5,699682,"CP088992","CP096345","CP032674","CP025306","CP088992","CP025306","CP096345","CP032674",4,TRUE,TRUE,TRUE,TRUE
5,699696,"CP094920","CP098576","CP035961","CP026288","CP094920","CP026288","CP098576","CP035961",4,TRUE,TRUE,TRUE,TRUE
5,699779,"CP088144","CP095665","CP032447","CP025302","CP088144","CP025302","CP095665","CP032447",4,TRUE,TRUE,TRUE,TRUE
5,699960,"CP094932","CP098590","CP035962","CP026153","CP094932","CP026153","CP098590","CP035962",4,TRUE,TRUE,TRUE,TRUE
5,699983,"CP087548","CP095215","CP032283","CP025159","CP087548","CP025159","CP095215","CP032283",4,TRUE,TRUE,TRUE,TRUE
5,700216,"CP087753","CP095319","CP032342","CP025201","CP087753","CP025201","CP095319","CP032342",4,TRUE,TRUE,TRUE,TRUE
5,700511,"CP085755","CP093829","CP031582","CP024849","CP085755","CP024849","CP093829","CP031582",4,TRUE,TRUE,TRUE,TRUE
5,700708,"CP094984","CP098622","CP035972","CP026346","CP094984","CP026346","CP098622","CP035972",4,TRUE,TRUE,TRUE,TRUE
5,700829,"CP087638","CP095120","CP032289","CP025153","CP087638","CP025153","CP095120","CP032289",4,TRUE,TRUE,TRUE,TRUE
5,701143,"CP095006","CP098633","CP035977","CP026190","CP095006","CP026190","CP098633","CP035977",4,TRUE,TRUE,TRUE,TRUE
5,701184,"CP093885","CP098638","CP035980","CP026169","CP093885","CP026169","CP098638","CP035980",4,TRUE,TRUE,TRUE,TRUE
5,701871,"CP092705","CP101077","CP034782","CP026436","CP092705","CP026436","CP101077","CP034782",4,TRUE,TRUE,TRUE,TRUE
5,702004,"CP095072","CP101568","CP035997","CP026176","CP095072","CP026176","CP101568","CP035997",4,TRUE,TRUE,TRUE,TRUE
5,702167,"CP088588","CP096340","CP032910","CP025329","CP088588","CP025329","CP096340","CP032910",4,TRUE,TRUE,TRUE,TRUE
5,702432,"CP085342","CP093683","CP031571","CP024852","CP085342","CP024852","CP093683","CP031571",4,TRUE,TRUE,TRUE,TRUE
5,702561,"CP093651","CP100879","CP036019","CP026309","CP093651","CP026309","CP100879","CP036019",4,TRUE,TRUE,TRUE,TRUE
5,702633,"CP091493","CP097662","CP034208","CP026139","CP091493","CP026139","CP097662","CP034208",4,TRUE,TRUE,TRUE,TRUE
5,702786,"CP095087","CP098680","CP036022","CP026165","CP095087","CP026165","CP098680","CP036022",4,TRUE,TRUE,TRUE,TRUE
5,703215,"CP093735","CP100928","CP036028","CP026310","CP093735","CP026310","CP100928","CP036028",4,TRUE,TRUE,TRUE,TRUE
5,703224,"CP092807","CP099035","CP034960","CP026573","CP092807","CP026573","CP099035","CP034960",4,TRUE,TRUE,TRUE,TRUE
5,703243,"CP092765","CP099028","CP034938","CP026574","CP092765","CP026574","CP099028","CP034938",4,TRUE,TRUE,TRUE,TRUE
5,703475,"CP092101","CP097873","CP036029","CP026143","CP092101","CP026143","CP097873","CP036029",4,TRUE,TRUE,TRUE,TRUE
5,703490,"CP091274","CP097755","CP034367","CP026160","CP091274","CP026160","CP097755","CP034367",4,TRUE,TRUE,TRUE,TRUE
5,703666,"CP093736","CP100958","CP036032","CP026252","CP093736","CP026252","CP100958","CP036032",4,TRUE,TRUE,TRUE,TRUE
5,703778,"CP088733","CP096423","CP032644","CP025322","CP088733","CP025322","CP096423","CP032644",4,TRUE,TRUE,TRUE,TRUE
5,703861,"CP092004","CP098702","CP035738","CP026311","CP092004","CP026311","CP098702","CP035738",4,TRUE,TRUE,TRUE,TRUE
5,703922,"CP091029","CP097648","CP034169","CP026144","CP091029","CP026144","CP097648","CP034169",4,TRUE,TRUE,TRUE,TRUE
6,735673,"CP097425","CP103027","CP036239","CP026974","CP097425","CP026974","CP103027","CP036239",4,TRUE,TRUE,TRUE,TRUE
6,727376,"CP095792","CP104638","CP036183","CP026958","CP095792","CP026958","CP104638","CP036183",4,TRUE,TRUE,TRUE,TRUE
6,727820,"CP098952","CP105438","CP036678","CP027311","CP098952","CP027311","CP105438","CP036678",4,TRUE,TRUE,TRUE,TRUE
6,729353,"CP095793","CP104613","CP036144","CP026959","CP095793","CP026959","CP104613","CP036144",4,TRUE,TRUE,TRUE,TRUE
6,729430,"CP095652","CP104629","CP036145","CP026943","CP095652","CP026943","CP104629","CP036145",4,TRUE,TRUE,TRUE,TRUE
6,732107,"CP097448","CP104850","CP036248","CP027095","CP097448","CP027095","CP104850","CP036248",4,TRUE,TRUE,TRUE,TRUE
6,732341,"CP095985","CP104727","CP036249","CP026960","CP095985","CP026960","CP104727","CP036249",4,TRUE,TRUE,TRUE,TRUE
6,734074,"CP097550","CP104565","CP036253","CP026975","CP097550","CP026975","CP104565","CP036253",4,TRUE,TRUE,TRUE,TRUE
6,734707,"CP097143","CP104623","CP036316","CP027043","CP097143","CP027043","CP104623","CP036316",4,TRUE,TRUE,TRUE,TRUE
6,718622,"CP097928","CP104985","CP036612","CP027143","CP097928","CP027143","CP104985","CP036612",4,TRUE,TRUE,TRUE,TRUE
6,721433,"CP097334","CP105047","CP036468","CP027097","CP097334","CP027097","CP105047","CP036468",4,TRUE,TRUE,TRUE,TRUE
6,722243,"CP101567","CP106778","CP038443","CP028145","CP101567","CP028145","CP106778","CP038443",4,TRUE,TRUE,TRUE,TRUE
6,722810,"CP096893","CP104768","CP036192","CP026982","CP096893","CP026982","CP104768","CP036192",4,TRUE,TRUE,TRUE,TRUE
6,723088,"CP097902","CP104896","CP036600","CP027152","CP097902","CP027152","CP104896","CP036600",4,TRUE,TRUE,TRUE,TRUE
6,724966,"CP097417","CP104810","CP036264","CP026995","CP097417","CP026995","CP104810","CP036264",4,TRUE,TRUE,TRUE,TRUE
6,726077,"CP097461","CP105103","CP036458","CP027110","CP097461","CP027110","CP105103","CP036458",4,TRUE,TRUE,TRUE,TRUE
6,727288,"CP096902","CP104086","CP036268","CP026962","CP096902","CP026962","CP104086","CP036268",4,TRUE,TRUE,TRUE,TRUE
6,728013,"CP097968","CP104910","CP036622","CP027160","CP097968","CP027160","CP104910","CP036622",4,TRUE,TRUE,TRUE,TRUE
6,728045,"CP097905","CP104914","CP036608","CP027151","CP097905","CP027151","CP104914","CP036608",4,TRUE,TRUE,TRUE,TRUE
6,728073,"CP097914","CP104915","CP036619","CP027157","CP097914","CP027157","CP104915","CP036619",4,TRUE,TRUE,TRUE,TRUE
6,728327,"CP097931","CP104923","CP036601","CP027154","CP097931","CP027154","CP104923","CP036601",4,TRUE,TRUE,TRUE,TRUE
6,728800,"CP097958","CP104938","CP036609","CP027158","CP097958","CP027158","CP104938","CP036609",4,TRUE,TRUE,TRUE,TRUE
6,728824,"CP097906","CP104941","CP036602","CP027148","CP097906","CP027148","CP104941","CP036602",4,TRUE,TRUE,TRUE,TRUE
6,728842,"CP101831","CP106681","CP039156","CP028014","CP101831","CP028014","CP106681","CP039156",4,TRUE,TRUE,TRUE,TRUE
6,728856,"CP097916","CP104990","CP036616","CP027155","CP097916","CP027155","CP104990","CP036616",4,TRUE,TRUE,TRUE,TRUE
6,728876,"CP097892","CP104823","CP036603","CP027136","CP097892","CP027136","CP104823","CP036603",4,TRUE,TRUE,TRUE,TRUE
6,729193,"CP095436","CP105774","CP036126","CP027111","CP095436","CP027111","CP105774","CP036126",4,TRUE,TRUE,TRUE,TRUE
6,729225,"CP098097","CP104953","CP036634","CP027161","CP098097","CP027161","CP104953","CP036634",4,TRUE,TRUE,TRUE,TRUE
6,729236,"CP096769","CP104624","CP036285","CP027047","CP096769","CP027047","CP104624","CP036285",4,TRUE,TRUE,TRUE,TRUE
6,729298,"CP098154","CP112545","CP036632","CP027131","CP098154","CP027131","CP112545","CP036632",4,TRUE,TRUE,TRUE,TRUE
6,729346,"CP098027","CP104961","CP036627","CP027159","CP098027","CP027159","CP104961","CP036627",4,TRUE,TRUE,TRUE,TRUE
6,729352,"CP097562","CP104786","CP036277","CP027100","CP097562","CP027100","CP104786","CP036277",4,TRUE,TRUE,TRUE,TRUE
6,729683,"CP100130","CP106040","CP037608","CP027523","CP100130","CP027523","CP106040","CP037608",4,TRUE,TRUE,TRUE,TRUE
6,730089,"CP095687","CP104645","CP036132","CP026999","CP095687","CP026999","CP104645","CP036132",4,TRUE,TRUE,TRUE,TRUE
6,730128,"CP097979","CP104790","CP036281","CP026996","CP097979","CP026996","CP104790","CP036281",4,TRUE,TRUE,TRUE,TRUE
6,730178,"CP097446","CP104683","CP036287","CP026985","CP097446","CP026985","CP104683","CP036287",4,TRUE,TRUE,TRUE,TRUE
6,730213,"CP097504","CP104636","CP036282","CP026986","CP097504","CP026986","CP104636","CP036282",4,TRUE,TRUE,TRUE,TRUE
6,730455,"CP100388","CP106248","CP037763","CP027609","CP100388","CP027609","CP106248","CP037763",4,TRUE,TRUE,TRUE,TRUE
6,730583,"CP097193","CP104978","CP036385","CP027051","CP097193","CP027051","CP104978","CP036385",4,TRUE,TRUE,TRUE,TRUE
6,730643,"CP104200","CP107836","CP039375","CP028321","CP104200","CP028321","CP107836","CP039375",4,TRUE,TRUE,TRUE,TRUE
6,730649,"CP099013","CP105443","CP036745","CP027336","CP099013","CP027336","CP105443","CP036745",4,TRUE,TRUE,TRUE,TRUE
6,730800,"CP100217","CP106287","CP037646","CP027554","CP100217","CP027554","CP106287","CP037646",4,TRUE,TRUE,TRUE,TRUE
6,731103,"CP100398","CP112152","CP037797","CP027600","CP100398","CP027600","CP112152","CP037797",4,TRUE,TRUE,TRUE,TRUE
6,731430,"CP101483","CP106727","CP038488","CP028156","CP101483","CP028156","CP106727","CP038488",4,TRUE,TRUE,TRUE,TRUE
6,731961,"CP103860","CP110618","CP038689","CP028250","CP103860","CP028250","CP110618","CP038689",4,TRUE,TRUE,TRUE,TRUE
6,732000,"CP098960","CP105430","CP036700","CP027337","CP098960","CP027337","CP105430","CP036700",4,TRUE,TRUE,TRUE,TRUE
6,732080,"CP101653","CP112224","CP038877","CP028224","CP101653","CP028224","CP112224","CP038877",4,TRUE,TRUE,TRUE,TRUE
6,732101,"CP101569","CP106864","CP038484","CP028149","CP101569","CP028149","CP106864","CP038484",4,TRUE,TRUE,TRUE,TRUE
6,732464,"CP101307","CP106868","CP038408","CP028069","CP101307","CP028069","CP106868","CP038408",4,TRUE,TRUE,TRUE,TRUE
6,732837,"CP099099","CP106296","CP036768","CP027408","CP099099","CP027408","CP106296","CP036768",4,TRUE,TRUE,TRUE,TRUE
6,732878,"CP099050","CP105452","CP036754","CP027349","CP099050","CP027349","CP105452","CP036754",4,TRUE,TRUE,TRUE,TRUE
6,732914,"CP098992","CP105426","CP036680","CP027313","CP098992","CP027313","CP105426","CP036680",4,TRUE,TRUE,TRUE,TRUE
6,733197,"CP104095","CP112002","CP040056","CP028917","CP104095","CP028917","CP112002","CP040056",4,TRUE,TRUE,TRUE,TRUE
6,733302,"CP102355","CP107947","CP040179","CP028239","CP102355","CP028239","CP107947","CP040179",4,TRUE,TRUE,TRUE,TRUE
6,733391,"CP100416","CP106255","CP037810","CP027723","CP100416","CP027723","CP106255","CP037810",4,TRUE,TRUE,TRUE,TRUE
6,733401,"CP099028","CP105456","CP036717","CP027338","CP099028","CP027338","CP105456","CP036717",4,TRUE,TRUE,TRUE,TRUE
6,733729,"CP105252","CP112289","CP040181","CP028284","CP105252","CP028284","CP112289","CP040181",4,TRUE,TRUE,TRUE,TRUE
6,733793,"CP097110","CP103386","CP036227","CP026979","CP097110","CP026979","CP103386","CP036227",4,TRUE,TRUE,TRUE,TRUE
6,734870,"CP099176","CP105599","CP036791","CP027423","CP099176","CP027423","CP105599","CP036791",4,TRUE,TRUE,TRUE,TRUE
6,735035,"CP098961","CP105434","CP036736","CP027316","CP098961","CP027316","CP105434","CP036736",4,TRUE,TRUE,TRUE,TRUE
6,735508,"CP099231","CP105611","CP036852","CP027428","CP099231","CP027428","CP105611","CP036852",4,TRUE,TRUE,TRUE,TRUE
6,735768,"CP105452","CP107350","CP040229","CP028203","CP105452","CP028203","CP107350","CP040229",4,TRUE,TRUE,TRUE,TRUE
6,735792,"CP102135","CP112021","CP039337","CP028252","CP102135","CP028252","CP112021","CP039337",4,TRUE,TRUE,TRUE,TRUE
6,736046,"CP096972","CP104546","CP036335","CP026987","CP096972","CP026987","CP104546","CP036335",4,TRUE,TRUE,TRUE,TRUE
6,736075,"CP096973","CP104463","CP036310","CP026988","CP096973","CP026988","CP104463","CP036310",4,TRUE,TRUE,TRUE,TRUE
6,736159,"CP099227","CP105608","CP036842","CP027429","CP099227","CP027429","CP105608","CP036842",4,TRUE,TRUE,TRUE,TRUE
6,736205,"CP105468","CP108138","CP040236","CP028306","CP105468","CP028306","CP108138","CP040236",4,TRUE,TRUE,TRUE,TRUE
6,736981,"CP105520","CP108195","CP040261","CP028243","CP105520","CP028243","CP108195","CP040261",4,TRUE,TRUE,TRUE,TRUE
6,718064,"CP098757","CP105135","CP036674","CP027290","CP098757","CP027290","CP105135","CP036674",4,TRUE,TRUE,TRUE,TRUE
6,718093,"CP098473","CP105149","CP036666","CP027289","CP098473","CP027289","CP105149","CP036666",4,TRUE,TRUE,TRUE,TRUE
6,718120,"CP099081","CP105447","CP036756","CP027288","CP099081","CP027288","CP105447","CP036756",4,TRUE,TRUE,TRUE,TRUE
6,718150,"CP098444","CP105111","CP036747","CP027287","CP098444","CP027287","CP105111","CP036747",4,TRUE,TRUE,TRUE,TRUE
6,718183,"CP099325","CP105597","CP037062","CP027414","CP099325","CP027414","CP105597","CP037062",4,TRUE,TRUE,TRUE,TRUE
6,718219,"CP099157","CP105458","CP036777","CP027395","CP099157","CP027395","CP105458","CP036777",4,TRUE,TRUE,TRUE,TRUE
6,718247,"CP099029","CP105449","CP036760","CP027350","CP099029","CP027350","CP105449","CP036760",4,TRUE,TRUE,TRUE,TRUE
6,718276,"CP098962","CP105402","CP036741","CP027339","CP098962","CP027339","CP105402","CP036741",4,TRUE,TRUE,TRUE,TRUE
6,718406,"CP105557","CP108213","CP040268","CP028295","CP105557","CP028295","CP108213","CP040268",4,TRUE,TRUE,TRUE,TRUE
6,718504,"CP098914","CP105374","CP036718","CP027305","CP098914","CP027305","CP105374","CP036718",4,TRUE,TRUE,TRUE,TRUE
6,718663,"CP098852","CP105412","CP036702","CP027320","CP098852","CP027320","CP105412","CP036702",4,TRUE,TRUE,TRUE,TRUE
6,718672,"CP098854","CP105357","CP036675","CP027321","CP098854","CP027321","CP105357","CP036675",4,TRUE,TRUE,TRUE,TRUE
6,718739,"CP098963","CP105450","CP036742","CP027351","CP098963","CP027351","CP105450","CP036742",4,TRUE,TRUE,TRUE,TRUE
6,718751,"CP105589","CP112308","CP040279","CP028726","CP105589","CP028726","CP112308","CP040279",4,TRUE,TRUE,TRUE,TRUE
6,718765,"CP098915","CP105440","CP036703","CP027347","CP098915","CP027347","CP105440","CP036703",4,TRUE,TRUE,TRUE,TRUE
6,718843,"CP098784","CP105253","CP036704","CP027306","CP098784","CP027306","CP105253","CP036704",4,TRUE,TRUE,TRUE,TRUE
6,719112,"CP099030","CP105437","CP036719","CP027348","CP099030","CP027348","CP105437","CP036719",4,TRUE,TRUE,TRUE,TRUE
6,719124,"CP105616","CP108243","CP040291","CP028226","CP105616","CP028226","CP108243","CP040291",4,TRUE,TRUE,TRUE,TRUE
6,719140,"CP098857","CP105405","CP036707","CP027341","CP098857","CP027341","CP105405","CP036707",4,TRUE,TRUE,TRUE,TRUE
6,719159,"CP105630","CP107098","CP040294","CP028216","CP105630","CP028216","CP107098","CP040294",4,TRUE,TRUE,TRUE,TRUE
6,719263,"CP098858","CP105427","CP036743","CP027342","CP098858","CP027342","CP105427","CP036743",4,TRUE,TRUE,TRUE,TRUE
6,719468,"CP099035","CP105424","CP036737","CP027322","CP099035","CP027322","CP105424","CP036737",4,TRUE,TRUE,TRUE,TRUE
6,719481,"CP104421","CP108250","CP040300","CP028271","CP104421","CP028271","CP108250","CP040300",4,TRUE,TRUE,TRUE,TRUE
6,719496,"CP099056","CP105455","CP036758","CP027344","CP099056","CP027344","CP105455","CP036758",4,TRUE,TRUE,TRUE,TRUE
6,719518,"CP099005","CP105436","CP036721","CP027323","CP099005","CP027323","CP105436","CP036721",4,TRUE,TRUE,TRUE,TRUE
6,719546,"CP099006","CP105418","CP036722","CP027291","CP099006","CP027291","CP105418","CP036722",4,TRUE,TRUE,TRUE,TRUE
6,720167,"CP105703","CP112160","CP040307","CP028194","CP105703","CP028194","CP112160","CP040307",4,TRUE,TRUE,TRUE,TRUE
6,720984,"CP098683","CP105415","CP036725","CP027326","CP098683","CP027326","CP105415","CP036725",4,TRUE,TRUE,TRUE,TRUE
6,721098,"CP104773","CP108294","CP040330","CP028213","CP104773","CP028213","CP108294","CP040330",4,TRUE,TRUE,TRUE,TRUE
6,721114,"CP102147","CP107011","CP039980","CP028209","CP102147","CP028209","CP107011","CP039980",4,TRUE,TRUE,TRUE,TRUE
6,721246,"CP099423","CP105641","CP037187","CP027442","CP099423","CP027442","CP105641","CP037187",4,TRUE,TRUE,TRUE,TRUE
6,721357,"CP099408","CP105642","CP037013","CP027443","CP099408","CP027443","CP105642","CP037013",4,TRUE,TRUE,TRUE,TRUE
6,721373,"CP105763","CP108300","CP040331","CP028309","CP105763","CP028309","CP108300","CP040331",4,TRUE,TRUE,TRUE,TRUE
6,721630,"CP104491","CP108318","CP040336","CP028362","CP104491","CP028362","CP108318","CP040336",4,TRUE,TRUE,TRUE,TRUE
6,721641,"CP103471","CP109530","CP039238","CP028623","CP103471","CP028623","CP109530","CP039238",4,TRUE,TRUE,TRUE,TRUE
6,721723,"CP101867","CP106807","CP038465","CP028192","CP101867","CP028192","CP106807","CP038465",4,TRUE,TRUE,TRUE,TRUE
6,721901,"CP102488","CP107169","CP040077","CP028211","CP102488","CP028211","CP107169","CP040077",4,TRUE,TRUE,TRUE,TRUE
6,722385,"CP104101","CP108336","CP040021","CP028353","CP104101","CP028353","CP108336","CP040021",4,TRUE,TRUE,TRUE,TRUE
6,725114,"CP103310","CP109279","CP039038","CP028436","CP103310","CP028436","CP109279","CP039038",4,TRUE,TRUE,TRUE,TRUE
6,725831,"CP098802","CP105310","CP036691","CP027292","CP098802","CP027292","CP105310","CP036691",4,TRUE,TRUE,TRUE,TRUE
6,726002,"CP098877","CP105361","CP036692","CP027327","CP098877","CP027327","CP105361","CP036692",4,TRUE,TRUE,TRUE,TRUE
6,726030,"CP098927","CP105348","CP036709","CP027308","CP098927","CP027308","CP105348","CP036709",4,TRUE,TRUE,TRUE,TRUE
6,726041,"CP098879","CP105283","CP036693","CP027309","CP098879","CP027309","CP105283","CP036693",4,TRUE,TRUE,TRUE,TRUE
6,726133,"CP098929","CP105333","CP036694","CP027329","CP098929","CP027329","CP105333","CP036694",4,TRUE,TRUE,TRUE,TRUE
6,726140,"CP098804","CP105349","CP036710","CP027330","CP098804","CP027330","CP105349","CP036710",4,TRUE,TRUE,TRUE,TRUE
6,726248,"CP098973","CP105364","CP036731","CP027332","CP098973","CP027332","CP105364","CP036731",4,TRUE,TRUE,TRUE,TRUE
6,726273,"CP098931","CP105335","CP036695","CP027294","CP098931","CP027294","CP105335","CP036695",4,TRUE,TRUE,TRUE,TRUE
7,737230,"CP111097","CP114293","CP041467","CP029477","CP111097","CP029477","CP114293","CP041467",4,TRUE,TRUE,TRUE,TRUE
7,737452,"CP112578","CP114959","CP041825","CP029792","CP112578","CP029792","CP114959","CP041825",4,TRUE,TRUE,TRUE,TRUE
7,739341,"CP109899","CP115028","CP041108","CP029652","CP109899","CP029652","CP115028","CP041108",4,TRUE,TRUE,TRUE,TRUE
7,739563,"CP111105","CP114284","CP041475","CP029470","CP111105","CP029470","CP114284","CP041475",4,TRUE,TRUE,TRUE,TRUE
7,750452,"CP109900","CP114088","CP041111","CP029218","CP109900","CP029218","CP114088","CP041111",4,TRUE,TRUE,TRUE,TRUE
7,751438,"CP109597","CP114007","CP041112","CP029128","CP109597","CP029128","CP114007","CP041112",4,TRUE,TRUE,TRUE,TRUE
7,752338,"CP108479","CP114298","CP041015","CP029324","CP108479","CP029324","CP114298","CP041015",4,TRUE,TRUE,TRUE,TRUE
7,752538,"CP107680","CP113964","CP040608","CP029130","CP107680","CP029130","CP113964","CP040608",4,TRUE,TRUE,TRUE,TRUE
7,752694,"CP110994","CP114301","CP041435","CP029466","CP110994","CP029466","CP114301","CP041435",4,TRUE,TRUE,TRUE,TRUE
7,754449,"CP111075","CP114312","CP041477","CP029512","CP111075","CP029512","CP114312","CP041477",4,TRUE,TRUE,TRUE,TRUE
7,754460,"CP112106","CP114962","CP041775","CP029633","CP112106","CP029633","CP114962","CP041775",4,TRUE,TRUE,TRUE,TRUE
7,755226,"CP109863","CP114320","CP041487","CP029467","CP109863","CP029467","CP114320","CP041487",4,TRUE,TRUE,TRUE,TRUE
7,755583,"CP112596","CP114963","CP041820","CP029789","CP112596","CP029789","CP114963","CP041820",4,TRUE,TRUE,TRUE,TRUE
7,756538,"CP108318","CP114009","CP040889","CP028972","CP108318","CP028972","CP114009","CP040889",4,TRUE,TRUE,TRUE,TRUE
7,758871,"CP111720","CP115051","CP041488","CP029528","CP111720","CP029528","CP115051","CP041488",4,TRUE,TRUE,TRUE,TRUE
7,758882,"CP112940","CP115463","CP041857","CP029803","CP112940","CP029803","CP115463","CP041857",4,TRUE,TRUE,TRUE,TRUE
7,758904,"CP112573","CP115052","CP041789","CP029646","CP112573","CP029646","CP115052","CP041789",4,TRUE,TRUE,TRUE,TRUE
7,759515,"CP111125","CP114981","CP041469","CP029510","CP111125","CP029510","CP114981","CP041469",4,TRUE,TRUE,TRUE,TRUE
7,740441,"CP111142","CP114967","CP041479","CP029474","CP111142","CP029474","CP114967","CP041479",4,TRUE,TRUE,TRUE,TRUE
7,740819,"CP111557","CP114255","CP041126","CP029220","CP111557","CP029220","CP114255","CP041126",4,TRUE,TRUE,TRUE,TRUE
7,741797,"CP106780","CP114339","CP041020","CP028968","CP106780","CP028968","CP114339","CP041020",4,TRUE,TRUE,TRUE,TRUE
7,742318,"CP106598","CP114210","CP040460","CP029048","CP106598","CP029048","CP114210","CP040460",4,TRUE,TRUE,TRUE,TRUE
7,743052,"CP111610","CP114705","CP041129","CP029408","CP111610","CP029408","CP114705","CP041129",4,TRUE,TRUE,TRUE,TRUE
7,743752,"CP109671","CP114157","CP041084","CP029317","CP109671","CP029317","CP114157","CP041084",4,TRUE,TRUE,TRUE,TRUE
7,744263,"CP107991","CP114028","CP040893","CP029114","CP107991","CP029114","CP114028","CP040893",4,TRUE,TRUE,TRUE,TRUE
7,747363,"CP114155","CP116415","CP042425","CP029977","CP114155","CP029977","CP116415","CP042425",4,TRUE,TRUE,TRUE,TRUE
7,747751,"CP109869","CP115087","CP041307","CP029655","CP109869","CP029655","CP115087","CP041307",4,TRUE,TRUE,TRUE,TRUE
7,748808,"CP111588","CP115098","CP041233","CP029412","CP111588","CP029412","CP115098","CP041233",4,TRUE,TRUE,TRUE,TRUE
7,748874,"CP113778","CP116160","CP042184","CP029911","CP113778","CP029911","CP116160","CP042184",4,TRUE,TRUE,TRUE,TRUE
7,749530,"CP111093","CP114685","CP041133","CP029383","CP111093","CP029383","CP114685","CP041133",4,TRUE,TRUE,TRUE,TRUE
7,749608,"CP107389","CP114702","CP040572","CP029138","CP107389","CP029138","CP114702","CP040572",4,TRUE,TRUE,TRUE,TRUE
7,751469,"CP111721","CP114358","CP041026","CP029403","CP111721","CP029403","CP114358","CP041026",4,TRUE,TRUE,TRUE,TRUE
7,751477,"CP112942","CP115497","CP041829","CP029647","CP112942","CP029647","CP115497","CP041829",4,TRUE,TRUE,TRUE,TRUE
7,751561,"CP112434","CP114991","CP041759","CP029642","CP112434","CP029642","CP114991","CP041759",4,TRUE,TRUE,TRUE,TRUE
7,751562,"CP111707","CP114363","CP041461","CP029514","CP111707","CP029514","CP114363","CP041461",4,TRUE,TRUE,TRUE,TRUE
7,751709,"CP112458","CP114371","CP041138","CP028969","CP112458","CP028969","CP114371","CP041138",4,TRUE,TRUE,TRUE,TRUE
7,751766,"CP107033","CP113885","CP041028","CP028965","CP107033","CP028965","CP113885","CP041028",4,TRUE,TRUE,TRUE,TRUE
7,751880,"CP109710","CP120943","CP041346","CP029369","CP109710","CP029369","CP120943","CP041346",4,TRUE,TRUE,TRUE,TRUE
7,752133,"CP112984","CP115218","CP041877","CP029805","CP112984","CP029805","CP115218","CP041877",4,TRUE,TRUE,TRUE,TRUE
7,752165,"CP111652","CP114390","CP041485","CP029527","CP111652","CP029527","CP114390","CP041485",4,TRUE,TRUE,TRUE,TRUE
7,752277,"CP114617","CP116564","CP042919","CP030035","CP114617","CP030035","CP116564","CP042919",4,TRUE,TRUE,TRUE,TRUE
7,752358,"CP114491","CP118669","CP043005","CP030001","CP114491","CP030001","CP118669","CP043005",4,TRUE,TRUE,TRUE,TRUE
7,752665,"CP120480","CP117526","CP043026","CP030047","CP120480","CP030047","CP117526","CP043026",4,TRUE,TRUE,TRUE,TRUE
7,753014,"CP112474","CP114977","CP041783","CP029641","CP112474","CP029641","CP114977","CP041783",4,TRUE,TRUE,TRUE,TRUE
7,753031,"CP113053","CP115268","CP041884","CP029819","CP113053","CP029819","CP115268","CP041884",4,TRUE,TRUE,TRUE,TRUE
7,753292,"CP114645","CP116807","CP042848","CP030048","CP114645","CP030048","CP116807","CP042848",4,TRUE,TRUE,TRUE,TRUE
7,753333,"CP114584","CP118940","CP042711","CP030012","CP114584","CP030012","CP118940","CP042711",4,TRUE,TRUE,TRUE,TRUE
7,753378,"CP112518","CP114956","CP041812","CP029787","CP112518","CP029787","CP114956","CP041812",4,TRUE,TRUE,TRUE,TRUE
7,753442,"CP106897","CP112887","CP040532","CP029145","CP106897","CP029145","CP112887","CP040532",4,TRUE,TRUE,TRUE,TRUE
7,753717,"CP113754","CP115520","CP041913","CP029820","CP113754","CP029820","CP115520","CP041913",4,TRUE,TRUE,TRUE,TRUE
7,753753,"CP112660","CP115149","CP041839","CP029651","CP112660","CP029651","CP115149","CP041839",4,TRUE,TRUE,TRUE,TRUE
7,754066,"CP114695","CP118148","CP042881","CP030049","CP114695","CP030049","CP118148","CP042881",4,TRUE,TRUE,TRUE,TRUE
7,754124,"CP106292","CP112746","CP040467","CP029063","CP106292","CP029063","CP112746","CP040467",4,TRUE,TRUE,TRUE,TRUE
7,754207,"CP114825","CP116749","CP042956","CP030068","CP114825","CP030068","CP116749","CP042956",4,TRUE,TRUE,TRUE,TRUE
7,754301,"CP115935","CP118266","CP043593","CP030449","CP115935","CP030449","CP118266","CP043593",4,TRUE,TRUE,TRUE,TRUE
7,754658,"CP116022","CP118070","CP043486","CP030175","CP116022","CP030175","CP118070","CP043486",4,TRUE,TRUE,TRUE,TRUE
7,754792,"CP115396","CP117735","CP043209","CP030137","CP115396","CP030137","CP117735","CP043209",4,TRUE,TRUE,TRUE,TRUE
7,754826,"CP112453","CP115018","CP041785","CP029643","CP112453","CP029643","CP115018","CP041785",4,TRUE,TRUE,TRUE,TRUE
7,755089,"CP117861","CP120024","CP044494","CP031084","CP117861","CP031084","CP120024","CP044494",4,TRUE,TRUE,TRUE,TRUE
7,755156,"CP113991","CP116093","CP042239","CP029955","CP113991","CP029955","CP116093","CP042239",4,TRUE,TRUE,TRUE,TRUE
7,755205,"CP113909","CP117335","CP042177","CP029956","CP113909","CP029956","CP117335","CP042177",4,TRUE,TRUE,TRUE,TRUE
7,755243,"CP113375","CP116095","CP041951","CP029880","CP113375","CP029880","CP116095","CP041951",4,TRUE,TRUE,TRUE,TRUE
7,755291,"CP114313","CP116255","CP042567","CP030000","CP114313","CP030000","CP116255","CP042567",4,TRUE,TRUE,TRUE,TRUE
7,755363,"CP120077","CP120220","CP045258","CP031133","CP120077","CP031133","CP120220","CP045258",4,TRUE,TRUE,TRUE,TRUE
7,755683,"CP111122","CP114530","CP041448","CP029524","CP111122","CP029524","CP114530","CP041448",4,TRUE,TRUE,TRUE,TRUE
7,755819,"CP109995","CP114175","CP041268","CP029393","CP109995","CP029393","CP114175","CP041268",4,TRUE,TRUE,TRUE,TRUE
7,755879,"CP109787","CP114665","CP041206","CP029370","CP109787","CP029370","CP114665","CP041206",4,TRUE,TRUE,TRUE,TRUE
7,755883,"CP113823","CP117632","CP042200","CP029957","CP113823","CP029957","CP117632","CP042200",4,TRUE,TRUE,TRUE,TRUE
7,755931,"CP115521","CP116298","CP042989","CP029966","CP115521","CP029966","CP116298","CP042989",4,TRUE,TRUE,TRUE,TRUE
7,755933,"CP113609","CP115544","CP042018","CP029895","CP113609","CP029895","CP115544","CP042018",4,TRUE,TRUE,TRUE,TRUE
7,756003,"CP113548","CP119263","CP041942","CP029874","CP113548","CP029874","CP119263","CP041942",4,TRUE,TRUE,TRUE,TRUE
7,756005,"CP114418","CP119261","CP042336","CP029959","CP114418","CP029959","CP119261","CP042336",4,TRUE,TRUE,TRUE,TRUE
7,756023,"CP116719","CP119265","CP043963","CP030755","CP116719","CP030755","CP119265","CP043963",4,TRUE,TRUE,TRUE,TRUE
7,756074,"CP113743","CP115837","CP042159","CP029930","CP113743","CP029930","CP115837","CP042159",4,TRUE,TRUE,TRUE,TRUE
7,756141,"CP113620","CP122423","CP042127","CP029929","CP113620","CP029929","CP122423","CP042127",4,TRUE,TRUE,TRUE,TRUE
7,756142,"CP113327","CP122431","CP041971","CP029872","CP113327","CP029872","CP122431","CP041971",4,TRUE,TRUE,TRUE,TRUE
7,756373,"CP108331","CP113886","CP040926","CP029286","CP108331","CP029286","CP113886","CP040926",4,TRUE,TRUE,TRUE,TRUE
7,756521,"CP117141","CP119201","CP044198","CP030913","CP117141","CP030913","CP119201","CP044198",4,TRUE,TRUE,TRUE,TRUE
7,756666,"CP115319","CP117591","CP043211","CP030164","CP115319","CP030164","CP117591","CP043211",4,TRUE,TRUE,TRUE,TRUE
7,756681,"CP120044","CP122182","CP045457","CP031469","CP120044","CP031469","CP122182","CP045457",4,TRUE,TRUE,TRUE,TRUE
7,756710,"CP113568","CP116318","CP042096","CP029922","CP113568","CP029922","CP116318","CP042096",4,TRUE,TRUE,TRUE,TRUE
7,756712,"CP114355","CP116312","CP042642","CP029976","CP114355","CP029976","CP116312","CP042642",4,TRUE,TRUE,TRUE,TRUE
7,756714,"CP115265","CP117365","CP043199","CP030138","CP115265","CP030138","CP117365","CP043199",4,TRUE,TRUE,TRUE,TRUE
7,756858,"CP113814","CP115753","CP042201","CP029939","CP113814","CP029939","CP115753","CP042201",4,TRUE,TRUE,TRUE,TRUE
7,756889,"CP108595","CP114676","CP040998","CP029155","CP108595","CP029155","CP114676","CP040998",4,TRUE,TRUE,TRUE,TRUE
7,756972,"CP115696","CP118044","CP043489","CP030212","CP115696","CP030212","CP118044","CP043489",4,TRUE,TRUE,TRUE,TRUE
7,757222,"CP114648","CP117373","CP042860","CP030042","CP114648","CP030042","CP117373","CP042860",4,TRUE,TRUE,TRUE,TRUE
7,757256,"CP115076","CP117522","CP043086","CP030127","CP115076","CP030127","CP117522","CP043086",4,TRUE,TRUE,TRUE,TRUE
7,757314,"CP109998","CP114944","CP041368","CP029407","CP109998","CP029407","CP114944","CP041368",4,TRUE,TRUE,TRUE,TRUE
7,757441,"CP117228","CP122512","CP044561","CP030988","CP117228","CP030988","CP122512","CP044561",4,TRUE,TRUE,TRUE,TRUE
7,757490,"CP117133","CP119597","CP044210","CP030908","CP117133","CP030908","CP119597","CP044210",4,TRUE,TRUE,TRUE,TRUE
7,757521,"CP111563","CP114652","CP041581","CP029565","CP111563","CP029565","CP114652","CP041581",4,TRUE,TRUE,TRUE,TRUE
7,757640,"CP109716","CP114110","CP041270","CP029385","CP109716","CP029385","CP114110","CP041270",4,TRUE,TRUE,TRUE,TRUE
7,757825,"CP116702","CP119073","CP043960","CP030754","CP116702","CP030754","CP119073","CP043960",4,TRUE,TRUE,TRUE,TRUE
7,757947,"CP113552","CP115653","CP042073","CP029903","CP113552","CP029903","CP115653","CP042073",4,TRUE,TRUE,TRUE,TRUE
7,757997,"CP115161","CP117649","CP043118","CP030130","CP115161","CP030130","CP117649","CP043118",4,TRUE,TRUE,TRUE,TRUE
7,758136,"CP108067","CP114576","CP040928","CP029038","CP108067","CP029038","CP114576","CP040928",4,TRUE,TRUE,TRUE,TRUE
7,758432,"CP116716","CP122396","CP043952","CP030746","CP116716","CP030746","CP122396","CP043952",4,TRUE,TRUE,TRUE,TRUE
7,758620,"CP115188","CP117401","CP043160","CP030151","CP115188","CP030151","CP117401","CP043160",4,TRUE,TRUE,TRUE,TRUE
7,758783,"CP116376","CP118744","CP043803","CP030659","CP116376","CP030659","CP118744","CP043803",4,TRUE,TRUE,TRUE,TRUE
7,758874,"CP120026","CP122286","CP045992","CP031728","CP120026","CP031728","CP122286","CP045992",4,TRUE,TRUE,TRUE,TRUE
7,759259,"CP115206","CP117410","CP043179","CP030152","CP115206","CP030152","CP117410","CP043179",4,TRUE,TRUE,TRUE,TRUE
7,759262,"CP112783","CP115203","CP041853","CP029752","CP112783","CP029752","CP115203","CP041853",4,TRUE,TRUE,TRUE,TRUE
7,759297,"CP111788","CP114699","CP041682","CP029660","CP111788","CP029660","CP114699","CP041682",4,TRUE,TRUE,TRUE,TRUE
7,759331,"CP108677","CP114236","CP041007","CP029309","CP108677","CP029309","CP114236","CP041007",4,TRUE,TRUE,TRUE,TRUE
7,759479,"CP114818","CP116962","CP042954","CP030069","CP114818","CP030069","CP116962","CP042954",4,TRUE,TRUE,TRUE,TRUE
7,737326,"CP117368","CP119570","CP044298","CP030970","CP117368","CP030970","CP119570","CP044298",4,TRUE,TRUE,TRUE,TRUE
7,737349,"CP114868","CP116843","CP042996","CP030071","CP114868","CP030071","CP116843","CP042996",4,TRUE,TRUE,TRUE,TRUE
7,737357,"CP120081","CP119551","CP044333","CP030968","CP120081","CP030968","CP119551","CP044333",4,TRUE,TRUE,TRUE,TRUE
7,737427,"CP114208","CP115985","CP042489","CP029975","CP114208","CP029975","CP115985","CP042489",4,TRUE,TRUE,TRUE,TRUE
7,737746,"CP113954","CP116003","CP042242","CP029958","CP113954","CP029958","CP116003","CP042242",4,TRUE,TRUE,TRUE,TRUE
7,737942,"CP113520","CP115681","CP042064","CP029915","CP113520","CP029915","CP115681","CP042064",4,TRUE,TRUE,TRUE,TRUE
7,738082,"CP113258","CP115639","CP041930","CP029865","CP113258","CP029865","CP115639","CP041930",4,TRUE,TRUE,TRUE,TRUE
7,738103,"CP117566","CP120074","CP044511","CP031029","CP117566","CP031029","CP120074","CP044511",4,TRUE,TRUE,TRUE,TRUE
7,738401,"CP109862","CP114591","CP041350","CP029482","CP109862","CP029482","CP114591","CP041350",4,TRUE,TRUE,TRUE,TRUE
7,738404,"CP111730","CP114691","CP041653","CP029604","CP111730","CP029604","CP114691","CP041653",4,TRUE,TRUE,TRUE,TRUE
7,738448,"CP109772","CP114120","CP041272","CP029329","CP109772","CP029329","CP114120","CP041272",4,TRUE,TRUE,TRUE,TRUE
7,738527,"CP113679","CP115700","CP042130","CP029934","CP113679","CP029934","CP115700","CP042130",4,TRUE,TRUE,TRUE,TRUE
7,738562,"CP113467","CP115560","CP042034","CP029899","CP113467","CP029899","CP115560","CP042034",4,TRUE,TRUE,TRUE,TRUE
7,738571,"CP113668","CP115694","CP042132","CP029933","CP113668","CP029933","CP115694","CP042132",4,TRUE,TRUE,TRUE,TRUE
7,738577,"CP112440","CP114795","CP041735","CP029566","CP112440","CP029566","CP114795","CP041735",4,TRUE,TRUE,TRUE,TRUE
7,738755,"CP115448","CP117763","CP043241","CP030167","CP115448","CP030167","CP117763","CP043241",4,TRUE,TRUE,TRUE,TRUE
7,738800,"CP115449","CP117764","CP043238","CP030161","CP115449","CP030161","CP117764","CP043238",4,TRUE,TRUE,TRUE,TRUE
7,738907,"CP114669","CP117472","CP042898","CP030115","CP114669","CP030115","CP117472","CP042898",4,TRUE,TRUE,TRUE,TRUE
7,739067,"CP109516","CP114213","CP041177","CP029371","CP109516","CP029371","CP114213","CP041177",4,TRUE,TRUE,TRUE,TRUE
7,739137,"CP118597","CP121683","CP044734","CP031435","CP118597","CP031435","CP121683","CP044734",4,TRUE,TRUE,TRUE,TRUE
7,739164,"CP113335","CP115328","CP041960","CP029876","CP113335","CP029876","CP115328","CP041960",4,TRUE,TRUE,TRUE,TRUE
7,739249,"CP116581","CP118830","CP043917","CP030722","CP116581","CP030722","CP118830","CP043917",4,TRUE,TRUE,TRUE,TRUE
7,739299,"CP116573","CP118831","CP043901","CP030737","CP116573","CP030737","CP118831","CP043901",4,TRUE,TRUE,TRUE,TRUE
7,739409,"CP115235","CP117476","CP043204","CP030182","CP115235","CP030182","CP117476","CP043204",4,TRUE,TRUE,TRUE,TRUE
7,739413,"CP116272","CP118641","CP043772","CP030620","CP116272","CP030620","CP118641","CP043772",4,TRUE,TRUE,TRUE,TRUE
7,739463,"CP115157","CP117479","CP043163","CP030132","CP115157","CP030132","CP117479","CP043163",4,TRUE,TRUE,TRUE,TRUE
7,739547,"CP113524","CP115661","CP042044","CP029938","CP113524","CP029938","CP115661","CP042044",4,TRUE,TRUE,TRUE,TRUE
7,739624,"CP113099","CP115265","CP041916","CP029822","CP113099","CP029822","CP115265","CP041916",4,TRUE,TRUE,TRUE,TRUE
7,739744,"CP117841","CP122345","CP044581","CP031038","CP117841","CP031038","CP122345","CP044581",4,TRUE,TRUE,TRUE,TRUE
7,739746,"CP115567","CP117978","CP043276","CP030194","CP115567","CP030194","CP117978","CP043276",4,TRUE,TRUE,TRUE,TRUE
7,739814,"CP113369","CP115562","CP042003","CP029887","CP113369","CP029887","CP115562","CP042003",4,TRUE,TRUE,TRUE,TRUE
7,739817,"CP114062","CP115884","CP042323","CP029979","CP114062","CP029979","CP115884","CP042323",4,TRUE,TRUE,TRUE,TRUE
7,739860,"CP112952","CP115382","CP041891","CP029801","CP112952","CP029801","CP115382","CP041891",4,TRUE,TRUE,TRUE,TRUE
7,739914,"CP112896","CP115249","CP041885","CP029791","CP112896","CP029791","CP115249","CP041885",4,TRUE,TRUE,TRUE,TRUE
7,739950,"CP109717","CP113919","CP041037","CP029040","CP109717","CP029040","CP113919","CP041037",4,TRUE,TRUE,TRUE,TRUE
7,739954,"CP113035","CP115234","CP041875","CP029815","CP113035","CP029815","CP115234","CP041875",4,TRUE,TRUE,TRUE,TRUE
7,739958,"CP114164","CP115952","CP042417","CP029972","CP114164","CP029972","CP115952","CP042417",4,TRUE,TRUE,TRUE,TRUE
7,739998,"CP109621","CP113916","CP040845","CP029041","CP109621","CP029041","CP113916","CP040845",4,TRUE,TRUE,TRUE,TRUE
7,740034,"CP115443","CP117733","CP043234","CP030156","CP115443","CP030156","CP117733","CP043234",4,TRUE,TRUE,TRUE,TRUE
7,740121,"CP111364","CP114627","CP041590","CP029561","CP111364","CP029561","CP114627","CP041590",4,TRUE,TRUE,TRUE,TRUE
7,740199,"CP116282","CP118762","CP043790","CP030616","CP116282","CP030616","CP118762","CP043790",4,TRUE,TRUE,TRUE,TRUE
7,740235,"CP116274","CP118660","CP043780","CP030617","CP116274","CP030617","CP118660","CP043780",4,TRUE,TRUE,TRUE,TRUE
7,740384,"CP113653","CP115763","CP042190","CP029923","CP113653","CP029923","CP115763","CP042190",4,TRUE,TRUE,TRUE,TRUE
7,740447,"CP106913","CP113757","CP040695","CP029330","CP106913","CP029330","CP113757","CP040695",4,TRUE,TRUE,TRUE,TRUE
7,740459,"CP117982","CP120125","CP046069","CP031086","CP117982","CP031086","CP120125","CP046069",4,TRUE,TRUE,TRUE,TRUE
7,740766,"CP116276","CP118694","CP043785","CP030618","CP116276","CP030618","CP118694","CP043785",4,TRUE,TRUE,TRUE,TRUE
7,740917,"CP121423","CP121811","CP046100","CP031136","CP121423","CP031136","CP121811","CP046100",4,TRUE,TRUE,TRUE,TRUE
7,741134,"CP114915","CP116829","CP043016","CP030081","CP114915","CP030081","CP116829","CP043016",4,TRUE,TRUE,TRUE,TRUE
7,741201,"CP114190","CP115949","CP042452","CP029980","CP114190","CP029980","CP115949","CP042452",4,TRUE,TRUE,TRUE,TRUE
7,741267,"CP112166","CP114796","CP041751","CP029605","CP112166","CP029605","CP114796","CP041751",4,TRUE,TRUE,TRUE,TRUE
7,741367,"CP116166","CP118542","CP043693","CP030577","CP116166","CP030577","CP118542","CP043693",4,TRUE,TRUE,TRUE,TRUE
7,741461,"CP117447","CP120142","CP044598","CP031016","CP117447","CP031016","CP120142","CP044598",4,TRUE,TRUE,TRUE,TRUE
7,741479,"CP114760","CP116709","CP042938","CP030064","CP114760","CP030064","CP116709","CP042938",4,TRUE,TRUE,TRUE,TRUE
7,741670,"CP114925","CP116847","CP042984","CP030077","CP114925","CP030077","CP116847","CP042984",4,TRUE,TRUE,TRUE,TRUE
7,741764,"CP112389","CP114916","CP041753","CP029617","CP112389","CP029617","CP114916","CP041753",4,TRUE,TRUE,TRUE,TRUE
7,741807,"CP113069","CP115793","CP041894","CP029812","CP113069","CP029812","CP115793","CP041894",4,TRUE,TRUE,TRUE,TRUE
7,741812,"CP109011","CP114060","CP041038","CP029271","CP109011","CP029271","CP114060","CP041038",4,TRUE,TRUE,TRUE,TRUE
7,741850,"CP113351","CP115672","CP042099","CP029877","CP113351","CP029877","CP115672","CP042099",4,TRUE,TRUE,TRUE,TRUE
7,741856,"CP108612","CP113993","CP040943","CP029273","CP108612","CP029273","CP113993","CP040943",4,TRUE,TRUE,TRUE,TRUE
7,741895,"CP113562","CP115654","CP042076","CP029917","CP113562","CP029917","CP115654","CP042076",4,TRUE,TRUE,TRUE,TRUE
7,741939,"CP113515","CP115642","CP042057","CP029902","CP113515","CP029902","CP115642","CP042057",4,TRUE,TRUE,TRUE,TRUE
7,742269,"CP112427","CP114935","CP041770","CP029574","CP112427","CP029574","CP114935","CP041770",4,TRUE,TRUE,TRUE,TRUE
7,742443,"CP108309","CP113915","CP040705","CP029233","CP108309","CP029233","CP113915","CP040705",4,TRUE,TRUE,TRUE,TRUE
7,742444,"CP114397","CP116370","CP042632","CP029989","CP114397","CP029989","CP116370","CP042632",4,TRUE,TRUE,TRUE,TRUE
7,742475,"CP108107","CP113743","CP040706","CP029189","CP108107","CP029189","CP113743","CP040706",4,TRUE,TRUE,TRUE,TRUE
7,742651,"CP120390","CP120162","CP046122","CP031018","CP120390","CP031018","CP120162","CP046122",4,TRUE,TRUE,TRUE,TRUE
7,742684,"CP121541","CP119704","CP046123","CP030998","CP121541","CP030998","CP119704","CP046123",4,TRUE,TRUE,TRUE,TRUE
7,743169,"CP115631","CP117980","CP043290","CP030204","CP115631","CP030204","CP117980","CP043290",4,TRUE,TRUE,TRUE,TRUE
7,743191,"CP110773","CP113412","CP041407","CP029460","CP110773","CP029460","CP113412","CP041407",4,TRUE,TRUE,TRUE,TRUE
7,743657,"CP110958","CP113114","CP041221","CP029462","CP110958","CP029462","CP113114","CP041221",4,TRUE,TRUE,TRUE,TRUE
7,743820,"CP120394","CP122298","CP046140","CP031003","CP120394","CP031003","CP122298","CP046140",4,TRUE,TRUE,TRUE,TRUE
7,743862,"CP109305","CP113414","CP041102","CP029381","CP109305","CP029381","CP113414","CP041102",4,TRUE,TRUE,TRUE,TRUE
7,743945,"CP109666","CP113507","CP040713","CP029112","CP109666","CP029112","CP113507","CP040713",4,TRUE,TRUE,TRUE,TRUE
7,744044,"CP107927","CP113785","CP040716","CP029209","CP107927","CP029209","CP113785","CP040716",4,TRUE,TRUE,TRUE,TRUE
7,744151,"CP120002","CP120189","CP046147","CP031061","CP120002","CP031061","CP120189","CP046147",4,TRUE,TRUE,TRUE,TRUE
7,744180,"CP109450","CP113872","CP041103","CP029367","CP109450","CP029367","CP113872","CP041103",4,TRUE,TRUE,TRUE,TRUE
7,744617,"CP108132","CP113876","CP040790","CP029243","CP108132","CP029243","CP113876","CP040790",4,TRUE,TRUE,TRUE,TRUE
7,744641,"CP108133","CP113786","CP040719","CP029125","CP108133","CP029125","CP113786","CP040719",4,TRUE,TRUE,TRUE,TRUE
7,744726,"CP120714","CP119726","CP046155","CP031004","CP120714","CP031004","CP119726","CP046155",4,TRUE,TRUE,TRUE,TRUE
7,744747,"CP117820","CP119594","CP045773","CP030993","CP117820","CP030993","CP119594","CP045773",4,TRUE,TRUE,TRUE,TRUE
7,745238,"CP119427","CP120547","CP045030","CP031488","CP119427","CP031488","CP120547","CP045030",4,TRUE,TRUE,TRUE,TRUE
7,745245,"CP120501","CP120208","CP046160","CP031154","CP120501","CP031154","CP120208","CP046160",4,TRUE,TRUE,TRUE,TRUE
7,745272,"CP119298","CP120209","CP045781","CP031153","CP119298","CP031153","CP120209","CP045781",4,TRUE,TRUE,TRUE,TRUE
7,745356,"CP117390","CP119357","CP044206","CP030969","CP117390","CP030969","CP119357","CP044206",4,TRUE,TRUE,TRUE,TRUE
7,745521,"CP118265","CP119617","CP045901","CP030994","CP118265","CP030994","CP119617","CP045901",4,TRUE,TRUE,TRUE,TRUE
7,745537,"CP117558","CP119591","CP044319","CP030990","CP117558","CP030990","CP119591","CP044319",4,TRUE,TRUE,TRUE,TRUE
7,745695,"CP119202","CP120545","CP045005","CP031480","CP119202","CP031480","CP120545","CP045005",4,TRUE,TRUE,TRUE,TRUE
7,746197,"CP117499","CP119470","CP044268","CP030995","CP117499","CP030995","CP119470","CP044268",4,TRUE,TRUE,TRUE,TRUE
7,746317,"CP114265","CP115972","CP042460","CP029983","CP114265","CP029983","CP115972","CP042460",4,TRUE,TRUE,TRUE,TRUE
7,746827,"CP117423","CP119539","CP044259","CP030991","CP117423","CP030991","CP119539","CP044259",4,TRUE,TRUE,TRUE,TRUE
8,781283,"CP124859","CP125716","CP046932","CP031894","CP124859","CP031894","CP125716","CP046932",4,TRUE,TRUE,TRUE,TRUE
8,769049,"CP130974","CP130018","CP049907","CP034027","CP130974","CP034027","CP130018","CP049907",4,TRUE,TRUE,TRUE,TRUE
8,772698,"CP133394","CP133743","CP051100","CP032581","CP133394","CP032581","CP133743","CP051100",4,TRUE,TRUE,TRUE,TRUE
8,774270,"CP133026","CP129703","CP049645","CP033032","CP133026","CP033032","CP129703","CP049645",4,TRUE,TRUE,TRUE,TRUE
8,774771,"CP122148","CP124129","CP046309","CP031833","CP122148","CP031833","CP124129","CP046309",4,TRUE,TRUE,TRUE,TRUE
8,775200,"CP129458","CP129126","CP048901","CP032452","CP129458","CP032452","CP129126","CP048901",4,TRUE,TRUE,TRUE,TRUE
8,775289,"CP131748","CP130044","CP049832","CP033239","CP131748","CP033239","CP130044","CP049832",4,TRUE,TRUE,TRUE,TRUE
8,776346,"CP133294","CP130955","CP050676","CP033411","CP133294","CP033411","CP130955","CP050676",4,TRUE,TRUE,TRUE,TRUE
8,776533,"CP129515","CP129333","CP048936","CP032496","CP129515","CP032496","CP129333","CP048936",4,TRUE,TRUE,TRUE,TRUE
8,776922,"CP129689","CP133366","CP049086","CP032592","CP129689","CP032592","CP133366","CP049086",4,TRUE,TRUE,TRUE,TRUE
8,777069,"CP128761","CP128527","CP048431","CP032263","CP128761","CP032263","CP128527","CP048431",4,TRUE,TRUE,TRUE,TRUE
8,777159,"CP129300","CP129298","CP048849","CP032426","CP129300","CP032426","CP129298","CP048849",4,TRUE,TRUE,TRUE,TRUE
8,777641,"CP130302","CP129508","CP049387","CP032927","CP130302","CP032927","CP129508","CP049387",4,TRUE,TRUE,TRUE,TRUE
8,777978,"CP133029","CP130679","CP050264","CP033347","CP133029","CP033347","CP130679","CP050264",4,TRUE,TRUE,TRUE,TRUE
8,778035,"CP129267","CP129060","CP048872","CP032430","CP129267","CP032430","CP129060","CP048872",4,TRUE,TRUE,TRUE,TRUE
8,778115,"CP131029","CP133419","CP049882","CP033304","CP131029","CP033304","CP133419","CP049882",4,TRUE,TRUE,TRUE,TRUE
8,778156,"CP130910","CP130117","CP049764","CP033207","CP130910","CP033207","CP130117","CP049764",4,TRUE,TRUE,TRUE,TRUE
8,759901,"CP133721","CP133188","CP050944","CP033971","CP133721","CP033971","CP133188","CP050944",4,TRUE,TRUE,TRUE,TRUE
8,760026,"CP132942","CP133151","CP051449","CP033920","CP132942","CP033920","CP133151","CP051449",4,TRUE,TRUE,TRUE,TRUE
8,761147,"CP131567","CP133313","CP050607","CP033344","CP131567","CP033344","CP133313","CP050607",4,TRUE,TRUE,TRUE,TRUE
8,761281,"CP131455","CP130812","CP049976","CP033349","CP131455","CP033349","CP130812","CP049976",4,TRUE,TRUE,TRUE,TRUE
8,762056,"CP131166","CP130149","CP049920","CP033305","CP131166","CP033305","CP130149","CP049920",4,TRUE,TRUE,TRUE,TRUE
8,762088,"CP133805","CP130838","CP051501","CP033453","CP133805","CP033453","CP130838","CP051501",4,TRUE,TRUE,TRUE,TRUE
8,762610,"CP134725","CP130854","CP051533","CP033326","CP134725","CP033326","CP130854","CP051533",4,TRUE,TRUE,TRUE,TRUE
8,762636,"CP134740","CP130197","CP051534","CP033306","CP134740","CP033306","CP130197","CP051534",4,TRUE,TRUE,TRUE,TRUE
8,762754,"CP131258","CP130860","CP050066","CP033316","CP131258","CP033316","CP130860","CP050066",4,TRUE,TRUE,TRUE,TRUE
8,762998,"CP128406","CP128255","CP048099","CP032186","CP128406","CP032186","CP128255","CP048099",4,TRUE,TRUE,TRUE,TRUE
8,763068,"CP134784","CP132747","CP051544","CP033369","CP134784","CP033369","CP132747","CP051544",4,TRUE,TRUE,TRUE,TRUE
8,763400,"CP134799","CP130880","CP051549","CP033482","CP134799","CP033482","CP130880","CP051549",4,TRUE,TRUE,TRUE,TRUE
8,763765,"CP134805","CP133514","CP051553","CP033317","CP134805","CP033317","CP133514","CP051553",4,TRUE,TRUE,TRUE,TRUE
8,764046,"CP132870","CP132839","CP050926","CP033742","CP132870","CP033742","CP132839","CP050926",4,TRUE,TRUE,TRUE,TRUE
8,764417,"CP133815","CP132860","CP051558","CP033485","CP133815","CP033485","CP132860","CP051558",4,TRUE,TRUE,TRUE,TRUE
8,764535,"CP133497","CP130004","CP049835","CP033264","CP133497","CP033264","CP130004","CP049835",4,TRUE,TRUE,TRUE,TRUE
8,764779,"CP133817","CP133490","CP051561","CP033328","CP133817","CP033328","CP133490","CP051561",4,TRUE,TRUE,TRUE,TRUE
8,764962,"CP128556","CP128292","CP048346","CP032235","CP128556","CP032235","CP128292","CP048346",4,TRUE,TRUE,TRUE,TRUE
8,765344,"CP133902","CP130917","CP051573","CP033486","CP133902","CP033486","CP130917","CP051573",4,TRUE,TRUE,TRUE,TRUE
8,765365,"CP133932","CP130918","CP051336","CP033454","CP133932","CP033454","CP130918","CP051336",4,TRUE,TRUE,TRUE,TRUE
8,765637,"CP133849","CP130417","CP051578","CP033294","CP133849","CP033294","CP130417","CP051578",4,TRUE,TRUE,TRUE,TRUE
8,765664,"CP131366","CP130156","CP051269","CP033290","CP131366","CP033290","CP130156","CP051269",4,TRUE,TRUE,TRUE,TRUE
8,765735,"CP131206","CP130100","CP049812","CP033288","CP131206","CP033288","CP130100","CP049812",4,TRUE,TRUE,TRUE,TRUE
8,765784,"CP128601","CP128305","CP048313","CP032242","CP128601","CP032242","CP128305","CP048313",4,TRUE,TRUE,TRUE,TRUE
8,766164,"CP133991","CP132980","CP051584","CP033470","CP133991","CP033470","CP132980","CP051584",4,TRUE,TRUE,TRUE,TRUE
8,766192,"CP132702","CP131211","CP050561","CP033726","CP132702","CP033726","CP131211","CP050561",4,TRUE,TRUE,TRUE,TRUE
8,766429,"CP131568","CP130217","CP051585","CP033292","CP131568","CP033292","CP130217","CP051585",4,TRUE,TRUE,TRUE,TRUE
8,766453,"CP131199","CP130130","CP051035","CP033287","CP131199","CP033287","CP130130","CP051035",4,TRUE,TRUE,TRUE,TRUE
8,766921,"CP132663","CP130947","CP051175","CP033471","CP132663","CP033471","CP130947","CP051175",4,TRUE,TRUE,TRUE,TRUE
8,767217,"CP131207","CP130106","CP049815","CP033281","CP131207","CP033281","CP130106","CP049815",4,TRUE,TRUE,TRUE,TRUE
8,767665,"CP131801","CP130458","CP050063","CP033427","CP131801","CP033427","CP130458","CP050063",4,TRUE,TRUE,TRUE,TRUE
8,767863,"CP131337","CP130132","CP049811","CP033303","CP131337","CP033303","CP130132","CP049811",4,TRUE,TRUE,TRUE,TRUE
8,768405,"CP131200","CP130120","CP049801","CP033275","CP131200","CP033275","CP130120","CP049801",4,TRUE,TRUE,TRUE,TRUE
9,809950,"CP150643","CP168238","CP057248","CP038721","CP150643","CP038721","CP168238","CP057248",4,TRUE,TRUE,TRUE,TRUE
9,792005,"CP150491","CP168516","CP056500","CP038727","CP150491","CP038727","CP168516","CP056500",4,TRUE,TRUE,TRUE,TRUE
9,796006,"CP152715","CP168506","CP057166","CP038716","CP152715","CP038716","CP168506","CP057166",4,TRUE,TRUE,TRUE,TRUE
9,796561,"CP151020","CP180811","CP057254","CP038860","CP151020","CP038860","CP180811","CP057254",4,TRUE,TRUE,TRUE,TRUE
9,808939,"CP152087","CP170073","CP057023","CP038728","CP152087","CP038728","CP170073","CP057023",4,TRUE,TRUE,TRUE,TRUE
9,802925,"CP152779","CP168778","CP057305","CP038805","CP152779","CP038805","CP168778","CP057305",4,TRUE,TRUE,TRUE,TRUE
9,803665,"CP152786","CP168825","CP057310","CP038768","CP152786","CP038768","CP168825","CP057310",4,TRUE,TRUE,TRUE,TRUE
9,804485,"CP150202","CP167189","CP056483","CP038807","CP150202","CP038807","CP167189","CP056483",4,TRUE,TRUE,TRUE,TRUE
9,805000,"CP163006","CP178129","CP061104","CP039646","CP163006","CP039646","CP178129","CP061104",4,TRUE,TRUE,TRUE,TRUE
9,805209,"CP162579","CP177471","CP061346","CP039404","CP162579","CP039404","CP177471","CP061346",4,TRUE,TRUE,TRUE,TRUE
9,805214,"CP150299","CP167053","CP056496","CP038792","CP150299","CP038792","CP167053","CP056496",4,TRUE,TRUE,TRUE,TRUE
9,806217,"CP162623","CP177543","CP060857","CP039457","CP162623","CP039457","CP177543","CP060857",4,TRUE,TRUE,TRUE,TRUE
9,806736,"CP162220","CP180362","CP060624","CP039391","CP162220","CP039391","CP180362","CP060624",4,TRUE,TRUE,TRUE,TRUE
9,806793,"CP163292","CP178633","CP061288","CP039633","CP163292","CP039633","CP178633","CP061288",4,TRUE,TRUE,TRUE,TRUE
9,807428,"CP158735","CP183145","CP059310","CP039463","CP158735","CP039463","CP183145","CP059310",4,TRUE,TRUE,TRUE,TRUE
9,807878,"CP167754","CP182643","CP063079","CP040198","CP167754","CP040198","CP182643","CP063079",4,TRUE,TRUE,TRUE,TRUE
9,808008,"CP166841","CP181661","CP062760","CP040480","CP166841","CP040480","CP181661","CP062760",4,TRUE,TRUE,TRUE,TRUE
9,808971,"CP163448","CP178998","CP061584","CP039722","CP163448","CP039722","CP178998","CP061584",4,TRUE,TRUE,TRUE,TRUE
9,809232,"CP162636","CP180380","CP060930","CP039460","CP162636","CP039460","CP180380","CP060930",4,TRUE,TRUE,TRUE,TRUE
9,809627,"CP156946","CP172464","CP058558","CP039238","CP156946","CP039238","CP172464","CP058558",4,TRUE,TRUE,TRUE,TRUE
9,809801,"CP151437","CP168593","CP056769","CP038754","CP151437","CP038754","CP168593","CP056769",4,TRUE,TRUE,TRUE,TRUE
9,781524,"CP159046","CP173215","CP059468","CP039253","CP159046","CP039253","CP173215","CP059468",4,TRUE,TRUE,TRUE,TRUE
9,781738,"CP151920","CP168540","CP057062","CP038773","CP151920","CP038773","CP168540","CP057062",4,TRUE,TRUE,TRUE,TRUE
9,781824,"CP164792","CP180416","CP063311","CP040069","CP164792","CP040069","CP180416","CP063311",4,TRUE,TRUE,TRUE,TRUE
9,782960,"CP164139","CP179779","CP061605","CP039939","CP164139","CP039939","CP179779","CP061605",4,TRUE,TRUE,TRUE,TRUE
9,783245,"CP162395","CP177022","CP060691","CP039396","CP162395","CP039396","CP177022","CP060691",4,TRUE,TRUE,TRUE,TRUE
9,783892,"CP164577","CP182995","CP061920","CP040100","CP164577","CP040100","CP182995","CP061920",4,TRUE,TRUE,TRUE,TRUE
9,785808,"CP164828","CP183009","CP062048","CP040116","CP164828","CP040116","CP183009","CP062048",4,TRUE,TRUE,TRUE,TRUE
9,786392,"CP168173","CP180472","CP063372","CP040164","CP168173","CP040164","CP180472","CP063372",4,TRUE,TRUE,TRUE,TRUE
9,786641,"CP164852","CP180476","CP063381","CP040152","CP164852","CP040152","CP180476","CP063381",4,TRUE,TRUE,TRUE,TRUE
9,787227,"CP168251","CP182153","CP063416","CP040187","CP168251","CP040187","CP182153","CP063416",4,TRUE,TRUE,TRUE,TRUE
9,787705,"CP168254","CP180495","CP063420","CP040064","CP168254","CP040064","CP180495","CP063420",4,TRUE,TRUE,TRUE,TRUE
9,788929,"CP163871","CP179731","CP061466","CP039879","CP163871","CP039879","CP179731","CP061466",4,TRUE,TRUE,TRUE,TRUE
9,788967,"CP163872","CP179608","CP061456","CP039874","CP163872","CP039874","CP179608","CP061456",4,TRUE,TRUE,TRUE,TRUE
9,789546,"CP168378","CP182309","CP063456","CP040105","CP168378","CP040105","CP182309","CP063456",4,TRUE,TRUE,TRUE,TRUE
9,789594,"CP168395","CP179880","CP063458","CP040077","CP168395","CP040077","CP179880","CP063458",4,TRUE,TRUE,TRUE,TRUE
9,789832,"CP158198","CP171834","CP059294","CP039242","CP158198","CP039242","CP171834","CP059294",4,TRUE,TRUE,TRUE,TRUE
9,790051,"CP168408","CP180525","CP063460","CP040170","CP168408","CP040170","CP180525","CP063460",4,TRUE,TRUE,TRUE,TRUE
9,790490,"CP168425","CP182362","CP063469","CP040201","CP168425","CP040201","CP182362","CP063469",4,TRUE,TRUE,TRUE,TRUE
9,791019,"CP168467","CP182950","CP063474","CP040106","CP168467","CP040106","CP182950","CP063474",4,TRUE,TRUE,TRUE,TRUE
9,791389,"CP166123","CP180887","CP062441","CP040483","CP166123","CP040483","CP180887","CP062441",4,TRUE,TRUE,TRUE,TRUE
9,791807,"CP168499","CP180548","CP063493","CP040236","CP168499","CP040236","CP180548","CP063493",4,TRUE,TRUE,TRUE,TRUE
9,791979,"CP164485","CP179724","CP061695","CP040050","CP164485","CP040050","CP179724","CP061695",4,TRUE,TRUE,TRUE,TRUE
9,792247,"CP167381","CP179890","CP063498","CP040082","CP167381","CP040082","CP179890","CP063498",4,TRUE,TRUE,TRUE,TRUE
9,792270,"CP164675","CP179877","CP063014","CP040072","CP164675","CP040072","CP179877","CP063014",4,TRUE,TRUE,TRUE,TRUE
9,792440,"CP158666","CP171975","CP059369","CP039251","CP158666","CP039251","CP171975","CP059369",4,TRUE,TRUE,TRUE,TRUE
9,792916,"CP166850","CP182465","CP063506","CP040237","CP166850","CP040237","CP182465","CP063506",4,TRUE,TRUE,TRUE,TRUE
9,792946,"CP165770","CP180598","CP062894","CP040209","CP165770","CP040209","CP180598","CP062894",4,TRUE,TRUE,TRUE,TRUE
9,792955,"CP166070","CP180919","CP062469","CP040486","CP166070","CP040486","CP180919","CP062469",4,TRUE,TRUE,TRUE,TRUE
9,793054,"CP164314","CP179726","CP061683","CP040051","CP164314","CP040051","CP179726","CP061683",4,TRUE,TRUE,TRUE,TRUE
9,793223,"CP166546","CP182690","CP062904","CP040461","CP166546","CP040461","CP182690","CP062904",4,TRUE,TRUE,TRUE,TRUE
9,793331,"CP164940","CP179957","CP063140","CP040055","CP164940","CP040055","CP179957","CP063140",4,TRUE,TRUE,TRUE,TRUE
9,793633,"CP166004","CP180775","CP062402","CP040506","CP166004","CP040506","CP180775","CP062402",4,TRUE,TRUE,TRUE,TRUE
9,793682,"CP166018","CP180902","CP062436","CP040477","CP166018","CP040477","CP180902","CP062436",4,TRUE,TRUE,TRUE,TRUE
9,794008,"CP165870","CP180572","CP063144","CP040208","CP165870","CP040208","CP180572","CP063144",4,TRUE,TRUE,TRUE,TRUE
9,794030,"CP165230","CP180574","CP062905","CP040202","CP165230","CP040202","CP180574","CP062905",4,TRUE,TRUE,TRUE,TRUE
9,794385,"CP164540","CP179859","CP061686","CP040070","CP164540","CP040070","CP179859","CP061686",4,TRUE,TRUE,TRUE,TRUE
9,794648,"CP165871","CP180773","CP062374","CP040542","CP165871","CP040542","CP180773","CP062374",4,TRUE,TRUE,TRUE,TRUE
9,795569,"CP165784","CP180771","CP062368","CP040556","CP165784","CP040556","CP180771","CP062368",4,TRUE,TRUE,TRUE,TRUE
10,45428,"CP174842","CP188065","CP065370","CP041106","CP174842","CP041106","CP188065","CP065370",4,TRUE,TRUE,TRUE,TRUE
10,30522,"CP175292","CP190396","CP065372","CP041089","CP175292","CP041089","CP190396","CP065372",4,TRUE,TRUE,TRUE,TRUE
10,32756,"CP179450","CP191614","CP067415","CP042853","CP179450","CP042853","CP191614","CP067415",4,TRUE,TRUE,TRUE,TRUE
10,37045,"CP183183","CP192095","CP069449","CP041505","CP183183","CP041505","CP192095","CP069449",4,TRUE,TRUE,TRUE,TRUE
10,37114,"CP175668","CP188227","CP065403","CP041094","CP175668","CP041094","CP188227","CP065403",4,TRUE,TRUE,TRUE,TRUE
10,38167,"CP172448","CP186663","CP064593","CP040831","CP172448","CP040831","CP186663","CP064593",4,TRUE,TRUE,TRUE,TRUE
10,39075,"CP182849","CP191943","CP068526","CP041893","CP182849","CP041893","CP191943","CP068526",4,TRUE,TRUE,TRUE,TRUE
10,39602,"CP169049","CP186727","CP063661","CP040856","CP169049","CP040856","CP186727","CP063661",4,TRUE,TRUE,TRUE,TRUE
10,40189,"CP182162","CP192212","CP067957","CP042130","CP182162","CP042130","CP192212","CP067957",4,TRUE,TRUE,TRUE,TRUE
10,40281,"CP169118","CP183985","CP063664","CP040847","CP169118","CP040847","CP183985","CP063664",4,TRUE,TRUE,TRUE,TRUE
10,40468,"CP180267","CP192071","CP067839","CP042009","CP180267","CP042009","CP192071","CP067839",4,TRUE,TRUE,TRUE,TRUE
10,41389,"CP182939","CP192795","CP068834","CP042293","CP182939","CP042293","CP192795","CP068834",4,TRUE,TRUE,TRUE,TRUE
10,41399,"CP170824","CP186820","CP064329","CP040829","CP170824","CP040829","CP186820","CP064329",4,TRUE,TRUE,TRUE,TRUE
10,41815,"CP179023","CP191220","CP067035","CP041435","CP179023","CP041435","CP191220","CP067035",4,TRUE,TRUE,TRUE,TRUE
10,42497,"CP180415","CP192111","CP067855","CP042090","CP180415","CP042090","CP192111","CP067855",4,TRUE,TRUE,TRUE,TRUE
10,42541,"CP184049","CP194729","CP069428","CP042302","CP184049","CP042302","CP194729","CP069428",4,TRUE,TRUE,TRUE,TRUE
10,42776,"CP175241","CP188320","CP065266","CP041165","CP175241","CP041165","CP188320","CP065266",4,TRUE,TRUE,TRUE,TRUE
10,43281,"CP178868","CP191360","CP066987","CP041412","CP178868","CP041412","CP191360","CP066987",4,TRUE,TRUE,TRUE,TRUE
10,43525,"CP179827","CP191924","CP067806","CP041781","CP179827","CP041781","CP191924","CP067806",4,TRUE,TRUE,TRUE,TRUE
10,21460,"CP184182","CP193185","CP069508","CP042212","CP184182","CP042212","CP193185","CP069508",4,TRUE,TRUE,TRUE,TRUE
10,21517,"CP180419","CP193193","CP067832","CP042054","CP180419","CP042054","CP193193","CP067832",4,TRUE,TRUE,TRUE,TRUE
10,23892,"CP184391","CP193310","CP069664","CP042227","CP184391","CP042227","CP193310","CP069664",4,TRUE,TRUE,TRUE,TRUE
10,24447,"CP184395","CP193339","CP069666","CP042280","CP184395","CP042280","CP193339","CP069666",4,TRUE,TRUE,TRUE,TRUE
10,25352,"CP177630","CP190182","CP066166","CP041260","CP177630","CP041260","CP190182","CP066166",4,TRUE,TRUE,TRUE,TRUE
10,25503,"CP184454","CP193359","CP069707","CP042223","CP184454","CP042223","CP193359","CP069707",4,TRUE,TRUE,TRUE,TRUE
10,25535,"CP184458","CP192428","CP069513","CP042200","CP184458","CP042200","CP192428","CP069513",4,TRUE,TRUE,TRUE,TRUE
10,25670,"CP180775","CP195342","CP068287","CP042206","CP180775","CP042206","CP195342","CP068287",4,TRUE,TRUE,TRUE,TRUE
10,25944,"CP184490","CP193363","CP069708","CP042279","CP184490","CP042279","CP193363","CP069708",4,TRUE,TRUE,TRUE,TRUE
10,25983,"CP184508","CP193369","CP068796","CP042257","CP184508","CP042257","CP193369","CP068796",4,TRUE,TRUE,TRUE,TRUE
10,26871,"CP184557","CP193397","CP069729","CP042216","CP184557","CP042216","CP193397","CP069729",4,TRUE,TRUE,TRUE,TRUE
10,27820,"CP181168","CP192191","CP068023","CP042167","CP181168","CP042167","CP192191","CP068023",4,TRUE,TRUE,TRUE,TRUE
10,28077,"CP184606","CP196086","CP069750","CP042199","CP184606","CP042199","CP196086","CP069750",4,TRUE,TRUE,TRUE,TRUE
10,28103,"CP181362","CP192437","CP069520","CP042189","CP181362","CP042189","CP192437","CP069520",4,TRUE,TRUE,TRUE,TRUE
10,28293,"CP177102","CP189501","CP066456","CP041242","CP177102","CP041242","CP189501","CP066456",4,TRUE,TRUE,TRUE,TRUE
10,28918,"CP181299","CP192192","CP067919","CP042144","CP181299","CP042144","CP192192","CP067919",4,TRUE,TRUE,TRUE,TRUE
10,29143,"CP182155","CP193454","CP069769","CP042196","CP182155","CP042196","CP193454","CP069769",4,TRUE,TRUE,TRUE,TRUE
10,29165,"CP180967","CP192411","CP069480","CP042186","CP180967","CP042186","CP192411","CP069480",4,TRUE,TRUE,TRUE,TRUE
10,29729,"CP183029","CP193469","CP069775","CP042300","CP183029","CP042300","CP193469","CP069775",4,TRUE,TRUE,TRUE,TRUE
10,29752,"CP181717","CP193472","CP069170","CP042312","CP181717","CP042312","CP193472","CP069170",4,TRUE,TRUE,TRUE,TRUE
10,29841,"CP180604","CP192178","CP067895","CP042175","CP180604","CP042175","CP192178","CP067895",4,TRUE,TRUE,TRUE,TRUE
10,30016,"CP181377","CP192480","CP069556","CP042169","CP181377","CP042169","CP192480","CP069556",4,TRUE,TRUE,TRUE,TRUE
10,30535,"CP181578","CP193484","CP069496","CP042316","CP181578","CP042316","CP193484","CP069496",4,TRUE,TRUE,TRUE,TRUE
10,30835,"CP180889","CP192405","CP067911","CP042187","CP180889","CP042187","CP192405","CP067911",4,TRUE,TRUE,TRUE,TRUE
10,31482,"CP182688","CP195755","CP069192","CP042525","CP182688","CP042525","CP195755","CP069192",4,TRUE,TRUE,TRUE,TRUE
10,31528,"CP180712","CP192336","CP067941","CP042185","CP180712","CP042185","CP192336","CP067941",4,TRUE,TRUE,TRUE,TRUE
10,32138,"CP180713","CP192322","CP067930","CP042179","CP180713","CP042179","CP192322","CP067930",4,TRUE,TRUE,TRUE,TRUE
11,64878,"CP186148","CP198614","CP069969","CP042919","CP186148","CP042919","CP198614","CP069969",4,TRUE,TRUE,TRUE,TRUE
11,71233,"CP198329","CP198751","CP071121","CP043165","CP198329","CP043165","CP198751","CP071121",4,TRUE,TRUE,TRUE,TRUE
11,49851,"CP198988","CP197071","CP074288","CP042922","CP198988","CP042922","CP197071","CP074288",4,TRUE,TRUE,TRUE,TRUE
11,64091,"CP186097","CP198522","CP069935","CP043141","CP186097","CP043141","CP198522","CP069935",4,TRUE,TRUE,TRUE,TRUE
11,64921,"CP192735","CP202024","CP072832","CP043531","CP192735","CP043531","CP202024","CP072832",4,TRUE,TRUE,TRUE,TRUE
11,65327,"CP200358","CP196507","CP075166","CP042923","CP200358","CP042923","CP196507","CP075166",4,TRUE,TRUE,TRUE,TRUE
11,65597,"CP200079","CP204454","CP074398","CP044139","CP200079","CP044139","CP204454","CP074398",4,TRUE,TRUE,TRUE,TRUE
11,66280,"CP197277","CP206057","CP073809","CP044192","CP197277","CP044192","CP206057","CP073809",4,TRUE,TRUE,TRUE,TRUE
11,67833,"CP194884","CP203833","CP072982","CP043749","CP194884","CP043749","CP203833","CP072982",4,TRUE,TRUE,TRUE,TRUE
11,68148,"CP200281","CP207124","CP074894","CP044506","CP200281","CP044506","CP207124","CP074894",4,TRUE,TRUE,TRUE,TRUE
11,69339,"CP197553","CP206265","CP073923","CP044330","CP197553","CP044330","CP206265","CP073923",4,TRUE,TRUE,TRUE,TRUE
11,69407,"CP201481","CP207135","CP075493","CP044518","CP201481","CP044518","CP207135","CP075493",4,TRUE,TRUE,TRUE,TRUE
11,69758,"CP194987","CP203917","CP073150","CP043683","CP194987","CP043683","CP203917","CP073150",4,TRUE,TRUE,TRUE,TRUE
11,70190,"CP194299","CP203006","CP072736","CP043608","CP194299","CP043608","CP203006","CP072736",4,TRUE,TRUE,TRUE,TRUE
11,70301,"CP197716","CP210099","CP074439","CP044403","CP197716","CP044403","CP210099","CP074439",4,TRUE,TRUE,TRUE,TRUE
11,70475,"CP195597","CP204466","CP073821","CP044001","CP195597","CP044001","CP204466","CP073821",4,TRUE,TRUE,TRUE,TRUE
11,45902,"CP200385","CP210091","CP075578","CP045207","CP200385","CP045207","CP210091","CP075578",4,TRUE,TRUE,TRUE,TRUE
11,46050,"CP198913","CP207186","CP075583","CP044398","CP198913","CP044398","CP207186","CP075583",4,TRUE,TRUE,TRUE,TRUE
11,47155,"CP197582","CP206424","CP073938","CP044256","CP197582","CP044256","CP206424","CP073938",4,TRUE,TRUE,TRUE,TRUE
11,48849,"CP198248","CP206849","CP074267","CP044440","CP198248","CP044440","CP206849","CP074267",4,TRUE,TRUE,TRUE,TRUE
11,48924,"CP194164","CP203389","CP072620","CP043587","CP194164","CP043587","CP203389","CP072620",4,TRUE,TRUE,TRUE,TRUE
11,50291,"CP195489","CP204305","CP073368","CP044016","CP195489","CP044016","CP204305","CP073368",4,TRUE,TRUE,TRUE,TRUE
11,50542,"CP201888","CP210338","CP075653","CP044499","CP201888","CP044499","CP210338","CP075653",4,TRUE,TRUE,TRUE,TRUE
11,50870,"CP197443","CP206174","CP075659","CP044269","CP197443","CP044269","CP206174","CP075659",4,TRUE,TRUE,TRUE,TRUE
11,51084,"CP201931","CP207333","CP075671","CP044539","CP201931","CP044539","CP207333","CP075671",4,TRUE,TRUE,TRUE,TRUE
11,51515,"CP201949","CP207352","CP075678","CP044395","CP201949","CP044395","CP207352","CP075678",4,TRUE,TRUE,TRUE,TRUE
11,52036,"CP202002","CP207358","CP075682","CP044485","CP202002","CP044485","CP207358","CP075682",4,TRUE,TRUE,TRUE,TRUE
11,52489,"CP199188","CP207382","CP074095","CP044250","CP199188","CP044250","CP207382","CP074095",4,TRUE,TRUE,TRUE,TRUE
11,52528,"CP197576","CP207393","CP073864","CP044194","CP197576","CP044194","CP207393","CP073864",4,TRUE,TRUE,TRUE,TRUE
11,53080,"CP202068","CP207406","CP075696","CP044442","CP202068","CP044442","CP207406","CP075696",4,TRUE,TRUE,TRUE,TRUE
11,53107,"CP202072","CP206658","CP075697","CP044410","CP202072","CP044410","CP206658","CP075697",4,TRUE,TRUE,TRUE,TRUE
11,53234,"CP197317","CP206443","CP073791","CP044193","CP197317","CP044193","CP206443","CP073791",4,TRUE,TRUE,TRUE,TRUE
11,53444,"CP197705","CP206594","CP073945","CP044388","CP197705","CP044388","CP206594","CP073945",4,TRUE,TRUE,TRUE,TRUE
11,53503,"CP202115","CP207432","CP075703","CP044474","CP202115","CP044474","CP207432","CP075703",4,TRUE,TRUE,TRUE,TRUE
11,53923,"CP202127","CP207438","CP075711","CP044578","CP202127","CP044578","CP207438","CP075711",4,TRUE,TRUE,TRUE,TRUE
11,53956,"CP202137","CP207439","CP075520","CP044568","CP202137","CP044568","CP207439","CP075520",4,TRUE,TRUE,TRUE,TRUE
11,54395,"CP202159","CP210000","CP075713","CP044421","CP202159","CP044421","CP210000","CP075713",4,TRUE,TRUE,TRUE,TRUE
11,54779,"CP202172","CP210344","CP075722","CP044500","CP202172","CP044500","CP210344","CP075722",4,TRUE,TRUE,TRUE,TRUE
11,55139,"CP202181","CP209604","CP075728","CP045014","CP202181","CP045014","CP209604","CP075728",4,TRUE,TRUE,TRUE,TRUE
11,55141,"CP202174","CP207448","CP075727","CP044569","CP202174","CP044569","CP207448","CP075727",4,TRUE,TRUE,TRUE,TRUE
11,55167,"CP200612","CP209612","CP075485","CP044561","CP200612","CP044561","CP209612","CP075485",4,TRUE,TRUE,TRUE,TRUE
11,55276,"CP198003","CP206357","CP073977","CP044380","CP198003","CP044380","CP206357","CP073977",4,TRUE,TRUE,TRUE,TRUE
11,55500,"CP200927","CP206821","CP075733","CP044408","CP200927","CP044408","CP206821","CP075733",4,TRUE,TRUE,TRUE,TRUE
11,55523,"CP198019","CP206627","CP075454","CP044402","CP198019","CP044402","CP206627","CP075454",4,TRUE,TRUE,TRUE,TRUE
11,55816,"CP202223","CP210116","CP075734","CP044502","CP202223","CP044502","CP210116","CP075734",4,TRUE,TRUE,TRUE,TRUE
11,56091,"CP199676","CP207775","CP074793","CP044872","CP199676","CP044872","CP207775","CP074793",4,TRUE,TRUE,TRUE,TRUE
11,56101,"CP200631","CP207460","CP075739","CP044540","CP200631","CP044540","CP207460","CP075739",4,TRUE,TRUE,TRUE,TRUE
11,56124,"CP198840","CP207462","CP075386","CP044537","CP198840","CP044537","CP207462","CP075386",4,TRUE,TRUE,TRUE,TRUE
11,56133,"CP199711","CP207768","CP074778","CP044864","CP199711","CP044864","CP207768","CP074778",4,TRUE,TRUE,TRUE,TRUE
11,56224,"CP197834","CP206341","CP073962","CP044383","CP197834","CP044383","CP206341","CP073962",4,TRUE,TRUE,TRUE,TRUE
11,56429,"CP198338","CP206811","CP075393","CP044405","CP198338","CP044405","CP206811","CP075393",4,TRUE,TRUE,TRUE,TRUE
11,56455,"CP197943","CP206610","CP075282","CP044399","CP197943","CP044399","CP206610","CP075282",4,TRUE,TRUE,TRUE,TRUE
11,56681,"CP198418","CP207472","CP075742","CP044496","CP198418","CP044496","CP207472","CP075742",4,TRUE,TRUE,TRUE,TRUE
11,56914,"CP198786","CP209675","CP075368","CP044538","CP198786","CP044538","CP209675","CP075368",4,TRUE,TRUE,TRUE,TRUE
11,57672,"CP198712","CP207476","CP074304","CP044535","CP198712","CP044535","CP207476","CP074304",4,TRUE,TRUE,TRUE,TRUE
11,57880,"CP200090","CP209790","CP075234","CP044822","CP200090","CP044822","CP209790","CP075234",4,TRUE,TRUE,TRUE,TRUE
12,91634,"CP203268","CP212247","CP075984","CP045602","CP203268","CP045602","CP212247","CP075984",4,TRUE,TRUE,TRUE,TRUE
12,93467,"CP205702","CP213378","CP076700","CP045430","CP205702","CP045430","CP213378","CP076700",4,TRUE,TRUE,TRUE,TRUE
12,81067,"CP209978","CP215295","CP078449","CP046635","CP209978","CP046635","CP215295","CP078449",4,TRUE,TRUE,TRUE,TRUE
12,91374,"CP217177","CP226066","CP081722","CP047322","CP217177","CP047322","CP226066","CP081722",4,TRUE,TRUE,TRUE,TRUE
12,91419,"CP212421","CP222760","CP079532","CP047316","CP212421","CP047316","CP222760","CP079532",4,TRUE,TRUE,TRUE,TRUE
12,93225,"CP216763","CP222210","CP080941","CP047830","CP216763","CP047830","CP222210","CP080941",4,TRUE,TRUE,TRUE,TRUE
12,93254,"CP213731","CP222171","CP079975","CP047826","CP213731","CP047826","CP222171","CP079975",4,TRUE,TRUE,TRUE,TRUE
12,93798,"CP213846","CP222378","CP080035","CP047896","CP213846","CP047896","CP222378","CP080035",4,TRUE,TRUE,TRUE,TRUE
12,94031,"CP211166","CP218013","CP078639","CP046919","CP211166","CP046919","CP218013","CP078639",4,TRUE,TRUE,TRUE,TRUE
12,94452,"CP215497","CP222771","CP080299","CP048040","CP215497","CP048040","CP222771","CP080299",4,TRUE,TRUE,TRUE,TRUE
12,94530,"CP202715","CP211004","CP075884","CP045405","CP202715","CP045405","CP211004","CP075884",4,TRUE,TRUE,TRUE,TRUE
12,94643,"CP210621","CP218022","CP078472","CP046939","CP210621","CP046939","CP218022","CP078472",4,TRUE,TRUE,TRUE,TRUE
12,95555,"CP213132","CP221605","CP079716","CP047724","CP213132","CP047724","CP221605","CP079716",4,TRUE,TRUE,TRUE,TRUE
12,95824,"CP216990","CP223485","CP081069","CP048253","CP216990","CP048253","CP223485","CP081069",4,TRUE,TRUE,TRUE,TRUE
12,96196,"CP205581","CP212876","CP076090","CP045476","CP205581","CP045476","CP212876","CP076090",4,TRUE,TRUE,TRUE,TRUE
12,97771,"CP205478","CP212773","CP076365","CP045536","CP205478","CP045536","CP212773","CP076365",4,TRUE,TRUE,TRUE,TRUE
12,98139,"CP212138","CP220143","CP079132","CP047189","CP212138","CP047189","CP220143","CP079132",4,TRUE,TRUE,TRUE,TRUE
12,72309,"CP216740","CP225530","CP082024","CP048874","CP216740","CP048874","CP225530","CP082024",4,TRUE,TRUE,TRUE,TRUE
12,74199,"CP216675","CP223108","CP080603","CP048252","CP216675","CP048252","CP223108","CP080603",4,TRUE,TRUE,TRUE,TRUE
12,74994,"CP208028","CP213585","CP077015","CP045947","CP208028","CP045947","CP213585","CP077015",4,TRUE,TRUE,TRUE,TRUE
12,75161,"CP210773","CP216394","CP078514","CP046951","CP210773","CP046951","CP216394","CP078514",4,TRUE,TRUE,TRUE,TRUE
12,75227,"CP214901","CP223350","CP082082","CP048220","CP214901","CP048220","CP223350","CP082082",4,TRUE,TRUE,TRUE,TRUE
12,75736,"CP204118","CP212480","CP076212","CP045502","CP204118","CP045502","CP212480","CP076212",4,TRUE,TRUE,TRUE,TRUE
12,75962,"CP209507","CP214681","CP077656","CP046649","CP209507","CP046649","CP214681","CP077656",4,TRUE,TRUE,TRUE,TRUE
12,76455,"CP218319","CP222968","CP082102","CP048104","CP218319","CP048104","CP222968","CP082102",4,TRUE,TRUE,TRUE,TRUE
12,76486,"CP214809","CP225476","CP081139","CP048169","CP214809","CP048169","CP225476","CP081139",4,TRUE,TRUE,TRUE,TRUE
12,76527,"CP214702","CP222949","CP080493","CP048156","CP214702","CP048156","CP222949","CP080493",4,TRUE,TRUE,TRUE,TRUE
12,76747,"CP209751","CP214711","CP077780","CP046556","CP209751","CP046556","CP214711","CP077780",4,TRUE,TRUE,TRUE,TRUE
12,76912,"CP210615","CP216322","CP078431","CP046914","CP210615","CP046914","CP216322","CP078431",4,TRUE,TRUE,TRUE,TRUE
12,76987,"CP215899","CP225445","CP080816","CP048342","CP215899","CP048342","CP225445","CP080816",4,TRUE,TRUE,TRUE,TRUE
12,77070,"CP213163","CP222250","CP079758","CP047715","CP213163","CP047715","CP222250","CP079758",4,TRUE,TRUE,TRUE,TRUE
12,77074,"CP209498","CP214647","CP077648","CP046653","CP209498","CP046653","CP214647","CP077648",4,TRUE,TRUE,TRUE,TRUE
12,77118,"CP218339","CP223377","CP082105","CP048234","CP218339","CP048234","CP223377","CP082105",4,TRUE,TRUE,TRUE,TRUE
12,77761,"CP214018","CP222489","CP082118","CP047978","CP214018","CP047978","CP222489","CP082118",4,TRUE,TRUE,TRUE,TRUE
12,78128,"CP213058","CP221142","CP079747","CP047720","CP213058","CP047720","CP221142","CP079747",4,TRUE,TRUE,TRUE,TRUE
12,78328,"CP209018","CP214038","CP077329","CP046223","CP209018","CP046223","CP214038","CP077329",4,TRUE,TRUE,TRUE,TRUE
12,78485,"CP218395","CP223391","CP082145","CP048170","CP218395","CP048170","CP223391","CP082145",4,TRUE,TRUE,TRUE,TRUE
12,78532,"CP218398","CP222914","CP081901","CP048136","CP218398","CP048136","CP222914","CP081901",4,TRUE,TRUE,TRUE,TRUE
12,78709,"CP214589","CP223399","CP080630","CP048140","CP214589","CP048140","CP223399","CP080630",4,TRUE,TRUE,TRUE,TRUE
12,78807,"CP209631","CP214677","CP077730","CP046682","CP209631","CP046682","CP214677","CP077730",4,TRUE,TRUE,TRUE,TRUE
12,79104,"CP218447","CP223411","CP082156","CP048215","CP218447","CP048215","CP223411","CP082156",4,TRUE,TRUE,TRUE,TRUE
12,79532,"CP218475","CP225082","CP082159","CP048343","CP218475","CP048343","CP225082","CP082159",4,TRUE,TRUE,TRUE,TRUE
12,79564,"CP213813","CP222403","CP079996","CP047897","CP213813","CP047897","CP222403","CP079996",4,TRUE,TRUE,TRUE,TRUE
12,79681,"CP215360","CP225087","CP082160","CP048335","CP215360","CP048335","CP225087","CP082160",4,TRUE,TRUE,TRUE,TRUE
12,80068,"CP218499","CP225110","CP082163","CP048141","CP218499","CP048141","CP225110","CP082163",4,TRUE,TRUE,TRUE,TRUE
12,80099,"CP218503","CP223059","CP082166","CP048130","CP218503","CP048130","CP223059","CP082166",4,TRUE,TRUE,TRUE,TRUE
12,80427,"CP216597","CP225130","CP081193","CP048578","CP216597","CP048578","CP225130","CP081193",4,TRUE,TRUE,TRUE,TRUE
12,80619,"CP214888","CP225150","CP081834","CP048207","CP214888","CP048207","CP225150","CP081834",4,TRUE,TRUE,TRUE,TRUE
12,80886,"CP218512","CP223432","CP082180","CP048361","CP218512","CP048361","CP223432","CP082180",4,TRUE,TRUE,TRUE,TRUE
12,81010,"CP215285","CP223435","CP082181","CP048323","CP215285","CP048323","CP223435","CP082181",4,TRUE,TRUE,TRUE,TRUE
12,81027,"CP218532","CP222721","CP080381","CP048087","CP218532","CP048087","CP222721","CP080381",4,TRUE,TRUE,TRUE,TRUE
12,81306,"CP218550","CP225742","CP082183","CP048135","CP218550","CP048135","CP225742","CP082183",4,TRUE,TRUE,TRUE,TRUE
12,81346,"CP214938","CP222869","CP082185","CP048118","CP214938","CP048118","CP222869","CP082185",4,TRUE,TRUE,TRUE,TRUE
12,81742,"CP205608","CP212721","CP076572","CP045659","CP205608","CP045659","CP212721","CP076572",4,TRUE,TRUE,TRUE,TRUE
12,81772,"CP205524","CP212709","CP076524","CP045631","CP205524","CP045631","CP212709","CP076524",4,TRUE,TRUE,TRUE,TRUE
12,82071,"CP218574","CP223447","CP082199","CP048329","CP218574","CP048329","CP223447","CP082199",4,TRUE,TRUE,TRUE,TRUE
12,82236,"CP214558","CP222718","CP080328","CP048090","CP214558","CP048090","CP222718","CP080328",4,TRUE,TRUE,TRUE,TRUE
12,82484,"CP218575","CP223453","CP082204","CP048119","CP218575","CP048119","CP223453","CP082204",4,TRUE,TRUE,TRUE,TRUE
12,82513,"CP214575","CP222867","CP081984","CP048113","CP214575","CP048113","CP222867","CP081984",4,TRUE,TRUE,TRUE,TRUE
12,82866,"CP217582","CP223458","CP082205","CP048238","CP217582","CP048238","CP223458","CP082205",4,TRUE,TRUE,TRUE,TRUE
12,82988,"CP214770","CP223466","CP080566","CP048193","CP214770","CP048193","CP223466","CP080566",4,TRUE,TRUE,TRUE,TRUE
12,83228,"CP217640","CP225269","CP082213","CP048266","CP217640","CP048266","CP225269","CP082213",4,TRUE,TRUE,TRUE,TRUE
12,83249,"CP215531","CP223468","CP081718","CP048258","CP215531","CP048258","CP223468","CP081718",4,TRUE,TRUE,TRUE,TRUE
12,83263,"CP216383","CP223758","CP081079","CP048572","CP216383","CP048572","CP223758","CP081079",4,TRUE,TRUE,TRUE,TRUE
12,83504,"CP216702","CP225456","CP081596","CP048541","CP216702","CP048541","CP225456","CP081596",4,TRUE,TRUE,TRUE,TRUE
12,83615,"CP214986","CP223135","CP082215","CP048116","CP214986","CP048116","CP223135","CP082215",4,TRUE,TRUE,TRUE,TRUE
12,83639,"CP214555","CP222814","CP080536","CP048110","CP214555","CP048110","CP222814","CP080536",4,TRUE,TRUE,TRUE,TRUE
12,83802,"CP209845","CP214919","CP077936","CP046816","CP209845","CP046816","CP214919","CP077936",4,TRUE,TRUE,TRUE,TRUE
12,83931,"CP217184","CP223472","CP082218","CP048232","CP217184","CP048232","CP223472","CP082218",4,TRUE,TRUE,TRUE,TRUE
12,83947,"CP215236","CP222971","CP081845","CP048194","CP215236","CP048194","CP222971","CP081845",4,TRUE,TRUE,TRUE,TRUE
12,84246,"CP215667","CP223475","CP081912","CP048297","CP215667","CP048297","CP223475","CP081912",4,TRUE,TRUE,TRUE,TRUE
12,84703,"CP209896","CP214980","CP077979","CP046842","CP209896","CP046842","CP214980","CP077979",4,TRUE,TRUE,TRUE,TRUE
12,84804,"CP214803","CP225327","CP080459","CP048340","CP214803","CP048340","CP225327","CP080459",4,TRUE,TRUE,TRUE,TRUE
12,85050,"CP215239","CP223477","CP080622","CP048290","CP215239","CP048290","CP223477","CP080622",4,TRUE,TRUE,TRUE,TRUE
13,102100,"CP238942","CP270368","CP089062","CP054225","CP238942","CP054225","CP270368","CP089062",4,TRUE,TRUE,TRUE,TRUE
13,116832,"CP236397","CP268951","CP087952","CP053850","CP236397","CP053850","CP268951","CP087952",4,TRUE,TRUE,TRUE,TRUE
13,119277,"CP238899","CP270435","CP088601","CP054189","CP238899","CP054189","CP270435","CP088601",4,TRUE,TRUE,TRUE,TRUE
13,124464,"CP239048","CP270407","CP088622","CP054226","CP239048","CP054226","CP270407","CP088622",4,TRUE,TRUE,TRUE,TRUE
13,104879,"CP234902","CP268917","CP087105","CP053721","CP234902","CP053721","CP268917","CP087105",4,TRUE,TRUE,TRUE,TRUE
13,107167,"CP235160","CP269751","CP087113","CP053723","CP235160","CP053723","CP269751","CP087113",4,TRUE,TRUE,TRUE,TRUE
13,111601,"CP235113","CP270031","CP086938","CP053799","CP235113","CP053799","CP270031","CP086938",4,TRUE,TRUE,TRUE,TRUE
13,112701,"CP237339","CP269672","CP088126","CP054114","CP237339","CP054114","CP269672","CP088126",4,TRUE,TRUE,TRUE,TRUE
13,116990,"CP237156","CP269574","CP088099","CP054092","CP237156","CP054092","CP269574","CP088099",4,TRUE,TRUE,TRUE,TRUE
13,117429,"CP238958","CP270501","CP088582","CP054238","CP238958","CP054238","CP270501","CP088582",4,TRUE,TRUE,TRUE,TRUE
13,118269,"CP247065","CP275947","CP091736","CP055279","CP247065","CP055279","CP275947","CP091736",4,TRUE,TRUE,TRUE,TRUE
13,118487,"CP238809","CP271208","CP088615","CP054229","CP238809","CP054229","CP271208","CP088615",4,TRUE,TRUE,TRUE,TRUE
13,119630,"CP246017","CP276196","CP091618","CP055475","CP246017","CP055475","CP276196","CP091618",4,TRUE,TRUE,TRUE,TRUE
13,119707,"CP243177","CP275427","CP091250","CP054814","CP243177","CP054814","CP275427","CP091250",4,TRUE,TRUE,TRUE,TRUE
13,119716,"CP234021","CP269594","CP086978","CP053795","CP234021","CP053795","CP269594","CP086978",4,TRUE,TRUE,TRUE,TRUE
13,120038,"CP243683","CP275616","CP091037","CP055112","CP243683","CP055112","CP275616","CP091037",4,TRUE,TRUE,TRUE,TRUE
13,120394,"CP239847","CP274023","CP088980","CP054355","CP239847","CP054355","CP274023","CP088980",4,TRUE,TRUE,TRUE,TRUE
13,120686,"CP245271","CP279805","CP091791","CP055616","CP245271","CP055616","CP279805","CP091791",4,TRUE,TRUE,TRUE,TRUE
13,120989,"CP247110","CP276807","CP092477","CP055651","CP247110","CP055651","CP276807","CP092477",4,TRUE,TRUE,TRUE,TRUE
13,122197,"CP244491","CP276325","CP091518","CP055510","CP244491","CP055510","CP276325","CP091518",4,TRUE,TRUE,TRUE,TRUE
13,122375,"CP247122","CP278274","CP092630","CP055903","CP247122","CP055903","CP278274","CP092630",4,TRUE,TRUE,TRUE,TRUE
13,122435,"CP246562","CP277254","CP092328","CP055823","CP246562","CP055823","CP277254","CP092328",4,TRUE,TRUE,TRUE,TRUE
13,122577,"CP243930","CP275817","CP091184","CP055191","CP243930","CP055191","CP275817","CP091184",4,TRUE,TRUE,TRUE,TRUE
13,122985,"CP247016","CP276405","CP092415","CP055579","CP247016","CP055579","CP276405","CP092415",4,TRUE,TRUE,TRUE,TRUE
13,99429,"CP235948","CP268812","CP087749","CP053883","CP235948","CP053883","CP268812","CP087749",4,TRUE,TRUE,TRUE,TRUE
13,99498,"CP247087","CP279389","CP093210","CP056246","CP247087","CP056246","CP279389","CP093210",4,TRUE,TRUE,TRUE,TRUE
13,99649,"CP245126","CP276846","CP092726","CP055562","CP245126","CP055562","CP276846","CP092726",4,TRUE,TRUE,TRUE,TRUE
13,100847,"CP238703","CP271403","CP088467","CP054197","CP238703","CP054197","CP271403","CP088467",4,TRUE,TRUE,TRUE,TRUE
13,101318,"CP238828","CP270547","CP088546","CP054199","CP238828","CP054199","CP270547","CP088546",4,TRUE,TRUE,TRUE,TRUE
13,101415,"CP245536","CP276886","CP091843","CP055653","CP245536","CP055653","CP276886","CP091843",4,TRUE,TRUE,TRUE,TRUE
13,102373,"CP248444","CP278632","CP093234","CP055639","CP248444","CP055639","CP278632","CP093234",4,TRUE,TRUE,TRUE,TRUE
13,102474,"CP239084","CP271441","CP088680","CP054372","CP239084","CP054372","CP271441","CP088680",4,TRUE,TRUE,TRUE,TRUE
13,103152,"CP243810","CP275815","CP091188","CP055181","CP243810","CP055181","CP275815","CP091188",4,TRUE,TRUE,TRUE,TRUE
13,103530,"CP248538","CP276353","CP093250","CP055519","CP248538","CP055519","CP276353","CP093250",4,TRUE,TRUE,TRUE,TRUE
13,103571,"CP245450","CP279481","CP091788","CP055581","CP245450","CP055581","CP279481","CP091788",4,TRUE,TRUE,TRUE,TRUE
13,103616,"CP244990","CP276359","CP091772","CP055566","CP244990","CP055566","CP276359","CP091772",4,TRUE,TRUE,TRUE,TRUE
13,104173,"CP248556","CP276926","CP093254","CP055627","CP248556","CP055627","CP276926","CP093254",4,TRUE,TRUE,TRUE,TRUE
13,105399,"CP248624","CP276956","CP093283","CP055520","CP248624","CP055520","CP276956","CP093283",4,TRUE,TRUE,TRUE,TRUE
13,105999,"CP248669","CP276976","CP093291","CP055614","CP248669","CP055614","CP276976","CP093291",4,TRUE,TRUE,TRUE,TRUE
13,106436,"CP244262","CP276011","CP091358","CP055338","CP244262","CP055338","CP276011","CP091358",4,TRUE,TRUE,TRUE,TRUE
13,106716,"CP238730","CP270524","CP088555","CP054206","CP238730","CP054206","CP270524","CP088555",4,TRUE,TRUE,TRUE,TRUE
13,106941,"CP248708","CP278959","CP093302","CP055517","CP248708","CP055517","CP278959","CP093302",4,TRUE,TRUE,TRUE,TRUE
13,107138,"CP238731","CP270449","CP088486","CP054236","CP238731","CP054236","CP270449","CP088486",4,TRUE,TRUE,TRUE,TRUE
13,107335,"CP238591","CP270418","CP088488","CP054209","CP238591","CP054209","CP270418","CP088488",4,TRUE,TRUE,TRUE,TRUE
13,107707,"CP248750","CP279773","CP093324","CP055713","CP248750","CP055713","CP279773","CP093324",4,TRUE,TRUE,TRUE,TRUE
13,107725,"CP238842","CP270450","CP088492","CP054213","CP238842","CP054213","CP270450","CP088492",4,TRUE,TRUE,TRUE,TRUE
13,108121,"CP238733","CP270356","CP088493","CP054217","CP238733","CP054217","CP270356","CP088493",4,TRUE,TRUE,TRUE,TRUE
13,108141,"CP248806","CP279768","CP093327","CP055568","CP248806","CP055568","CP279768","CP093327",4,TRUE,TRUE,TRUE,TRUE
13,108222,"CP238845","CP270423","CP088495","CP054166","CP238845","CP054166","CP270423","CP088495",4,TRUE,TRUE,TRUE,TRUE
13,108602,"CP238741","CP270399","CP088556","CP054220","CP238741","CP054220","CP270399","CP088556",4,TRUE,TRUE,TRUE,TRUE
13,108856,"CP248839","CP279055","CP093341","CP055714","CP248839","CP055714","CP279055","CP093341",4,TRUE,TRUE,TRUE,TRUE
13,108883,"CP247581","CP277023","CP093064","CP055687","CP247581","CP055687","CP277023","CP093064",4,TRUE,TRUE,TRUE,TRUE
13,109161,"CP248860","CP277033","CP093347","CP055541","CP248860","CP055541","CP277033","CP093347",4,TRUE,TRUE,TRUE,TRUE
13,109178,"CP245004","CP276309","CP093110","CP055530","CP245004","CP055530","CP276309","CP093110",4,TRUE,TRUE,TRUE,TRUE
13,109723,"CP246444","CP277335","CP092372","CP055915","CP246444","CP055915","CP277335","CP092372",4,TRUE,TRUE,TRUE,TRUE
13,109952,"CP246841","CP279278","CP092897","CP055894","CP246841","CP055894","CP279278","CP092897",4,TRUE,TRUE,TRUE,TRUE
13,110023,"CP245034","CP277055","CP093075","CP055535","CP245034","CP055535","CP277055","CP093075",4,TRUE,TRUE,TRUE,TRUE
13,110509,"CP247092","CP279132","CP093083","CP055700","CP247092","CP055700","CP279132","CP093083",4,TRUE,TRUE,TRUE,TRUE
13,110706,"CP246813","CP279261","CP092863","CP055879","CP246813","CP055879","CP279261","CP092863",4,TRUE,TRUE,TRUE,TRUE
13,110792,"CP244847","CP276315","CP091613","CP055531","CP244847","CP055531","CP276315","CP091613",4,TRUE,TRUE,TRUE,TRUE
14,138032,"CP249933","CP288855","CP095865","CP056296","CP249933","CP056296","CP288855","CP095865",4,TRUE,TRUE,TRUE,TRUE
14,140425,"CP251837","CP282298","CP094073","CP056267","CP251837","CP056267","CP282298","CP094073",4,TRUE,TRUE,TRUE,TRUE
14,144280,"CP252338","CP282468","CP094221","CP056321","CP252338","CP056321","CP282468","CP094221",4,TRUE,TRUE,TRUE,TRUE
14,125410,"CP260854","CP281225","CP093593","CP056272","CP260854","CP056272","CP281225","CP093593",4,TRUE,TRUE,TRUE,TRUE
14,140412,"CP261888","CP287515","CP098049","CP057317","CP261888","CP057317","CP287515","CP098049",4,TRUE,TRUE,TRUE,TRUE
14,141567,"CP261130","CP287724","CP097327","CP057513","CP261130","CP057513","CP287724","CP097327",4,TRUE,TRUE,TRUE,TRUE
14,141655,"CP258225","CP287106","CP096906","CP056915","CP258225","CP056915","CP287106","CP096906",4,TRUE,TRUE,TRUE,TRUE
14,141657,"CP249364","CP280572","CP093500","CP056275","CP249364","CP056275","CP280572","CP093500",4,TRUE,TRUE,TRUE,TRUE
14,142476,"CP253881","CP283328","CP094730","CP056659","CP253881","CP056659","CP283328","CP094730",4,TRUE,TRUE,TRUE,TRUE
14,143041,"CP258026","CP287749","CP096357","CP056907","CP258026","CP056907","CP287749","CP096357",4,TRUE,TRUE,TRUE,TRUE
14,144574,"CP257739","CP286893","CP096239","CP056867","CP257739","CP056867","CP286893","CP096239",4,TRUE,TRUE,TRUE,TRUE
14,144663,"CP259523","CP291357","CP097486","CP057617","CP259523","CP057617","CP291357","CP097486",4,TRUE,TRUE,TRUE,TRUE
14,144692,"CP259450","CP287816","CP097244","CP057487","CP259450","CP057487","CP287816","CP097244",4,TRUE,TRUE,TRUE,TRUE
14,145917,"CP254969","CP284514","CP095031","CP056682","CP254969","CP056682","CP284514","CP095031",4,TRUE,TRUE,TRUE,TRUE
14,145988,"CP258937","CP287610","CP096913","CP057278","CP258937","CP057278","CP287610","CP096913",4,TRUE,TRUE,TRUE,TRUE
14,146166,"CP260025","CP290162","CP099060","CP057583","CP260025","CP057583","CP290162","CP099060",4,TRUE,TRUE,TRUE,TRUE
14,125228,"CP259816","CP290293","CP097595","CP057623","CP259816","CP057623","CP290293","CP097595",4,TRUE,TRUE,TRUE,TRUE
14,125507,"CP261872","CP291048","CP099078","CP058171","CP261872","CP058171","CP291048","CP099078",4,TRUE,TRUE,TRUE,TRUE
14,125879,"CP260093","CP287895","CP097576","CP057629","CP260093","CP057629","CP287895","CP097576",4,TRUE,TRUE,TRUE,TRUE
14,126626,"CP263478","CP288120","CP099114","CP057579","CP263478","CP057579","CP288120","CP099114",4,TRUE,TRUE,TRUE,TRUE
14,126796,"CP259889","CP288579","CP097490","CP057632","CP259889","CP057632","CP288579","CP097490",4,TRUE,TRUE,TRUE,TRUE
14,127101,"CP258715","CP287351","CP096827","CP057214","CP258715","CP057214","CP287351","CP096827",4,TRUE,TRUE,TRUE,TRUE
14,127117,"CP263500","CP288593","CP099119","CP057671","CP263500","CP057671","CP288593","CP099119",4,TRUE,TRUE,TRUE,TRUE
14,127512,"CP259792","CP287906","CP097383","CP057602","CP259792","CP057602","CP287906","CP097383",4,TRUE,TRUE,TRUE,TRUE
14,128028,"CP263579","CP288625","CP099146","CP057577","CP263579","CP057577","CP288625","CP099146",4,TRUE,TRUE,TRUE,TRUE
14,128195,"CP259825","CP291330","CP097631","CP057606","CP259825","CP057606","CP291330","CP097631",4,TRUE,TRUE,TRUE,TRUE
14,128842,"CP259121","CP287538","CP096993","CP057391","CP259121","CP057391","CP287538","CP096993",4,TRUE,TRUE,TRUE,TRUE
14,129001,"CP263650","CP287719","CP097541","CP057546","CP263650","CP057546","CP287719","CP097541",4,TRUE,TRUE,TRUE,TRUE
14,129262,"CP263665","CP290721","CP099160","CP057622","CP263665","CP057622","CP290721","CP099160",4,TRUE,TRUE,TRUE,TRUE
14,129291,"CP263681","CP287891","CP099161","CP057595","CP263681","CP057595","CP287891","CP099161",4,TRUE,TRUE,TRUE,TRUE
14,129649,"CP263715","CP290757","CP099168","CP057648","CP263715","CP057648","CP290757","CP099168",4,TRUE,TRUE,TRUE,TRUE
14,129960,"CP263723","CP290785","CP099175","CP057744","CP263723","CP057744","CP290785","CP099175",4,TRUE,TRUE,TRUE,TRUE
14,130346,"CP263768","CP291089","CP099180","CP057603","CP263768","CP057603","CP291089","CP099180",4,TRUE,TRUE,TRUE,TRUE
14,130371,"CP260037","CP287897","CP099182","CP057590","CP260037","CP057590","CP287897","CP099182",4,TRUE,TRUE,TRUE,TRUE
14,130686,"CP263773","CP288668","CP099187","CP057658","CP263773","CP057658","CP288668","CP099187",4,TRUE,TRUE,TRUE,TRUE
14,130977,"CP263776","CP288675","CP099197","CP057736","CP263776","CP057736","CP288675","CP099197",4,TRUE,TRUE,TRUE,TRUE
14,131002,"CP260648","CP288676","CP098900","CP057723","CP260648","CP057723","CP288676","CP098900",4,TRUE,TRUE,TRUE,TRUE
14,131255,"CP261918","CP291049","CP098155","CP057952","CP261918","CP057952","CP291049","CP098155",4,TRUE,TRUE,TRUE,TRUE
14,131305,"CP262217","CP288682","CP099204","CP057591","CP262217","CP057591","CP288682","CP099204",4,TRUE,TRUE,TRUE,TRUE
14,131474,"CP255402","CP284663","CP095480","CP056718","CP255402","CP056718","CP284663","CP095480",4,TRUE,TRUE,TRUE,TRUE
14,131946,"CP259680","CP287703","CP097231","CP057553","CP259680","CP057553","CP287703","CP097231",4,TRUE,TRUE,TRUE,TRUE
14,132129,"CP260114","CP287889","CP099211","CP057592","CP260114","CP057592","CP287889","CP099211",4,TRUE,TRUE,TRUE,TRUE
14,132145,"CP259780","CP287810","CP097681","CP057584","CP259780","CP057584","CP287810","CP097681",4,TRUE,TRUE,TRUE,TRUE
14,132942,"CP259790","CP287812","CP097277","CP057601","CP259790","CP057601","CP287812","CP097277",4,TRUE,TRUE,TRUE,TRUE
14,132967,"CP259753","CP287813","CP097269","CP057580","CP259753","CP057580","CP287813","CP097269",4,TRUE,TRUE,TRUE,TRUE
14,133070,"CP255499","CP284709","CP095388","CP056738","CP255499","CP056738","CP284709","CP095388",4,TRUE,TRUE,TRUE,TRUE
14,133627,"CP259781","CP287832","CP097268","CP057585","CP259781","CP057585","CP287832","CP097268",4,TRUE,TRUE,TRUE,TRUE
15,166827,"CP266125","CP292915","CP099551","CP058374","CP266125","CP058374","CP292915","CP099551",4,TRUE,TRUE,TRUE,TRUE
15,157846,"CP266725","CP294025","CP099553","CP058376","CP266725","CP058376","CP294025","CP099553",4,TRUE,TRUE,TRUE,TRUE
15,160239,"CP266588","CP293729","CP099662","CP058355","CP266588","CP058355","CP293729","CP099662",4,TRUE,TRUE,TRUE,TRUE
15,148158,"CP268269","CP294632","CP100119","CP058496","CP268269","CP058496","CP294632","CP100119",4,TRUE,TRUE,TRUE,TRUE
15,148537,"CP268018","CP293887","CP099991","CP058486","CP268018","CP058486","CP293887","CP099991",4,TRUE,TRUE,TRUE,TRUE
15,159247,"CP277408","CP301252","CP103520","CP059797","CP277408","CP059797","CP301252","CP103520",4,TRUE,TRUE,TRUE,TRUE
15,159692,"CP273174","CP297063","CP101785","CP059794","CP273174","CP059794","CP297063","CP101785",4,TRUE,TRUE,TRUE,TRUE
15,160215,"CP267527","CP294571","CP099885","CP058487","CP267527","CP058487","CP294571","CP099885",4,TRUE,TRUE,TRUE,TRUE
15,161427,"CP276770","CP297311","CP102873","CP060257","CP276770","CP060257","CP297311","CP102873",4,TRUE,TRUE,TRUE,TRUE
15,163156,"CP266625","CP294546","CP099658","CP058278","CP266625","CP058278","CP294546","CP099658",4,TRUE,TRUE,TRUE,TRUE
15,163416,"CP273050","CP296934","CP101635","CP059835","CP273050","CP059835","CP296934","CP101635",4,TRUE,TRUE,TRUE,TRUE
15,163837,"CP272857","CP297079","CP101499","CP059686","CP272857","CP059686","CP297079","CP101499",4,TRUE,TRUE,TRUE,TRUE
15,164897,"CP276998","CP300579","CP103367","CP060895","CP276998","CP060895","CP300579","CP103367",4,TRUE,TRUE,TRUE,TRUE
15,165437,"CP272646","CP296609","CP101413","CP059635","CP272646","CP059635","CP296609","CP101413",4,TRUE,TRUE,TRUE,TRUE
15,165641,"CP273626","CP297330","CP102141","CP060124","CP273626","CP060124","CP297330","CP102141",4,TRUE,TRUE,TRUE,TRUE
15,165946,"CP276951","CP300690","CP103585","CP061097","CP276951","CP061097","CP300690","CP103585",4,TRUE,TRUE,TRUE,TRUE
15,166859,"CP276827","CP300765","CP103829","CP061171","CP276827","CP061171","CP300765","CP103829",4,TRUE,TRUE,TRUE,TRUE
15,166982,"CP274726","CP299819","CP103905","CP060528","CP274726","CP060528","CP299819","CP103905",4,TRUE,TRUE,TRUE,TRUE
15,168758,"CP270395","CP295506","CP100519","CP059141","CP270395","CP059141","CP295506","CP100519",4,TRUE,TRUE,TRUE,TRUE
15,168766,"CP276954","CP300723","CP103919","CP061105","CP276954","CP061105","CP300723","CP103919",4,TRUE,TRUE,TRUE,TRUE
15,147932,"CP276458","CP300070","CP103952","CP060635","CP276458","CP060635","CP300070","CP103952",4,TRUE,TRUE,TRUE,TRUE
15,148007,"CP273535","CP297187","CP101963","CP060148","CP273535","CP060148","CP297187","CP101963",4,TRUE,TRUE,TRUE,TRUE
15,148054,"CP273527","CP297176","CP101945","CP060141","CP273527","CP060141","CP297176","CP101945",4,TRUE,TRUE,TRUE,TRUE
15,148371,"CP278393","CP297638","CP103955","CP060496","CP278393","CP060496","CP297638","CP103955",4,TRUE,TRUE,TRUE,TRUE
15,148393,"CP275259","CP298346","CP102811","CP060546","CP275259","CP060546","CP298346","CP102811",4,TRUE,TRUE,TRUE,TRUE
15,148431,"CP274699","CP297664","CP102529","CP060535","CP274699","CP060535","CP297664","CP102529",4,TRUE,TRUE,TRUE,TRUE
15,148534,"CP274798","CP298353","CP102513","CP060557","CP274798","CP060557","CP298353","CP102513",4,TRUE,TRUE,TRUE,TRUE
15,148556,"CP270968","CP295809","CP100851","CP059257","CP270968","CP059257","CP295809","CP100851",4,TRUE,TRUE,TRUE,TRUE
15,149982,"CP278477","CP298382","CP104006","CP060551","CP278477","CP060551","CP298382","CP104006",4,TRUE,TRUE,TRUE,TRUE
15,150148,"CP274506","CP298392","CP102660","CP060494","CP274506","CP060494","CP298392","CP102660",4,TRUE,TRUE,TRUE,TRUE
15,150437,"CP278532","CP300295","CP104014","CP060574","CP278532","CP060574","CP300295","CP104014",4,TRUE,TRUE,TRUE,TRUE
15,151166,"CP278538","CP300354","CP104021","CP060537","CP278538","CP060537","CP300354","CP104021",4,TRUE,TRUE,TRUE,TRUE
15,151429,"CP276313","CP300371","CP103214","CP060901","CP276313","CP060901","CP300371","CP103214",4,TRUE,TRUE,TRUE,TRUE
15,151909,"CP278582","CP298424","CP103748","CP060664","CP278582","CP060664","CP298424","CP103748",4,TRUE,TRUE,TRUE,TRUE
15,152263,"CP278612","CP300793","CP104044","CP060515","CP278612","CP060515","CP300793","CP104044",4,TRUE,TRUE,TRUE,TRUE
15,152565,"CP278613","CP298436","CP104053","CP060602","CP278613","CP060602","CP298436","CP104053",4,TRUE,TRUE,TRUE,TRUE
15,152950,"CP274694","CP297509","CP102341","CP060480","CP274694","CP060480","CP297509","CP102341",4,TRUE,TRUE,TRUE,TRUE
15,153112,"CP278627","CP298450","CP104070","CP060516","CP278627","CP060516","CP298450","CP104070",4,TRUE,TRUE,TRUE,TRUE
15,153603,"CP276297","CP298762","CP103122","CP060888","CP276297","CP060888","CP298762","CP103122",4,TRUE,TRUE,TRUE,TRUE
15,153638,"CP275541","CP298466","CP103641","CP060617","CP275541","CP060617","CP298466","CP103641",4,TRUE,TRUE,TRUE,TRUE
15,153866,"CP274932","CP297824","CP104074","CP060504","CP274932","CP060504","CP297824","CP104074",4,TRUE,TRUE,TRUE,TRUE
15,153882,"CP274531","CP297566","CP102412","CP060500","CP274531","CP060500","CP297566","CP102412",4,TRUE,TRUE,TRUE,TRUE
15,153974,"CP271455","CP295798","CP100886","CP059275","CP271455","CP059275","CP295798","CP100886",4,TRUE,TRUE,TRUE,TRUE
15,154304,"CP275911","CP298525","CP103631","CP060650","CP275911","CP060650","CP298525","CP103631",4,TRUE,TRUE,TRUE,TRUE
15,154387,"CP274314","CP297497","CP102296","CP060487","CP274314","CP060487","CP297497","CP102296",4,TRUE,TRUE,TRUE,TRUE
15,155023,"CP275352","CP298539","CP102657","CP060641","CP275352","CP060641","CP298539","CP102657",4,TRUE,TRUE,TRUE,TRUE
15,155234,"CP268460","CP294582","CP100130","CP058517","CP268460","CP058517","CP294582","CP100130",4,TRUE,TRUE,TRUE,TRUE
16,172161,"CP280854","CP303348","CP104586","CP061601","CP280854","CP061601","CP303348","CP104586",4,TRUE,TRUE,TRUE,TRUE
16,172494,"CP282225","CP304012","CP105093","CP061867","CP282225","CP061867","CP304012","CP105093",4,TRUE,TRUE,TRUE,TRUE
16,182161,"CP280052","CP311214","CP105607","CP061561","CP280052","CP061561","CP311214","CP105607",4,TRUE,TRUE,TRUE,TRUE
16,190738,"CP282446","CP303520","CP105075","CP061206","CP282446","CP061206","CP303520","CP105075",4,TRUE,TRUE,TRUE,TRUE
16,170461,"CP282498","CP305153","CP104946","CP061621","CP282498","CP061621","CP305153","CP104946",4,TRUE,TRUE,TRUE,TRUE
16,184200,"CP281390","CP304529","CP104724","CP061509","CP281390","CP061509","CP304529","CP104724",4,TRUE,TRUE,TRUE,TRUE
16,184513,"CP291629","CP309061","CP106737","CP062290","CP291629","CP062290","CP309061","CP106737",4,TRUE,TRUE,TRUE,TRUE
16,185681,"CP291985","CP309687","CP107981","CP062836","CP291985","CP062836","CP309687","CP107981",4,TRUE,TRUE,TRUE,TRUE
16,186593,"CP288210","CP309246","CP107204","CP062431","CP288210","CP062431","CP309246","CP107204",4,TRUE,TRUE,TRUE,TRUE
16,186795,"CP287943","CP308867","CP106923","CP062361","CP287943","CP062361","CP308867","CP106923",4,TRUE,TRUE,TRUE,TRUE
16,186889,"CP291354","CP309978","CP107914","CP063047","CP291354","CP063047","CP309978","CP107914",4,TRUE,TRUE,TRUE,TRUE
16,188001,"CP281114","CP303509","CP104363","CP061239","CP281114","CP061239","CP303509","CP104363",4,TRUE,TRUE,TRUE,TRUE
16,188033,"CP292138","CP311042","CP108799","CP063225","CP292138","CP063225","CP311042","CP108799",4,TRUE,TRUE,TRUE,TRUE
16,188041,"CP281449","CP303735","CP104805","CP061526","CP281449","CP061526","CP303735","CP104805",4,TRUE,TRUE,TRUE,TRUE
16,188223,"CP288052","CP309108","CP106957","CP062396","CP288052","CP062396","CP309108","CP106957",4,TRUE,TRUE,TRUE,TRUE
16,189172,"CP292081","CP312298","CP108922","CP063539","CP292081","CP063539","CP312298","CP108922",4,TRUE,TRUE,TRUE,TRUE
16,189702,"CP291798","CP310751","CP108364","CP063154","CP291798","CP063154","CP310751","CP108364",4,TRUE,TRUE,TRUE,TRUE
16,189974,"CP288840","CP309654","CP108184","CP062708","CP288840","CP062708","CP309654","CP108184",4,TRUE,TRUE,TRUE,TRUE
16,190349,"CP289233","CP310764","CP107707","CP062931","CP289233","CP062931","CP310764","CP107707",4,TRUE,TRUE,TRUE,TRUE
16,190796,"CP289008","CP309733","CP107610","CP062835","CP289008","CP062835","CP309733","CP107610",4,TRUE,TRUE,TRUE,TRUE
16,191050,"CP280828","CP303262","CP104576","CP061386","CP280828","CP061386","CP303262","CP104576",4,TRUE,TRUE,TRUE,TRUE
16,191244,"CP288895","CP309859","CP107526","CP062794","CP288895","CP062794","CP309859","CP107526",4,TRUE,TRUE,TRUE,TRUE
16,169112,"CP292286","CP311106","CP108144","CP063228","CP292286","CP063228","CP311106","CP108144",4,TRUE,TRUE,TRUE,TRUE
16,169378,"CP290002","CP312535","CP108158","CP063137","CP290002","CP063137","CP312535","CP108158",4,TRUE,TRUE,TRUE,TRUE
16,169671,"CP286069","CP306327","CP105677","CP062223","CP286069","CP062223","CP306327","CP105677",4,TRUE,TRUE,TRUE,TRUE
16,169685,"CP291990","CP313119","CP109569","CP063767","CP291990","CP063767","CP313119","CP109569",4,TRUE,TRUE,TRUE,TRUE
16,169851,"CP279610","CP303211","CP104302","CP061356","CP279610","CP061356","CP303211","CP104302",4,TRUE,TRUE,TRUE,TRUE
16,170943,"CP293467","CP310161","CP109603","CP063093","CP293467","CP063093","CP310161","CP109603",4,TRUE,TRUE,TRUE,TRUE
16,170962,"CP288728","CP309618","CP107398","CP062714","CP288728","CP062714","CP309618","CP107398",4,TRUE,TRUE,TRUE,TRUE
16,171003,"CP289903","CP310236","CP108067","CP063140","CP289903","CP063140","CP310236","CP108067",4,TRUE,TRUE,TRUE,TRUE
16,171426,"CP288748","CP309615","CP107449","CP062719","CP288748","CP062719","CP309615","CP107449",4,TRUE,TRUE,TRUE,TRUE
16,171470,"CP293471","CP310905","CP109606","CP063202","CP293471","CP063202","CP310905","CP109606",4,TRUE,TRUE,TRUE,TRUE
16,171715,"CP290130","CP312709","CP109615","CP063192","CP290130","CP063192","CP312709","CP109615",4,TRUE,TRUE,TRUE,TRUE
16,171833,"CP289905","CP310163","CP108046","CP063172","CP289905","CP063172","CP310163","CP108046",4,TRUE,TRUE,TRUE,TRUE
16,171852,"CP284117","CP304922","CP105378","CP062051","CP284117","CP062051","CP304922","CP105378",4,TRUE,TRUE,TRUE,TRUE
16,172151,"CP293495","CP310915","CP109633","CP063264","CP293495","CP063264","CP310915","CP109633",4,TRUE,TRUE,TRUE,TRUE
16,172531,"CP293522","CP310930","CP109637","CP063091","CP293522","CP063091","CP310930","CP109637",4,TRUE,TRUE,TRUE,TRUE
16,172706,"CP289815","CP310936","CP108068","CP063125","CP289815","CP063125","CP310936","CP108068",4,TRUE,TRUE,TRUE,TRUE
16,172999,"CP293563","CP312834","CP109645","CP063179","CP293563","CP063179","CP312834","CP109645",4,TRUE,TRUE,TRUE,TRUE
16,173778,"CP293608","CP310964","CP109652","CP063126","CP293608","CP063126","CP310964","CP109652",4,TRUE,TRUE,TRUE,TRUE
16,174475,"CP293634","CP312913","CP109669","CP063244","CP293634","CP063244","CP312913","CP109669",4,TRUE,TRUE,TRUE,TRUE
16,174609,"CP293650","CP309979","CP107958","CP063076","CP293650","CP063076","CP309979","CP107958",4,TRUE,TRUE,TRUE,TRUE
16,174855,"CP293676","CP313335","CP109672","CP063127","CP293676","CP063127","CP313335","CP109672",4,TRUE,TRUE,TRUE,TRUE
16,174881,"CP292576","CP310126","CP109676","CP063112","CP292576","CP063112","CP310126","CP109676",4,TRUE,TRUE,TRUE,TRUE
16,175064,"CP286752","CP306748","CP106215","CP062245","CP286752","CP062245","CP306748","CP106215",4,TRUE,TRUE,TRUE,TRUE
16,175575,"CP289816","CP309965","CP107879","CP063073","CP289816","CP063073","CP309965","CP107879",4,TRUE,TRUE,TRUE,TRUE
16,175789,"CP292494","CP310281","CP109704","CP063119","CP292494","CP063119","CP310281","CP109704",4,TRUE,TRUE,TRUE,TRUE
16,176579,"CP290817","CP310228","CP109445","CP063107","CP290817","CP063107","CP310228","CP109445",4,TRUE,TRUE,TRUE,TRUE
16,176736,"CP286862","CP306828","CP106157","CP062252","CP286862","CP062252","CP306828","CP106157",4,TRUE,TRUE,TRUE,TRUE
16,177067,"CP290646","CP311036","CP109433","CP063267","CP290646","CP063267","CP311036","CP109433",4,TRUE,TRUE,TRUE,TRUE
16,177355,"CP289914","CP310089","CP107911","CP063110","CP289914","CP063110","CP310089","CP107911",4,TRUE,TRUE,TRUE,TRUE
16,178803,"CP289703","CP310057","CP107891","CP063086","CP289703","CP063086","CP310057","CP107891",4,TRUE,TRUE,TRUE,TRUE
17,210026,"CP311529","CP353142","CP115693","CP068590","CP311529","CP068590","CP353142","CP115693",4,TRUE,TRUE,TRUE,TRUE
17,217304,"CP312170","CP353313","CP115695","CP068708","CP312170","CP068708","CP353313","CP115695",4,TRUE,TRUE,TRUE,TRUE
17,193150,"CP317573","CP352007","CP114662","CP068234","CP317573","CP068234","CP352007","CP114662",4,TRUE,TRUE,TRUE,TRUE
17,196816,"CP319660","CP363344","CP118008","CP068204","CP319660","CP068204","CP363344","CP118008",4,TRUE,TRUE,TRUE,TRUE
17,202993,"CP312953","CP357379","CP116217","CP068849","CP312953","CP068849","CP357379","CP116217",4,TRUE,TRUE,TRUE,TRUE
17,210636,"CP313235","CP353414","CP116160","CP068787","CP313235","CP068787","CP353414","CP116160",4,TRUE,TRUE,TRUE,TRUE
17,210692,"CP321170","CP359012","CP118684","CP069705","CP321170","CP069705","CP359012","CP118684",4,TRUE,TRUE,TRUE,TRUE
17,212020,"CP309729","CP351973","CP114664","CP068264","CP309729","CP068264","CP351973","CP114664",4,TRUE,TRUE,TRUE,TRUE
17,212041,"CP311558","CP354464","CP115713","CP068716","CP311558","CP068716","CP354464","CP115713",4,TRUE,TRUE,TRUE,TRUE
17,212057,"CP311331","CP353214","CP115898","CP068603","CP311331","CP068603","CP353214","CP115898",4,TRUE,TRUE,TRUE,TRUE
17,212116,"CP316548","CP358264","CP117206","CP069492","CP316548","CP069492","CP358264","CP117206",4,TRUE,TRUE,TRUE,TRUE
17,212706,"CP312278","CP354471","CP115900","CP068720","CP312278","CP068720","CP354471","CP115900",4,TRUE,TRUE,TRUE,TRUE
17,212862,"CP321303","CP363436","CP118936","CP070403","CP321303","CP070403","CP363436","CP118936",4,TRUE,TRUE,TRUE,TRUE
17,212909,"CP320393","CP363748","CP118451","CP070393","CP320393","CP070393","CP363748","CP118451",4,TRUE,TRUE,TRUE,TRUE
17,213058,"CP312185","CP357575","CP116017","CP068776","CP312185","CP068776","CP357575","CP116017",4,TRUE,TRUE,TRUE,TRUE
17,213165,"CP316348","CP358374","CP117142","CP069516","CP316348","CP069516","CP358374","CP117142",4,TRUE,TRUE,TRUE,TRUE
17,213355,"CP314626","CP355944","CP116451","CP068966","CP314626","CP068966","CP355944","CP116451",4,TRUE,TRUE,TRUE,TRUE
17,213398,"CP314021","CP355827","CP116362","CP068967","CP314021","CP068967","CP355827","CP116362",4,TRUE,TRUE,TRUE,TRUE
17,213446,"CP312399","CP363815","CP116018","CP068725","CP312399","CP068725","CP363815","CP116018",4,TRUE,TRUE,TRUE,TRUE
17,213783,"CP314818","CP357351","CP116588","CP069039","CP314818","CP069039","CP357351","CP116588",4,TRUE,TRUE,TRUE,TRUE
17,213896,"CP322556","CP363567","CP119592","CP070457","CP322556","CP070457","CP363567","CP119592",4,TRUE,TRUE,TRUE,TRUE
17,214300,"CP309752","CP351971","CP114686","CP068237","CP309752","CP068237","CP351971","CP114686",4,TRUE,TRUE,TRUE,TRUE
17,214509,"CP311275","CP354660","CP116001","CP068789","CP311275","CP068789","CP354660","CP116001",4,TRUE,TRUE,TRUE,TRUE
17,214715,"CP316820","CP358997","CP117349","CP069517","CP316820","CP069517","CP358997","CP117349",4,TRUE,TRUE,TRUE,TRUE
17,214797,"CP312283","CP357483","CP115953","CP068732","CP312283","CP068732","CP357483","CP115953",4,TRUE,TRUE,TRUE,TRUE
17,214803,"CP316640","CP358395","CP117211","CP069512","CP316640","CP069512","CP358395","CP117211",4,TRUE,TRUE,TRUE,TRUE
17,214999,"CP321183","CP363497","CP119484","CP070979","CP321183","CP070979","CP363497","CP119484",4,TRUE,TRUE,TRUE,TRUE
17,215010,"CP312389","CP354529","CP116005","CP068607","CP312389","CP068607","CP354529","CP116005",4,TRUE,TRUE,TRUE,TRUE
17,215035,"CP317287","CP359268","CP117703","CP069809","CP317287","CP069809","CP359268","CP117703",4,TRUE,TRUE,TRUE,TRUE
17,215396,"CP318318","CP360083","CP117804","CP070193","CP318318","CP070193","CP360083","CP117804",4,TRUE,TRUE,TRUE,TRUE
17,215861,"CP316907","CP359237","CP117443","CP069630","CP316907","CP069630","CP359237","CP117443",4,TRUE,TRUE,TRUE,TRUE
17,215965,"CP314026","CP357589","CP116368","CP069007","CP314026","CP069007","CP357589","CP116368",4,TRUE,TRUE,TRUE,TRUE
17,216075,"CP318359","CP360090","CP117805","CP070196","CP318359","CP070196","CP360090","CP117805",4,TRUE,TRUE,TRUE,TRUE
17,216406,"CP316370","CP358351","CP117212","CP069519","CP316370","CP069519","CP358351","CP117212",4,TRUE,TRUE,TRUE,TRUE
17,216677,"CP316884","CP358760","CP117428","CP069633","CP316884","CP069633","CP358760","CP117428",4,TRUE,TRUE,TRUE,TRUE
17,216714,"CP315391","CP357507","CP116957","CP069304","CP315391","CP069304","CP357507","CP116957",4,TRUE,TRUE,TRUE,TRUE
17,216715,"CP316845","CP358752","CP117414","CP069627","CP316845","CP069627","CP358752","CP117414",4,TRUE,TRUE,TRUE,TRUE
17,216767,"CP318531","CP362533","CP117838","CP070269","CP318531","CP070269","CP362533","CP117838",4,TRUE,TRUE,TRUE,TRUE
17,216820,"CP318452","CP360107","CP117824","CP070244","CP318452","CP070244","CP360107","CP117824",4,TRUE,TRUE,TRUE,TRUE
17,216997,"CP317517","CP360114","CP117741","CP069871","CP317517","CP069871","CP360114","CP117741",4,TRUE,TRUE,TRUE,TRUE
17,217477,"CP316552","CP358907","CP117256","CP069534","CP316552","CP069534","CP358907","CP117256",4,TRUE,TRUE,TRUE,TRUE
17,217533,"CP321129","CP360952","CP118206","CP070397","CP321129","CP070397","CP360952","CP118206",4,TRUE,TRUE,TRUE,TRUE
17,217721,"CP317392","CP362665","CP117701","CP069828","CP317392","CP069828","CP362665","CP117701",4,TRUE,TRUE,TRUE,TRUE
17,217755,"CP317354","CP359207","CP117682","CP069820","CP317354","CP069820","CP359207","CP117682",4,TRUE,TRUE,TRUE,TRUE
17,192726,"CP317060","CP359039","CP117534","CP069721","CP317060","CP069721","CP359039","CP117534",4,TRUE,TRUE,TRUE,TRUE
17,192794,"CP317153","CP359194","CP117515","CP069711","CP317153","CP069711","CP359194","CP117515",4,TRUE,TRUE,TRUE,TRUE
17,192858,"CP321153","CP363753","CP119831","CP070987","CP321153","CP070987","CP363753","CP119831",4,TRUE,TRUE,TRUE,TRUE
17,192891,"CP317292","CP358915","CP117563","CP069801","CP317292","CP069801","CP358915","CP117563",4,TRUE,TRUE,TRUE,TRUE
17,192910,"CP320769","CP363570","CP119838","CP070948","CP320769","CP070948","CP363570","CP119838",4,TRUE,TRUE,TRUE,TRUE
17,192954,"CP317135","CP358925","CP117566","CP069749","CP317135","CP069749","CP358925","CP117566",4,TRUE,TRUE,TRUE,TRUE
17,192955,"CP316755","CP358921","CP117389","CP069748","CP316755","CP069748","CP358921","CP117389",4,TRUE,TRUE,TRUE,TRUE
17,193062,"CP316584","CP359004","CP117295","CP069548","CP316584","CP069548","CP359004","CP117295",4,TRUE,TRUE,TRUE,TRUE
17,193281,"CP317386","CP359125","CP117688","CP069821","CP317386","CP069821","CP359125","CP117688",4,TRUE,TRUE,TRUE,TRUE
17,193309,"CP318906","CP361181","CP118151","CP070307","CP318906","CP070307","CP361181","CP118151",4,TRUE,TRUE,TRUE,TRUE
17,193334,"CP316487","CP358111","CP117214","CP069513","CP316487","CP069513","CP358111","CP117214",4,TRUE,TRUE,TRUE,TRUE
17,193514,"CP311011","CP352715","CP115434","CP068540","CP311011","CP068540","CP352715","CP115434",4,TRUE,TRUE,TRUE,TRUE
17,193520,"CP317130","CP359006","CP117558","CP069734","CP317130","CP069734","CP359006","CP117558",4,TRUE,TRUE,TRUE,TRUE
17,193525,"CP319980","CP363655","CP118601","CP070545","CP319980","CP070545","CP363655","CP118601",4,TRUE,TRUE,TRUE,TRUE
17,193569,"CP317107","CP359058","CP117549","CP069730","CP317107","CP069730","CP359058","CP117549",4,TRUE,TRUE,TRUE,TRUE
17,193621,"CP317080","CP358930","CP117536","CP069708","CP317080","CP069708","CP358930","CP117536",4,TRUE,TRUE,TRUE,TRUE
17,193658,"CP317154","CP358755","CP117450","CP069687","CP317154","CP069687","CP358755","CP117450",4,TRUE,TRUE,TRUE,TRUE
17,193746,"CP316804","CP359020","CP117367","CP069639","CP316804","CP069639","CP359020","CP117367",4,TRUE,TRUE,TRUE,TRUE
17,193802,"CP316724","CP358439","CP117356","CP069572","CP316724","CP069572","CP358439","CP117356",4,TRUE,TRUE,TRUE,TRUE
17,194149,"CP320904","CP363830","CP119290","CP070836","CP320904","CP070836","CP363830","CP119290",4,TRUE,TRUE,TRUE,TRUE
17,194186,"CP320732","CP363578","CP118994","CP070844","CP320732","CP070844","CP363578","CP118994",4,TRUE,TRUE,TRUE,TRUE
17,194188,"CP317342","CP359212","CP117683","CP069830","CP317342","CP069830","CP359212","CP117683",4,TRUE,TRUE,TRUE,TRUE
17,194241,"CP322807","CP360348","CP119870","CP070257","CP322807","CP070257","CP360348","CP119870",4,TRUE,TRUE,TRUE,TRUE
17,194269,"CP319002","CP363582","CP118261","CP070311","CP319002","CP070311","CP363582","CP118261",4,TRUE,TRUE,TRUE,TRUE
17,194312,"CP317155","CP359029","CP117561","CP069741","CP317155","CP069741","CP359029","CP117561",4,TRUE,TRUE,TRUE,TRUE
17,194601,"CP316676","CP358386","CP117343","CP069595","CP316676","CP069595","CP358386","CP117343",4,TRUE,TRUE,TRUE,TRUE
17,194646,"CP316133","CP358340","CP117318","CP069575","CP316133","CP069575","CP358340","CP117318",4,TRUE,TRUE,TRUE,TRUE
17,194677,"CP316493","CP358309","CP117245","CP069556","CP316493","CP069556","CP358309","CP117245",4,TRUE,TRUE,TRUE,TRUE
17,194719,"CP316652","CP358481","CP117357","CP069536","CP316652","CP069536","CP358481","CP117357",4,TRUE,TRUE,TRUE,TRUE
17,194756,"CP316605","CP358365","CP117339","CP069529","CP316605","CP069529","CP358365","CP117339",4,TRUE,TRUE,TRUE,TRUE
17,194776,"CP322822","CP361016","CP119872","CP070367","CP322822","CP070367","CP361016","CP119872",4,TRUE,TRUE,TRUE,TRUE
17,194884,"CP317057","CP358941","CP117518","CP069754","CP317057","CP069754","CP358941","CP117518",4,TRUE,TRUE,TRUE,TRUE
17,194986,"CP315426","CP357614","CP117001","CP069336","CP315426","CP069336","CP357614","CP117001",4,TRUE,TRUE,TRUE,TRUE
17,195027,"CP313327","CP354612","CP116273","CP068863","CP313327","CP068863","CP354612","CP116273",4,TRUE,TRUE,TRUE,TRUE
17,195158,"CP317403","CP359223","CP117679","CP069853","CP317403","CP069853","CP359223","CP117679",4,TRUE,TRUE,TRUE,TRUE
17,195221,"CP316678","CP358414","CP117344","CP069583","CP316678","CP069583","CP358414","CP117344",4,TRUE,TRUE,TRUE,TRUE
17,195395,"CP317045","CP359032","CP117551","CP070369","CP317045","CP070369","CP359032","CP117551",4,TRUE,TRUE,TRUE,TRUE
17,195460,"CP311963","CP354382","CP115738","CP068738","CP311963","CP068738","CP354382","CP115738",4,TRUE,TRUE,TRUE,TRUE
17,195490,"CP311964","CP354623","CP116008","CP068739","CP311964","CP068739","CP354623","CP116008",4,TRUE,TRUE,TRUE,TRUE
17,195531,"CP311965","CP353374","CP115915","CP068740","CP311965","CP068740","CP353374","CP115915",4,TRUE,TRUE,TRUE,TRUE
17,195566,"CP311585","CP353360","CP115917","CP068741","CP311585","CP068741","CP353360","CP115917",4,TRUE,TRUE,TRUE,TRUE
17,195730,"CP312207","CP354201","CP115610","CP068801","CP312207","CP068801","CP354201","CP115610",4,TRUE,TRUE,TRUE,TRUE
17,195731,"CP315284","CP357618","CP116798","CP069454","CP315284","CP069454","CP357618","CP116798",4,TRUE,TRUE,TRUE,TRUE
17,195825,"CP314865","CP357110","CP116913","CP069164","CP314865","CP069164","CP357110","CP116913",4,TRUE,TRUE,TRUE,TRUE
17,195886,"CP314798","CP357363","CP116775","CP069166","CP314798","CP069166","CP357363","CP116775",4,TRUE,TRUE,TRUE,TRUE
17,196029,"CP312208","CP354630","CP115991","CP068779","CP312208","CP068779","CP354630","CP115991",4,TRUE,TRUE,TRUE,TRUE
17,196068,"CP311966","CP353382","CP115961","CP068742","CP311966","CP068742","CP353382","CP115961",4,TRUE,TRUE,TRUE,TRUE
17,196103,"CP311349","CP353407","CP115739","CP068743","CP311349","CP068743","CP353407","CP115739",4,TRUE,TRUE,TRUE,TRUE
17,196122,"CP318789","CP363002","CP118297","CP070291","CP318789","CP070291","CP363002","CP118297",4,TRUE,TRUE,TRUE,TRUE
17,196179,"CP318363","CP359899","CP117810","CP070172","CP318363","CP070172","CP359899","CP117810",4,TRUE,TRUE,TRUE,TRUE
17,196208,"CP318402","CP359922","CP117811","CP070188","CP318402","CP070188","CP359922","CP117811",4,TRUE,TRUE,TRUE,TRUE
17,196375,"CP313820","CP356229","CP116319","CP068878","CP313820","CP068878","CP356229","CP116319",4,TRUE,TRUE,TRUE,TRUE
17,196441,"CP315164","CP357290","CP116882","CP069362","CP315164","CP069362","CP357290","CP116882",4,TRUE,TRUE,TRUE,TRUE
17,196452,"CP322910","CP361040","CP119924","CP070377","CP322910","CP070377","CP361040","CP119924",4,TRUE,TRUE,TRUE,TRUE
17,196491,"CP314901","CP357633","CP116680","CP069177","CP314901","CP069177","CP357633","CP116680",4,TRUE,TRUE,TRUE,TRUE
17,196540,"CP314866","CP357044","CP116682","CP069020","CP314866","CP069020","CP357044","CP116682",4,TRUE,TRUE,TRUE,TRUE
17,196566,"CP312211","CP354400","CP115920","CP068746","CP312211","CP068746","CP354400","CP115920",4,TRUE,TRUE,TRUE,TRUE
17,196606,"CP312291","CP353674","CP116010","CP068747","CP312291","CP068747","CP353674","CP116010",4,TRUE,TRUE,TRUE,TRUE
17,196643,"CP312292","CP353398","CP116011","CP068781","CP312292","CP068781","CP353398","CP116011",4,TRUE,TRUE,TRUE,TRUE
17,196681,"CP311974","CP353376","CP115964","CP068748","CP311974","CP068748","CP353376","CP115964",4,TRUE,TRUE,TRUE,TRUE
17,196687,"CP316836","CP358603","CP117400","CP069621","CP316836","CP069621","CP358603","CP117400",4,TRUE,TRUE,TRUE,TRUE
17,196726,"CP316499","CP358207","CP117166","CP069505","CP316499","CP069505","CP358207","CP117166",4,TRUE,TRUE,TRUE,TRUE
17,196729,"CP312293","CP353994","CP115965","CP068749","CP312293","CP068749","CP353994","CP115965",4,TRUE,TRUE,TRUE,TRUE
17,196767,"CP311976","CP353263","CP115745","CP068616","CP311976","CP068616","CP353263","CP115745",4,TRUE,TRUE,TRUE,TRUE
17,196800,"CP312212","CP353264","CP115921","CP068750","CP312212","CP068750","CP353264","CP115921",4,TRUE,TRUE,TRUE,TRUE
17,196913,"CP312214","CP354638","CP115746","CP068753","CP312214","CP068753","CP354638","CP115746",4,TRUE,TRUE,TRUE,TRUE
17,196953,"CP322913","CP364112","CP119937","CP070423","CP322913","CP070423","CP364112","CP119937",4,TRUE,TRUE,TRUE,TRUE
17,197114,"CP314924","CP357047","CP116900","CP069276","CP314924","CP069276","CP357047","CP116900",4,TRUE,TRUE,TRUE,TRUE
17,197167,"CP314821","CP356973","CP116747","CP069168","CP314821","CP069168","CP356973","CP116747",4,TRUE,TRUE,TRUE,TRUE
17,197393,"CP312215","CP353318","CP115924","CP068757","CP312215","CP068757","CP353318","CP115924",4,TRUE,TRUE,TRUE,TRUE
17,197425,"CP312216","CP353152","CP115748","CP068622","CP312216","CP068622","CP353152","CP115748",4,TRUE,TRUE,TRUE,TRUE
17,197448,"CP311605","CP353392","CP115659","CP068623","CP311605","CP068623","CP353392","CP115659",4,TRUE,TRUE,TRUE,TRUE
17,197500,"CP322939","CP361059","CP119943","CP070318","CP322939","CP070318","CP361059","CP119943",4,TRUE,TRUE,TRUE,TRUE
17,197601,"CP318470","CP359294","CP117830","CP070189","CP318470","CP070189","CP359294","CP117830",4,TRUE,TRUE,TRUE,TRUE
17,197662,"CP318391","CP361063","CP117814","CP070175","CP318391","CP070175","CP361063","CP117814",4,TRUE,TRUE,TRUE,TRUE
17,197667,"CP314192","CP356907","CP116861","CP069028","CP314192","CP069028","CP356907","CP116861",4,TRUE,TRUE,TRUE,TRUE
17,197733,"CP314531","CP357151","CP116328","CP069085","CP314531","CP069085","CP357151","CP116328",4,TRUE,TRUE,TRUE,TRUE
17,197756,"CP314253","CP356894","CP116541","CP069146","CP314253","CP069146","CP356894","CP116541",4,TRUE,TRUE,TRUE,TRUE
17,197811,"CP314834","CP357248","CP116739","CP069350","CP314834","CP069350","CP357248","CP116739",4,TRUE,TRUE,TRUE,TRUE
17,197843,"CP314194","CP357049","CP116716","CP069170","CP314194","CP069170","CP357049","CP116716",4,TRUE,TRUE,TRUE,TRUE
17,197900,"CP311612","CP353409","CP115927","CP068628","CP311612","CP068628","CP353409","CP115927",4,TRUE,TRUE,TRUE,TRUE
17,197934,"CP314638","CP356910","CP116542","CP069148","CP314638","CP069148","CP356910","CP116542",4,TRUE,TRUE,TRUE,TRUE
17,197940,"CP322960","CP364212","CP119949","CP070385","CP322960","CP070385","CP364212","CP119949",4,TRUE,TRUE,TRUE,TRUE
17,197958,"CP314534","CP356939","CP116435","CP069122","CP314534","CP069122","CP356939","CP116435",4,TRUE,TRUE,TRUE,TRUE
17,197968,"CP321977","CP363109","CP119953","CP070336","CP321977","CP070336","CP363109","CP119953",4,TRUE,TRUE,TRUE,TRUE
17,198252,"CP314823","CP356998","CP116570","CP069000","CP314823","CP069000","CP356998","CP116570",4,TRUE,TRUE,TRUE,TRUE
17,198288,"CP314772","CP357457","CP116512","CP069124","CP314772","CP069124","CP357457","CP116512",4,TRUE,TRUE,TRUE,TRUE
17,198329,"CP312326","CP354212","CP115625","CP068827","CP312326","CP068827","CP354212","CP115625",4,TRUE,TRUE,TRUE,TRUE
17,198356,"CP314801","CP357081","CP116665","CP069025","CP314801","CP069025","CP357081","CP116665",4,TRUE,TRUE,TRUE,TRUE
17,198840,"CP314888","CP356920","CP116642","CP069022","CP314888","CP069022","CP356920","CP116642",4,TRUE,TRUE,TRUE,TRUE
17,198850,"CP322992","CP363622","CP119961","CP070286","CP322992","CP070286","CP363622","CP119961",4,TRUE,TRUE,TRUE,TRUE
17,198866,"CP314824","CP357038","CP116471","CP069126","CP314824","CP069126","CP357038","CP116471",4,TRUE,TRUE,TRUE,TRUE
17,199035,"CP314733","CP356885","CP116515","CP069152","CP314733","CP069152","CP356885","CP116515",4,TRUE,TRUE,TRUE,TRUE
17,199064,"CP310669","CP352455","CP115241","CP068507","CP310669","CP068507","CP352455","CP115241",4,TRUE,TRUE,TRUE,TRUE
17,199195,"CP312328","CP354337","CP115629","CP068640","CP312328","CP068640","CP354337","CP115629",4,TRUE,TRUE,TRUE,TRUE
17,199262,"CP323013","CP361083","CP119761","CP070334","CP323013","CP070334","CP361083","CP119761",4,TRUE,TRUE,TRUE,TRUE
17,199913,"CP314829","CP356849","CP116571","CP069090","CP314829","CP069090","CP356849","CP116571",4,TRUE,TRUE,TRUE,TRUE
17,200000,"CP321840","CP361091","CP119982","CP070272","CP321840","CP070272","CP361091","CP119982",4,TRUE,TRUE,TRUE,TRUE
17,200681,"CP319730","CP361103","CP119556","CP070424","CP319730","CP070424","CP361103","CP119556",4,TRUE,TRUE,TRUE,TRUE
17,200983,"CP318986","CP360296","CP119987","CP070264","CP318986","CP070264","CP360296","CP119987",4,TRUE,TRUE,TRUE,TRUE
17,201003,"CP318667","CP360220","CP118246","CP070261","CP318667","CP070261","CP360220","CP118246",4,TRUE,TRUE,TRUE,TRUE
17,201105,"CP313477","CP355999","CP116320","CP068886","CP313477","CP068886","CP355999","CP116320",4,TRUE,TRUE,TRUE,TRUE
17,201120,"CP311231","CP352800","CP115593","CP068576","CP311231","CP068576","CP352800","CP115593",4,TRUE,TRUE,TRUE,TRUE
17,201133,"CP310753","CP352497","CP115143","CP068511","CP310753","CP068511","CP352497","CP115143",4,TRUE,TRUE,TRUE,TRUE
17,201208,"CP320350","CP361483","CP118730","CP070739","CP320350","CP070739","CP361483","CP118730",4,TRUE,TRUE,TRUE,TRUE
17,201513,"CP319502","CP361111","CP119576","CP070408","CP319502","CP070408","CP361111","CP119576",4,TRUE,TRUE,TRUE,TRUE
17,201610,"CP318461","CP359939","CP117833","CP070236","CP318461","CP070236","CP359939","CP117833",4,TRUE,TRUE,TRUE,TRUE
17,201763,"CP312025","CP353162","CP115971","CP068761","CP312025","CP068761","CP353162","CP115971",4,TRUE,TRUE,TRUE,TRUE
17,201785,"CP312242","CP353283","CP115771","CP068762","CP312242","CP068762","CP353283","CP115771",4,TRUE,TRUE,TRUE,TRUE
17,201790,"CP318801","CP360141","CP117890","CP070267","CP318801","CP070267","CP360141","CP117890",4,TRUE,TRUE,TRUE,TRUE
17,202164,"CP311642","CP353086","CP115783","CP068764","CP311642","CP068764","CP353086","CP115783",4,TRUE,TRUE,TRUE,TRUE
17,202179,"CP311646","CP353087","CP115784","CP068765","CP311646","CP068765","CP353087","CP115784",4,TRUE,TRUE,TRUE,TRUE
17,202416,"CP312029","CP353174","CP115791","CP068767","CP312029","CP068767","CP353174","CP115791",4,TRUE,TRUE,TRUE,TRUE
17,202432,"CP312030","CP353092","CP115934","CP068657","CP312030","CP068657","CP353092","CP115934",4,TRUE,TRUE,TRUE,TRUE
17,202465,"CP311652","CP353369","CP115792","CP068659","CP311652","CP068659","CP353369","CP115792",4,TRUE,TRUE,TRUE,TRUE
17,202474,"CP312032","CP353093","CP115793","CP068660","CP312032","CP068660","CP353093","CP115793",4,TRUE,TRUE,TRUE,TRUE
17,202534,"CP318668","CP360167","CP117884","CP070253","CP318668","CP070253","CP360167","CP117884",4,TRUE,TRUE,TRUE,TRUE
17,202673,"CP312243","CP353240","CP115936","CP068665","CP312243","CP068665","CP353240","CP115936",4,TRUE,TRUE,TRUE,TRUE
17,202687,"CP312244","CP353241","CP115798","CP068666","CP312244","CP068666","CP353241","CP115798",4,TRUE,TRUE,TRUE,TRUE
17,202695,"CP312245","CP353242","CP115672","CP068667","CP312245","CP068667","CP353242","CP115672",4,TRUE,TRUE,TRUE,TRUE
17,202711,"CP311660","CP353286","CP115673","CP068668","CP311660","CP068668","CP353286","CP115673",4,TRUE,TRUE,TRUE,TRUE
17,202724,"CP311664","CP353243","CP115799","CP068669","CP311664","CP068669","CP353243","CP115799",4,TRUE,TRUE,TRUE,TRUE
17,202735,"CP312038","CP353176","CP115800","CP068670","CP312038","CP068670","CP353176","CP115800",4,TRUE,TRUE,TRUE,TRUE
17,202746,"CP311665","CP353244","CP115801","CP068771","CP311665","CP068771","CP353244","CP115801",4,TRUE,TRUE,TRUE,TRUE
17,202761,"CP311668","CP353245","CP115802","CP068671","CP311668","CP068671","CP353245","CP115802",4,TRUE,TRUE,TRUE,TRUE
17,202994,"CP312050","CP353030","CP115941","CP068682","CP312050","CP068682","CP353030","CP115941",4,TRUE,TRUE,TRUE,TRUE
17,203013,"CP312052","CP353179","CP115808","CP068683","CP312052","CP068683","CP353179","CP115808",4,TRUE,TRUE,TRUE,TRUE
17,203136,"CP311394","CP353249","CP115810","CP068686","CP311394","CP068686","CP353249","CP115810",4,TRUE,TRUE,TRUE,TRUE
17,203277,"CP318690","CP359957","CP117863","CP070249","CP318690","CP070249","CP359957","CP117863",4,TRUE,TRUE,TRUE,TRUE
17,203280,"CP313272","CP353101","CP116258","CP068835","CP313272","CP068835","CP353101","CP116258",4,TRUE,TRUE,TRUE,TRUE
17,203307,"CP315295","CP357638","CP117095","CP069181","CP315295","CP069181","CP357638","CP117095",4,TRUE,TRUE,TRUE,TRUE
17,203355,"CP313322","CP356519","CP116279","CP068866","CP313322","CP068866","CP356519","CP116279",4,TRUE,TRUE,TRUE,TRUE
17,204278,"CP316199","CP357995","CP117119","CP069475","CP316199","CP069475","CP357995","CP117119",4,TRUE,TRUE,TRUE,TRUE
17,204454,"CP316438","CP358068","CP117234","CP069508","CP316438","CP069508","CP358068","CP117234",4,TRUE,TRUE,TRUE,TRUE
17,204466,"CP316439","CP357997","CP117184","CP069477","CP316439","CP069477","CP357997","CP117184",4,TRUE,TRUE,TRUE,TRUE
17,204481,"CP316440","CP358118","CP117185","CP069478","CP316440","CP069478","CP358118","CP117185",4,TRUE,TRUE,TRUE,TRUE
17,205861,"CP311424","CP353119","CP115829","CP068694","CP311424","CP068694","CP353119","CP115829",4,TRUE,TRUE,TRUE,TRUE
17,206344,"CP312111","CP353054","CP115844","CP068703","CP312111","CP068703","CP353054","CP115844",4,TRUE,TRUE,TRUE,TRUE
17,206357,"CP311425","CP353126","CP115845","CP068704","CP311425","CP068704","CP353126","CP115845",4,TRUE,TRUE,TRUE,TRUE
17,206435,"CP311428","CP353127","CP115849","CP068705","CP311428","CP068705","CP353127","CP115849",4,TRUE,TRUE,TRUE,TRUE
17,206754,"CP313612","CP356597","CP116393","CP068951","CP313612","CP068951","CP356597","CP116393",4,TRUE,TRUE,TRUE,TRUE
17,206822,"CP313619","CP355629","CP116395","CP068952","CP313619","CP068952","CP355629","CP116395",4,TRUE,TRUE,TRUE,TRUE
17,206828,"CP313621","CP355739","CP116396","CP069004","CP313621","CP069004","CP355739","CP116396",4,TRUE,TRUE,TRUE,TRUE
17,206851,"CP314749","CP356839","CP116574","CP069015","CP314749","CP069015","CP356839","CP116574",4,TRUE,TRUE,TRUE,TRUE
17,206876,"CP313876","CP356840","CP116575","CP069132","CP313876","CP069132","CP356840","CP116575",4,TRUE,TRUE,TRUE,TRUE
17,207084,"CP314564","CP356857","CP116555","CP069095","CP314564","CP069095","CP356857","CP116555",4,TRUE,TRUE,TRUE,TRUE
17,207137,"CP314567","CP356859","CP116556","CP069136","CP314567","CP069136","CP356859","CP116556",4,TRUE,TRUE,TRUE,TRUE
17,207211,"CP314752","CP356684","CP116557","CP069070","CP314752","CP069070","CP356684","CP116557",4,TRUE,TRUE,TRUE,TRUE
17,207223,"CP314809","CP356685","CP116579","CP069097","CP314809","CP069097","CP356685","CP116579",4,TRUE,TRUE,TRUE,TRUE
17,207236,"CP314786","CP356732","CP116580","CP069098","CP314786","CP069098","CP356732","CP116580",4,TRUE,TRUE,TRUE,TRUE
17,207274,"CP314753","CP356733","CP116581","CP069100","CP314753","CP069100","CP356733","CP116581",4,TRUE,TRUE,TRUE,TRUE
17,207292,"CP314754","CP356734","CP116558","CP069102","CP314754","CP069102","CP356734","CP116558",4,TRUE,TRUE,TRUE,TRUE
17,207308,"CP314755","CP356686","CP116559","CP069103","CP314755","CP069103","CP356686","CP116559",4,TRUE,TRUE,TRUE,TRUE
17,207322,"CP314756","CP356687","CP116560","CP069104","CP314756","CP069104","CP356687","CP116560",4,TRUE,TRUE,TRUE,TRUE
17,207342,"CP314679","CP356818","CP116561","CP069138","CP314679","CP069138","CP356818","CP116561",4,TRUE,TRUE,TRUE,TRUE
17,207371,"CP314681","CP356688","CP116530","CP069105","CP314681","CP069105","CP356688","CP116530",4,TRUE,TRUE,TRUE,TRUE
17,207571,"CP314687","CP356738","CP116565","CP069112","CP314687","CP069112","CP356738","CP116565",4,TRUE,TRUE,TRUE,TRUE
17,207586,"CP314688","CP355859","CP116533","CP069073","CP314688","CP069073","CP355859","CP116533",4,TRUE,TRUE,TRUE,TRUE
18,218860,"CP337212","CP379897","CP125239","CP073895","CP337212","CP073895","CP379897","CP125239",4,TRUE,TRUE,TRUE,TRUE
18,222882,"CP336941","CP379536","CP125240","CP073923","CP336941","CP073923","CP379536","CP125240",4,TRUE,TRUE,TRUE,TRUE
18,223326,"CP329277","CP371842","CP122248","CP071827","CP329277","CP071827","CP371842","CP122248",4,TRUE,TRUE,TRUE,TRUE
18,223727,"CP325979","CP369752","CP121297","CP071430","CP325979","CP071430","CP369752","CP121297",4,TRUE,TRUE,TRUE,TRUE
18,223838,"CP338175","CP379975","CP125274","CP073896","CP338175","CP073896","CP379975","CP125274",4,TRUE,TRUE,TRUE,TRUE
18,225226,"CP329047","CP371904","CP121843","CP071804","CP329047","CP071804","CP371904","CP121843",4,TRUE,TRUE,TRUE,TRUE
18,225526,"CP329235","CP371843","CP122199","CP071844","CP329235","CP071844","CP371843","CP122199",4,TRUE,TRUE,TRUE,TRUE
18,225693,"CP329212","CP371830","CP122173","CP071828","CP329212","CP071828","CP371830","CP122173",4,TRUE,TRUE,TRUE,TRUE
18,226426,"CP336595","CP379371","CP125169","CP073899","CP336595","CP073899","CP379371","CP125169",4,TRUE,TRUE,TRUE,TRUE
18,228149,"CP336943","CP379978","CP125213","CP073956","CP336943","CP073956","CP379978","CP125213",4,TRUE,TRUE,TRUE,TRUE
18,228570,"CP329339","CP372906","CP121860","CP071829","CP329339","CP071829","CP372906","CP121860",4,TRUE,TRUE,TRUE,TRUE
18,229072,"CP341024","CP374270","CP122266","CP071838","CP341024","CP071838","CP374270","CP122266",4,TRUE,TRUE,TRUE,TRUE
18,234382,"CP338790","CP382486","CP125262","CP073927","CP338790","CP073927","CP382486","CP125262",4,TRUE,TRUE,TRUE,TRUE
18,235960,"CP337015","CP380903","CP125141","CP073902","CP337015","CP073902","CP380903","CP125141",4,TRUE,TRUE,TRUE,TRUE
18,238193,"CP328565","CP375946","CP121844","CP071817","CP328565","CP071817","CP375946","CP121844",4,TRUE,TRUE,TRUE,TRUE
18,238226,"CP336992","CP379707","CP125199","CP073930","CP336992","CP073930","CP379707","CP125199",4,TRUE,TRUE,TRUE,TRUE
18,238437,"CP329050","CP371632","CP121862","CP071818","CP329050","CP071818","CP371632","CP121862",4,TRUE,TRUE,TRUE,TRUE
18,241609,"CP329220","CP371833","CP122123","CP071839","CP329220","CP071839","CP371833","CP122123",4,TRUE,TRUE,TRUE,TRUE
18,241635,"CP329200","CP375958","CP121878","CP071845","CP329200","CP071845","CP375958","CP121878",4,TRUE,TRUE,TRUE,TRUE
18,241668,"CP329213","CP371818","CP122264","CP071831","CP329213","CP071831","CP371818","CP122264",4,TRUE,TRUE,TRUE,TRUE
18,241669,"CP326398","CP369948","CP121364","CP071445","CP326398","CP071445","CP369948","CP121364",4,TRUE,TRUE,TRUE,TRUE
18,241851,"CP336793","CP382353","CP125116","CP073906","CP336793","CP073906","CP382353","CP125116",4,TRUE,TRUE,TRUE,TRUE
18,241931,"CP337018","CP379520","CP125245","CP073959","CP337018","CP073959","CP379520","CP125245",4,TRUE,TRUE,TRUE,TRUE
18,241966,"CP329221","CP381002","CP122278","CP071852","CP329221","CP071852","CP381002","CP122278",4,TRUE,TRUE,TRUE,TRUE
18,241980,"CP339983","CP383115","CP126733","CP071915","CP339983","CP071915","CP383115","CP126733",4,TRUE,TRUE,TRUE,TRUE
18,241999,"CP329409","CP374304","CP122352","CP071857","CP329409","CP071857","CP374304","CP122352",4,TRUE,TRUE,TRUE,TRUE
18,242042,"CP332543","CP374305","CP122517","CP071855","CP332543","CP071855","CP374305","CP122517",4,TRUE,TRUE,TRUE,TRUE
18,242090,"CP331069","CP371872","CP122250","CP071820","CP331069","CP071820","CP371872","CP122250",4,TRUE,TRUE,TRUE,TRUE
18,242091,"CP327609","CP368661","CP121750","CP071448","CP327609","CP071448","CP368661","CP121750",4,TRUE,TRUE,TRUE,TRUE
18,242158,"CP337308","CP382537","CP125347","CP074131","CP337308","CP074131","CP382537","CP125347",4,TRUE,TRUE,TRUE,TRUE
18,242178,"CP333980","CP375970","CP123887","CP073074","CP333980","CP073074","CP375970","CP123887",4,TRUE,TRUE,TRUE,TRUE
18,242227,"CP337186","CP381011","CP125264","CP073976","CP337186","CP073976","CP381011","CP125264",4,TRUE,TRUE,TRUE,TRUE
18,242380,"CP329129","CP374325","CP121847","CP071846","CP329129","CP071846","CP374325","CP121847",4,TRUE,TRUE,TRUE,TRUE
18,242441,"CP325610","CP367345","CP121153","CP071373","CP325610","CP071373","CP367345","CP121153",4,TRUE,TRUE,TRUE,TRUE
18,242530,"CP329594","CP374121","CP122409","CP071858","CP329594","CP071858","CP374121","CP122409",4,TRUE,TRUE,TRUE,TRUE
18,242614,"CP329203","CP371570","CP122202","CP071809","CP329203","CP071809","CP371570","CP122202",4,TRUE,TRUE,TRUE,TRUE
18,242724,"CP336950","CP380067","CP125221","CP073938","CP336950","CP073938","CP380067","CP125221",4,TRUE,TRUE,TRUE,TRUE
18,243051,"CP336996","CP381147","CP125177","CP073909","CP336996","CP073909","CP381147","CP125177",4,TRUE,TRUE,TRUE,TRUE
18,243122,"CP337277","CP381166","CP125246","CP073978","CP337277","CP073978","CP381166","CP125246",4,TRUE,TRUE,TRUE,TRUE
18,243198,"CP325878","CP375991","CP121382","CP071440","CP325878","CP071440","CP375991","CP121382",4,TRUE,TRUE,TRUE,TRUE
18,243230,"CP329081","CP373002","CP121865","CP071841","CP329081","CP071841","CP373002","CP121865",4,TRUE,TRUE,TRUE,TRUE
18,243273,"CP329137","CP374350","CP121848","CP071842","CP329137","CP071842","CP374350","CP121848",4,TRUE,TRUE,TRUE,TRUE
18,243287,"CP332350","CP374352","CP123250","CP072306","CP332350","CP072306","CP374352","CP123250",4,TRUE,TRUE,TRUE,TRUE
18,243289,"CP329365","CP374349","CP122360","CP071861","CP329365","CP071861","CP374349","CP122360",4,TRUE,TRUE,TRUE,TRUE
18,243312,"CP325980","CP369882","CP121300","CP071449","CP325980","CP071449","CP369882","CP121300",4,TRUE,TRUE,TRUE,TRUE
18,243365,"CP336952","CP380071","CP125223","CP073939","CP336952","CP073939","CP380071","CP125223",4,TRUE,TRUE,TRUE,TRUE
18,243447,"CP337045","CP381196","CP125202","CP073964","CP337045","CP073964","CP381196","CP125202",4,TRUE,TRUE,TRUE,TRUE
18,243628,"CP337071","CP381201","CP125224","CP073965","CP337071","CP073965","CP381201","CP125224",4,TRUE,TRUE,TRUE,TRUE
18,243638,"CP331229","CP374360","CP123173","CP072308","CP331229","CP072308","CP374360","CP123173",4,TRUE,TRUE,TRUE,TRUE
18,243921,"CP325388","CP367183","CP121000","CP071366","CP325388","CP071366","CP367183","CP121000",4,TRUE,TRUE,TRUE,TRUE
18,243975,"CP326006","CP369981","CP122274","CP071461","CP326006","CP071461","CP369981","CP122274",4,TRUE,TRUE,TRUE,TRUE
18,244016,"CP329230","CP374388","CP121883","CP071853","CP329230","CP071853","CP374388","CP121883",4,TRUE,TRUE,TRUE,TRUE
18,244017,"CP326226","CP369982","CP121383","CP071441","CP326226","CP071441","CP369982","CP121383",4,TRUE,TRUE,TRUE,TRUE
18,244028,"CP336954","CP380446","CP125247","CP073967","CP336954","CP073967","CP380446","CP125247",4,TRUE,TRUE,TRUE,TRUE
18,244063,"CP328834","CP371599","CP121840","CP071824","CP328834","CP071824","CP371599","CP121840",4,TRUE,TRUE,TRUE,TRUE
18,244116,"CP336884","CP380549","CP125181","CP073941","CP336884","CP073941","CP380549","CP125181",4,TRUE,TRUE,TRUE,TRUE
18,244298,"CP337050","CP381282","CP125248","CP073943","CP337050","CP073943","CP381282","CP125248",4,TRUE,TRUE,TRUE,TRUE
18,244457,"CP332332","CP374392","CP123175","CP072409","CP332332","CP072409","CP374392","CP123175",4,TRUE,TRUE,TRUE,TRUE
18,244532,"CP327785","CP374401","CP122203","CP071744","CP327785","CP071744","CP374401","CP122203",4,TRUE,TRUE,TRUE,TRUE
18,244596,"CP329174","CP374407","CP121841","CP071833","CP329174","CP071833","CP374407","CP121841",4,TRUE,TRUE,TRUE,TRUE
18,244601,"CP325515","CP369988","CP121060","CP071375","CP325515","CP071375","CP369988","CP121060",4,TRUE,TRUE,TRUE,TRUE
18,244665,"CP336955","CP380554","CP126009","CP073980","CP336955","CP073980","CP380554","CP126009",4,TRUE,TRUE,TRUE,TRUE
18,244823,"CP330584","CP382716","CP122850","CP072124","CP330584","CP072124","CP382716","CP122850",4,TRUE,TRUE,TRUE,TRUE
18,244842,"CP337000","CP382713","CP125148","CP073947","CP337000","CP073947","CP382713","CP125148",4,TRUE,TRUE,TRUE,TRUE
18,244854,"CP337088","CP382732","CP126137","CP073981","CP337088","CP073981","CP382732","CP126137",4,TRUE,TRUE,TRUE,TRUE
18,245031,"CP331061","CP374869","CP123253","CP072283","CP331061","CP072283","CP374869","CP123253",4,TRUE,TRUE,TRUE,TRUE
18,245043,"CP335440","CP378711","CP124437","CP073461","CP335440","CP073461","CP378711","CP124437",4,TRUE,TRUE,TRUE,TRUE
18,245147,"CP332688","CP377643","CP123572","CP072618","CP332688","CP072618","CP377643","CP123572",4,TRUE,TRUE,TRUE,TRUE
18,245149,"CP332357","CP374415","CP123265","CP072412","CP332357","CP072412","CP374415","CP123265",4,TRUE,TRUE,TRUE,TRUE
18,245300,"CP330927","CP372937","CP122721","CP071997","CP330927","CP071997","CP372937","CP122721",4,TRUE,TRUE,TRUE,TRUE
18,245308,"CP323827","CP366433","CP120203","CP071112","CP323827","CP071112","CP366433","CP120203",4,TRUE,TRUE,TRUE,TRUE
18,245373,"CP332858","CP375300","CP123546","CP072706","CP332858","CP072706","CP375300","CP123546",4,TRUE,TRUE,TRUE,TRUE
18,245431,"CP332689","CP374949","CP123537","CP072610","CP332689","CP072610","CP374949","CP123537",4,TRUE,TRUE,TRUE,TRUE
18,245472,"CP332643","CP374945","CP123506","CP072604","CP332643","CP072604","CP374945","CP123506",4,TRUE,TRUE,TRUE,TRUE
18,245538,"CP336958","CP381327","CP125184","CP073970","CP336958","CP073970","CP381327","CP125184",4,TRUE,TRUE,TRUE,TRUE
18,245704,"CP329579","CP374878","CP122492","CP071909","CP329579","CP071909","CP374878","CP122492",4,TRUE,TRUE,TRUE,TRUE
18,245795,"CP332351","CP374437","CP123177","CP072448","CP332351","CP072448","CP374437","CP123177",4,TRUE,TRUE,TRUE,TRUE
18,246055,"CP336959","CP380598","CP125185","CP073950","CP336959","CP073950","CP380598","CP125185",4,TRUE,TRUE,TRUE,TRUE
18,246184,"CP328257","CP371655","CP122205","CP071749","CP328257","CP071749","CP371655","CP122205",4,TRUE,TRUE,TRUE,TRUE
18,246210,"CP331769","CP374221","CP123052","CP072315","CP331769","CP072315","CP374221","CP123052",4,TRUE,TRUE,TRUE,TRUE
18,246361,"CP332310","CP374448","CP123269","CP072316","CP332310","CP072316","CP374448","CP123269",4,TRUE,TRUE,TRUE,TRUE
18,246399,"CP328258","CP371433","CP122206","CP071751","CP328258","CP071751","CP371433","CP122206",4,TRUE,TRUE,TRUE,TRUE
18,246543,"CP332644","CP376058","CP123476","CP072619","CP332644","CP072619","CP376058","CP123476",4,TRUE,TRUE,TRUE,TRUE
18,246773,"CP333973","CP376062","CP123856","CP073084","CP333973","CP073084","CP376062","CP123856",4,TRUE,TRUE,TRUE,TRUE
18,246835,"CP325805","CP370023","CP121256","CP071399","CP325805","CP071399","CP370023","CP121256",4,TRUE,TRUE,TRUE,TRUE
18,246967,"CP336155","CP382601","CP124891","CP073710","CP336155","CP073710","CP382601","CP124891",4,TRUE,TRUE,TRUE,TRUE
18,246983,"CP328373","CP371807","CP122255","CP071753","CP328373","CP071753","CP371807","CP122255",4,TRUE,TRUE,TRUE,TRUE
18,247033,"CP328359","CP377657","CP122208","CP071789","CP328359","CP071789","CP377657","CP122208",4,TRUE,TRUE,TRUE,TRUE
18,247182,"CP335989","CP380454","CP124766","CP073656","CP335989","CP073656","CP380454","CP124766",4,TRUE,TRUE,TRUE,TRUE
18,247242,"CP325864","CP370042","CP121348","CP071438","CP325864","CP071438","CP370042","CP121348",4,TRUE,TRUE,TRUE,TRUE
18,247262,"CP334208","CP376536","CP123981","CP073145","CP334208","CP073145","CP376536","CP123981",4,TRUE,TRUE,TRUE,TRUE
18,247271,"CP337387","CP382333","CP125277","CP074074","CP337387","CP074074","CP382333","CP125277",4,TRUE,TRUE,TRUE,TRUE
18,247311,"CP337062","CP380519","CP125268","CP073987","CP337062","CP073987","CP380519","CP125268",4,TRUE,TRUE,TRUE,TRUE
18,247476,"CP332334","CP382657","CP123304","CP072477","CP332334","CP072477","CP382657","CP123304",4,TRUE,TRUE,TRUE,TRUE
18,247486,"CP337073","CP382656","CP124903","CP073713","CP337073","CP073713","CP382656","CP124903",4,TRUE,TRUE,TRUE,TRUE
18,247488,"CP337074","CP382662","CP125078","CP073831","CP337074","CP073831","CP382662","CP125078",4,TRUE,TRUE,TRUE,TRUE
18,247532,"CP336511","CP380177","CP125045","CP073808","CP336511","CP073808","CP380177","CP125045",4,TRUE,TRUE,TRUE,TRUE
18,247675,"CP332123","CP374465","CP123232","CP072415","CP332123","CP072415","CP374465","CP123232",4,TRUE,TRUE,TRUE,TRUE
18,247693,"CP328304","CP371907","CP122279","CP071755","CP328304","CP071755","CP371907","CP122279",4,TRUE,TRUE,TRUE,TRUE
18,247908,"CP334016","CP376083","CP123916","CP073106","CP334016","CP073106","CP376083","CP123916",4,TRUE,TRUE,TRUE,TRUE
18,247944,"CP338059","CP381375","CP125686","CP074368","CP338059","CP074368","CP381375","CP125686",4,TRUE,TRUE,TRUE,TRUE
18,248015,"CP338452","CP381398","CP124938","CP073736","CP338452","CP073736","CP381398","CP124938",4,TRUE,TRUE,TRUE,TRUE
18,248075,"CP337558","CP380580","CP125402","CP073982","CP337558","CP073982","CP380580","CP125402",4,TRUE,TRUE,TRUE,TRUE
18,248147,"CP340123","CP382304","CP125443","CP074153","CP340123","CP074153","CP382304","CP125443",4,TRUE,TRUE,TRUE,TRUE
18,248209,"CP338177","CP380732","CP125307","CP074021","CP338177","CP074021","CP380732","CP125307",4,TRUE,TRUE,TRUE,TRUE
18,248278,"CP335664","CP382050","CP124701","CP073620","CP335664","CP073620","CP382050","CP124701",4,TRUE,TRUE,TRUE,TRUE
18,248369,"CP334513","CP377211","CP124017","CP073199","CP334513","CP073199","CP377211","CP124017",4,TRUE,TRUE,TRUE,TRUE
18,248406,"CP332283","CP374467","CP123057","CP072321","CP332283","CP072321","CP374467","CP123057",4,TRUE,TRUE,TRUE,TRUE
18,248426,"CP334514","CP376983","CP124048","CP073200","CP334514","CP073200","CP376983","CP124048",4,TRUE,TRUE,TRUE,TRUE
18,248694,"CP335936","CP380667","CP124742","CP073650","CP335936","CP073650","CP380667","CP124742",4,TRUE,TRUE,TRUE,TRUE
18,248730,"CP337281","CP380106","CP125350","CP074023","CP337281","CP074023","CP380106","CP125350",4,TRUE,TRUE,TRUE,TRUE
18,248764,"CP338146","CP378787","CP124579","CP073511","CP338146","CP073511","CP378787","CP124579",4,TRUE,TRUE,TRUE,TRUE
18,248768,"CP338153","CP374480","CP121386","CP071443","CP338153","CP071443","CP374480","CP121386",4,TRUE,TRUE,TRUE,TRUE
18,248785,"CP334142","CP377681","CP123909","CP073141","CP334142","CP073141","CP377681","CP123909",4,TRUE,TRUE,TRUE,TRUE
18,248837,"CP336194","CP378363","CP124828","CP073724","CP336194","CP073724","CP378363","CP124828",4,TRUE,TRUE,TRUE,TRUE
18,248857,"CP334061","CP376096","CP123899","CP073090","CP334061","CP073090","CP376096","CP123899",4,TRUE,TRUE,TRUE,TRUE
18,249110,"CP333442","CP380399","CP123670","CP072790","CP333442","CP072790","CP380399","CP123670",4,TRUE,TRUE,TRUE,TRUE
18,249128,"CP333637","CP375787","CP123714","CP072909","CP333637","CP072909","CP375787","CP123714",4,TRUE,TRUE,TRUE,TRUE
18,217837,"CP333639","CP376100","CP123805","CP073018","CP333639","CP073018","CP376100","CP123805",4,TRUE,TRUE,TRUE,TRUE
18,218012,"CP330934","CP374487","CP122612","CP072090","CP330934","CP072090","CP374487","CP122612",4,TRUE,TRUE,TRUE,TRUE
18,218057,"CP336221","CP378418","CP124820","CP073648","CP336221","CP073648","CP378418","CP124820",4,TRUE,TRUE,TRUE,TRUE
18,218093,"CP341344","CP383309","CP127037","CP074689","CP341344","CP074689","CP383309","CP127037",4,TRUE,TRUE,TRUE,TRUE
18,218095,"CP329257","CP377692","CP122350","CP071874","CP329257","CP071874","CP377692","CP122350",4,TRUE,TRUE,TRUE,TRUE
18,218109,"CP337444","CP383311","CP125412","CP073719","CP337444","CP073719","CP383311","CP125412",4,TRUE,TRUE,TRUE,TRUE
18,218144,"CP326016","CP369699","CP121308","CP071450","CP326016","CP071450","CP369699","CP121308",4,TRUE,TRUE,TRUE,TRUE
18,218217,"CP335527","CP377700","CP124376","CP073453","CP335527","CP073453","CP377700","CP124376",4,TRUE,TRUE,TRUE,TRUE
18,218295,"CP335626","CP377991","CP124329","CP073448","CP335626","CP073448","CP377991","CP124329",4,TRUE,TRUE,TRUE,TRUE
18,218296,"CP329611","CP370208","CP121816","CP071471","CP329611","CP071471","CP370208","CP121816",4,TRUE,TRUE,TRUE,TRUE
18,218359,"CP326237","CP370074","CP121330","CP071447","CP326237","CP071447","CP370074","CP121330",4,TRUE,TRUE,TRUE,TRUE
18,218496,"CP332234","CP374123","CP123060","CP072324","CP332234","CP072324","CP374123","CP123060",4,TRUE,TRUE,TRUE,TRUE
18,218530,"CP335375","CP378800","CP124517","CP073506","CP335375","CP073506","CP378800","CP124517",4,TRUE,TRUE,TRUE,TRUE
18,218597,"CP333730","CP377361","CP123818","CP072992","CP333730","CP072992","CP377361","CP123818",4,TRUE,TRUE,TRUE,TRUE
18,218789,"CP340518","CP382779","CP126591","CP074691","CP340518","CP074691","CP382779","CP126591",4,TRUE,TRUE,TRUE,TRUE
18,218794,"CP332406","CP382796","CP122924","CP071905","CP332406","CP071905","CP382796","CP122924",4,TRUE,TRUE,TRUE,TRUE
18,218803,"CP335807","CP382784","CP124801","CP073662","CP335807","CP073662","CP382784","CP124801",4,TRUE,TRUE,TRUE,TRUE
18,218864,"CP331114","CP374514","CP122568","CP071868","CP331114","CP071868","CP374514","CP122568",4,TRUE,TRUE,TRUE,TRUE
18,218914,"CP333947","CP383045","CP123671","CP072977","CP333947","CP072977","CP383045","CP123671",4,TRUE,TRUE,TRUE,TRUE
18,218920,"CP325535","CP383070","CP121192","CP071401","CP325535","CP071401","CP383070","CP121192",4,TRUE,TRUE,TRUE,TRUE
18,218968,"CP325497","CP367354","CP121091","CP071383","CP325497","CP071383","CP367354","CP121091",4,TRUE,TRUE,TRUE,TRUE
18,219028,"CP329507","CP374516","CP122294","CP071860","CP329507","CP071860","CP374516","CP122294",4,TRUE,TRUE,TRUE,TRUE
18,219030,"CP334985","CP377733","CP124310","CP073365","CP334985","CP073365","CP377733","CP124310",4,TRUE,TRUE,TRUE,TRUE
18,219032,"CP335578","CP378807","CP124696","CP073561","CP335578","CP073561","CP378807","CP124696",4,TRUE,TRUE,TRUE,TRUE
18,219071,"CP329208","CP371778","CP122184","CP071837","CP329208","CP071837","CP371778","CP122184",4,TRUE,TRUE,TRUE,TRUE
18,219168,"CP333948","CP376390","CP123862","CP073040","CP333948","CP073040","CP376390","CP123862",4,TRUE,TRUE,TRUE,TRUE
18,219225,"CP330972","CP374517","CP122855","CP072110","CP330972","CP072110","CP374517","CP122855",4,TRUE,TRUE,TRUE,TRUE
18,219245,"CP328201","CP370632","CP122152","CP071757","CP328201","CP071757","CP370632","CP122152",4,TRUE,TRUE,TRUE,TRUE
18,219273,"CP339719","CP382365","CP126958","CP074752","CP339719","CP074752","CP382365","CP126958",4,TRUE,TRUE,TRUE,TRUE
18,219412,"CP333787","CP377740","CP123778","CP072993","CP333787","CP072993","CP377740","CP123778",4,TRUE,TRUE,TRUE,TRUE
18,219457,"CP333076","CP375846","CP123674","CP072914","CP333076","CP072914","CP375846","CP123674",4,TRUE,TRUE,TRUE,TRUE
18,219458,"CP336765","CP380299","CP125204","CP073920","CP336765","CP073920","CP380299","CP125204",4,TRUE,TRUE,TRUE,TRUE
18,219588,"CP332756","CP375343","CP123560","CP072705","CP332756","CP072705","CP375343","CP123560",4,TRUE,TRUE,TRUE,TRUE
18,219657,"CP329622","CP372656","CP122536","CP071970","CP329622","CP071970","CP372656","CP122536",4,TRUE,TRUE,TRUE,TRUE
18,219717,"CP325704","CP367229","CP121175","CP071377","CP325704","CP071377","CP367229","CP121175",4,TRUE,TRUE,TRUE,TRUE
18,219840,"CP333789","CP376145","CP123779","CP072981","CP333789","CP072981","CP376145","CP123779",4,TRUE,TRUE,TRUE,TRUE
18,220091,"CP332321","CP376155","CP123184","CP072480","CP332321","CP072480","CP376155","CP123184",4,TRUE,TRUE,TRUE,TRUE
18,220157,"CP331078","CP374529","CP122916","CP072136","CP331078","CP072136","CP374529","CP122916",4,TRUE,TRUE,TRUE,TRUE
18,220225,"CP332914","CP377750","CP123626","CP072741","CP332914","CP072741","CP377750","CP123626",4,TRUE,TRUE,TRUE,TRUE
18,220226,"CP332549","CP374534","CP123416","CP072551","CP332549","CP072551","CP374534","CP123416",4,TRUE,TRUE,TRUE,TRUE
18,220280,"CP332434","CP374536","CP123308","CP072501","CP332434","CP072501","CP374536","CP123308",4,TRUE,TRUE,TRUE,TRUE
18,220340,"CP332360","CP378857","CP123309","CP072462","CP332360","CP072462","CP378857","CP123309",4,TRUE,TRUE,TRUE,TRUE
18,220389,"CP332239","CP374152","CP123255","CP072419","CP332239","CP072419","CP374152","CP123255",4,TRUE,TRUE,TRUE,TRUE
18,220522,"CP335644","CP378864","CP126206","CP073409","CP335644","CP073409","CP378864","CP126206",4,TRUE,TRUE,TRUE,TRUE
18,220736,"CP325596","CP373043","CP121141","CP071384","CP325596","CP071384","CP373043","CP121141",4,TRUE,TRUE,TRUE,TRUE
18,220744,"CP336157","CP382863","CP124898","CP073679","CP336157","CP073679","CP382863","CP124898",4,TRUE,TRUE,TRUE,TRUE
18,220745,"CP337873","CP382861","CP125440","CP074078","CP337873","CP074078","CP382861","CP125440",4,TRUE,TRUE,TRUE,TRUE
18,220750,"CP332924","CP376170","CP123612","CP072730","CP332924","CP072730","CP376170","CP123612",4,TRUE,TRUE,TRUE,TRUE
18,220785,"CP337403","CP381475","CP125431","CP074054","CP337403","CP074054","CP381475","CP125431",4,TRUE,TRUE,TRUE,TRUE
18,220952,"CP332337","CP374548","CP123393","CP072420","CP332337","CP072420","CP374548","CP123393",4,TRUE,TRUE,TRUE,TRUE
18,221002,"CP331837","CP374247","CP123186","CP072142","CP331837","CP072142","CP374247","CP123186",4,TRUE,TRUE,TRUE,TRUE
18,221056,"CP331046","CP374553","CP122917","CP072111","CP331046","CP072111","CP374553","CP122917",4,TRUE,TRUE,TRUE,TRUE
18,221146,"CP337098","CP381490","CP125088","CP073832","CP337098","CP073832","CP381490","CP125088",4,TRUE,TRUE,TRUE,TRUE
18,221218,"CP332647","CP376182","CP123411","CP072552","CP332647","CP072552","CP376182","CP123411",4,TRUE,TRUE,TRUE,TRUE
18,221308,"CP337892","CP380339","CP125637","CP074295","CP337892","CP074295","CP380339","CP125637",4,TRUE,TRUE,TRUE,TRUE
18,221321,"CP333991","CP375874","CP123848","CP072997","CP333991","CP072997","CP375874","CP123848",4,TRUE,TRUE,TRUE,TRUE
18,221455,"CP333828","CP376200","CP123820","CP072985","CP333828","CP072985","CP376200","CP123820",4,TRUE,TRUE,TRUE,TRUE
18,221585,"CP334278","CP380494","CP124013","CP073164","CP334278","CP073164","CP380494","CP124013",4,TRUE,TRUE,TRUE,TRUE
18,221586,"CP335515","CP380490","CP124645","CP073557","CP335515","CP073557","CP380490","CP124645",4,TRUE,TRUE,TRUE,TRUE
18,221632,"CP335516","CP377992","CP124664","CP073528","CP335516","CP073528","CP377992","CP124664",4,TRUE,TRUE,TRUE,TRUE
18,221769,"CP331846","CP374933","CP123064","CP072138","CP331846","CP072138","CP374933","CP123064",4,TRUE,TRUE,TRUE,TRUE
18,221772,"CP340494","CP382310","CP126419","CP074659","CP340494","CP074659","CP382310","CP126419",4,TRUE,TRUE,TRUE,TRUE
18,221812,"CP331025","CP372997","CP122913","CP072121","CP331025","CP072121","CP372997","CP122913",4,TRUE,TRUE,TRUE,TRUE
18,221857,"CP332583","CP376217","CP123331","CP072511","CP332583","CP072511","CP376217","CP123331",4,TRUE,TRUE,TRUE,TRUE
18,221864,"CP339756","CP382314","CP127088","CP074660","CP339756","CP074660","CP382314","CP127088",4,TRUE,TRUE,TRUE,TRUE
18,221901,"CP332491","CP374847","CP123324","CP072482","CP332491","CP072482","CP374847","CP123324",4,TRUE,TRUE,TRUE,TRUE
18,222205,"CP336855","CP378915","CP125151","CP073871","CP336855","CP073871","CP378915","CP125151",4,TRUE,TRUE,TRUE,TRUE
18,222434,"CP335118","CP377933","CP124330","CP073446","CP335118","CP073446","CP377933","CP124330",4,TRUE,TRUE,TRUE,TRUE
18,222487,"CP335302","CP377789","CP124391","CP073454","CP335302","CP073454","CP377789","CP124391",4,TRUE,TRUE,TRUE,TRUE
18,222542,"CP335119","CP377790","CP124355","CP073451","CP335119","CP073451","CP377790","CP124355",4,TRUE,TRUE,TRUE,TRUE
18,222610,"CP335103","CP377792","CP124338","CP073452","CP335103","CP073452","CP377792","CP124338",4,TRUE,TRUE,TRUE,TRUE
18,222733,"CP328432","CP371541","CP122217","CP071793","CP328432","CP071793","CP371541","CP122217",4,TRUE,TRUE,TRUE,TRUE
18,222863,"CP334780","CP377796","CP124187","CP073324","CP334780","CP073324","CP377796","CP124187",4,TRUE,TRUE,TRUE,TRUE
18,222919,"CP334776","CP377351","CP124178","CP073314","CP334776","CP073314","CP377351","CP124178",4,TRUE,TRUE,TRUE,TRUE
18,222973,"CP334965","CP377811","CP124347","CP073458","CP334965","CP073458","CP377811","CP124347",4,TRUE,TRUE,TRUE,TRUE
18,223400,"CP335505","CP378088","CP124741","CP073537","CP335505","CP073537","CP378088","CP124741",4,TRUE,TRUE,TRUE,TRUE
18,223543,"CP328214","CP371040","CP121817","CP071735","CP328214","CP071735","CP371040","CP121817",4,TRUE,TRUE,TRUE,TRUE
18,223584,"CP325166","CP367012","CP120816","CP071352","CP325166","CP071352","CP367012","CP120816",4,TRUE,TRUE,TRUE,TRUE
18,223630,"CP332248","CP376270","CP123191","CP072475","CP332248","CP072475","CP376270","CP123191",4,TRUE,TRUE,TRUE,TRUE
18,223637,"CP330852","CP376269","CP122907","CP072140","CP330852","CP072140","CP376269","CP122907",4,TRUE,TRUE,TRUE,TRUE
18,223669,"CP324991","CP366932","CP120846","CP071333","CP324991","CP071333","CP366932","CP120846",4,TRUE,TRUE,TRUE,TRUE
18,223670,"CP331027","CP373046","CP122925","CP072131","CP331027","CP072131","CP373046","CP122925",4,TRUE,TRUE,TRUE,TRUE
18,223713,"CP334940","CP377831","CP124289","CP073362","CP334940","CP073362","CP377831","CP124289",4,TRUE,TRUE,TRUE,TRUE
18,223843,"CP331103","CP374633","CP122902","CP071956","CP331103","CP071956","CP374633","CP122902",4,TRUE,TRUE,TRUE,TRUE
18,223873,"CP332659","CP376287","CP123534","CP072602","CP332659","CP072602","CP376287","CP123534",4,TRUE,TRUE,TRUE,TRUE
18,223885,"CP333886","CP376284","CP123761","CP073012","CP333886","CP073012","CP376284","CP123761",4,TRUE,TRUE,TRUE,TRUE
18,223917,"CP332650","CP374964","CP123520","CP072597","CP332650","CP072597","CP374964","CP123520",4,TRUE,TRUE,TRUE,TRUE
18,223942,"CP341574","CP378989","CP127119","CP073707","CP341574","CP073707","CP378989","CP127119",4,TRUE,TRUE,TRUE,TRUE
18,224020,"CP332945","CP375308","CP123633","CP072732","CP332945","CP072732","CP375308","CP123633",4,TRUE,TRUE,TRUE,TRUE
18,224147,"CP331080","CP374752","CP122870","CP072096","CP331080","CP072096","CP374752","CP122870",4,TRUE,TRUE,TRUE,TRUE
18,224202,"CP335746","CP379002","CP127132","CP073665","CP335746","CP073665","CP379002","CP127132",4,TRUE,TRUE,TRUE,TRUE
18,224245,"CP332866","CP376292","CP123602","CP072737","CP332866","CP072737","CP376292","CP123602",4,TRUE,TRUE,TRUE,TRUE
18,224283,"CP332867","CP375309","CP123596","CP072733","CP332867","CP072733","CP375309","CP123596",4,TRUE,TRUE,TRUE,TRUE
18,224314,"CP332353","CP374642","CP123275","CP072479","CP332353","CP072479","CP374642","CP123275",4,TRUE,TRUE,TRUE,TRUE
18,224316,"CP332796","CP376295","CP123562","CP072702","CP332796","CP072702","CP376295","CP123562",4,TRUE,TRUE,TRUE,TRUE
18,224317,"CP327294","CP370179","CP121399","CP071456","CP327294","CP071456","CP370179","CP121399",4,TRUE,TRUE,TRUE,TRUE
18,224333,"CP337118","CP380048","CP125101","CP073921","CP337118","CP073921","CP380048","CP125101",4,TRUE,TRUE,TRUE,TRUE
18,224364,"CP330995","CP373007","CP122835","CP072114","CP330995","CP072114","CP373007","CP122835",4,TRUE,TRUE,TRUE,TRUE
18,224407,"CP334163","CP376306","CP123808","CP073121","CP334163","CP073121","CP376306","CP123808",4,TRUE,TRUE,TRUE,TRUE
18,224409,"CP332521","CP374646","CP123353","CP072470","CP332521","CP072470","CP374646","CP123353",4,TRUE,TRUE,TRUE,TRUE
18,224502,"CP332342","CP375002","CP123194","CP072455","CP332342","CP072455","CP375002","CP123194",4,TRUE,TRUE,TRUE,TRUE
18,224575,"CP332152","CP375368","CP123196","CP072328","CP332152","CP072328","CP375368","CP123196",4,TRUE,TRUE,TRUE,TRUE
18,224942,"CP332155","CP372974","CP123073","CP072438","CP332155","CP072438","CP372974","CP123073",4,TRUE,TRUE,TRUE,TRUE
18,224946,"CP327699","CP370182","CP121741","CP071798","CP327699","CP071798","CP370182","CP121741",4,TRUE,TRUE,TRUE,TRUE
18,224956,"CP334096","CP376435","CP123938","CP073122","CP334096","CP073122","CP376435","CP123938",4,TRUE,TRUE,TRUE,TRUE
18,224989,"CP327563","CP370183","CP121632","CP071730","CP327563","CP071730","CP370183","CP121632",4,TRUE,TRUE,TRUE,TRUE
18,224995,"CP335689","CP378245","CP124923","CP073635","CP335689","CP073635","CP378245","CP124923",4,TRUE,TRUE,TRUE,TRUE
18,225032,"CP329320","CP371901","CP122329","CP071952","CP329320","CP071952","CP371901","CP122329",4,TRUE,TRUE,TRUE,TRUE
18,225040,"CP328368","CP370185","CP121820","CP071801","CP328368","CP071801","CP370185","CP121820",4,TRUE,TRUE,TRUE,TRUE
18,225085,"CP331067","CP374670","CP122858","CP072116","CP331067","CP072116","CP374670","CP122858",4,TRUE,TRUE,TRUE,TRUE
18,225101,"CP329262","CP374667","CP122312","CP071933","CP329262","CP071933","CP374667","CP122312",4,TRUE,TRUE,TRUE,TRUE
18,225103,"CP327664","CP370186","CP121785","CP071420","CP327664","CP071420","CP370186","CP121785",4,TRUE,TRUE,TRUE,TRUE
18,225152,"CP330997","CP374672","CP122837","CP072011","CP330997","CP072011","CP374672","CP122837",4,TRUE,TRUE,TRUE,TRUE
18,225165,"CP327552","CP370187","CP121717","CP071718","CP327552","CP071718","CP370187","CP121717",4,TRUE,TRUE,TRUE,TRUE
18,225255,"CP330659","CP372945","CP122745","CP072013","CP330659","CP072013","CP372945","CP122745",4,TRUE,TRUE,TRUE,TRUE
18,225274,"CP341628","CP379025","CP127170","CP073538","CP341628","CP073538","CP379025","CP127170",4,TRUE,TRUE,TRUE,TRUE
18,225707,"CP327652","CP369920","CP121748","CP071791","CP327652","CP071791","CP369920","CP121748",4,TRUE,TRUE,TRUE,TRUE
18,225753,"CP327589","CP371249","CP121706","CP071738","CP327589","CP071738","CP371249","CP121706",4,TRUE,TRUE,TRUE,TRUE
18,225790,"CP332418","CP374697","CP123286","CP072500","CP332418","CP072500","CP374697","CP123286",4,TRUE,TRUE,TRUE,TRUE
18,225795,"CP329321","CP371780","CP122330","CP071930","CP329321","CP071930","CP371780","CP122330",4,TRUE,TRUE,TRUE,TRUE
18,225797,"CP327578","CP369909","CP121821","CP071787","CP327578","CP071787","CP369909","CP121821",4,TRUE,TRUE,TRUE,TRUE
18,226109,"CP332291","CP372925","CP123239","CP072330","CP332291","CP072330","CP372925","CP123239",4,TRUE,TRUE,TRUE,TRUE
18,226199,"CP330948","CP374709","CP122860","CP072117","CP330948","CP072117","CP374709","CP122860",4,TRUE,TRUE,TRUE,TRUE
18,226290,"CP334112","CP376465","CP123943","CP073165","CP334112","CP073165","CP376465","CP123943",4,TRUE,TRUE,TRUE,TRUE
18,226413,"CP327654","CP370197","CP121767","CP071731","CP327654","CP071731","CP370197","CP121767",4,TRUE,TRUE,TRUE,TRUE
18,226450,"CP329380","CP371909","CP122357","CP071877","CP329380","CP071877","CP371909","CP122357",4,TRUE,TRUE,TRUE,TRUE
18,226601,"CP330999","CP372982","CP122882","CP072105","CP330999","CP072105","CP372982","CP122882",4,TRUE,TRUE,TRUE,TRUE
18,226636,"CP331034","CP373016","CP122839","CP071981","CP331034","CP071981","CP373016","CP122839",4,TRUE,TRUE,TRUE,TRUE
18,226729,"CP331000","CP372170","CP122809","CP072015","CP331000","CP072015","CP372170","CP122809",4,TRUE,TRUE,TRUE,TRUE
18,226755,"CP331017","CP374723","CP122840","CP072016","CP331017","CP072016","CP374723","CP122840",4,TRUE,TRUE,TRUE,TRUE
18,226759,"CP333963","CP376360","CP123830","CP073010","CP333963","CP073010","CP376360","CP123830",4,TRUE,TRUE,TRUE,TRUE
18,226875,"CP341736","CP379064","CP127191","CP073540","CP341736","CP073540","CP379064","CP127191",4,TRUE,TRUE,TRUE,TRUE
18,226916,"CP335877","CP378356","CP124875","CP073688","CP335877","CP073688","CP378356","CP124875",4,TRUE,TRUE,TRUE,TRUE
18,227043,"CP327499","CP369806","CP121742","CP071710","CP327499","CP071710","CP369806","CP121742",4,TRUE,TRUE,TRUE,TRUE
18,227074,"CP327875","CP371712","CP121982","CP071661","CP327875","CP071661","CP371712","CP121982",4,TRUE,TRUE,TRUE,TRUE
18,227135,"CP326652","CP369287","CP121437","CP071492","CP326652","CP071492","CP369287","CP121437",4,TRUE,TRUE,TRUE,TRUE
18,227216,"CP327399","CP370201","CP121743","CP071777","CP327399","CP071777","CP370201","CP121743",4,TRUE,TRUE,TRUE,TRUE
18,227217,"CP329311","CP371796","CP122323","CP071953","CP329311","CP071953","CP371796","CP122323",4,TRUE,TRUE,TRUE,TRUE
18,227222,"CP334855","CP377875","CP124194","CP073478","CP334855","CP073478","CP377875","CP124194",4,TRUE,TRUE,TRUE,TRUE
18,227267,"CP334704","CP377877","CP124115","CP073341","CP334704","CP073341","CP377877","CP124115",4,TRUE,TRUE,TRUE,TRUE
18,227310,"CP334537","CP377333","CP124077","CP073267","CP334537","CP073267","CP377333","CP124077",4,TRUE,TRUE,TRUE,TRUE
18,227321,"CP338911","CP382178","CP125867","CP074412","CP338911","CP074412","CP382178","CP125867",4,TRUE,TRUE,TRUE,TRUE
18,227338,"CP329480","CP372347","CP122454","CP071913","CP329480","CP071913","CP372347","CP122454",4,TRUE,TRUE,TRUE,TRUE
18,227341,"CP325041","CP366948","CP120657","CP071343","CP325041","CP071343","CP366948","CP120657",4,TRUE,TRUE,TRUE,TRUE
18,227350,"CP334495","CP377281","CP124059","CP073236","CP334495","CP073236","CP377281","CP124059",4,TRUE,TRUE,TRUE,TRUE
18,227429,"CP341749","CP381681","CP127200","CP074455","CP341749","CP074455","CP381681","CP127200",4,TRUE,TRUE,TRUE,TRUE
18,227430,"CP341747","CP379081","CP127199","CP073647","CP341747","CP073647","CP379081","CP127199",4,TRUE,TRUE,TRUE,TRUE
18,227585,"CP327629","CP369807","CP121790","CP071711","CP327629","CP071711","CP369807","CP121790",4,TRUE,TRUE,TRUE,TRUE
18,227714,"CP335860","CP378323","CP124876","CP073690","CP335860","CP073690","CP378323","CP124876",4,TRUE,TRUE,TRUE,TRUE
18,227785,"CP327580","CP370654","CP121731","CP071778","CP327580","CP071778","CP370654","CP121731",4,TRUE,TRUE,TRUE,TRUE
18,227819,"CP327512","CP370906","CP121721","CP071720","CP327512","CP071720","CP370906","CP121721",4,TRUE,TRUE,TRUE,TRUE
18,227857,"CP335154","CP377879","CP124341","CP073460","CP335154","CP073460","CP377879","CP124341",4,TRUE,TRUE,TRUE,TRUE
18,227863,"CP341766","CP381698","CP127206","CP073843","CP341766","CP073843","CP381698","CP127206",4,TRUE,TRUE,TRUE,TRUE
18,227887,"CP334349","CP377222","CP124024","CP073218","CP334349","CP073218","CP377222","CP124024",4,TRUE,TRUE,TRUE,TRUE
18,227908,"CP327470","CP369722","CP121633","CP071670","CP327470","CP071670","CP369722","CP121633",4,TRUE,TRUE,TRUE,TRUE
18,227974,"CP334507","CP377378","CP124096","CP073293","CP334507","CP073293","CP377378","CP124096",4,TRUE,TRUE,TRUE,TRUE
18,227995,"CP330983","CP372366","CP122861","CP071914","CP330983","CP071914","CP372366","CP122861",4,TRUE,TRUE,TRUE,TRUE
18,228001,"CP334472","CP377297","CP124060","CP073271","CP334472","CP073271","CP377297","CP124060",4,TRUE,TRUE,TRUE,TRUE
18,228400,"CP341793","CP382756","CP127208","CP073503","CP341793","CP073503","CP382756","CP127208",4,TRUE,TRUE,TRUE,TRUE
18,228463,"CP329322","CP371758","CP122342","CP071942","CP329322","CP071942","CP371758","CP122342",4,TRUE,TRUE,TRUE,TRUE
18,228465,"CP335862","CP378319","CP124861","CP073697","CP335862","CP073697","CP378319","CP124861",4,TRUE,TRUE,TRUE,TRUE
18,228536,"CP334354","CP377203","CP124037","CP073243","CP334354","CP073243","CP377203","CP124037",4,TRUE,TRUE,TRUE,TRUE
18,228657,"CP340046","CP382151","CP126389","CP074622","CP340046","CP074622","CP382151","CP126389",4,TRUE,TRUE,TRUE,TRUE
18,228686,"CP325112","CP366965","CP120842","CP071347","CP325112","CP071347","CP366965","CP120842",4,TRUE,TRUE,TRUE,TRUE
18,228690,"CP339205","CP382119","CP126322","CP074217","CP339205","CP074217","CP382119","CP126322",4,TRUE,TRUE,TRUE,TRUE
18,228724,"CP339052","CP382105","CP126253","CP074219","CP339052","CP074219","CP382105","CP126253",4,TRUE,TRUE,TRUE,TRUE
18,228882,"CP327630","CP369913","CP121749","CP071702","CP327630","CP071702","CP369913","CP121749",4,TRUE,TRUE,TRUE,TRUE
18,228913,"CP327567","CP369867","CP121709","CP071679","CP327567","CP071679","CP369867","CP121709",4,TRUE,TRUE,TRUE,TRUE
18,228941,"CP340514","CP379102","CP127217","CP073643","CP340514","CP073643","CP379102","CP127217",4,TRUE,TRUE,TRUE,TRUE
18,228952,"CP327590","CP369837","CP121685","CP071680","CP327590","CP071680","CP369837","CP121685",4,TRUE,TRUE,TRUE,TRUE
18,229108,"CP339952","CP382283","CP125599","CP074195","CP339952","CP074195","CP382283","CP125599",4,TRUE,TRUE,TRUE,TRUE
18,229136,"CP334511","CP377169","CP124027","CP073220","CP334511","CP073220","CP377169","CP124027",4,TRUE,TRUE,TRUE,TRUE
18,229326,"CP341811","CP381744","CP127221","CP073821","CP341811","CP073821","CP381744","CP127221",4,TRUE,TRUE,TRUE,TRUE
18,229384,"CP336206","CP379107","CP124989","CP073779","CP336206","CP073779","CP379107","CP124989",4,TRUE,TRUE,TRUE,TRUE
18,229517,"CP335783","CP377544","CP124383","CP073456","CP335783","CP073456","CP377544","CP124383",4,TRUE,TRUE,TRUE,TRUE
18,229533,"CP335071","CP377883","CP124366","CP073427","CP335071","CP073427","CP377883","CP124366",4,TRUE,TRUE,TRUE,TRUE
18,229612,"CP334255","CP377392","CP124061","CP073182","CP334255","CP073182","CP377392","CP124061",4,TRUE,TRUE,TRUE,TRUE
18,229670,"CP327415","CP369776","CP121700","CP071617","CP327415","CP071617","CP369776","CP121700",4,TRUE,TRUE,TRUE,TRUE
18,229758,"CP333472","CP375780","CP123734","CP072932","CP333472","CP072932","CP375780","CP123734",4,TRUE,TRUE,TRUE,TRUE
18,229825,"CP331865","CP374169","CP123086","CP072443","CP331865","CP072443","CP374169","CP123086",4,TRUE,TRUE,TRUE,TRUE
18,229830,"CP338995","CP378132","CP127231","CP073496","CP338995","CP073496","CP378132","CP127231",4,TRUE,TRUE,TRUE,TRUE
18,230048,"CP336180","CP379425","CP124967","CP073778","CP336180","CP073778","CP379425","CP124967",4,TRUE,TRUE,TRUE,TRUE
18,230082,"CP330171","CP373949","CP123092","CP072336","CP330171","CP072336","CP373949","CP123092",4,TRUE,TRUE,TRUE,TRUE
18,230180,"CP331323","CP374054","CP122969","CP072341","CP331323","CP072341","CP374054","CP122969",4,TRUE,TRUE,TRUE,TRUE
18,230240,"CP333103","CP375791","CP123689","CP072933","CP333103","CP072933","CP375791","CP123689",4,TRUE,TRUE,TRUE,TRUE
18,230345,"CP331881","CP373951","CP123095","CP072344","CP331881","CP072344","CP373951","CP123095",4,TRUE,TRUE,TRUE,TRUE
18,230354,"CP331883","CP373952","CP123096","CP072345","CP331883","CP072345","CP373952","CP123096",4,TRUE,TRUE,TRUE,TRUE
18,230369,"CP333476","CP375782","CP123736","CP072934","CP333476","CP072934","CP375782","CP123736",4,TRUE,TRUE,TRUE,TRUE
18,230370,"CP332165","CP374100","CP123206","CP072346","CP332165","CP072346","CP374100","CP123206",4,TRUE,TRUE,TRUE,TRUE
18,230384,"CP332166","CP373953","CP123097","CP072347","CP332166","CP072347","CP373953","CP123097",4,TRUE,TRUE,TRUE,TRUE
18,230577,"CP330175","CP372667","CP122581","CP072022","CP330175","CP072022","CP372667","CP122581",4,TRUE,TRUE,TRUE,TRUE
18,230607,"CP333106","CP375517","CP123692","CP072937","CP333106","CP072937","CP375517","CP123692",4,TRUE,TRUE,TRUE,TRUE
18,230620,"CP329752","CP372621","CP122661","CP072025","CP329752","CP072025","CP372621","CP122661",4,TRUE,TRUE,TRUE,TRUE
18,230652,"CP333756","CP375760","CP123789","CP072987","CP333756","CP072987","CP375760","CP123789",4,TRUE,TRUE,TRUE,TRUE
18,230678,"CP333482","CP375690","CP123766","CP072938","CP333482","CP072938","CP375690","CP123766",4,TRUE,TRUE,TRUE,TRUE
18,230694,"CP340698","CP381779","CP127236","CP073780","CP340698","CP073780","CP381779","CP127236",4,TRUE,TRUE,TRUE,TRUE
18,230715,"CP333686","CP375745","CP123693","CP072939","CP333686","CP072939","CP375745","CP123693",4,TRUE,TRUE,TRUE,TRUE
18,230809,"CP330679","CP372915","CP122666","CP072026","CP330679","CP072026","CP372915","CP122666",4,TRUE,TRUE,TRUE,TRUE
18,230833,"CP333687","CP375820","CP123695","CP072940","CP333687","CP072940","CP375820","CP123695",4,TRUE,TRUE,TRUE,TRUE
18,230840,"CP330182","CP372916","CP122668","CP072027","CP330182","CP072027","CP372916","CP122668",4,TRUE,TRUE,TRUE,TRUE
18,231022,"CP330680","CP372847","CP122762","CP072030","CP330680","CP072030","CP372847","CP122762",4,TRUE,TRUE,TRUE,TRUE
18,231059,"CP330187","CP372670","CP122674","CP072031","CP330187","CP072031","CP372670","CP122674",4,TRUE,TRUE,TRUE,TRUE
18,231140,"CP335908","CP377893","CP126995","CP073492","CP335908","CP073492","CP377893","CP126995",4,TRUE,TRUE,TRUE,TRUE
18,231222,"CP335002","CP377897","CP124394","CP073405","CP335002","CP073405","CP377897","CP124394",4,TRUE,TRUE,TRUE,TRUE
18,231231,"CP338569","CP381794","CP125359","CP074530","CP338569","CP074530","CP381794","CP125359",4,TRUE,TRUE,TRUE,TRUE
18,231266,"CP333490","CP375925","CP123738","CP072945","CP333490","CP072945","CP375925","CP123738",4,TRUE,TRUE,TRUE,TRUE
18,231312,"CP333115","CP375708","CP123739","CP072947","CP333115","CP072947","CP375708","CP123739",4,TRUE,TRUE,TRUE,TRUE
18,231389,"CP336362","CP379241","CP125047","CP073876","CP336362","CP073876","CP379241","CP125047",4,TRUE,TRUE,TRUE,TRUE
18,231499,"CP336165","CP381810","CP126934","CP073709","CP336165","CP073709","CP381810","CP126934",4,TRUE,TRUE,TRUE,TRUE
18,231528,"CP335942","CP379149","CP126720","CP073630","CP335942","CP073630","CP379149","CP126720",4,TRUE,TRUE,TRUE,TRUE
18,231755,"CP333498","CP375555","CP123699","CP072813","CP333498","CP072813","CP375555","CP123699",4,TRUE,TRUE,TRUE,TRUE
18,231852,"CP337083","CP379151","CP126891","CP073781","CP337083","CP073781","CP379151","CP126891",4,TRUE,TRUE,TRUE,TRUE
18,232351,"CP335251","CP377937","CP124414","CP073491","CP335251","CP073491","CP377937","CP124414",4,TRUE,TRUE,TRUE,TRUE
18,232872,"CP337293","CP379511","CP125377","CP074018","CP337293","CP074018","CP379511","CP125377",4,TRUE,TRUE,TRUE,TRUE
18,232999,"CP333701","CP375185","CP123742","CP072964","CP333701","CP072964","CP375185","CP123742",4,TRUE,TRUE,TRUE,TRUE
18,233224,"CP336041","CP378388","CP124925","CP073748","CP336041","CP073748","CP378388","CP124925",4,TRUE,TRUE,TRUE,TRUE
18,234078,"CP328244","CP371033","CP121855","CP071716","CP328244","CP071716","CP371033","CP121855",4,TRUE,TRUE,TRUE,TRUE
18,234220,"CP326472","CP369292","CP121515","CP071517","CP326472","CP071517","CP369292","CP121515",4,TRUE,TRUE,TRUE,TRUE
18,234349,"CP326688","CP367574","CP121519","CP071520","CP326688","CP071520","CP367574","CP121519",4,TRUE,TRUE,TRUE,TRUE
18,234360,"CP326689","CP369554","CP121457","CP071521","CP326689","CP071521","CP369554","CP121457",4,TRUE,TRUE,TRUE,TRUE
18,234385,"CP326692","CP369480","CP121521","CP071523","CP326692","CP071523","CP369480","CP121521",4,TRUE,TRUE,TRUE,TRUE
18,234468,"CP331918","CP373864","CP123115","CP072378","CP331918","CP072378","CP373864","CP123115",4,TRUE,TRUE,TRUE,TRUE
18,234619,"CP331367","CP374110","CP123117","CP072380","CP331367","CP072380","CP374110","CP123117",4,TRUE,TRUE,TRUE,TRUE
18,234622,"CP327072","CP369557","CP121460","CP071529","CP327072","CP071529","CP369557","CP121460",4,TRUE,TRUE,TRUE,TRUE
18,234774,"CP331384","CP374073","CP123125","CP072385","CP331384","CP072385","CP374073","CP123125",4,TRUE,TRUE,TRUE,TRUE
18,234855,"CP331389","CP372632","CP122982","CP072389","CP331389","CP072389","CP372632","CP122982",4,TRUE,TRUE,TRUE,TRUE
18,234962,"CP330883","CP372851","CP122766","CP072040","CP330883","CP072040","CP372851","CP122766",4,TRUE,TRUE,TRUE,TRUE
18,235189,"CP330333","CP372813","CP123132","CP072398","CP330333","CP072398","CP372813","CP123132",4,TRUE,TRUE,TRUE,TRUE
18,235224,"CP330334","CP373881","CP123134","CP072399","CP330334","CP072399","CP373881","CP123134",4,TRUE,TRUE,TRUE,TRUE
18,235349,"CP330336","CP372885","CP122845","CP072046","CP330336","CP072046","CP372885","CP122845",4,TRUE,TRUE,TRUE,TRUE
18,235516,"CP330348","CP372818","CP122689","CP072049","CP330348","CP072049","CP372818","CP122689",4,TRUE,TRUE,TRUE,TRUE
18,235530,"CP332891","CP375215","CP123590","CP072715","CP332891","CP072715","CP375215","CP123590",4,TRUE,TRUE,TRUE,TRUE
18,235757,"CP330745","CP372888","CP122774","CP072053","CP330745","CP072053","CP372888","CP122774",4,TRUE,TRUE,TRUE,TRUE
18,235912,"CP330889","CP372692","CP122782","CP072056","CP330889","CP072056","CP372692","CP122782",4,TRUE,TRUE,TRUE,TRUE
18,236034,"CP330753","CP372768","CP122784","CP072057","CP330753","CP072057","CP372768","CP122784",4,TRUE,TRUE,TRUE,TRUE
18,236050,"CP331021","CP372101","CP122785","CP072058","CP331021","CP072058","CP372101","CP122785",4,TRUE,TRUE,TRUE,TRUE
18,236067,"CP330893","CP372769","CP122786","CP072059","CP330893","CP072059","CP372769","CP122786",4,TRUE,TRUE,TRUE,TRUE
18,236194,"CP330389","CP372860","CP122699","CP072061","CP330389","CP072061","CP372860","CP122699",4,TRUE,TRUE,TRUE,TRUE
18,236389,"CP333558","CP375618","CP123705","CP072966","CP333558","CP072966","CP375618","CP123705",4,TRUE,TRUE,TRUE,TRUE
18,236397,"CP330404","CP372774","CP122700","CP072065","CP330404","CP072065","CP372774","CP122700",4,TRUE,TRUE,TRUE,TRUE
18,236412,"CP329871","CP372775","CP122788","CP072066","CP329871","CP072066","CP372775","CP122788",4,TRUE,TRUE,TRUE,TRUE
18,237524,"CP333568","CP375505","CP123706","CP072871","CP333568","CP072871","CP375505","CP123706",4,TRUE,TRUE,TRUE,TRUE
18,237913,"CP331469","CP373897","CP123155","CP072404","CP331469","CP072404","CP373897","CP123155",4,TRUE,TRUE,TRUE,TRUE
18,237940,"CP326717","CP369022","CP121530","CP071630","CP326717","CP071630","CP369022","CP121530",4,TRUE,TRUE,TRUE,TRUE
18,238344,"CP327483","CP369666","CP121609","CP071632","CP327483","CP071632","CP369666","CP121609",4,TRUE,TRUE,TRUE,TRUE
18,238368,"CP326508","CP369501","CP121536","CP071543","CP326508","CP071543","CP369501","CP121536",4,TRUE,TRUE,TRUE,TRUE
18,238472,"CP326513","CP369503","CP121540","CP071547","CP326513","CP071547","CP369503","CP121540",4,TRUE,TRUE,TRUE,TRUE
18,238643,"CP326341","CP369574","CP121551","CP071557","CP326341","CP071557","CP369574","CP121551",4,TRUE,TRUE,TRUE,TRUE
18,238674,"CP327349","CP369624","CP121616","CP071635","CP327349","CP071635","CP369624","CP121616",4,TRUE,TRUE,TRUE,TRUE
18,238733,"CP326789","CP369509","CP121557","CP071685","CP326789","CP071685","CP369509","CP121557",4,TRUE,TRUE,TRUE,TRUE
18,238834,"CP327134","CP369361","CP121561","CP071637","CP327134","CP071637","CP369361","CP121561",4,TRUE,TRUE,TRUE,TRUE
18,238897,"CP327437","CP369625","CP121656","CP071638","CP327437","CP071638","CP369625","CP121656",4,TRUE,TRUE,TRUE,TRUE
18,239118,"CP327441","CP369520","CP121658","CP071642","CP327441","CP071642","CP369520","CP121658",4,TRUE,TRUE,TRUE,TRUE
18,239131,"CP327484","CP369689","CP121659","CP071643","CP327484","CP071643","CP369689","CP121659",4,TRUE,TRUE,TRUE,TRUE
18,239158,"CP327443","CP369522","CP121568","CP071572","CP327443","CP071572","CP369522","CP121568",4,TRUE,TRUE,TRUE,TRUE
18,239200,"CP327362","CP369523","CP121623","CP071646","CP327362","CP071646","CP369523","CP121623",4,TRUE,TRUE,TRUE,TRUE
19,261325,"CP343239","CP385048","CP127766","CP074948","CP343239","CP074948","CP385048","CP127766",4,TRUE,TRUE,TRUE,TRUE
19,269055,"CP351060","CP391936","CP131069","CP076552","CP351060","CP076552","CP391936","CP131069",4,TRUE,TRUE,TRUE,TRUE
19,269212,"CP350696","CP391826","CP130993","CP076453","CP350696","CP076453","CP391826","CP130993",4,TRUE,TRUE,TRUE,TRUE
19,272144,"CP343116","CP384874","CP127761","CP074866","CP343116","CP074866","CP384874","CP127761",4,TRUE,TRUE,TRUE,TRUE
19,272233,"CP351071","CP392034","CP131063","CP076536","CP351071","CP076536","CP392034","CP131063",4,TRUE,TRUE,TRUE,TRUE
19,273544,"CP343022","CP384869","CP127652","CP074834","CP343022","CP074834","CP384869","CP127652",4,TRUE,TRUE,TRUE,TRUE
19,276311,"CP347031","CP388590","CP129580","CP075597","CP347031","CP075597","CP388590","CP129580",4,TRUE,TRUE,TRUE,TRUE
19,253414,"CP344602","CP390517","CP128618","CP075220","CP344602","CP075220","CP390517","CP128618",4,TRUE,TRUE,TRUE,TRUE
19,255004,"CP342787","CP384964","CP127517","CP074841","CP342787","CP074841","CP384964","CP127517",4,TRUE,TRUE,TRUE,TRUE
19,255292,"CP345296","CP390521","CP128992","CP075358","CP345296","CP075358","CP390521","CP128992",4,TRUE,TRUE,TRUE,TRUE
19,257459,"CP342879","CP384883","CP127580","CP074842","CP342879","CP074842","CP384883","CP127580",4,TRUE,TRUE,TRUE,TRUE
19,258259,"CP349732","CP391916","CP130462","CP076185","CP349732","CP076185","CP391916","CP130462",4,TRUE,TRUE,TRUE,TRUE
19,258992,"CP350299","CP391727","CP130804","CP076299","CP350299","CP076299","CP391727","CP130804",4,TRUE,TRUE,TRUE,TRUE
19,262403,"CP355913","CP398830","CP133527","CP075613","CP355913","CP075613","CP398830","CP133527",4,TRUE,TRUE,TRUE,TRUE
19,263581,"CP350160","CP391715","CP130660","CP076300","CP350160","CP076300","CP391715","CP130660",4,TRUE,TRUE,TRUE,TRUE
19,263592,"CP348532","CP390545","CP129834","CP075796","CP348532","CP075796","CP390545","CP129834",4,TRUE,TRUE,TRUE,TRUE
19,264425,"CP345204","CP386760","CP128878","CP075359","CP345204","CP075359","CP386760","CP128878",4,TRUE,TRUE,TRUE,TRUE
19,269006,"CP350401","CP395200","CP130661","CP076386","CP350401","CP076386","CP395200","CP130661",4,TRUE,TRUE,TRUE,TRUE
19,269007,"CP348673","CP390391","CP130131","CP075932","CP348673","CP075932","CP390391","CP130131",4,TRUE,TRUE,TRUE,TRUE
19,269232,"CP349737","CP391910","CP130662","CP076301","CP349737","CP076301","CP391910","CP130662",4,TRUE,TRUE,TRUE,TRUE
19,269365,"CP354596","CP392014","CP130900","CP076537","CP354596","CP076537","CP392014","CP130900",4,TRUE,TRUE,TRUE,TRUE
19,269554,"CP350300","CP391922","CP130805","CP076302","CP350300","CP076302","CP391922","CP130805",4,TRUE,TRUE,TRUE,TRUE
19,269555,"CP348534","CP390554","CP130027","CP075797","CP348534","CP075797","CP390554","CP130027",4,TRUE,TRUE,TRUE,TRUE
19,269597,"CP345723","CP387476","CP129297","CP075450","CP345723","CP075450","CP387476","CP129297",4,TRUE,TRUE,TRUE,TRUE
19,269986,"CP355646","CP392673","CP132028","CP076651","CP355646","CP076651","CP392673","CP132028",4,TRUE,TRUE,TRUE,TRUE
19,270141,"CP344062","CP385424","CP128007","CP075126","CP344062","CP075126","CP385424","CP128007",4,TRUE,TRUE,TRUE,TRUE
19,270153,"CP344605","CP385849","CP128595","CP075221","CP344605","CP075221","CP385849","CP128595",4,TRUE,TRUE,TRUE,TRUE
19,270576,"CP348180","CP398527","CP133005","CP075934","CP348180","CP075934","CP398527","CP133005",4,TRUE,TRUE,TRUE,TRUE
19,270627,"CP346946","CP398780","CP129583","CP075586","CP346946","CP075586","CP398780","CP129583",4,TRUE,TRUE,TRUE,TRUE
19,270673,"CP351592","CP392499","CP131214","CP076642","CP351592","CP076642","CP392499","CP131214",4,TRUE,TRUE,TRUE,TRUE
19,270688,"CP351548","CP392350","CP131151","CP076624","CP351548","CP076624","CP392350","CP131151",4,TRUE,TRUE,TRUE,TRUE
19,270815,"CP350451","CP391966","CP131183","CP076500","CP350451","CP076500","CP391966","CP131183",4,TRUE,TRUE,TRUE,TRUE
19,270828,"CP350372","CP391967","CP130825","CP076306","CP350372","CP076306","CP391967","CP130825",4,TRUE,TRUE,TRUE,TRUE
19,271070,"CP350373","CP390976","CP130756","CP076307","CP350373","CP076307","CP390976","CP130756",4,TRUE,TRUE,TRUE,TRUE
19,271094,"CP350953","CP393926","CP131009","CP076555","CP350953","CP076555","CP393926","CP131009",4,TRUE,TRUE,TRUE,TRUE
19,271110,"CP344646","CP385903","CP128596","CP075231","CP344646","CP075231","CP385903","CP128596",4,TRUE,TRUE,TRUE,TRUE
19,271192,"CP350547","CP395306","CP130946","CP076501","CP350547","CP076501","CP395306","CP130946",4,TRUE,TRUE,TRUE,TRUE
19,271473,"CP346812","CP388433","CP129586","CP075528","CP346812","CP075528","CP388433","CP129586",4,TRUE,TRUE,TRUE,TRUE
19,271538,"CP348183","CP390565","CP130195","CP075993","CP348183","CP075993","CP390565","CP130195",4,TRUE,TRUE,TRUE,TRUE
19,271540,"CP350168","CP392504","CP130413","CP076387","CP350168","CP076387","CP392504","CP130413",4,TRUE,TRUE,TRUE,TRUE
19,271782,"CP343076","CP384871","CP127654","CP074918","CP343076","CP074918","CP384871","CP127654",4,TRUE,TRUE,TRUE,TRUE
19,271835,"CP351065","CP391855","CP130947","CP076502","CP351065","CP076502","CP391855","CP130947",4,TRUE,TRUE,TRUE,TRUE
19,271860,"CP346296","CP387791","CP129178","CP075407","CP346296","CP075407","CP387791","CP129178",4,TRUE,TRUE,TRUE,TRUE
19,271865,"CP350791","CP391779","CP130906","CP076503","CP350791","CP076503","CP391779","CP130906",4,TRUE,TRUE,TRUE,TRUE
19,271909,"CP350374","CP392710","CP130758","CP076388","CP350374","CP076388","CP392710","CP130758",4,TRUE,TRUE,TRUE,TRUE
19,271994,"CP345391","CP387913","CP128810","CP075391","CP345391","CP075391","CP387913","CP128810",4,TRUE,TRUE,TRUE,TRUE
19,272117,"CP348726","CP390567","CP130206","CP075940","CP348726","CP075940","CP390567","CP130206",4,TRUE,TRUE,TRUE,TRUE
19,272119,"CP349752","CP391717","CP130867","CP076310","CP349752","CP076310","CP391717","CP130867",4,TRUE,TRUE,TRUE,TRUE
19,272192,"CP346818","CP390568","CP129631","CP075589","CP346818","CP075589","CP390568","CP129631",4,TRUE,TRUE,TRUE,TRUE
19,272272,"CP350795","CP391811","CP130953","CP076507","CP350795","CP076507","CP391811","CP130953",4,TRUE,TRUE,TRUE,TRUE
19,272285,"CP353525","CP397102","CP131973","CP077271","CP353525","CP077271","CP397102","CP131973",4,TRUE,TRUE,TRUE,TRUE
19,272409,"CP344669","CP387052","CP129330","CP075235","CP344669","CP075235","CP387052","CP129330",4,TRUE,TRUE,TRUE,TRUE
19,272459,"CP344606","CP385821","CP128628","CP075228","CP344606","CP075228","CP385821","CP128628",4,TRUE,TRUE,TRUE,TRUE
19,272504,"CP351027","CP393781","CP131065","CP076565","CP351027","CP076565","CP393781","CP131065",4,TRUE,TRUE,TRUE,TRUE
19,272565,"CP355928","CP395338","CP132817","CP077365","CP355928","CP077365","CP395338","CP132817",4,TRUE,TRUE,TRUE,TRUE
19,272745,"CP346268","CP387823","CP129333","CP075454","CP346268","CP075454","CP387823","CP129333",4,TRUE,TRUE,TRUE,TRUE
19,272772,"CP350304","CP393946","CP130672","CP076311","CP350304","CP076311","CP393946","CP130672",4,TRUE,TRUE,TRUE,TRUE
19,272980,"CP352281","CP395357","CP131337","CP076711","CP352281","CP076711","CP395357","CP131337",4,TRUE,TRUE,TRUE,TRUE
19,273148,"CP344665","CP385840","CP128631","CP075240","CP344665","CP075240","CP385840","CP128631",4,TRUE,TRUE,TRUE,TRUE
19,273248,"CP344196","CP398568","CP128327","CP075166","CP344196","CP075166","CP398568","CP128327",4,TRUE,TRUE,TRUE,TRUE
19,273257,"CP351555","CP398573","CP131108","CP076626","CP351555","CP076626","CP398573","CP131108",4,TRUE,TRUE,TRUE,TRUE
19,273324,"CP348728","CP390578","CP129842","CP075995","CP348728","CP075995","CP390578","CP129842",4,TRUE,TRUE,TRUE,TRUE
19,273325,"CP349757","CP391721","CP130762","CP076389","CP349757","CP076389","CP391721","CP130762",4,TRUE,TRUE,TRUE,TRUE
19,273374,"CP351757","CP398341","CP131302","CP076689","CP351757","CP076689","CP398341","CP131302",4,TRUE,TRUE,TRUE,TRUE
19,273412,"CP351747","CP392689","CP131293","CP076681","CP351747","CP076681","CP392689","CP131293",4,TRUE,TRUE,TRUE,TRUE
19,273823,"CP354383","CP397218","CP132344","CP077558","CP354383","CP077558","CP397218","CP132344",4,TRUE,TRUE,TRUE,TRUE
19,273920,"CP344705","CP385948","CP128663","CP075238","CP344705","CP075238","CP385948","CP128663",4,TRUE,TRUE,TRUE,TRUE
19,273921,"CP346478","CP388777","CP129408","CP075509","CP346478","CP075509","CP388777","CP129408",4,TRUE,TRUE,TRUE,TRUE
19,274067,"CP344611","CP385745","CP128573","CP075183","CP344611","CP075183","CP385745","CP128573",4,TRUE,TRUE,TRUE,TRUE
19,274162,"CP350919","CP392001","CP130918","CP076511","CP350919","CP076511","CP392001","CP130918",4,TRUE,TRUE,TRUE,TRUE
19,274329,"CP351556","CP394715","CP131109","CP076652","CP351556","CP076652","CP394715","CP131109",4,TRUE,TRUE,TRUE,TRUE
19,274507,"CP352755","CP398711","CP131826","CP077188","CP352755","CP077188","CP398711","CP131826",4,TRUE,TRUE,TRUE,TRUE
19,274633,"CP346325","CP387775","CP129345","CP075459","CP346325","CP075459","CP387775","CP129345",4,TRUE,TRUE,TRUE,TRUE
19,274646,"CP353729","CP395392","CP132141","CP077378","CP353729","CP077378","CP395392","CP132141",4,TRUE,TRUE,TRUE,TRUE
19,275092,"CP351030","CP398649","CP131053","CP076557","CP351030","CP076557","CP398649","CP131053",4,TRUE,TRUE,TRUE,TRUE
19,275168,"CP352371","CP393605","CP131283","CP076756","CP352371","CP076756","CP393605","CP131283",4,TRUE,TRUE,TRUE,TRUE
19,275442,"CP348680","CP390438","CP130038","CP075998","CP348680","CP075998","CP390438","CP130038",4,TRUE,TRUE,TRUE,TRUE
19,275479,"CP348548","CP390275","CP129828","CP075999","CP348548","CP075999","CP390275","CP129828",4,TRUE,TRUE,TRUE,TRUE
19,275480,"CP350436","CP391676","CP130889","CP076390","CP350436","CP076390","CP391676","CP130889",4,TRUE,TRUE,TRUE,TRUE
19,275694,"CP345007","CP386567","CP128577","CP075280","CP345007","CP075280","CP386567","CP128577",4,TRUE,TRUE,TRUE,TRUE
19,275722,"CP344531","CP385778","CP128520","CP075187","CP344531","CP075187","CP385778","CP128520",4,TRUE,TRUE,TRUE,TRUE
19,275778,"CP345222","CP385873","CP128902","CP075281","CP345222","CP075281","CP385873","CP128902",4,TRUE,TRUE,TRUE,TRUE
19,275823,"CP346592","CP391928","CP129358","CP075503","CP346592","CP075503","CP391928","CP129358",4,TRUE,TRUE,TRUE,TRUE
19,276021,"CP351602","CP394857","CP131221","CP076657","CP351602","CP076657","CP394857","CP131221",4,TRUE,TRUE,TRUE,TRUE
19,276056,"CP351578","CP392377","CP131186","CP076653","CP351578","CP076653","CP392377","CP131186",4,TRUE,TRUE,TRUE,TRUE
19,276072,"CP355762","CP398347","CP133900","CP078243","CP355762","CP078243","CP398347","CP133900",4,TRUE,TRUE,TRUE,TRUE
19,276116,"CP348785","CP390587","CP130233","CP076028","CP348785","CP076028","CP390587","CP130233",4,TRUE,TRUE,TRUE,TRUE
19,276215,"CP353151","CP395425","CP133908","CP077191","CP353151","CP077191","CP395425","CP133908",4,TRUE,TRUE,TRUE,TRUE
19,276394,"CP345317","CP386787","CP128823","CP075284","CP345317","CP075284","CP386787","CP128823",4,TRUE,TRUE,TRUE,TRUE
19,276712,"CP351202","CP392387","CP131113","CP076629","CP351202","CP076629","CP392387","CP131113",4,TRUE,TRUE,TRUE,TRUE
19,276746,"CP349058","CP398737","CP130409","CP076109","CP349058","CP076109","CP398737","CP130409",4,TRUE,TRUE,TRUE,TRUE
19,276797,"CP345658","CP387307","CP129133","CP075426","CP345658","CP075426","CP387307","CP129133",4,TRUE,TRUE,TRUE,TRUE
19,276802,"CP347269","CP389136","CP129786","CP075945","CP347269","CP075945","CP389136","CP129786",4,TRUE,TRUE,TRUE,TRUE
19,276939,"CP345226","CP390602","CP128825","CP075384","CP345226","CP075384","CP390602","CP128825",4,TRUE,TRUE,TRUE,TRUE
19,276956,"CP350410","CP392537","CP130835","CP076425","CP350410","CP076425","CP392537","CP130835",4,TRUE,TRUE,TRUE,TRUE
19,249252,"CP350403","CP391745","CP130847","CP076392","CP350403","CP076392","CP391745","CP130847",4,TRUE,TRUE,TRUE,TRUE
19,249411,"CP357216","CP394055","CP133639","CP077131","CP357216","CP077131","CP394055","CP133639",4,TRUE,TRUE,TRUE,TRUE
19,249412,"CP357213","CP397335","CP133637","CP078010","CP357213","CP078010","CP397335","CP133637",4,TRUE,TRUE,TRUE,TRUE
19,249495,"CP353470","CP398148","CP132101","CP077283","CP353470","CP077283","CP398148","CP132101",4,TRUE,TRUE,TRUE,TRUE
19,249508,"CP353685","CP398145","CP132088","CP077401","CP353685","CP077401","CP398145","CP132088",4,TRUE,TRUE,TRUE,TRUE
19,249510,"CP356673","CP398874","CP133630","CP078250","CP356673","CP078250","CP398874","CP133630",4,TRUE,TRUE,TRUE,TRUE
19,249521,"CP350651","CP391768","CP130925","CP076473","CP350651","CP076473","CP391768","CP130925",4,TRUE,TRUE,TRUE,TRUE
19,249918,"CP347321","CP390474","CP130039","CP075654","CP347321","CP075654","CP390474","CP130039",4,TRUE,TRUE,TRUE,TRUE
19,249965,"CP347289","CP389074","CP129792","CP075651","CP347289","CP075651","CP389074","CP129792",4,TRUE,TRUE,TRUE,TRUE
19,249998,"CP353698","CP396029","CP132062","CP077293","CP353698","CP077293","CP396029","CP132062",4,TRUE,TRUE,TRUE,TRUE
19,250013,"CP348797","CP390453","CP130249","CP076025","CP348797","CP076025","CP390453","CP130249",4,TRUE,TRUE,TRUE,TRUE
19,250060,"CP350382","CP391660","CP130882","CP076393","CP350382","CP076393","CP391660","CP130882",4,TRUE,TRUE,TRUE,TRUE
19,250161,"CP353782","CP395503","CP132077","CP077354","CP353782","CP077354","CP395503","CP132077",4,TRUE,TRUE,TRUE,TRUE
19,250199,"CP354430","CP398167","CP132207","CP078059","CP354430","CP078059","CP398167","CP132207",4,TRUE,TRUE,TRUE,TRUE
19,250276,"CP346841","CP390609","CP129565","CP075592","CP346841","CP075592","CP390609","CP129565",4,TRUE,TRUE,TRUE,TRUE
19,250302,"CP356616","CP398867","CP133627","CP078264","CP356616","CP078264","CP398867","CP133627",4,TRUE,TRUE,TRUE,TRUE
19,250420,"CP352399","CP394098","CP131452","CP076851","CP352399","CP076851","CP394098","CP131452",4,TRUE,TRUE,TRUE,TRUE
19,250430,"CP353818","CP397426","CP132093","CP078117","CP353818","CP078117","CP397426","CP132093",4,TRUE,TRUE,TRUE,TRUE
19,250431,"CP355814","CP397420","CP132784","CP078119","CP355814","CP078119","CP397420","CP132784",4,TRUE,TRUE,TRUE,TRUE
19,250844,"CP347271","CP390347","CP129753","CP075644","CP347271","CP075644","CP390347","CP129753",4,TRUE,TRUE,TRUE,TRUE
19,250876,"CP343869","CP385257","CP127867","CP075114","CP343869","CP075114","CP385257","CP127867",4,TRUE,TRUE,TRUE,TRUE
19,250880,"CP353521","CP396009","CP132008","CP077317","CP353521","CP077317","CP396009","CP132008",4,TRUE,TRUE,TRUE,TRUE
19,250898,"CP355820","CP398291","CP133937","CP078190","CP355820","CP078190","CP398291","CP133937",4,TRUE,TRUE,TRUE,TRUE
19,250929,"CP353434","CP396019","CP131983","CP077305","CP353434","CP077305","CP396019","CP131983",4,TRUE,TRUE,TRUE,TRUE
19,250942,"CP355393","CP398107","CP133944","CP078140","CP355393","CP078140","CP398107","CP133944",4,TRUE,TRUE,TRUE,TRUE
19,251090,"CP353201","CP394144","CP131716","CP078212","CP353201","CP078212","CP394144","CP131716",4,TRUE,TRUE,TRUE,TRUE
19,251155,"CP346845","CP388525","CP129501","CP075536","CP346845","CP075536","CP388525","CP129501",4,TRUE,TRUE,TRUE,TRUE
19,251233,"CP354972","CP398484","CP132656","CP078005","CP354972","CP078005","CP398484","CP132656",4,TRUE,TRUE,TRUE,TRUE
19,251257,"CP346510","CP388705","CP129502","CP075593","CP346510","CP075593","CP388705","CP129502",4,TRUE,TRUE,TRUE,TRUE
19,251407,"CP344621","CP385834","CP128637","CP075198","CP344621","CP075198","CP385834","CP128637",4,TRUE,TRUE,TRUE,TRUE
19,251698,"CP354161","CP395588","CP132192","CP077389","CP354161","CP077389","CP395588","CP132192",4,TRUE,TRUE,TRUE,TRUE
19,251709,"CP352463","CP394176","CP131508","CP077254","CP352463","CP077254","CP394176","CP131508",4,TRUE,TRUE,TRUE,TRUE
19,251834,"CP353845","CP397507","CP131831","CP077490","CP353845","CP077490","CP397507","CP131831",4,TRUE,TRUE,TRUE,TRUE
19,251836,"CP353844","CP394205","CP131514","CP077488","CP353844","CP077488","CP394205","CP131514",4,TRUE,TRUE,TRUE,TRUE
19,251894,"CP354284","CP397518","CP133982","CP077782","CP354284","CP077782","CP397518","CP133982",4,TRUE,TRUE,TRUE,TRUE
19,251921,"CP351340","CP395597","CP131168","CP076654","CP351340","CP076654","CP395597","CP131168",4,TRUE,TRUE,TRUE,TRUE
19,252283,"CP347023","CP388409","CP129569","CP075542","CP347023","CP075542","CP388409","CP129569",4,TRUE,TRUE,TRUE,TRUE
19,252375,"CP351345","CP392299","CP131122","CP076655","CP351345","CP076655","CP392299","CP131122",4,TRUE,TRUE,TRUE,TRUE
19,252389,"CP357396","CP394842","CP133985","CP077129","CP357396","CP077129","CP394842","CP133985",4,TRUE,TRUE,TRUE,TRUE
19,252422,"CP353258","CP398476","CP132785","CP077206","CP353258","CP077206","CP398476","CP132785",4,TRUE,TRUE,TRUE,TRUE
19,252461,"CP353141","CP394699","CP131888","CP077194","CP353141","CP077194","CP394699","CP131888",4,TRUE,TRUE,TRUE,TRUE
19,252477,"CP347295","CP389090","CP129807","CP075631","CP347295","CP075631","CP389090","CP129807",4,TRUE,TRUE,TRUE,TRUE
19,252601,"CP348237","CP390629","CP129853","CP075954","CP348237","CP075954","CP390629","CP129853",4,TRUE,TRUE,TRUE,TRUE
19,252616,"CP352906","CP394247","CP131655","CP077732","CP352906","CP077732","CP394247","CP131655",4,TRUE,TRUE,TRUE,TRUE
19,252619,"CP352905","CP394244","CP131495","CP077730","CP352905","CP077730","CP394244","CP131495",4,TRUE,TRUE,TRUE,TRUE
19,252644,"CP350666","CP391817","CP130929","CP076528","CP350666","CP076528","CP391817","CP130929",4,TRUE,TRUE,TRUE,TRUE
19,252710,"CP349819","CP392578","CP130685","CP076429","CP349819","CP076429","CP392578","CP130685",4,TRUE,TRUE,TRUE,TRUE
19,252725,"CP354683","CP395660","CP131892","CP077483","CP354683","CP077483","CP395660","CP131892",4,TRUE,TRUE,TRUE,TRUE
19,252761,"CP349265","CP391898","CP130686","CP076436","CP349265","CP076436","CP391898","CP130686",4,TRUE,TRUE,TRUE,TRUE
19,252856,"CP353631","CP394862","CP132065","CP077308","CP353631","CP077308","CP394862","CP132065",4,TRUE,TRUE,TRUE,TRUE
19,252983,"CP346253","CP387734","CP129289","CP075462","CP346253","CP075462","CP387734","CP129289",4,TRUE,TRUE,TRUE,TRUE
19,253008,"CP353042","CP394764","CP131813","CP077182","CP353042","CP077182","CP394764","CP131813",4,TRUE,TRUE,TRUE,TRUE
19,253009,"CP354872","CP397586","CP132675","CP077763","CP354872","CP077763","CP397586","CP132675",4,TRUE,TRUE,TRUE,TRUE
19,253036,"CP345987","CP387598","CP129234","CP075463","CP345987","CP075463","CP387598","CP129234",4,TRUE,TRUE,TRUE,TRUE
19,253042,"CP349049","CP390870","CP130396","CP076146","CP349049","CP076146","CP390870","CP130396",4,TRUE,TRUE,TRUE,TRUE
19,253402,"CP353261","CP397614","CP131624","CP077396","CP353261","CP077396","CP397614","CP131624",4,TRUE,TRUE,TRUE,TRUE
19,253490,"CP350414","CP392593","CP130810","CP076419","CP350414","CP076419","CP392593","CP130810",4,TRUE,TRUE,TRUE,TRUE
19,253535,"CP350352","CP391736","CP130773","CP076420","CP350352","CP076420","CP391736","CP130773",4,TRUE,TRUE,TRUE,TRUE
19,253583,"CP350427","CP392390","CP130863","CP076421","CP350427","CP076421","CP392390","CP130863",4,TRUE,TRUE,TRUE,TRUE
19,253688,"CP351697","CP394286","CP131245","CP076697","CP351697","CP076697","CP394286","CP131245",4,TRUE,TRUE,TRUE,TRUE
19,253879,"CP353524","CP395720","CP132024","CP077312","CP353524","CP077312","CP395720","CP132024",4,TRUE,TRUE,TRUE,TRUE
19,253883,"CP352950","CP395722","CP131694","CP077550","CP352950","CP077550","CP395722","CP131694",4,TRUE,TRUE,TRUE,TRUE
19,253908,"CP351517","CP392410","CP131173","CP076648","CP351517","CP076648","CP392410","CP131173",4,TRUE,TRUE,TRUE,TRUE
19,253917,"CP353509","CP395982","CP132025","CP077411","CP353509","CP077411","CP395982","CP132025",4,TRUE,TRUE,TRUE,TRUE
19,253971,"CP353510","CP397645","CP132010","CP077372","CP353510","CP077372","CP397645","CP132010",4,TRUE,TRUE,TRUE,TRUE
19,253973,"CP348576","CP390644","CP129858","CP076011","CP348576","CP076011","CP390644","CP129858",4,TRUE,TRUE,TRUE,TRUE
19,254014,"CP348577","CP390417","CP130053","CP076012","CP348577","CP076012","CP390417","CP130053",4,TRUE,TRUE,TRUE,TRUE
19,254239,"CP352743","CP394326","CP131564","CP076963","CP352743","CP076963","CP394326","CP131564",4,TRUE,TRUE,TRUE,TRUE
19,254413,"CP352329","CP395735","CP131455","CP076857","CP352329","CP076857","CP395735","CP131455",4,TRUE,TRUE,TRUE,TRUE
19,254476,"CP356797","CP395747","CP134006","CP077183","CP356797","CP077183","CP395747","CP134006",4,TRUE,TRUE,TRUE,TRUE
19,254506,"CP352331","CP394343","CP131484","CP076983","CP352331","CP076983","CP394343","CP131484",4,TRUE,TRUE,TRUE,TRUE
19,254509,"CP354261","CP397675","CP132209","CP077593","CP354261","CP077593","CP397675","CP132209",4,TRUE,TRUE,TRUE,TRUE
19,254556,"CP353946","CP395749","CP132175","CP077431","CP353946","CP077431","CP395749","CP132175",4,TRUE,TRUE,TRUE,TRUE
19,254615,"CP353849","CP395753","CP132143","CP077534","CP353849","CP077534","CP395753","CP132143",4,TRUE,TRUE,TRUE,TRUE
19,254654,"CP347634","CP389051","CP129705","CP075810","CP347634","CP075810","CP389051","CP129705",4,TRUE,TRUE,TRUE,TRUE
19,254728,"CP352941","CP395766","CP132176","CP077162","CP352941","CP077162","CP395766","CP132176",4,TRUE,TRUE,TRUE,TRUE
19,254879,"CP350313","CP391737","CP130829","CP076422","CP350313","CP076422","CP391737","CP130829",4,TRUE,TRUE,TRUE,TRUE
19,254996,"CP352332","CP393481","CP131269","CP076841","CP352332","CP076841","CP393481","CP131269",4,TRUE,TRUE,TRUE,TRUE
19,255001,"CP355101","CP397697","CP132177","CP077535","CP355101","CP077535","CP397697","CP132177",4,TRUE,TRUE,TRUE,TRUE
19,255063,"CP352693","CP394376","CP131616","CP077142","CP352693","CP077142","CP394376","CP131616",4,TRUE,TRUE,TRUE,TRUE
19,255204,"CP353724","CP395782","CP132147","CP077394","CP353724","CP077394","CP395782","CP132147",4,TRUE,TRUE,TRUE,TRUE
19,255206,"CP352536","CP394386","CP131557","CP077008","CP352536","CP077008","CP394386","CP131557",4,TRUE,TRUE,TRUE,TRUE
19,255328,"CP348802","CP390656","CP130246","CP076026","CP348802","CP076026","CP390656","CP130246",4,TRUE,TRUE,TRUE,TRUE
19,255413,"CP348788","CP390430","CP130179","CP075723","CP348788","CP075723","CP390430","CP130179",4,TRUE,TRUE,TRUE,TRUE
19,255455,"CP348734","CP389053","CP130180","CP076018","CP348734","CP076018","CP389053","CP130180",4,TRUE,TRUE,TRUE,TRUE
19,255485,"CP348755","CP390400","CP130147","CP076019","CP348755","CP076019","CP390400","CP130147",4,TRUE,TRUE,TRUE,TRUE
19,255495,"CP353725","CP394970","CP132178","CP077620","CP353725","CP077620","CP394970","CP132178",4,TRUE,TRUE,TRUE,TRUE
19,255516,"CP350355","CP391935","CP130697","CP076409","CP350355","CP076409","CP391935","CP130697",4,TRUE,TRUE,TRUE,TRUE
19,256056,"CP347433","CP389121","CP130181","CP075771","CP347433","CP075771","CP389121","CP130181",4,TRUE,TRUE,TRUE,TRUE
19,256233,"CP351371","CP392260","CP131135","CP076606","CP351371","CP076606","CP392260","CP131135",4,TRUE,TRUE,TRUE,TRUE
19,256240,"CP357494","CP395835","CP134025","CP077170","CP357494","CP077170","CP395835","CP134025",4,TRUE,TRUE,TRUE,TRUE
19,256512,"CP351529","CP392156","CP131137","CP076608","CP351529","CP076608","CP392156","CP131137",4,TRUE,TRUE,TRUE,TRUE
19,256583,"CP351374","CP392313","CP131140","CP076612","CP351374","CP076612","CP392313","CP131140",4,TRUE,TRUE,TRUE,TRUE
19,256753,"CP356764","CP395852","CP134034","CP077261","CP356764","CP077261","CP395852","CP134034",4,TRUE,TRUE,TRUE,TRUE
19,256868,"CP348793","CP390401","CP130235","CP076027","CP348793","CP076027","CP390401","CP130235",4,TRUE,TRUE,TRUE,TRUE
19,257234,"CP350942","CP391885","CP130973","CP076551","CP350942","CP076551","CP391885","CP130973",4,TRUE,TRUE,TRUE,TRUE
19,257254,"CP350859","CP391824","CP130934","CP076535","CP350859","CP076535","CP391824","CP130934",4,TRUE,TRUE,TRUE,TRUE
19,257280,"CP350318","CP391801","CP130819","CP076491","CP350318","CP076491","CP391801","CP130819",4,TRUE,TRUE,TRUE,TRUE
19,257560,"CP344888","CP386306","CP128853","CP075315","CP344888","CP075315","CP386306","CP128853",4,TRUE,TRUE,TRUE,TRUE
19,257575,"CP357546","CP398654","CP134043","CP077108","CP357546","CP077108","CP398654","CP134043",4,TRUE,TRUE,TRUE,TRUE
19,257595,"CP344889","CP387803","CP128854","CP075316","CP344889","CP075316","CP387803","CP128854",4,TRUE,TRUE,TRUE,TRUE
19,257909,"CP352896","CP394576","CP131834","CP076999","CP352896","CP076999","CP394576","CP131834",4,TRUE,TRUE,TRUE,TRUE
19,257949,"CP348778","CP390324","CP130158","CP075814","CP348778","CP075814","CP390324","CP130158",4,TRUE,TRUE,TRUE,TRUE
19,257951,"CP350358","CP391617","CP130504","CP076337","CP350358","CP076337","CP391617","CP130504",4,TRUE,TRUE,TRUE,TRUE
19,258004,"CP356328","CP395869","CP134054","CP077248","CP356328","CP077248","CP395869","CP134054",4,TRUE,TRUE,TRUE,TRUE
19,258190,"CP344892","CP386723","CP128773","CP075323","CP344892","CP075323","CP386723","CP128773",4,TRUE,TRUE,TRUE,TRUE
19,258311,"CP347335","CP390666","CP129802","CP075786","CP347335","CP075786","CP390666","CP129802",4,TRUE,TRUE,TRUE,TRUE
19,258341,"CP347324","CP389064","CP129746","CP075680","CP347324","CP075680","CP389064","CP129746",4,TRUE,TRUE,TRUE,TRUE
19,258373,"CP346028","CP387178","CP129117","CP075418","CP346028","CP075418","CP387178","CP129117",4,TRUE,TRUE,TRUE,TRUE
19,258399,"CP345770","CP387179","CP129098","CP075412","CP345770","CP075412","CP387179","CP129098",4,TRUE,TRUE,TRUE,TRUE
19,258728,"CP347652","CP390283","CP129879","CP075828","CP347652","CP075828","CP390283","CP129879",4,TRUE,TRUE,TRUE,TRUE
19,258730,"CP349848","CP391465","CP130710","CP076338","CP349848","CP076338","CP391465","CP130710",4,TRUE,TRUE,TRUE,TRUE
19,258762,"CP349282","CP391466","CP130508","CP076213","CP349282","CP076213","CP391466","CP130508",4,TRUE,TRUE,TRUE,TRUE
19,258774,"CP349283","CP391357","CP130711","CP076214","CP349283","CP076214","CP391357","CP130711",4,TRUE,TRUE,TRUE,TRUE
19,258790,"CP355881","CP394981","CP134066","CP077147","CP355881","CP077147","CP394981","CP134066",4,TRUE,TRUE,TRUE,TRUE
19,258800,"CP347659","CP390066","CP129882","CP075831","CP347659","CP075831","CP390066","CP129882",4,TRUE,TRUE,TRUE,TRUE
19,259009,"CP344187","CP385455","CP128262","CP075136","CP344187","CP075136","CP385455","CP128262",4,TRUE,TRUE,TRUE,TRUE
19,259011,"CP349286","CP391467","CP130511","CP076342","CP349286","CP076342","CP391467","CP130511",4,TRUE,TRUE,TRUE,TRUE
19,259012,"CP347661","CP390355","CP129886","CP075834","CP347661","CP075834","CP390355","CP129886",4,TRUE,TRUE,TRUE,TRUE
19,259235,"CP354007","CP395874","CP133737","CP077313","CP354007","CP077313","CP395874","CP133737",4,TRUE,TRUE,TRUE,TRUE
19,259545,"CP355999","CP398275","CP134070","CP077450","CP355999","CP077450","CP398275","CP134070",4,TRUE,TRUE,TRUE,TRUE
19,259704,"CP352795","CP393829","CP131645","CP077085","CP352795","CP077085","CP393829","CP131645",4,TRUE,TRUE,TRUE,TRUE
19,259801,"CP347445","CP390073","CP129901","CP075845","CP347445","CP075845","CP390073","CP129901",4,TRUE,TRUE,TRUE,TRUE
19,259967,"CP354169","CP394622","CP133739","CP077144","CP354169","CP077144","CP394622","CP133739",4,TRUE,TRUE,TRUE,TRUE
19,260157,"CP344221","CP385474","CP128210","CP075137","CP344221","CP075137","CP385474","CP128210",4,TRUE,TRUE,TRUE,TRUE
19,261531,"CP345688","CP387627","CP129200","CP075477","CP345688","CP075477","CP387627","CP129200",4,TRUE,TRUE,TRUE,TRUE
19,261766,"CP344910","CP386206","CP128780","CP075340","CP344910","CP075340","CP386206","CP128780",4,TRUE,TRUE,TRUE,TRUE
19,261776,"CP353135","CP393865","CP131686","CP077141","CP353135","CP077141","CP393865","CP131686",4,TRUE,TRUE,TRUE,TRUE
19,262061,"CP349874","CP391580","CP130715","CP076233","CP349874","CP076233","CP391580","CP130715",4,TRUE,TRUE,TRUE,TRUE
19,262132,"CP348744","CP390292","CP130083","CP075972","CP348744","CP075972","CP390292","CP130083",4,TRUE,TRUE,TRUE,TRUE
19,262331,"CP349875","CP391476","CP130717","CP076350","CP349875","CP076350","CP391476","CP130717",4,TRUE,TRUE,TRUE,TRUE
19,262360,"CP349876","CP391544","CP130718","CP076351","CP349876","CP076351","CP391544","CP130718",4,TRUE,TRUE,TRUE,TRUE
19,262740,"CP349316","CP391374","CP130719","CP076355","CP349316","CP076355","CP391374","CP130719",4,TRUE,TRUE,TRUE,TRUE
19,262798,"CP349887","CP391479","CP130532","CP076245","CP349887","CP076245","CP391479","CP130532",4,TRUE,TRUE,TRUE,TRUE
19,262813,"CP347699","CP390091","CP129917","CP075870","CP347699","CP075870","CP390091","CP129917",4,TRUE,TRUE,TRUE,TRUE
19,262906,"CP347707","CP390223","CP129919","CP075983","CP347707","CP075983","CP390223","CP129919",4,TRUE,TRUE,TRUE,TRUE
19,262910,"CP349895","CP391378","CP130537","CP076249","CP349895","CP076249","CP391378","CP130537",4,TRUE,TRUE,TRUE,TRUE
19,262911,"CP347708","CP390333","CP129920","CP075874","CP347708","CP075874","CP390333","CP129920",4,TRUE,TRUE,TRUE,TRUE
19,263147,"CP349912","CP391547","CP130795","CP076363","CP349912","CP076363","CP391547","CP130795",4,TRUE,TRUE,TRUE,TRUE
19,263171,"CP347718","CP390102","CP130163","CP075884","CP347718","CP075884","CP390102","CP130163",4,TRUE,TRUE,TRUE,TRUE
19,263172,"CP349913","CP391548","CP130721","CP076365","CP349913","CP076365","CP391548","CP130721",4,TRUE,TRUE,TRUE,TRUE
19,263230,"CP348607","CP390104","CP130098","CP075886","CP348607","CP075886","CP390104","CP130098",4,TRUE,TRUE,TRUE,TRUE
19,263231,"CP349918","CP391384","CP130544","CP076367","CP349918","CP076367","CP391384","CP130544",4,TRUE,TRUE,TRUE,TRUE
19,263249,"CP349920","CP391254","CP130547","CP076368","CP349920","CP076368","CP391254","CP130547",4,TRUE,TRUE,TRUE,TRUE
19,263257,"CP347731","CP390105","CP129932","CP075888","CP347731","CP075888","CP390105","CP129932",4,TRUE,TRUE,TRUE,TRUE
19,263273,"CP348315","CP389963","CP129934","CP075890","CP348315","CP075890","CP389963","CP129934",4,TRUE,TRUE,TRUE,TRUE
19,263274,"CP349923","CP391256","CP130550","CP076369","CP349923","CP076369","CP391256","CP130550",4,TRUE,TRUE,TRUE,TRUE
19,263286,"CP348317","CP390106","CP129935","CP075891","CP348317","CP075891","CP390106","CP129935",4,TRUE,TRUE,TRUE,TRUE
19,263389,"CP348610","CP390299","CP130101","CP075897","CP348610","CP075897","CP390299","CP130101",4,TRUE,TRUE,TRUE,TRUE
19,263471,"CP350326","CP391584","CP130797","CP076375","CP350326","CP076375","CP391584","CP130797",4,TRUE,TRUE,TRUE,TRUE
19,263486,"CP350363","CP391549","CP130724","CP076376","CP350363","CP076376","CP391549","CP130724",4,TRUE,TRUE,TRUE,TRUE
19,263740,"CP350250","CP391270","CP130798","CP076380","CP350250","CP076380","CP391270","CP130798",4,TRUE,TRUE,TRUE,TRUE
19,263767,"CP350391","CP391587","CP130728","CP076381","CP350391","CP076381","CP391587","CP130728",4,TRUE,TRUE,TRUE,TRUE
19,263786,"CP348705","CP390233","CP130165","CP075905","CP348705","CP075905","CP390233","CP130165",4,TRUE,TRUE,TRUE,TRUE
19,263807,"CP350365","CP391488","CP130730","CP076383","CP350365","CP076383","CP391488","CP130730",4,TRUE,TRUE,TRUE,TRUE
19,263820,"CP349953","CP391403","CP130731","CP076278","CP349953","CP076278","CP391403","CP130731",4,TRUE,TRUE,TRUE,TRUE
19,263834,"CP353467","CP394821","CP132001","CP077290","CP353467","CP077290","CP394821","CP132001",4,TRUE,TRUE,TRUE,TRUE
19,263849,"CP353424","CP394818","CP132019","CP077277","CP353424","CP077277","CP394818","CP132019",4,TRUE,TRUE,TRUE,TRUE
19,263869,"CP349959","CP391404","CP130565","CP076280","CP349959","CP076280","CP391404","CP130565",4,TRUE,TRUE,TRUE,TRUE
19,266023,"CP348378","CP390127","CP129968","CP075915","CP348378","CP075915","CP390127","CP129968",4,TRUE,TRUE,TRUE,TRUE
19,266378,"CP347838","CP389804","CP130008","CP075926","CP347838","CP075926","CP389804","CP130008",4,TRUE,TRUE,TRUE,TRUE
20,307107,"CP398771","CP445422","CP235825","CP091841","CP398771","CP091841","CP445422","CP235825",4,TRUE,TRUE,TRUE,TRUE
20,308985,"CP396693","CP445182","CP235993","CP092289","CP396693","CP092289","CP445182","CP235993",4,TRUE,TRUE,TRUE,TRUE
20,298415,"CP396977","CP445192","CP236032","CP092338","CP396977","CP092338","CP445192","CP236032",4,TRUE,TRUE,TRUE,TRUE
20,300049,"CP395563","CP444589","CP235648","CP091539","CP395563","CP091539","CP444589","CP235648",4,TRUE,TRUE,TRUE,TRUE
20,300216,"CP394812","CP444562","CP235362","CP090258","CP394812","CP090258","CP444562","CP235362",4,TRUE,TRUE,TRUE,TRUE
20,301848,"CP393576","CP444091","CP234204","CP090768","CP393576","CP090768","CP444091","CP234204",4,TRUE,TRUE,TRUE,TRUE
20,303059,"CP396011","CP444948","CP235883","CP091814","CP396011","CP091814","CP444948","CP235883",4,TRUE,TRUE,TRUE,TRUE
20,304090,"CP397107","CP445277","CP236043","CP092350","CP397107","CP092350","CP445277","CP236043",4,TRUE,TRUE,TRUE,TRUE
20,304137,"CP396860","CP445187","CP236019","CP092331","CP396860","CP092331","CP445187","CP236019",4,TRUE,TRUE,TRUE,TRUE
20,304160,"CP396864","CP445191","CP236013","CP092329","CP396864","CP092329","CP445191","CP236013",4,TRUE,TRUE,TRUE,TRUE
20,304209,"CP396785","CP445166","CP235998","CP092314","CP396785","CP092314","CP445166","CP235998",4,TRUE,TRUE,TRUE,TRUE
20,304214,"CP394609","CP444344","CP234597","CP091056","CP394609","CP091056","CP444344","CP234597",4,TRUE,TRUE,TRUE,TRUE
20,304231,"CP399362","CP443270","CP233883","CP090743","CP399362","CP090743","CP443270","CP233883",4,TRUE,TRUE,TRUE,TRUE
20,304332,"CP394613","CP444147","CP234599","CP090377","CP394613","CP090377","CP444147","CP234599",4,TRUE,TRUE,TRUE,TRUE
20,304514,"CP397556","CP445606","CP236313","CP092556","CP397556","CP092556","CP445606","CP236313",4,TRUE,TRUE,TRUE,TRUE
20,304544,"CP395096","CP444093","CP235491","CP090678","CP395096","CP090678","CP444093","CP235491",4,TRUE,TRUE,TRUE,TRUE
20,304564,"CP394813","CP444598","CP235036","CP090548","CP394813","CP090548","CP444598","CP235036",4,TRUE,TRUE,TRUE,TRUE
20,304737,"CP394814","CP444724","CP234401","CP090378","CP394814","CP090378","CP444724","CP234401",4,TRUE,TRUE,TRUE,TRUE
20,305192,"CP395455","CP444572","CP235659","CP090933","CP395455","CP090933","CP444572","CP235659",4,TRUE,TRUE,TRUE,TRUE
20,305209,"CP394616","CP444044","CP235221","CP090844","CP394616","CP090844","CP444044","CP235221",4,TRUE,TRUE,TRUE,TRUE
20,305234,"CP393238","CP442023","CP233973","CP090935","CP393238","CP090935","CP442023","CP233973",4,TRUE,TRUE,TRUE,TRUE
20,305310,"CP398683","CP446197","CP237683","CP092939","CP398683","CP092939","CP446197","CP237683",4,TRUE,TRUE,TRUE,TRUE
20,305408,"CP396811","CP445171","CP236020","CP092330","CP396811","CP092330","CP445171","CP236020",4,TRUE,TRUE,TRUE,TRUE
20,305459,"CP395016","CP444631","CP235038","CP090769","CP395016","CP090769","CP444631","CP235038",4,TRUE,TRUE,TRUE,TRUE
20,305481,"CP394310","CP444094","CP234517","CP090260","CP394310","CP090260","CP444094","CP234517",4,TRUE,TRUE,TRUE,TRUE
20,305486,"CP397888","CP445787","CP236590","CP092576","CP397888","CP092576","CP445787","CP236590",4,TRUE,TRUE,TRUE,TRUE
20,305553,"CP393349","CP442057","CP233889","CP090205","CP393349","CP090205","CP442057","CP233889",4,TRUE,TRUE,TRUE,TRUE
20,305593,"CP398869","CP446248","CP237736","CP093061","CP398869","CP093061","CP446248","CP237736",4,TRUE,TRUE,TRUE,TRUE
20,305613,"CP398877","CP446307","CP237742","CP093053","CP398877","CP093053","CP446307","CP237742",4,TRUE,TRUE,TRUE,TRUE
20,305791,"CP397553","CP444641","CP236073","CP091838","CP397553","CP091838","CP444641","CP236073",4,TRUE,TRUE,TRUE,TRUE
20,305812,"CP396750","CP444726","CP235885","CP091459","CP396750","CP091459","CP444726","CP235885",4,TRUE,TRUE,TRUE,TRUE
20,305915,"CP395614","CP444416","CP235492","CP090847","CP395614","CP090847","CP444416","CP235492",4,TRUE,TRUE,TRUE,TRUE
20,305983,"CP396554","CP445138","CP235981","CP092253","CP396554","CP092253","CP445138","CP235981",4,TRUE,TRUE,TRUE,TRUE
20,306012,"CP394897","CP444514","CP235409","CP091075","CP394897","CP091075","CP444514","CP235409",4,TRUE,TRUE,TRUE,TRUE
20,306164,"CP393355","CP443801","CP233891","CP090206","CP393355","CP090206","CP443801","CP233891",4,TRUE,TRUE,TRUE,TRUE
20,306273,"CP395540","CP444647","CP235727","CP091599","CP395540","CP091599","CP444647","CP235727",4,TRUE,TRUE,TRUE,TRUE
20,306288,"CP396023","CP444651","CP235809","CP091824","CP396023","CP091824","CP444651","CP235809",4,TRUE,TRUE,TRUE,TRUE
20,306326,"CP394163","CP443777","CP234604","CP090467","CP394163","CP090467","CP443777","CP234604",4,TRUE,TRUE,TRUE,TRUE
20,306387,"CP398252","CP446018","CP237000","CP092907","CP398252","CP092907","CP446018","CP237000",4,TRUE,TRUE,TRUE,TRUE
20,306408,"CP398178","CP445935","CP236942","CP092782","CP398178","CP092782","CP445935","CP236942",4,TRUE,TRUE,TRUE,TRUE
20,306419,"CP395541","CP444183","CP235503","CP091374","CP395541","CP091374","CP444183","CP235503",4,TRUE,TRUE,TRUE,TRUE
20,306445,"CP393606","CP442580","CP233984","CP090770","CP393606","CP090770","CP442580","CP233984",4,TRUE,TRUE,TRUE,TRUE
20,306466,"CP395332","CP443845","CP235286","CP091287","CP395332","CP091287","CP443845","CP235286",4,TRUE,TRUE,TRUE,TRUE
20,306503,"CP398574","CP446207","CP238767","CP093055","CP398574","CP093055","CP446207","CP238767",4,TRUE,TRUE,TRUE,TRUE
20,306556,"CP396770","CP445170","CP235999","CP092326","CP396770","CP092326","CP445170","CP235999",4,TRUE,TRUE,TRUE,TRUE
20,306690,"CP395100","CP444132","CP235429","CP091058","CP395100","CP091058","CP444132","CP235429",4,TRUE,TRUE,TRUE,TRUE
20,306849,"CP397297","CP445391","CP236110","CP092549","CP397297","CP092549","CP445391","CP236110",4,TRUE,TRUE,TRUE,TRUE
20,306881,"CP397294","CP445392","CP236091","CP092546","CP397294","CP092546","CP445392","CP236091",4,TRUE,TRUE,TRUE,TRUE
20,306997,"CP396097","CP444661","CP236015","CP091834","CP396097","CP091834","CP444661","CP236015",4,TRUE,TRUE,TRUE,TRUE
20,307108,"CP396313","CP444500","CP235878","CP091962","CP396313","CP091962","CP444500","CP235878",4,TRUE,TRUE,TRUE,TRUE
20,307202,"CP393084","CP444047","CP234821","CP090938","CP393084","CP090938","CP444047","CP234821",4,TRUE,TRUE,TRUE,TRUE
20,307258,"CP396966","CP445185","CP236036","CP092333","CP396966","CP092333","CP445185","CP236036",4,TRUE,TRUE,TRUE,TRUE
20,307341,"CP397185","CP445294","CP236064","CP092354","CP397185","CP092354","CP445294","CP236064",4,TRUE,TRUE,TRUE,TRUE
20,307357,"CP395068","CP444200","CP235368","CP091059","CP395068","CP091059","CP444200","CP235368",4,TRUE,TRUE,TRUE,TRUE
20,307375,"CP395336","CP444522","CP235226","CP091507","CP395336","CP091507","CP444522","CP235226",4,TRUE,TRUE,TRUE,TRUE
20,307428,"CP394989","CP444026","CP235466","CP090624","CP394989","CP090624","CP444026","CP235466",4,TRUE,TRUE,TRUE,TRUE
20,307483,"CP396973","CP445177","CP236037","CP092339","CP396973","CP092339","CP445177","CP236037",4,TRUE,TRUE,TRUE,TRUE
20,307510,"CP396968","CP445173","CP236035","CP092334","CP396968","CP092334","CP445173","CP236035",4,TRUE,TRUE,TRUE,TRUE
20,307624,"CP395567","CP444417","CP235570","CP091716","CP395567","CP091716","CP444417","CP235570",4,TRUE,TRUE,TRUE,TRUE
20,307709,"CP393094","CP442782","CP233822","CP091462","CP393094","CP091462","CP442782","CP233822",4,TRUE,TRUE,TRUE,TRUE
20,307713,"CP399571","CP447357","CP238695","CP093582","CP399571","CP093582","CP447357","CP238695",4,TRUE,TRUE,TRUE,TRUE
20,307814,"CP395080","CP444580","CP235399","CP090853","CP395080","CP090853","CP444580","CP235399",4,TRUE,TRUE,TRUE,TRUE
20,307839,"CP393367","CP442027","CP233990","CP090224","CP393367","CP090224","CP442027","CP233990",4,TRUE,TRUE,TRUE,TRUE
20,307862,"CP397721","CP444672","CP236256","CP092250","CP397721","CP092250","CP444672","CP236256",4,TRUE,TRUE,TRUE,TRUE
20,307908,"CP396044","CP444575","CP235506","CP091382","CP396044","CP091382","CP444575","CP235506",4,TRUE,TRUE,TRUE,TRUE
20,307913,"CP395703","CP444507","CP235441","CP091383","CP395703","CP091383","CP444507","CP235441",4,TRUE,TRUE,TRUE,TRUE
20,307914,"CP396808","CP445163","CP236004","CP092327","CP396808","CP092327","CP445163","CP236004",4,TRUE,TRUE,TRUE,TRUE
20,307932,"CP396772","CP445147","CP235988","CP092315","CP396772","CP092315","CP445147","CP235988",4,TRUE,TRUE,TRUE,TRUE
20,307943,"CP396758","CP445148","CP235994","CP092316","CP396758","CP092316","CP445148","CP235994",4,TRUE,TRUE,TRUE,TRUE
20,308160,"CP393632","CP443919","CP234414","CP090297","CP393632","CP090297","CP443919","CP234414",4,TRUE,TRUE,TRUE,TRUE
20,308216,"CP396573","CP445142","CP235976","CP092277","CP396573","CP092277","CP445142","CP235976",4,TRUE,TRUE,TRUE,TRUE
20,308479,"CP393375","CP442028","CP233993","CP090225","CP393375","CP090225","CP442028","CP233993",4,TRUE,TRUE,TRUE,TRUE
20,308710,"CP395023","CP444521","CP235479","CP091256","CP395023","CP091256","CP444521","CP235479",4,TRUE,TRUE,TRUE,TRUE
20,308796,"CP396147","CP444845","CP235831","CP091965","CP396147","CP091965","CP444845","CP235831",4,TRUE,TRUE,TRUE,TRUE
20,308968,"CP393376","CP444049","CP233904","CP091208","CP393376","CP091208","CP444049","CP233904",4,TRUE,TRUE,TRUE,TRUE
20,308971,"CP395571","CP444050","CP235610","CP091734","CP395571","CP091734","CP444050","CP235610",4,TRUE,TRUE,TRUE,TRUE
20,309036,"CP395268","CP444162","CP235507","CP091388","CP395268","CP091388","CP444162","CP235507",4,TRUE,TRUE,TRUE,TRUE
20,309075,"CP396369","CP444907","CP235873","CP092001","CP396369","CP092001","CP444907","CP235873",4,TRUE,TRUE,TRUE,TRUE
20,309170,"CP396658","CP445136","CP235977","CP092318","CP396658","CP092318","CP445136","CP235977",4,TRUE,TRUE,TRUE,TRUE
20,309184,"CP395103","CP444510","CP234840","CP091061","CP395103","CP091061","CP444510","CP234840",4,TRUE,TRUE,TRUE,TRUE
20,309300,"CP394176","CP442969","CP234422","CP090301","CP394176","CP090301","CP442969","CP234422",4,TRUE,TRUE,TRUE,TRUE
20,309404,"CP396034","CP444413","CP235046","CP091177","CP396034","CP091177","CP444413","CP235046",4,TRUE,TRUE,TRUE,TRUE
20,309427,"CP395553","CP444315","CP234841","CP091063","CP395553","CP091063","CP444315","CP234841",4,TRUE,TRUE,TRUE,TRUE
20,309447,"CP396969","CP445189","CP236031","CP092345","CP396969","CP092345","CP445189","CP236031",4,TRUE,TRUE,TRUE,TRUE
20,309502,"CP396775","CP445160","CP235985","CP092328","CP396775","CP092328","CP445160","CP235985",4,TRUE,TRUE,TRUE,TRUE
20,309530,"CP396732","CP445114","CP235971","CP092254","CP396732","CP092254","CP445114","CP235971",4,TRUE,TRUE,TRUE,TRUE
20,309545,"CP396734","CP444911","CP235961","CP092304","CP396734","CP092304","CP444911","CP235961",4,TRUE,TRUE,TRUE,TRUE
20,309855,"CP396590","CP445131","CP235972","CP092294","CP396590","CP092294","CP445131","CP235972",4,TRUE,TRUE,TRUE,TRUE
20,310018,"CP397158","CP444699","CP236023","CP091831","CP397158","CP091831","CP444699","CP236023",4,TRUE,TRUE,TRUE,TRUE
20,310037,"CP396354","CP444611","CP235818","CP091815","CP396354","CP091815","CP444611","CP235818",4,TRUE,TRUE,TRUE,TRUE
20,310067,"CP396112","CP444554","CP235797","CP091670","CP396112","CP091670","CP444554","CP235797",4,TRUE,TRUE,TRUE,TRUE
20,310091,"CP395998","CP444351","CP235528","CP091618","CP395998","CP091618","CP444351","CP235528",4,TRUE,TRUE,TRUE,TRUE
20,310111,"CP395634","CP443586","CP235344","CP091570","CP395634","CP091570","CP443586","CP235344",4,TRUE,TRUE,TRUE,TRUE
20,310261,"CP397352","CP445405","CP236127","CP092551","CP397352","CP092551","CP445405","CP236127",4,TRUE,TRUE,TRUE,TRUE
20,310328,"CP393854","CP444422","CP235236","CP090808","CP393854","CP090808","CP444422","CP235236",4,TRUE,TRUE,TRUE,TRUE
20,310402,"CP395230","CP444456","CP235485","CP091027","CP395230","CP091027","CP444456","CP235485",4,TRUE,TRUE,TRUE,TRUE
20,310420,"CP395059","CP443923","CP234536","CP090955","CP395059","CP090955","CP443923","CP234536",4,TRUE,TRUE,TRUE,TRUE
20,310438,"CP395990","CP444701","CP235669","CP091822","CP395990","CP091822","CP444701","CP235669",4,TRUE,TRUE,TRUE,TRUE
20,310758,"CP393510","CP442147","CP234109","CP090243","CP393510","CP090243","CP442147","CP234109",4,TRUE,TRUE,TRUE,TRUE
20,310816,"CP396740","CP445129","CP235974","CP092321","CP396740","CP092321","CP445129","CP235974",4,TRUE,TRUE,TRUE,TRUE
20,310861,"CP395734","CP444471","CP235574","CP091671","CP395734","CP091671","CP444471","CP235574",4,TRUE,TRUE,TRUE,TRUE
20,310909,"CP394522","CP443563","CP234263","CP090394","CP394522","CP090394","CP443563","CP234263",4,TRUE,TRUE,TRUE,TRUE
20,310989,"CP396040","CP444474","CP235671","CP091620","CP396040","CP091620","CP444474","CP235671",4,TRUE,TRUE,TRUE,TRUE
20,311004,"CP395556","CP444081","CP235496","CP091603","CP395556","CP091603","CP444081","CP235496",4,TRUE,TRUE,TRUE,TRUE
20,311098,"CP394359","CP442970","CP234979","CP090446","CP394359","CP090446","CP442970","CP234979",4,TRUE,TRUE,TRUE,TRUE
20,311160,"CP394193","CP443241","CP234609","CP090448","CP394193","CP090448","CP443241","CP234609",4,TRUE,TRUE,TRUE,TRUE
20,311189,"CP396041","CP444459","CP235814","CP091621","CP396041","CP091621","CP444459","CP235814",4,TRUE,TRUE,TRUE,TRUE
20,311205,"CP395640","CP444373","CP235298","CP091477","CP395640","CP091477","CP444373","CP235298",4,TRUE,TRUE,TRUE,TRUE
20,311209,"CP395580","CP444374","CP235497","CP090398","CP395580","CP090398","CP444374","CP235497",4,TRUE,TRUE,TRUE,TRUE
20,311299,"CP395558","CP444321","CP235299","CP091404","CP395558","CP091404","CP444321","CP235299",4,TRUE,TRUE,TRUE,TRUE
20,311319,"CP395492","CP442591","CP235179","CP091306","CP395492","CP091306","CP442591","CP235179",4,TRUE,TRUE,TRUE,TRUE
20,311430,"CP394363","CP443242","CP234434","CP090479","CP394363","CP090479","CP443242","CP234434",4,TRUE,TRUE,TRUE,TRUE
20,311493,"CP396742","CP445116","CP235939","CP092296","CP396742","CP092296","CP445116","CP235939",4,TRUE,TRUE,TRUE,TRUE
20,311528,"CP394766","CP442592","CP234984","CP090869","CP394766","CP090869","CP442592","CP234984",4,TRUE,TRUE,TRUE,TRUE
20,311555,"CP395204","CP444164","CP235455","CP091263","CP395204","CP091263","CP444164","CP235455",4,TRUE,TRUE,TRUE,TRUE
20,311589,"CP394917","CP443830","CP234985","CP091218","CP394917","CP091218","CP443830","CP234985",4,TRUE,TRUE,TRUE,TRUE
20,311604,"CP396514","CP445137","CP235941","CP092322","CP396514","CP092322","CP445137","CP235941",4,TRUE,TRUE,TRUE,TRUE
20,311674,"CP395643","CP443905","CP235575","CP091754","CP395643","CP091754","CP443905","CP235575",4,TRUE,TRUE,TRUE,TRUE
20,311703,"CP394767","CP444376","CP235716","CP091624","CP394767","CP091624","CP444376","CP235716",4,TRUE,TRUE,TRUE,TRUE
20,311738,"CP395061","CP444194","CP235449","CP091266","CP395061","CP091266","CP444194","CP235449",4,TRUE,TRUE,TRUE,TRUE
20,311768,"CP396686","CP445130","CP235942","CP092309","CP396686","CP092309","CP445130","CP235942",4,TRUE,TRUE,TRUE,TRUE
20,311789,"CP396607","CP445069","CP235965","CP092281","CP396607","CP092281","CP445069","CP235965",4,TRUE,TRUE,TRUE,TRUE
20,311802,"CP396687","CP445117","CP235943","CP092298","CP396687","CP092298","CP445117","CP235943",4,TRUE,TRUE,TRUE,TRUE
20,311969,"CP394204","CP443355","CP234547","CP091478","CP394204","CP091478","CP443355","CP234547",4,TRUE,TRUE,TRUE,TRUE
20,311998,"CP394768","CP443733","CP235063","CP090486","CP394768","CP090486","CP443733","CP235063",4,TRUE,TRUE,TRUE,TRUE
20,312011,"CP395285","CP444255","CP235480","CP091270","CP395285","CP091270","CP444255","CP235480",4,TRUE,TRUE,TRUE,TRUE
20,312031,"CP395108","CP443966","CP235443","CP091314","CP395108","CP091314","CP443966","CP235443",4,TRUE,TRUE,TRUE,TRUE
20,312050,"CP396612","CP445044","CP235945","CP092270","CP396612","CP092270","CP445044","CP235945",4,TRUE,TRUE,TRUE,TRUE
20,312053,"CP395001","CP443881","CP235412","CP091106","CP395001","CP091106","CP443881","CP235412",4,TRUE,TRUE,TRUE,TRUE
20,312120,"CP394972","CP444379","CP235246","CP091032","CP394972","CP091032","CP444379","CP235246",4,TRUE,TRUE,TRUE,TRUE
20,312158,"CP394924","CP443768","CP235065","CP090487","CP394924","CP090487","CP443768","CP235065",4,TRUE,TRUE,TRUE,TRUE
20,312286,"CP394544","CP443576","CP235248","CP090454","CP394544","CP090454","CP443576","CP235248",4,TRUE,TRUE,TRUE,TRUE
20,312335,"CP394374","CP443983","CP234988","CP090701","CP394374","CP090701","CP443983","CP234988",4,TRUE,TRUE,TRUE,TRUE
20,312348,"CP395287","CP444336","CP235352","CP091498","CP395287","CP091498","CP444336","CP235352",4,TRUE,TRUE,TRUE,TRUE
20,312412,"CP395755","CP443969","CP235696","CP091685","CP395755","CP091685","CP443969","CP235696",4,TRUE,TRUE,TRUE,TRUE
20,312452,"CP397091","CP444722","CP235823","CP091835","CP397091","CP091835","CP444722","CP235823",4,TRUE,TRUE,TRUE,TRUE
20,312613,"CP394380","CP443838","CP234127","CP090406","CP394380","CP090406","CP443838","CP234127",4,TRUE,TRUE,TRUE,TRUE
20,312626,"CP395290","CP444151","CP235469","CP091422","CP395290","CP091422","CP444151","CP235469",4,TRUE,TRUE,TRUE,TRUE
20,312643,"CP395135","CP443839","CP235444","CP091185","CP395135","CP091185","CP443839","CP235444",4,TRUE,TRUE,TRUE,TRUE
20,312661,"CP394973","CP444152","CP235188","CP091152","CP394973","CP091152","CP444152","CP235188",4,TRUE,TRUE,TRUE,TRUE
20,312775,"CP394928","CP443934","CP235329","CP090557","CP394928","CP090557","CP443934","CP235329",4,TRUE,TRUE,TRUE,TRUE
20,313045,"CP394931","CP443821","CP235353","CP090530","CP394931","CP090530","CP443821","CP235353",4,TRUE,TRUE,TRUE,TRUE
20,313175,"CP394932","CP443803","CP235303","CP091037","CP394932","CP091037","CP443803","CP235303",4,TRUE,TRUE,TRUE,TRUE
20,313226,"CP394682","CP443466","CP235122","CP090493","CP394682","CP090493","CP443466","CP235122",4,TRUE,TRUE,TRUE,TRUE
20,313293,"CP394864","CP443692","CP235304","CP091039","CP394864","CP091039","CP443692","CP235304",4,TRUE,TRUE,TRUE,TRUE
20,313357,"CP394935","CP443713","CP235124","CP090731","CP394935","CP090731","CP443713","CP235124",4,TRUE,TRUE,TRUE,TRUE
20,297770,"CP394067","CP442424","CP234620","CP091431","CP394067","CP091431","CP442424","CP234620",4,TRUE,TRUE,TRUE,TRUE
20,297977,"CP393713","CP442077","CP234305","CP090268","CP393713","CP090268","CP442077","CP234305",4,TRUE,TRUE,TRUE,TRUE
20,298012,"CP394938","CP442158","CP234688","CP090494","CP394938","CP090494","CP442158","CP234688",4,TRUE,TRUE,TRUE,TRUE
20,298244,"CP394691","CP443751","CP234556","CP090815","CP394691","CP090815","CP443751","CP234556",4,TRUE,TRUE,TRUE,TRUE
20,298464,"CP395913","CP444176","CP235514","CP091549","CP395913","CP091549","CP444176","CP235514",4,TRUE,TRUE,TRUE,TRUE
20,298573,"CP393908","CP442318","CP234314","CP091336","CP393908","CP091336","CP442318","CP234314",4,TRUE,TRUE,TRUE,TRUE
20,298620,"CP395584","CP444240","CP235516","CP091551","CP395584","CP091551","CP444240","CP235516",4,TRUE,TRUE,TRUE,TRUE
20,298727,"CP394977","CP443769","CP235128","CP090785","CP394977","CP090785","CP443769","CP235128",4,TRUE,TRUE,TRUE,TRUE
20,298741,"CP394574","CP444228","CP234692","CP090411","CP394574","CP090411","CP444228","CP234692",4,TRUE,TRUE,TRUE,TRUE
20,298964,"CP394694","CP444009","CP234768","CP091043","CP394694","CP091043","CP444009","CP234768",4,TRUE,TRUE,TRUE,TRUE
20,298998,"CP394410","CP443783","CP234463","CP091113","CP394410","CP091113","CP443783","CP234463",4,TRUE,TRUE,TRUE,TRUE
20,299006,"CP394578","CP443716","CP234464","CP090414","CP394578","CP090414","CP443716","CP234464",4,TRUE,TRUE,TRUE,TRUE
20,299235,"CP393428","CP443280","CP234153","CP090249","CP393428","CP090249","CP443280","CP234153",4,TRUE,TRUE,TRUE,TRUE
20,299300,"CP395768","CP443995","CP235434","CP091518","CP395768","CP091518","CP443995","CP235434",4,TRUE,TRUE,TRUE,TRUE
20,299312,"CP395245","CP443669","CP234626","CP090501","CP395245","CP090501","CP443669","CP234626",4,TRUE,TRUE,TRUE,TRUE
20,299337,"CP394941","CP443848","CP235332","CP090988","CP394941","CP090988","CP443848","CP235332",4,TRUE,TRUE,TRUE,TRUE
20,299350,"CP394875","CP443882","CP235270","CP090989","CP394875","CP090989","CP443882","CP235270",4,TRUE,TRUE,TRUE,TRUE
20,299621,"CP393430","CP443362","CP233945","CP090251","CP393430","CP090251","CP443362","CP233945",4,TRUE,TRUE,TRUE,TRUE
20,299720,"CP395246","CP444156","CP235356","CP091591","CP395246","CP091591","CP444156","CP235356",4,TRUE,TRUE,TRUE,TRUE
20,299736,"CP393554","CP444272","CP235357","CP091519","CP393554","CP091519","CP444272","CP235357",4,TRUE,TRUE,TRUE,TRUE
20,299834,"CP393933","CP443325","CP234338","CP090341","CP393933","CP090341","CP443325","CP234338",4,TRUE,TRUE,TRUE,TRUE
20,299939,"CP395163","CP443863","CP235316","CP091116","CP395163","CP091116","CP443863","CP235316",4,TRUE,TRUE,TRUE,TRUE
20,300967,"CP394798","CP443643","CP234929","CP091004","CP394798","CP091004","CP443643","CP234929",4,TRUE,TRUE,TRUE,TRUE
20,301132,"CP393747","CP443547","CP234638","CP090280","CP393747","CP090280","CP443547","CP234638",4,TRUE,TRUE,TRUE,TRUE
20,301239,"CP394980","CP443727","CP234639","CP091080","CP394980","CP091080","CP443727","CP234639",4,TRUE,TRUE,TRUE,TRUE
20,301251,"CP394591","CP443626","CP235088","CP090793","CP394591","CP090793","CP443626","CP235088",4,TRUE,TRUE,TRUE,TRUE
20,301380,"CP395429","CP443614","CP235089","CP091121","CP395429","CP091121","CP443614","CP235089",4,TRUE,TRUE,TRUE,TRUE
20,301392,"CP395525","CP443615","CP234788","CP090252","CP395525","CP090252","CP443615","CP234788",4,TRUE,TRUE,TRUE,TRUE
20,301519,"CP394251","CP443617","CP234641","CP090741","CP394251","CP090741","CP443617","CP234641",4,TRUE,TRUE,TRUE,TRUE
20,301540,"CP393755","CP443550","CP235092","CP090348","CP393755","CP090348","CP443550","CP235092",4,TRUE,TRUE,TRUE,TRUE
21,316040,"CP404092","CP450013","CP241234","CP095175","CP404092","CP095175","CP450013","CP241234",4,TRUE,TRUE,TRUE,TRUE
21,322805,"CP403592","CP449726","CP241262","CP094905","CP403592","CP094905","CP449726","CP241262",4,TRUE,TRUE,TRUE,TRUE
21,324306,"CP403348","CP449775","CP239872","CP094831","CP403348","CP094831","CP449775","CP239872",4,TRUE,TRUE,TRUE,TRUE
21,324683,"CP403408","CP449793","CP241200","CP094795","CP403408","CP094795","CP449793","CP241200",4,TRUE,TRUE,TRUE,TRUE
21,324883,"CP404611","CP450243","CP241236","CP095176","CP404611","CP095176","CP450243","CP241236",4,TRUE,TRUE,TRUE,TRUE
21,328650,"CP403504","CP449834","CP240214","CP094835","CP403504","CP094835","CP449834","CP240214",4,TRUE,TRUE,TRUE,TRUE
21,329527,"CP403457","CP449772","CP240030","CP094906","CP403457","CP094906","CP449772","CP240030",4,TRUE,TRUE,TRUE,TRUE
21,314985,"CP403699","CP449692","CP240354","CP094977","CP403699","CP094977","CP449692","CP240354",4,TRUE,TRUE,TRUE,TRUE
21,315752,"CP405004","CP450252","CP241309","CP095245","CP405004","CP095245","CP450252","CP241309",4,TRUE,TRUE,TRUE,TRUE
21,316196,"CP408186","CP448143","CP239785","CP094372","CP408186","CP094372","CP448143","CP239785",4,TRUE,TRUE,TRUE,TRUE
21,316263,"CP404093","CP449730","CP241216","CP094948","CP404093","CP094948","CP449730","CP241216",4,TRUE,TRUE,TRUE,TRUE
21,318651,"CP406345","CP451388","CP242152","CP096369","CP406345","CP096369","CP451388","CP242152",4,TRUE,TRUE,TRUE,TRUE
21,318996,"CP404705","CP449851","CP241619","CP095023","CP404705","CP095023","CP449851","CP241619",4,TRUE,TRUE,TRUE,TRUE
21,321067,"CP407519","CP452069","CP243432","CP096792","CP407519","CP096792","CP452069","CP243432",4,TRUE,TRUE,TRUE,TRUE
21,321245,"CP406700","CP451649","CP242432","CP096394","CP406700","CP096394","CP451649","CP242432",4,TRUE,TRUE,TRUE,TRUE
21,321252,"CP401604","CP449277","CP239790","CP094290","CP401604","CP094290","CP449277","CP239790",4,TRUE,TRUE,TRUE,TRUE
21,321402,"CP407694","CP452145","CP243540","CP096922","CP407694","CP096922","CP452145","CP243540",4,TRUE,TRUE,TRUE,TRUE
21,321507,"CP408136","CP452372","CP244216","CP097392","CP408136","CP097392","CP452372","CP244216",4,TRUE,TRUE,TRUE,TRUE
21,321876,"CP403894","CP449697","CP240788","CP095025","CP403894","CP095025","CP449697","CP240788",4,TRUE,TRUE,TRUE,TRUE
21,322330,"CP407072","CP451863","CP242929","CP096694","CP407072","CP096694","CP451863","CP242929",4,TRUE,TRUE,TRUE,TRUE
21,322841,"CP401615","CP449273","CP239796","CP094039","CP401615","CP094039","CP449273","CP239796",4,TRUE,TRUE,TRUE,TRUE
21,322965,"CP405076","CP450119","CP241446","CP095454","CP405076","CP095454","CP450119","CP241446",4,TRUE,TRUE,TRUE,TRUE
21,323735,"CP408287","CP452757","CP244421","CP097393","CP408287","CP097393","CP452757","CP244421",4,TRUE,TRUE,TRUE,TRUE
21,323858,"CP403967","CP449759","CP242123","CP095093","CP403967","CP095093","CP449759","CP242123",4,TRUE,TRUE,TRUE,TRUE
21,325165,"CP402877","CP449521","CP241524","CP094860","CP402877","CP094860","CP449521","CP241524",4,TRUE,TRUE,TRUE,TRUE
21,325336,"CP403030","CP449968","CP240990","CP094806","CP403030","CP094806","CP449968","CP240990",4,TRUE,TRUE,TRUE,TRUE
21,325355,"CP402222","CP449144","CP240245","CP094712","CP402222","CP094712","CP449144","CP240245",4,TRUE,TRUE,TRUE,TRUE
21,325552,"CP404396","CP450184","CP241431","CP095532","CP404396","CP095532","CP450184","CP241431",4,TRUE,TRUE,TRUE,TRUE
21,325821,"CP403998","CP449425","CP240995","CP095040","CP403998","CP095040","CP449425","CP240995",4,TRUE,TRUE,TRUE,TRUE
21,326344,"CP402550","CP449468","CP240377","CP094180","CP402550","CP094180","CP449468","CP240377",4,TRUE,TRUE,TRUE,TRUE
21,326621,"CP403481","CP449733","CP241291","CP094718","CP403481","CP094718","CP449733","CP241291",4,TRUE,TRUE,TRUE,TRUE
21,326646,"CP402554","CP448941","CP240683","CP094721","CP402554","CP094721","CP448941","CP240683",4,TRUE,TRUE,TRUE,TRUE
21,326821,"CP403430","CP449360","CP241243","CP094440","CP403430","CP094440","CP449360","CP241243",4,TRUE,TRUE,TRUE,TRUE
21,326979,"CP402556","CP449042","CP241230","CP094396","CP402556","CP094396","CP449042","CP241230",4,TRUE,TRUE,TRUE,TRUE
21,327112,"CP402766","CP448816","CP239813","CP094397","CP402766","CP094397","CP448816","CP239813",4,TRUE,TRUE,TRUE,TRUE
21,327335,"CP403752","CP449680","CP241251","CP094912","CP403752","CP094912","CP449680","CP241251",4,TRUE,TRUE,TRUE,TRUE
21,327355,"CP402561","CP448872","CP240809","CP095120","CP402561","CP095120","CP448872","CP240809",4,TRUE,TRUE,TRUE,TRUE
21,327370,"CP402240","CP448735","CP240536","CP094877","CP402240","CP094877","CP448735","CP240536",4,TRUE,TRUE,TRUE,TRUE
21,327741,"CP402018","CP449516","CP240263","CP094053","CP402018","CP094053","CP449516","CP240263",4,TRUE,TRUE,TRUE,TRUE
21,328364,"CP403548","CP449599","CP241261","CP095057","CP403548","CP095057","CP449599","CP241261",4,TRUE,TRUE,TRUE,TRUE
21,328762,"CP404826","CP449798","CP240705","CP095193","CP404826","CP095193","CP449798","CP240705",4,TRUE,TRUE,TRUE,TRUE
21,329110,"CP403999","CP449784","CP240612","CP095133","CP403999","CP095133","CP449784","CP240612",4,TRUE,TRUE,TRUE,TRUE
21,329331,"CP402272","CP449471","CP239749","CP094512","CP402272","CP094512","CP449471","CP239749",4,TRUE,TRUE,TRUE,TRUE
21,329370,"CP402274","CP448998","CP240902","CP094597","CP402274","CP094597","CP448998","CP240902",4,TRUE,TRUE,TRUE,TRUE
21,314345,"CP403393","CP449596","CP241232","CP095073","CP403393","CP095073","CP449596","CP241232",4,TRUE,TRUE,TRUE,TRUE
21,316598,"CP403976","CP449418","CP240850","CP094112","CP403976","CP094112","CP449418","CP240850",4,TRUE,TRUE,TRUE,TRUE
21,317534,"CP402320","CP448559","CP240926","CP094122","CP402320","CP094122","CP448559","CP240926",4,TRUE,TRUE,TRUE,TRUE
21,317659,"CP403403","CP449248","CP241032","CP094198","CP403403","CP094198","CP449248","CP241032",4,TRUE,TRUE,TRUE,TRUE
22,340439,"CP412389","CP456452","CP247153","CP098454","CP412389","CP098454","CP456452","CP247153",4,TRUE,TRUE,TRUE,TRUE
22,341050,"CP411803","CP456271","CP247007","CP097675","CP411803","CP097675","CP456271","CP247007",4,TRUE,TRUE,TRUE,TRUE
22,342084,"CP412629","CP456902","CP247208","CP098698","CP412629","CP098698","CP456902","CP247208",4,TRUE,TRUE,TRUE,TRUE
22,342095,"CP412401","CP456896","CP247154","CP098498","CP412401","CP098498","CP456896","CP247154",4,TRUE,TRUE,TRUE,TRUE
22,342805,"CP411833","CP456162","CP246917","CP097685","CP411833","CP097685","CP456162","CP246917",4,TRUE,TRUE,TRUE,TRUE
22,330672,"CP410900","CP455653","CP246404","CP097704","CP410900","CP097704","CP455653","CP246404",4,TRUE,TRUE,TRUE,TRUE
22,330783,"CP412371","CP456513","CP247140","CP098527","CP412371","CP098527","CP456513","CP247140",4,TRUE,TRUE,TRUE,TRUE
22,330995,"CP411326","CP456478","CP246861","CP097913","CP411326","CP097913","CP456478","CP246861",4,TRUE,TRUE,TRUE,TRUE
22,331139,"CP412349","CP456397","CP247008","CP098499","CP412349","CP098499","CP456397","CP247008",4,TRUE,TRUE,TRUE,TRUE
22,331173,"CP410613","CP456398","CP246405","CP097705","CP410613","CP097705","CP456398","CP246405",4,TRUE,TRUE,TRUE,TRUE
22,331428,"CP412144","CP456199","CP246872","CP098457","CP412144","CP098457","CP456199","CP246872",4,TRUE,TRUE,TRUE,TRUE
22,331872,"CP412350","CP456512","CP247049","CP098483","CP412350","CP098483","CP456512","CP247049",4,TRUE,TRUE,TRUE,TRUE
22,332594,"CP412402","CP456610","CP246974","CP098528","CP412402","CP098528","CP456610","CP246974",4,TRUE,TRUE,TRUE,TRUE
22,332750,"CP410151","CP454725","CP246165","CP098011","CP410151","CP098011","CP454725","CP246165",4,TRUE,TRUE,TRUE,TRUE
22,333594,"CP412423","CP456494","CP247099","CP098012","CP412423","CP098012","CP456494","CP247099",4,TRUE,TRUE,TRUE,TRUE
22,334694,"CP412669","CP456813","CP247200","CP098661","CP412669","CP098661","CP456813","CP247200",4,TRUE,TRUE,TRUE,TRUE
22,334696,"CP412372","CP456814","CP247147","CP098559","CP412372","CP098559","CP456814","CP247147",4,TRUE,TRUE,TRUE,TRUE
22,334719,"CP412082","CP456427","CP246958","CP098501","CP412082","CP098501","CP456427","CP246958",4,TRUE,TRUE,TRUE,TRUE
22,334755,"CP412587","CP456930","CP247181","CP098630","CP412587","CP098630","CP456930","CP247181",4,TRUE,TRUE,TRUE,TRUE
22,334759,"CP411330","CP455728","CP245825","CP098240","CP411330","CP098240","CP455728","CP245825",4,TRUE,TRUE,TRUE,TRUE
22,334772,"CP412374","CP456388","CP247117","CP098484","CP412374","CP098484","CP456388","CP247117",4,TRUE,TRUE,TRUE,TRUE
22,334791,"CP410262","CP454745","CP245374","CP098242","CP410262","CP098242","CP454745","CP245374",4,TRUE,TRUE,TRUE,TRUE
22,334797,"CP412588","CP458321","CP247178","CP098486","CP412588","CP098486","CP458321","CP247178",4,TRUE,TRUE,TRUE,TRUE
22,334883,"CP411838","CP455816","CP246409","CP097706","CP411838","CP097706","CP455816","CP246409",4,TRUE,TRUE,TRUE,TRUE
22,335037,"CP413419","CP457324","CP247551","CP099166","CP413419","CP099166","CP457324","CP247551",4,TRUE,TRUE,TRUE,TRUE
22,335042,"CP412390","CP456808","CP247166","CP098286","CP412390","CP098286","CP456808","CP247166",4,TRUE,TRUE,TRUE,TRUE
22,335068,"CP412664","CP456827","CP247227","CP098631","CP412664","CP098631","CP456827","CP247227",4,TRUE,TRUE,TRUE,TRUE
22,335071,"CP411547","CP456202","CP246244","CP097859","CP411547","CP097859","CP456202","CP246244",4,TRUE,TRUE,TRUE,TRUE
22,335107,"CP412442","CP456491","CP247133","CP098529","CP412442","CP098529","CP456491","CP247133",4,TRUE,TRUE,TRUE,TRUE
22,335138,"CP412353","CP456351","CP247096","CP098502","CP412353","CP098502","CP456351","CP247096",4,TRUE,TRUE,TRUE,TRUE
22,335179,"CP412597","CP456481","CP247169","CP098560","CP412597","CP098560","CP456481","CP247169",4,TRUE,TRUE,TRUE,TRUE
22,335359,"CP412678","CP456821","CP247207","CP098669","CP412678","CP098669","CP456821","CP247207",4,TRUE,TRUE,TRUE,TRUE
22,335514,"CP412222","CP456571","CP247078","CP098561","CP412222","CP098561","CP456571","CP247078",4,TRUE,TRUE,TRUE,TRUE
22,335648,"CP411768","CP455941","CP246658","CP098120","CP411768","CP098120","CP455941","CP246658",4,TRUE,TRUE,TRUE,TRUE
22,335912,"CP414681","CP457972","CP248893","CP099510","CP414681","CP099510","CP457972","CP248893",4,TRUE,TRUE,TRUE,TRUE
22,336029,"CP412223","CP456264","CP247061","CP097897","CP412223","CP097897","CP456264","CP247061",4,TRUE,TRUE,TRUE,TRUE
22,336052,"CP411455","CP455145","CP246414","CP097709","CP411455","CP097709","CP455145","CP246414",4,TRUE,TRUE,TRUE,TRUE
22,336158,"CP411189","CP455335","CP245991","CP097710","CP411189","CP097710","CP455335","CP245991",4,TRUE,TRUE,TRUE,TRUE
22,336205,"CP414907","CP458020","CP248878","CP099604","CP414907","CP099604","CP458020","CP248878",4,TRUE,TRUE,TRUE,TRUE
22,336216,"CP414898","CP458064","CP248938","CP099601","CP414898","CP099601","CP458064","CP248938",4,TRUE,TRUE,TRUE,TRUE
22,336470,"CP411634","CP455658","CP246557","CP097948","CP411634","CP097948","CP455658","CP246557",4,TRUE,TRUE,TRUE,TRUE
22,336815,"CP412425","CP456522","CP247123","CP098589","CP412425","CP098589","CP456522","CP247123",4,TRUE,TRUE,TRUE,TRUE
22,336916,"CP412416","CP456435","CP247033","CP098531","CP412416","CP098531","CP456435","CP247033",4,TRUE,TRUE,TRUE,TRUE
22,336948,"CP411809","CP456024","CP246876","CP098422","CP411809","CP098422","CP456024","CP246876",4,TRUE,TRUE,TRUE,TRUE
22,336968,"CP411636","CP456089","CP246251","CP098357","CP411636","CP098357","CP456089","CP246251",4,TRUE,TRUE,TRUE,TRUE
22,337290,"CP412506","CP456497","CP247186","CP098507","CP412506","CP098507","CP456497","CP247186",4,TRUE,TRUE,TRUE,TRUE
22,337543,"CP412392","CP456362","CP247114","CP098424","CP412392","CP098424","CP456362","CP247114",4,TRUE,TRUE,TRUE,TRUE
22,337600,"CP413560","CP457380","CP247615","CP099177","CP413560","CP099177","CP457380","CP247615",4,TRUE,TRUE,TRUE,TRUE
22,337627,"CP413561","CP457378","CP247605","CP099175","CP413561","CP099175","CP457378","CP247605",4,TRUE,TRUE,TRUE,TRUE
22,337642,"CP412885","CP456682","CP247225","CP098625","CP412885","CP098625","CP456682","CP247225",4,TRUE,TRUE,TRUE,TRUE
22,337980,"CP411927","CP455739","CP247034","CP098214","CP411927","CP098214","CP455739","CP247034",4,TRUE,TRUE,TRUE,TRUE
22,338004,"CP411642","CP455684","CP246838","CP097914","CP411642","CP097914","CP455684","CP246838",4,TRUE,TRUE,TRUE,TRUE
22,338391,"CP411209","CP455374","CP246428","CP097712","CP411209","CP097712","CP455374","CP246428",4,TRUE,TRUE,TRUE,TRUE
22,338589,"CP411362","CP455664","CP246261","CP097714","CP411362","CP097714","CP455664","CP246261",4,TRUE,TRUE,TRUE,TRUE
22,338620,"CP412357","CP456341","CP247088","CP098488","CP412357","CP098488","CP456341","CP247088",4,TRUE,TRUE,TRUE,TRUE
22,338621,"CP411212","CP455523","CP245997","CP097716","CP411212","CP097716","CP455523","CP245997",4,TRUE,TRUE,TRUE,TRUE
22,338696,"CP411890","CP456418","CP246960","CP098532","CP411890","CP098532","CP456418","CP246960",4,TRUE,TRUE,TRUE,TRUE
22,338887,"CP411656","CP455667","CP246569","CP098185","CP411656","CP098185","CP455667","CP246569",4,TRUE,TRUE,TRUE,TRUE
22,338965,"CP411221","CP455247","CP245999","CP097917","CP411221","CP097917","CP455247","CP245999",4,TRUE,TRUE,TRUE,TRUE
22,338993,"CP412340","CP456356","CP246979","CP098533","CP412340","CP098533","CP456356","CP246979",4,TRUE,TRUE,TRUE,TRUE
22,339016,"CP412238","CP456306","CP246995","CP098508","CP412238","CP098508","CP456306","CP246995",4,TRUE,TRUE,TRUE,TRUE
22,339072,"CP411002","CP455433","CP246438","CP097718","CP411002","CP097718","CP455433","CP246438",4,TRUE,TRUE,TRUE,TRUE
22,339246,"CP410694","CP455998","CP245675","CP097955","CP410694","CP097955","CP455998","CP245675",4,TRUE,TRUE,TRUE,TRUE
22,339482,"CP412432","CP456519","CP247131","CP098581","CP412432","CP098581","CP456519","CP247131",4,TRUE,TRUE,TRUE,TRUE
22,339557,"CP412244","CP456027","CP246982","CP098509","CP412244","CP098509","CP456027","CP246982",4,TRUE,TRUE,TRUE,TRUE
22,339614,"CP412299","CP455902","CP246851","CP098430","CP412299","CP098430","CP455902","CP246851",4,TRUE,TRUE,TRUE,TRUE
22,339680,"CP411014","CP455958","CP246103","CP097722","CP411014","CP097722","CP455958","CP246103",4,TRUE,TRUE,TRUE,TRUE
22,339960,"CP411743","CP455906","CP246274","CP098290","CP411743","CP098290","CP455906","CP246274",4,TRUE,TRUE,TRUE,TRUE
22,340090,"CP411018","CP455395","CP246453","CP097727","CP411018","CP097727","CP455395","CP246453",4,TRUE,TRUE,TRUE,TRUE
22,340955,"CP411037","CP455250","CP245862","CP097864","CP411037","CP097864","CP455250","CP245862",4,TRUE,TRUE,TRUE,TRUE
22,341129,"CP411387","CP455625","CP246466","CP097919","CP411387","CP097919","CP455625","CP246466",4,TRUE,TRUE,TRUE,TRUE
22,341142,"CP411250","CP455375","CP246287","CP097920","CP411250","CP097920","CP455375","CP246287",4,TRUE,TRUE,TRUE,TRUE
22,341314,"CP412363","CP455530","CP247082","CP098489","CP412363","CP098489","CP455530","CP247082",4,TRUE,TRUE,TRUE,TRUE
22,341400,"CP411897","CP455793","CP247165","CP098265","CP411897","CP098265","CP455793","CP247165",4,TRUE,TRUE,TRUE,TRUE
22,341620,"CP412987","CP456793","CP247241","CP098648","CP412987","CP098648","CP456793","CP247241",4,TRUE,TRUE,TRUE,TRUE
22,342343,"CP411514","CP455913","CP246481","CP098336","CP411514","CP098336","CP455913","CP246481",4,TRUE,TRUE,TRUE,TRUE
22,342537,"CP410786","CP455869","CP246625","CP098619","CP410786","CP098619","CP455869","CP246625",4,TRUE,TRUE,TRUE,TRUE
22,342715,"CP411407","CP455762","CP246585","CP097770","CP411407","CP097770","CP455762","CP246585",4,TRUE,TRUE,TRUE,TRUE
22,344023,"CP412320","CP456235","CP247024","CP098492","CP412320","CP098492","CP456235","CP247024",4,TRUE,TRUE,TRUE,TRUE
22,344051,"CP412193","CP456189","CP246827","CP098099","CP412193","CP098099","CP456189","CP246827",4,TRUE,TRUE,TRUE,TRUE
22,330235,"CP411526","CP455633","CP246595","CP097885","CP411526","CP097885","CP455633","CP246595",4,TRUE,TRUE,TRUE,TRUE
22,330636,"CP412326","CP456251","CP247026","CP098386","CP412326","CP098386","CP456251","CP247026",4,TRUE,TRUE,TRUE,TRUE
22,330913,"CP411309","CP455468","CP245934","CP097818","CP411309","CP097818","CP455468","CP245934",4,TRUE,TRUE,TRUE,TRUE
23,352652,"CP418747","CP460751","CP252275","CP101322","CP418747","CP101322","CP460751","CP252275",4,TRUE,TRUE,TRUE,TRUE
23,354430,"CP419533","CP461044","CP252800","CP101531","CP419533","CP101531","CP461044","CP252800",4,TRUE,TRUE,TRUE,TRUE
23,350630,"CP419327","CP461196","CP252447","CP101406","CP419327","CP101406","CP461196","CP252447",4,TRUE,TRUE,TRUE,TRUE
23,351963,"CP420492","CP461836","CP252955","CP102251","CP420492","CP102251","CP461836","CP252955",4,TRUE,TRUE,TRUE,TRUE
23,352919,"CP420243","CP461532","CP252776","CP101903","CP420243","CP101903","CP461532","CP252776",4,TRUE,TRUE,TRUE,TRUE
23,353308,"CP420090","CP461727","CP252749","CP101758","CP420090","CP101758","CP461727","CP252749",4,TRUE,TRUE,TRUE,TRUE
23,353830,"CP419369","CP461031","CP252485","CP100761","CP419369","CP100761","CP461031","CP252485",4,TRUE,TRUE,TRUE,TRUE
23,354320,"CP421122","CP461851","CP252998","CP102344","CP421122","CP102344","CP461851","CP252998",4,TRUE,TRUE,TRUE,TRUE
23,354375,"CP418704","CP460860","CP252252","CP101016","CP418704","CP101016","CP460860","CP252252",4,TRUE,TRUE,TRUE,TRUE
23,354508,"CP419125","CP460938","CP252437","CP101350","CP419125","CP101350","CP460938","CP252437",4,TRUE,TRUE,TRUE,TRUE
23,354519,"CP421288","CP461962","CP253065","CP102349","CP421288","CP102349","CP461962","CP253065",4,TRUE,TRUE,TRUE,TRUE
23,354575,"CP417652","CP460306","CP250996","CP100573","CP417652","CP100573","CP460306","CP250996",4,TRUE,TRUE,TRUE,TRUE
23,356474,"CP418441","CP461053","CP251789","CP101325","CP418441","CP101325","CP461053","CP251789",4,TRUE,TRUE,TRUE,TRUE
23,357330,"CP419141","CP460922","CP252413","CP100785","CP419141","CP100785","CP460922","CP252413",4,TRUE,TRUE,TRUE,TRUE
23,357930,"CP419069","CP461009","CP252355","CP101396","CP419069","CP101396","CP461009","CP252355",4,TRUE,TRUE,TRUE,TRUE
23,358552,"CP421171","CP461566","CP253057","CP102155","CP421171","CP102155","CP461566","CP253057",4,TRUE,TRUE,TRUE,TRUE
23,344507,"CP420244","CP461527","CP252973","CP101921","CP420244","CP101921","CP461527","CP252973",4,TRUE,TRUE,TRUE,TRUE
23,344684,"CP420201","CP461509","CP252756","CP101822","CP420201","CP101822","CP461509","CP252756",4,TRUE,TRUE,TRUE,TRUE
23,345618,"CP421727","CP461063","CP252990","CP100762","CP421727","CP100762","CP461063","CP252990",4,TRUE,TRUE,TRUE,TRUE
23,346006,"CP418611","CP460523","CP251922","CP100720","CP418611","CP100720","CP460523","CP251922",4,TRUE,TRUE,TRUE,TRUE
23,346039,"CP421553","CP462126","CP253386","CP102375","CP421553","CP102375","CP462126","CP253386",4,TRUE,TRUE,TRUE,TRUE
23,346662,"CP422132","CP461069","CP252516","CP101528","CP422132","CP101528","CP461069","CP252516",4,TRUE,TRUE,TRUE,TRUE
23,348662,"CP418813","CP460878","CP252254","CP101138","CP418813","CP101138","CP460878","CP252254",4,TRUE,TRUE,TRUE,TRUE
23,349028,"CP418452","CP460372","CP252031","CP101173","CP418452","CP101173","CP460372","CP252031",4,TRUE,TRUE,TRUE,TRUE
23,349206,"CP419079","CP461075","CP251056","CP100764","CP419079","CP100764","CP461075","CP251056",4,TRUE,TRUE,TRUE,TRUE
23,349325,"CP422128","CP462372","CP253830","CP102464","CP422128","CP102464","CP462372","CP253830",4,TRUE,TRUE,TRUE,TRUE
23,349361,"CP421490","CP462022","CP253258","CP102370","CP421490","CP102370","CP462022","CP253258",4,TRUE,TRUE,TRUE,TRUE
23,349449,"CP418454","CP460123","CP252062","CP100669","CP418454","CP100669","CP460123","CP252062",4,TRUE,TRUE,TRUE,TRUE
23,349457,"CP420495","CP461747","CP252937","CP102252","CP420495","CP102252","CP461747","CP252937",4,TRUE,TRUE,TRUE,TRUE
23,349579,"CP417993","CP460465","CP251187","CP100672","CP417993","CP100672","CP460465","CP251187",4,TRUE,TRUE,TRUE,TRUE
23,349680,"CP418387","CP461042","CP251489","CP101241","CP418387","CP101241","CP461042","CP251489",4,TRUE,TRUE,TRUE,TRUE
23,349685,"CP422711","CP462724","CP254583","CP102843","CP422711","CP102843","CP462724","CP254583",4,TRUE,TRUE,TRUE,TRUE
23,349836,"CP421913","CP462289","CP253583","CP102400","CP421913","CP102400","CP462289","CP253583",4,TRUE,TRUE,TRUE,TRUE
23,349844,"CP419148","CP461041","CP252456","CP101327","CP419148","CP101327","CP461041","CP252456",4,TRUE,TRUE,TRUE,TRUE
23,349884,"CP419040","CP460955","CP252385","CP101174","CP419040","CP101174","CP460955","CP252385",4,TRUE,TRUE,TRUE,TRUE
23,349905,"CP420798","CP461824","CP252962","CP102316","CP420798","CP102316","CP461824","CP252962",4,TRUE,TRUE,TRUE,TRUE
23,349916,"CP420220","CP461786","CP252766","CP101926","CP420220","CP101926","CP461786","CP252766",4,TRUE,TRUE,TRUE,TRUE
23,349923,"CP420497","CP461787","CP252833","CP102253","CP420497","CP102253","CP461787","CP252833",4,TRUE,TRUE,TRUE,TRUE
23,349932,"CP419947","CP461669","CP252682","CP101905","CP419947","CP101905","CP461669","CP252682",4,TRUE,TRUE,TRUE,TRUE
23,349981,"CP422930","CP462817","CP254715","CP102981","CP422930","CP102981","CP462817","CP254715",4,TRUE,TRUE,TRUE,TRUE
23,350214,"CP421207","CP461846","CP253025","CP102348","CP421207","CP102348","CP461846","CP253025",4,TRUE,TRUE,TRUE,TRUE
23,350255,"CP421313","CP461964","CP253082","CP102367","CP421313","CP102367","CP461964","CP253082",4,TRUE,TRUE,TRUE,TRUE
23,350258,"CP421190","CP461832","CP253013","CP102346","CP421190","CP102346","CP461832","CP253013",4,TRUE,TRUE,TRUE,TRUE
23,350307,"CP421299","CP461958","CP253066","CP102364","CP421299","CP102364","CP461958","CP253066",4,TRUE,TRUE,TRUE,TRUE
23,350311,"CP421134","CP461811","CP252983","CP102317","CP421134","CP102317","CP461811","CP252983",4,TRUE,TRUE,TRUE,TRUE
23,350371,"CP421054","CP461640","CP252892","CP102194","CP421054","CP102194","CP461640","CP252892",4,TRUE,TRUE,TRUE,TRUE
23,350592,"CP420236","CP461521","CP252757","CP101923","CP420236","CP101923","CP461521","CP252757",4,TRUE,TRUE,TRUE,TRUE
23,350602,"CP421543","CP462049","CP253293","CP102376","CP421543","CP102376","CP462049","CP253293",4,TRUE,TRUE,TRUE,TRUE
23,350621,"CP419089","CP460925","CP252419","CP101328","CP419089","CP101328","CP460925","CP252419",4,TRUE,TRUE,TRUE,TRUE
23,350667,"CP419080","CP460376","CP252374","CP100674","CP419080","CP100674","CP460376","CP252374",4,TRUE,TRUE,TRUE,TRUE
23,350905,"CP422313","CP462419","CP253993","CP102773","CP422313","CP102773","CP462419","CP253993",4,TRUE,TRUE,TRUE,TRUE
23,350925,"CP422228","CP462410","CP253977","CP102626","CP422228","CP102626","CP462410","CP253977",4,TRUE,TRUE,TRUE,TRUE
23,351012,"CP422595","CP462735","CP255665","CP102972","CP422595","CP102972","CP462735","CP255665",4,TRUE,TRUE,TRUE,TRUE
23,351116,"CP418345","CP460963","CP251379","CP100728","CP418345","CP100728","CP460963","CP251379",4,TRUE,TRUE,TRUE,TRUE
23,351141,"CP417523","CP460262","CP250738","CP100837","CP417523","CP100837","CP460262","CP250738",4,TRUE,TRUE,TRUE,TRUE
23,351212,"CP420169","CP461518","CP252754","CP101924","CP420169","CP101924","CP461518","CP252754",4,TRUE,TRUE,TRUE,TRUE
23,351309,"CP418243","CP460017","CP251382","CP100729","CP418243","CP100729","CP460017","CP251382",4,TRUE,TRUE,TRUE,TRUE
23,351552,"CP420240","CP461821","CP252685","CP101910","CP420240","CP101910","CP461821","CP252685",4,TRUE,TRUE,TRUE,TRUE
23,351750,"CP419123","CP460926","CP252342","CP101407","CP419123","CP101407","CP460926","CP252342",4,TRUE,TRUE,TRUE,TRUE
23,351751,"CP421055","CP461834","CP252996","CP102347","CP421055","CP102347","CP461834","CP252996",4,TRUE,TRUE,TRUE,TRUE
23,351769,"CP421267","CP461933","CP253060","CP102350","CP421267","CP102350","CP461933","CP253060",4,TRUE,TRUE,TRUE,TRUE
23,351770,"CP420996","CP461816","CP252974","CP102340","CP420996","CP102340","CP461816","CP252974",4,TRUE,TRUE,TRUE,TRUE
23,352067,"CP421842","CP461087","CP252791","CP101538","CP421842","CP101538","CP461087","CP252791",4,TRUE,TRUE,TRUE,TRUE
23,352090,"CP419521","CP461092","CP252475","CP101485","CP419521","CP101485","CP461092","CP252475",4,TRUE,TRUE,TRUE,TRUE
23,352250,"CP423560","CP463335","CP255607","CP103514","CP423560","CP103514","CP463335","CP255607",4,TRUE,TRUE,TRUE,TRUE
23,352389,"CP421135","CP461823","CP252940","CP102318","CP421135","CP102318","CP461823","CP252940",4,TRUE,TRUE,TRUE,TRUE
23,352415,"CP421120","CP461829","CP252958","CP102341","CP421120","CP102341","CP461829","CP252958",4,TRUE,TRUE,TRUE,TRUE
23,352426,"CP421111","CP461812","CP252952","CP102319","CP421111","CP102319","CP461812","CP252952",4,TRUE,TRUE,TRUE,TRUE
23,352441,"CP421141","CP461779","CP252965","CP102334","CP421141","CP102334","CP461779","CP252965",4,TRUE,TRUE,TRUE,TRUE
23,352506,"CP419096","CP461097","CP252436","CP101509","CP419096","CP101509","CP461097","CP252436",4,TRUE,TRUE,TRUE,TRUE
23,352520,"CP419207","CP460966","CP252335","CP101355","CP419207","CP101355","CP460966","CP252335",4,TRUE,TRUE,TRUE,TRUE
23,352725,"CP420124","CP461512","CP252752","CP101925","CP420124","CP101925","CP461512","CP252752",4,TRUE,TRUE,TRUE,TRUE
23,352740,"CP419978","CP461496","CP252719","CP101912","CP419978","CP101912","CP461496","CP252719",4,TRUE,TRUE,TRUE,TRUE
23,352766,"CP419979","CP461462","CP252653","CP101831","CP419979","CP101831","CP461462","CP252653",4,TRUE,TRUE,TRUE,TRUE
23,352940,"CP418362","CP460796","CP252280","CP100735","CP418362","CP100735","CP460796","CP252280",4,TRUE,TRUE,TRUE,TRUE
23,352982,"CP420575","CP461587","CP252814","CP102190","CP420575","CP102190","CP461587","CP252814",4,TRUE,TRUE,TRUE,TRUE
23,353018,"CP421100","CP461818","CP252976","CP102342","CP421100","CP102342","CP461818","CP252976",4,TRUE,TRUE,TRUE,TRUE
23,353064,"CP419981","CP461422","CP252720","CP101832","CP419981","CP101832","CP461422","CP252720",4,TRUE,TRUE,TRUE,TRUE
23,353117,"CP418944","CP460931","CP252348","CP101357","CP418944","CP101357","CP460931","CP252348",4,TRUE,TRUE,TRUE,TRUE
23,353369,"CP420128","CP461463","CP252571","CP101833","CP420128","CP101833","CP461463","CP252571",4,TRUE,TRUE,TRUE,TRUE
23,353395,"CP420183","CP461486","CP252694","CP101913","CP420183","CP101913","CP461486","CP252694",4,TRUE,TRUE,TRUE,TRUE
23,353425,"CP419984","CP461476","CP252722","CP101834","CP419984","CP101834","CP461476","CP252722",4,TRUE,TRUE,TRUE,TRUE
23,353669,"CP420860","CP461596","CP252943","CP101946","CP420860","CP101946","CP461596","CP252943",4,TRUE,TRUE,TRUE,TRUE
23,353722,"CP418946","CP460383","CP252297","CP101052","CP418946","CP101052","CP460383","CP252297",4,TRUE,TRUE,TRUE,TRUE
23,354011,"CP420138","CP461488","CP252724","CP101915","CP420138","CP101915","CP461488","CP252724",4,TRUE,TRUE,TRUE,TRUE
23,354040,"CP419824","CP461455","CP252574","CP101846","CP419824","CP101846","CP461455","CP252574",4,TRUE,TRUE,TRUE,TRUE
23,354082,"CP419132","CP460900","CP252370","CP101438","CP419132","CP101438","CP460900","CP252370",4,TRUE,TRUE,TRUE,TRUE
23,354100,"CP420191","CP461465","CP252741","CP101768","CP420191","CP101768","CP461465","CP252741",4,TRUE,TRUE,TRUE,TRUE
23,354316,"CP420002","CP461384","CP252743","CP101848","CP420002","CP101848","CP461384","CP252743",4,TRUE,TRUE,TRUE,TRUE
23,354337,"CP420145","CP461467","CP252700","CP101849","CP420145","CP101849","CP461467","CP252700",4,TRUE,TRUE,TRUE,TRUE
23,354361,"CP420193","CP461362","CP252658","CP101850","CP420193","CP101850","CP461362","CP252658",4,TRUE,TRUE,TRUE,TRUE
23,354423,"CP420009","CP461534","CP252773","CP101770","CP420009","CP101770","CP461534","CP252773",4,TRUE,TRUE,TRUE,TRUE
23,354505,"CP417891","CP460934","CP252036","CP101150","CP417891","CP101150","CP460934","CP252036",4,TRUE,TRUE,TRUE,TRUE
23,354671,"CP420015","CP461363","CP252660","CP101854","CP420015","CP101854","CP461363","CP252660",4,TRUE,TRUE,TRUE,TRUE
23,354892,"CP419005","CP460915","CP252323","CP101203","CP419005","CP101203","CP460915","CP252323",4,TRUE,TRUE,TRUE,TRUE
23,354898,"CP418921","CP460577","CP252285","CP101153","CP418921","CP101153","CP460577","CP252285",4,TRUE,TRUE,TRUE,TRUE
23,355550,"CP421094","CP461710","CP252980","CP102322","CP421094","CP102322","CP461710","CP252980",4,TRUE,TRUE,TRUE,TRUE
23,355567,"CP421021","CP461644","CP252968","CP102323","CP421021","CP102323","CP461644","CP252968",4,TRUE,TRUE,TRUE,TRUE
23,355591,"CP421022","CP461645","CP252954","CP102255","CP421022","CP102255","CP461645","CP252954",4,TRUE,TRUE,TRUE,TRUE
23,355616,"CP419198","CP460861","CP252394","CP101448","CP419198","CP101448","CP460861","CP252394",4,TRUE,TRUE,TRUE,TRUE
23,355899,"CP421024","CP461815","CP252969","CP102343","CP421024","CP102343","CP461815","CP252969",4,TRUE,TRUE,TRUE,TRUE
23,355920,"CP421025","CP461799","CP252961","CP102339","CP421025","CP102339","CP461799","CP252961",4,TRUE,TRUE,TRUE,TRUE
23,355943,"CP420599","CP461766","CP252927","CP102324","CP420599","CP102324","CP461766","CP252927",4,TRUE,TRUE,TRUE,TRUE
23,355958,"CP420399","CP461646","CP252869","CP102257","CP420399","CP102257","CP461646","CP252869",4,TRUE,TRUE,TRUE,TRUE
23,356047,"CP419849","CP461365","CP252608","CP101868","CP419849","CP101868","CP461365","CP252608",4,TRUE,TRUE,TRUE,TRUE
23,356143,"CP421406","CP461142","CP253141","CP101542","CP421406","CP101542","CP461142","CP253141",4,TRUE,TRUE,TRUE,TRUE
23,356147,"CP420600","CP461831","CP252948","CP102258","CP420600","CP102258","CP461831","CP252948",4,TRUE,TRUE,TRUE,TRUE
23,356162,"CP419651","CP461145","CP252497","CP101510","CP419651","CP101510","CP461145","CP252497",4,TRUE,TRUE,TRUE,TRUE
23,356169,"CP420601","CP461678","CP252928","CP102259","CP420601","CP102259","CP461678","CP252928",4,TRUE,TRUE,TRUE,TRUE
23,356313,"CP419855","CP461439","CP252665","CP101870","CP419855","CP101870","CP461439","CP252665",4,TRUE,TRUE,TRUE,TRUE
23,356355,"CP420400","CP461323","CP252544","CP101775","CP420400","CP101775","CP461323","CP252544",4,TRUE,TRUE,TRUE,TRUE
23,356427,"CP421026","CP461680","CP252871","CP102261","CP421026","CP102261","CP461680","CP252871",4,TRUE,TRUE,TRUE,TRUE
23,356445,"CP421027","CP461457","CP252668","CP101872","CP421027","CP101872","CP461457","CP252668",4,TRUE,TRUE,TRUE,TRUE
23,356464,"CP420882","CP461388","CP252576","CP102263","CP420882","CP102263","CP461388","CP252576",4,TRUE,TRUE,TRUE,TRUE
23,356481,"CP421075","CP461712","CP252816","CP102325","CP421075","CP102325","CP461712","CP252816",4,TRUE,TRUE,TRUE,TRUE
23,356599,"CP419864","CP461350","CP252669","CP101776","CP419864","CP101776","CP461350","CP252669",4,TRUE,TRUE,TRUE,TRUE
23,356617,"CP420049","CP461441","CP252708","CP101874","CP420049","CP101874","CP461441","CP252708",4,TRUE,TRUE,TRUE,TRUE
23,356639,"CP420154","CP461407","CP252670","CP101777","CP420154","CP101777","CP461407","CP252670",4,TRUE,TRUE,TRUE,TRUE
23,356660,"CP420051","CP461408","CP252612","CP101875","CP420051","CP101875","CP461408","CP252612",4,TRUE,TRUE,TRUE,TRUE
23,356860,"CP420061","CP461368","CP252672","CP102270","CP420061","CP102270","CP461368","CP252672",4,TRUE,TRUE,TRUE,TRUE
23,356932,"CP420895","CP461800","CP252929","CP102328","CP420895","CP102328","CP461800","CP252929",4,TRUE,TRUE,TRUE,TRUE
23,356949,"CP420620","CP461684","CP252903","CP102273","CP420620","CP102273","CP461684","CP252903",4,TRUE,TRUE,TRUE,TRUE
23,357004,"CP421031","CP461716","CP252950","CP102206","CP421031","CP102206","CP461716","CP252950",4,TRUE,TRUE,TRUE,TRUE
23,357035,"CP419380","CP460911","CP252460","CP101459","CP419380","CP101459","CP460911","CP252460",4,TRUE,TRUE,TRUE,TRUE
23,357045,"CP420899","CP461773","CP252905","CP102329","CP420899","CP102329","CP461773","CP252905",4,TRUE,TRUE,TRUE,TRUE
23,357142,"CP421035","CP461717","CP252906","CP102274","CP421035","CP102274","CP461717","CP252906",4,TRUE,TRUE,TRUE,TRUE
23,357153,"CP418104","CP460746","CP251951","CP100644","CP418104","CP100644","CP460746","CP251951",4,TRUE,TRUE,TRUE,TRUE
23,357156,"CP421037","CP461736","CP252951","CP102330","CP421037","CP102330","CP461736","CP252951",4,TRUE,TRUE,TRUE,TRUE
23,357172,"CP420906","CP461718","CP252907","CP102275","CP420906","CP102275","CP461718","CP252907",4,TRUE,TRUE,TRUE,TRUE
23,357987,"CP420071","CP461351","CP252622","CP101790","CP420071","CP101790","CP461351","CP252622",4,TRUE,TRUE,TRUE,TRUE
23,358661,"CP418645","CP460154","CP252133","CP100977","CP418645","CP100977","CP460154","CP252133",4,TRUE,TRUE,TRUE,TRUE
23,344587,"CP419771","CP461393","CP252627","CP101798","CP419771","CP101798","CP461393","CP252627",4,TRUE,TRUE,TRUE,TRUE
23,344599,"CP419912","CP461394","CP252676","CP101898","CP419912","CP101898","CP461394","CP252676",4,TRUE,TRUE,TRUE,TRUE
23,344613,"CP419913","CP461395","CP252628","CP101799","CP419913","CP101799","CP461395","CP252628",4,TRUE,TRUE,TRUE,TRUE
23,344874,"CP420657","CP461656","CP252875","CP102279","CP420657","CP102279","CP461656","CP252875",4,TRUE,TRUE,TRUE,TRUE
23,344883,"CP420658","CP461691","CP252843","CP102280","CP420658","CP102280","CP461691","CP252843",4,TRUE,TRUE,TRUE,TRUE
23,345064,"CP420934","CP461693","CP252932","CP102282","CP420934","CP102282","CP461693","CP252932",4,TRUE,TRUE,TRUE,TRUE
23,345075,"CP420663","CP461658","CP252877","CP102283","CP420663","CP102283","CP461658","CP252877",4,TRUE,TRUE,TRUE,TRUE
23,345092,"CP420664","CP461694","CP252844","CP102284","CP420664","CP102284","CP461694","CP252844",4,TRUE,TRUE,TRUE,TRUE
23,345118,"CP420935","CP461659","CP252933","CP102213","CP420935","CP102213","CP461659","CP252933",4,TRUE,TRUE,TRUE,TRUE
23,345131,"CP420666","CP461581","CP252845","CP102214","CP420666","CP102214","CP461581","CP252845",4,TRUE,TRUE,TRUE,TRUE
23,345137,"CP420936","CP461724","CP252934","CP102333","CP420936","CP102333","CP461724","CP252934",4,TRUE,TRUE,TRUE,TRUE
23,345149,"CP420669","CP461725","CP252913","CP102285","CP420669","CP102285","CP461725","CP252913",4,TRUE,TRUE,TRUE,TRUE
23,345163,"CP420424","CP461695","CP252878","CP102286","CP420424","CP102286","CP461695","CP252878",4,TRUE,TRUE,TRUE,TRUE
23,345221,"CP420672","CP461611","CP252914","CP102217","CP420672","CP102217","CP461611","CP252914",4,TRUE,TRUE,TRUE,TRUE
23,345241,"CP421044","CP461661","CP252879","CP102287","CP421044","CP102287","CP461661","CP252879",4,TRUE,TRUE,TRUE,TRUE
23,345265,"CP420939","CP461662","CP252936","CP102289","CP420939","CP102289","CP461662","CP252936",4,TRUE,TRUE,TRUE,TRUE
23,345275,"CP420940","CP461627","CP252880","CP102290","CP420940","CP102290","CP461627","CP252880",4,TRUE,TRUE,TRUE,TRUE
23,345282,"CP420941","CP461628","CP252846","CP102291","CP420941","CP102291","CP461628","CP252846",4,TRUE,TRUE,TRUE,TRUE
23,345293,"CP420942","CP461601","CP252847","CP102292","CP420942","CP102292","CP461601","CP252847",4,TRUE,TRUE,TRUE,TRUE
23,345313,"CP420685","CP461697","CP252915","CP102293","CP420685","CP102293","CP461697","CP252915",4,TRUE,TRUE,TRUE,TRUE
23,345324,"CP420686","CP461629","CP252848","CP102219","CP420686","CP102219","CP461629","CP252848",4,TRUE,TRUE,TRUE,TRUE
23,345335,"CP420687","CP461630","CP252830","CP102220","CP420687","CP102220","CP461630","CP252830",4,TRUE,TRUE,TRUE,TRUE
23,345942,"CP420712","CP461632","CP252884","CP102223","CP420712","CP102223","CP461632","CP252884",4,TRUE,TRUE,TRUE,TRUE
23,345954,"CP419098","CP460767","CP252354","CP101376","CP419098","CP101376","CP460767","CP252354",4,TRUE,TRUE,TRUE,TRUE
23,346775,"CP420736","CP461360","CP252678","CP101817","CP420736","CP101817","CP461360","CP252678",4,TRUE,TRUE,TRUE,TRUE
24,367826,"CP434908","CP480031","CP262604","CP107420","CP434908","CP107420","CP480031","CP262604",4,TRUE,TRUE,TRUE,TRUE
24,371381,"CP436264","CP480380","CP263051","CP107777","CP436264","CP107777","CP480380","CP263051",4,TRUE,TRUE,TRUE,TRUE
24,372047,"CP436165","CP480216","CP262949","CP107648","CP436165","CP107648","CP480216","CP262949",4,TRUE,TRUE,TRUE,TRUE
24,364004,"CP435272","CP480032","CP262701","CP106884","CP435272","CP106884","CP480032","CP262701",4,TRUE,TRUE,TRUE,TRUE
24,364571,"CP436746","CP480823","CP263320","CP108099","CP436746","CP108099","CP480823","CP263320",4,TRUE,TRUE,TRUE,TRUE
24,365716,"CP434610","CP480000","CP261789","CP106868","CP434610","CP106868","CP480000","CP261789",4,TRUE,TRUE,TRUE,TRUE
24,366126,"CP435359","CP480038","CP262607","CP106869","CP435359","CP106869","CP480038","CP262607",4,TRUE,TRUE,TRUE,TRUE
24,366337,"CP436306","CP480427","CP263079","CP107778","CP436306","CP107778","CP480427","CP263079",4,TRUE,TRUE,TRUE,TRUE
24,366727,"CP436198","CP480361","CP263018","CP107649","CP436198","CP107649","CP480361","CP263018",4,TRUE,TRUE,TRUE,TRUE
24,367748,"CP435443","CP480371","CP262720","CP106886","CP435443","CP106886","CP480371","CP262720",4,TRUE,TRUE,TRUE,TRUE
24,368337,"CP435486","CP480357","CP262975","CP106992","CP435486","CP106992","CP480357","CP262975",4,TRUE,TRUE,TRUE,TRUE
24,368459,"CP435530","CP480223","CP263032","CP107309","CP435530","CP107309","CP480223","CP263032",4,TRUE,TRUE,TRUE,TRUE
24,368748,"CP435360","CP479978","CP262608","CP106870","CP435360","CP106870","CP479978","CP262608",4,TRUE,TRUE,TRUE,TRUE
24,370970,"CP436141","CP480366","CP263046","CP107582","CP436141","CP107582","CP480366","CP263046",4,TRUE,TRUE,TRUE,TRUE
24,371326,"CP437522","CP480404","CP263100","CP106993","CP437522","CP106993","CP480404","CP263100",4,TRUE,TRUE,TRUE,TRUE
24,371615,"CP435460","CP480244","CP262963","CP107346","CP435460","CP107346","CP480244","CP262963",4,TRUE,TRUE,TRUE,TRUE
24,371792,"CP439902","CP483120","CP261596","CP107348","CP439902","CP107348","CP483120","CP261596",4,TRUE,TRUE,TRUE,TRUE
24,372258,"CP436925","CP480836","CP263321","CP108315","CP436925","CP108315","CP480836","CP263321",4,TRUE,TRUE,TRUE,TRUE
24,372670,"CP436890","CP480848","CP263336","CP108324","CP436890","CP108324","CP480848","CP263336",4,TRUE,TRUE,TRUE,TRUE
24,372914,"CP436747","CP480832","CP263325","CP108290","CP436747","CP108290","CP480832","CP263325",4,TRUE,TRUE,TRUE,TRUE
24,359286,"CP437906","CP482060","CP263962","CP108898","CP437906","CP108898","CP482060","CP263962",4,TRUE,TRUE,TRUE,TRUE
24,360342,"CP438829","CP482525","CP264780","CP109176","CP438829","CP109176","CP482525","CP264780",4,TRUE,TRUE,TRUE,TRUE
24,361175,"CP436119","CP480377","CP263044","CP107787","CP436119","CP107787","CP480377","CP263044",4,TRUE,TRUE,TRUE,TRUE
24,362175,"CP437687","CP481768","CP263899","CP108860","CP437687","CP108860","CP481768","CP263899",4,TRUE,TRUE,TRUE,TRUE
24,362808,"CP438497","CP482374","CP264468","CP108956","CP438497","CP108956","CP482374","CP264468",4,TRUE,TRUE,TRUE,TRUE
24,363220,"CP435429","CP480154","CP262766","CP106995","CP435429","CP106995","CP480154","CP262766",4,TRUE,TRUE,TRUE,TRUE
24,363808,"CP438173","CP482143","CP264171","CP108916","CP438173","CP108916","CP482143","CP264171",4,TRUE,TRUE,TRUE,TRUE
24,364054,"CP436955","CP480829","CP263335","CP108291","CP436955","CP108291","CP480829","CP263335",4,TRUE,TRUE,TRUE,TRUE
24,364217,"CP439184","CP482746","CP265162","CP109319","CP439184","CP109319","CP482746","CP265162",4,TRUE,TRUE,TRUE,TRUE
24,364301,"CP436234","CP480350","CP263038","CP107651","CP436234","CP107651","CP480350","CP263038",4,TRUE,TRUE,TRUE,TRUE
24,364342,"CP438734","CP482497","CP264681","CP109154","CP438734","CP109154","CP482497","CP264681",4,TRUE,TRUE,TRUE,TRUE
24,364380,"CP437898","CP482002","CP263913","CP108895","CP437898","CP108895","CP482002","CP263913",4,TRUE,TRUE,TRUE,TRUE
24,364407,"CP437884","CP481980","CP263914","CP108888","CP437884","CP108888","CP481980","CP263914",4,TRUE,TRUE,TRUE,TRUE
24,364438,"CP438301","CP482286","CP264243","CP108923","CP438301","CP108923","CP482286","CP264243",4,TRUE,TRUE,TRUE,TRUE
24,364521,"CP439394","CP482836","CP265304","CP109425","CP439394","CP109425","CP482836","CP265304",4,TRUE,TRUE,TRUE,TRUE
24,364530,"CP436170","CP480334","CP262835","CP107743","CP436170","CP107743","CP480334","CP262835",4,TRUE,TRUE,TRUE,TRUE
24,364534,"CP439389","CP482842","CP265403","CP109415","CP439389","CP109415","CP482842","CP265403",4,TRUE,TRUE,TRUE,TRUE
24,364587,"CP438528","CP482370","CP264506","CP108958","CP438528","CP108958","CP482370","CP264506",4,TRUE,TRUE,TRUE,TRUE
24,364596,"CP436325","CP480392","CP263053","CP107853","CP436325","CP107853","CP480392","CP263053",4,TRUE,TRUE,TRUE,TRUE
24,364613,"CP436308","CP480314","CP263019","CP107843","CP436308","CP107843","CP480314","CP263019",4,TRUE,TRUE,TRUE,TRUE
24,364619,"CP437432","CP481759","CP263649","CP108809","CP437432","CP108809","CP481759","CP263649",4,TRUE,TRUE,TRUE,TRUE
24,364699,"CP437580","CP480461","CP263094","CP107904","CP437580","CP107904","CP480461","CP263094",4,TRUE,TRUE,TRUE,TRUE
24,364864,"CP435534","CP480177","CP262921","CP107652","CP435534","CP107652","CP480177","CP262921",4,TRUE,TRUE,TRUE,TRUE
24,364877,"CP435112","CP480059","CP262014","CP106889","CP435112","CP106889","CP480059","CP262014",4,TRUE,TRUE,TRUE,TRUE
24,365107,"CP436691","CP480821","CP263296","CP108213","CP436691","CP108213","CP480821","CP263296",4,TRUE,TRUE,TRUE,TRUE
24,365151,"CP437573","CP481552","CP263655","CP108799","CP437573","CP108799","CP481552","CP263655",4,TRUE,TRUE,TRUE,TRUE
24,365153,"CP436053","CP480341","CP262966","CP107782","CP436053","CP107782","CP480341","CP262966",4,TRUE,TRUE,TRUE,TRUE
24,365177,"CP435958","CP480250","CP262968","CP107744","CP435958","CP107744","CP480250","CP262968",4,TRUE,TRUE,TRUE,TRUE
24,365284,"CP436926","CP480842","CP263334","CP108325","CP436926","CP108325","CP480842","CP263334",4,TRUE,TRUE,TRUE,TRUE
24,365297,"CP436892","CP480463","CP263326","CP108317","CP436892","CP108317","CP480463","CP263326",4,TRUE,TRUE,TRUE,TRUE
24,365341,"CP438668","CP482479","CP265023","CP109252","CP438668","CP109252","CP482479","CP265023",4,TRUE,TRUE,TRUE,TRUE
24,365352,"CP438620","CP482420","CP264625","CP109137","CP438620","CP109137","CP482420","CP264625",4,TRUE,TRUE,TRUE,TRUE
24,365465,"CP435781","CP480211","CP262836","CP107654","CP435781","CP107654","CP480211","CP262836",4,TRUE,TRUE,TRUE,TRUE
24,365542,"CP434454","CP479083","CP261607","CP107279","CP434454","CP107279","CP479083","CP261607",4,TRUE,TRUE,TRUE,TRUE
24,365652,"CP435237","CP480047","CP262617","CP106949","CP435237","CP106949","CP480047","CP262617",4,TRUE,TRUE,TRUE,TRUE
24,365787,"CP435963","CP480282","CP262855","CP107747","CP435963","CP107747","CP480282","CP262855",4,TRUE,TRUE,TRUE,TRUE
24,365808,"CP435965","CP480157","CP262806","CP107655","CP435965","CP107655","CP480157","CP262806",4,TRUE,TRUE,TRUE,TRUE
24,365934,"CP436970","CP480833","CP263322","CP108293","CP436970","CP108293","CP480833","CP263322",4,TRUE,TRUE,TRUE,TRUE
24,365985,"CP435969","CP480337","CP262923","CP107748","CP435969","CP107748","CP480337","CP262923",4,TRUE,TRUE,TRUE,TRUE
24,366240,"CP434969","CP480202","CP262652","CP107422","CP434969","CP107422","CP480202","CP262652",4,TRUE,TRUE,TRUE,TRUE
24,366555,"CP436899","CP480469","CP263337","CP108320","CP436899","CP108320","CP480469","CP263337",4,TRUE,TRUE,TRUE,TRUE
24,366693,"CP436901","CP480825","CP263330","CP108323","CP436901","CP108323","CP480825","CP263330",4,TRUE,TRUE,TRUE,TRUE
24,366796,"CP436934","CP480809","CP263300","CP108220","CP436934","CP108220","CP480809","CP263300",4,TRUE,TRUE,TRUE,TRUE
24,366841,"CP435139","CP480043","CP261871","CP106957","CP435139","CP106957","CP480043","CP261871",4,TRUE,TRUE,TRUE,TRUE
24,366853,"CP436977","CP480796","CP263323","CP108296","CP436977","CP108296","CP480796","CP263323",4,TRUE,TRUE,TRUE,TRUE
24,366978,"CP437586","CP481582","CP263673","CP108810","CP437586","CP108810","CP481582","CP263673",4,TRUE,TRUE,TRUE,TRUE
24,366999,"CP437552","CP481477","CP263656","CP108803","CP437552","CP108803","CP481477","CP263656",4,TRUE,TRUE,TRUE,TRUE
24,367030,"CP437553","CP481550","CP263695","CP108793","CP437553","CP108793","CP481550","CP263695",4,TRUE,TRUE,TRUE,TRUE
24,367208,"CP435389","CP480174","CP262784","CP106959","CP435389","CP106959","CP480174","CP262784",4,TRUE,TRUE,TRUE,TRUE
24,367796,"CP436072","CP480195","CP262843","CP107753","CP436072","CP107753","CP480195","CP262843",4,TRUE,TRUE,TRUE,TRUE
24,367834,"CP437446","CP481357","CP263563","CP108766","CP437446","CP108766","CP481357","CP263563",4,TRUE,TRUE,TRUE,TRUE
24,367864,"CP437404","CP481345","CP263556","CP108713","CP437404","CP108713","CP481345","CP263556",4,TRUE,TRUE,TRUE,TRUE
24,367876,"CP436973","CP480775","CP263327","CP108221","CP436973","CP108221","CP480775","CP263327",4,TRUE,TRUE,TRUE,TRUE
24,367884,"CP437435","CP481346","CP263544","CP108714","CP437435","CP108714","CP481346","CP263544",4,TRUE,TRUE,TRUE,TRUE
24,367970,"CP436704","CP480776","CP263278","CP108223","CP436704","CP108223","CP480776","CP263278",4,TRUE,TRUE,TRUE,TRUE
24,367987,"CP437260","CP481153","CP263433","CP108767","CP437260","CP108767","CP481153","CP263433",4,TRUE,TRUE,TRUE,TRUE
24,367988,"CP437575","CP481602","CP263731","CP108804","CP437575","CP108804","CP481602","CP263731",4,TRUE,TRUE,TRUE,TRUE
24,368000,"CP437244","CP481112","CP263427","CP108706","CP437244","CP108706","CP481112","CP263427",4,TRUE,TRUE,TRUE,TRUE
24,368017,"CP437504","CP481360","CP263674","CP108795","CP437504","CP108795","CP481360","CP263674",4,TRUE,TRUE,TRUE,TRUE
24,368043,"CP437447","CP481295","CP263612","CP108778","CP437447","CP108778","CP481295","CP263612",4,TRUE,TRUE,TRUE,TRUE
24,368067,"CP437417","CP481227","CP263562","CP108768","CP437417","CP108768","CP481227","CP263562",4,TRUE,TRUE,TRUE,TRUE
24,368208,"CP435999","CP480147","CP262548","CP107001","CP435999","CP107001","CP480147","CP262548",4,TRUE,TRUE,TRUE,TRUE
24,368214,"CP435824","CP480145","CP262732","CP107755","CP435824","CP107755","CP480145","CP262732",4,TRUE,TRUE,TRUE,TRUE
24,368232,"CP436076","CP480104","CP262761","CP106961","CP436076","CP106961","CP480104","CP262761",4,TRUE,TRUE,TRUE,TRUE
24,368256,"CP435370","CP480092","CP262666","CP106875","CP435370","CP106875","CP480092","CP262666",4,TRUE,TRUE,TRUE,TRUE
24,368365,"CP437655","CP481154","CP263883","CP108836","CP437655","CP108836","CP481154","CP263883",4,TRUE,TRUE,TRUE,TRUE
24,368471,"CP437053","CP480845","CP263344","CP108336","CP437053","CP108336","CP480845","CP263344",4,TRUE,TRUE,TRUE,TRUE
24,368497,"CP437700","CP481886","CP263843","CP108867","CP437700","CP108867","CP481886","CP263843",4,TRUE,TRUE,TRUE,TRUE
24,368542,"CP436944","CP480695","CP263324","CP108304","CP436944","CP108304","CP480695","CP263324",4,TRUE,TRUE,TRUE,TRUE
24,368653,"CP435157","CP480030","CP262634","CP107508","CP435157","CP107508","CP480030","CP262634",4,TRUE,TRUE,TRUE,TRUE
24,368767,"CP438376","CP481162","CP264010","CP108932","CP438376","CP108932","CP481162","CP264010",4,TRUE,TRUE,TRUE,TRUE
24,368893,"CP437315","CP481538","CP263434","CP108717","CP437315","CP108717","CP481538","CP263434",4,TRUE,TRUE,TRUE,TRUE
24,368995,"CP437527","CP481708","CP263723","CP108827","CP437527","CP108827","CP481708","CP263723",4,TRUE,TRUE,TRUE,TRUE
24,369038,"CP436867","CP480816","CP263309","CP108321","CP436867","CP108321","CP480816","CP263309",4,TRUE,TRUE,TRUE,TRUE
24,369099,"CP437320","CP481324","CP263446","CP108720","CP437320","CP108720","CP481324","CP263446",4,TRUE,TRUE,TRUE,TRUE
24,369166,"CP437379","CP481349","CP263508","CP108721","CP437379","CP108721","CP481349","CP263508",4,TRUE,TRUE,TRUE,TRUE
24,369189,"CP437425","CP481358","CP263560","CP108772","CP437425","CP108772","CP481358","CP263560",4,TRUE,TRUE,TRUE,TRUE
24,369216,"CP437449","CP481913","CP263738","CP108858","CP437449","CP108858","CP481913","CP263738",4,TRUE,TRUE,TRUE,TRUE
24,369217,"CP437095","CP480847","CP263350","CP108344","CP437095","CP108344","CP480847","CP263350",4,TRUE,TRUE,TRUE,TRUE
24,369231,"CP437381","CP481326","CP263547","CP108722","CP437381","CP108722","CP481326","CP263547",4,TRUE,TRUE,TRUE,TRUE
24,369431,"CP437581","CP481540","CP263653","CP108801","CP437581","CP108801","CP481540","CP263653",4,TRUE,TRUE,TRUE,TRUE
24,369446,"CP437561","CP481516","CP263576","CP108786","CP437561","CP108786","CP481516","CP263576",4,TRUE,TRUE,TRUE,TRUE
24,369458,"CP437443","CP481328","CP263548","CP108780","CP437443","CP108780","CP481328","CP263548",4,TRUE,TRUE,TRUE,TRUE
24,369477,"CP437419","CP481188","CP263549","CP108725","CP437419","CP108725","CP481188","CP263549",4,TRUE,TRUE,TRUE,TRUE
24,369579,"CP437588","CP481554","CP263659","CP108815","CP437588","CP108815","CP481554","CP263659",4,TRUE,TRUE,TRUE,TRUE
24,369728,"CP435352","CP479993","CP262716","CP106897","CP435352","CP106897","CP479993","CP262716",4,TRUE,TRUE,TRUE,TRUE
24,369849,"CP435012","CP479383","CP261760","CP107691","CP435012","CP107691","CP479383","CP261760",4,TRUE,TRUE,TRUE,TRUE
24,369907,"CP437461","CP481356","CP263530","CP108781","CP437461","CP108781","CP481356","CP263530",4,TRUE,TRUE,TRUE,TRUE
24,369963,"CP436711","CP480707","CP263158","CP108309","CP436711","CP108309","CP480707","CP263158",4,TRUE,TRUE,TRUE,TRUE
24,369990,"CP436712","CP480614","CP263159","CP108148","CP436712","CP108148","CP480614","CP263159",4,TRUE,TRUE,TRUE,TRUE
24,370081,"CP437264","CP481382","CP263540","CP108732","CP437264","CP108732","CP481382","CP263540",4,TRUE,TRUE,TRUE,TRUE
24,370264,"CP436785","CP480739","CP263238","CP108310","CP436785","CP108310","CP480739","CP263238",4,TRUE,TRUE,TRUE,TRUE
24,370335,"CP436871","CP480697","CP263282","CP108152","CP436871","CP108152","CP480697","CP263282",4,TRUE,TRUE,TRUE,TRUE
24,370440,"CP434859","CP479429","CP261888","CP107009","CP434859","CP107009","CP479429","CP261888",4,TRUE,TRUE,TRUE,TRUE
24,370455,"CP436872","CP480698","CP263242","CP108154","CP436872","CP108154","CP480698","CP263242",4,TRUE,TRUE,TRUE,TRUE
24,370523,"CP436874","CP480684","CP263243","CP108241","CP436874","CP108241","CP480684","CP263243",4,TRUE,TRUE,TRUE,TRUE
24,370550,"CP436948","CP480761","CP263310","CP108242","CP436948","CP108242","CP480761","CP263310",4,TRUE,TRUE,TRUE,TRUE
24,370572,"CP436917","CP480780","CP263244","CP108155","CP436917","CP108155","CP480780","CP263244",4,TRUE,TRUE,TRUE,TRUE
24,370845,"CP436718","CP480655","CP263246","CP108157","CP436718","CP108157","CP480655","CP263246",4,TRUE,TRUE,TRUE,TRUE
24,371363,"CP436803","CP480763","CP263252","CP108253","CP436803","CP108253","CP480763","CP263252",4,TRUE,TRUE,TRUE,TRUE
24,371498,"CP435678","CP480085","CP262849","CP107707","CP435678","CP107707","CP480085","CP262849",4,TRUE,TRUE,TRUE,TRUE
24,371690,"CP436723","CP480660","CP263253","CP108108","CP436723","CP108108","CP480660","CP263253",4,TRUE,TRUE,TRUE,TRUE
24,371755,"CP435177","CP479981","CP262576","CP107021","CP435177","CP107021","CP479981","CP262576",4,TRUE,TRUE,TRUE,TRUE
24,372091,"CP436881","CP480615","CP263161","CP108166","CP436881","CP108166","CP480615","CP263161",4,TRUE,TRUE,TRUE,TRUE
24,372409,"CP437903","CP481860","CP263919","CP108880","CP437903","CP108880","CP481860","CP263919",4,TRUE,TRUE,TRUE,TRUE
24,372422,"CP437812","CP481753","CP263896","CP108855","CP437812","CP108855","CP481753","CP263896",4,TRUE,TRUE,TRUE,TRUE
24,372445,"CP435326","CP479897","CP262746","CP107013","CP435326","CP107013","CP479897","CP262746",4,TRUE,TRUE,TRUE,TRUE
24,372930,"CP436676","CP480702","CP263255","CP108267","CP436676","CP108267","CP480702","CP263255",4,TRUE,TRUE,TRUE,TRUE
24,372974,"CP436730","CP480558","CP263256","CP108112","CP436730","CP108112","CP480558","CP263256",4,TRUE,TRUE,TRUE,TRUE
24,372997,"CP436731","CP480753","CP263257","CP108314","CP436731","CP108314","CP480753","CP263257",4,TRUE,TRUE,TRUE,TRUE
24,373061,"CP435055","CP479977","CP262077","CP106864","CP435055","CP106864","CP479977","CP262077",4,TRUE,TRUE,TRUE,TRUE
24,373098,"CP436820","CP480617","CP263203","CP108270","CP436820","CP108270","CP480617","CP263203",4,TRUE,TRUE,TRUE,TRUE
24,373374,"CP436994","CP480715","CP263204","CP108275","CP436994","CP108275","CP480715","CP263204",4,TRUE,TRUE,TRUE,TRUE
24,358872,"CP437352","CP481334","CP263552","CP108747","CP437352","CP108747","CP481334","CP263552",4,TRUE,TRUE,TRUE,TRUE
24,358889,"CP437353","CP481307","CP263559","CP108748","CP437353","CP108748","CP481307","CP263559",4,TRUE,TRUE,TRUE,TRUE
24,359044,"CP435185","CP479834","CP262484","CP106914","CP435185","CP106914","CP479834","CP262484",4,TRUE,TRUE,TRUE,TRUE
24,359054,"CP436736","CP480673","CP263265","CP108183","CP436736","CP108183","CP480673","CP263265",4,TRUE,TRUE,TRUE,TRUE
24,359272,"CP434893","CP479610","CP262249","CP106915","CP434893","CP106915","CP479610","CP262249",4,TRUE,TRUE,TRUE,TRUE
24,359506,"CP437357","CP481272","CP263491","CP108750","CP437357","CP108750","CP481272","CP263491",4,TRUE,TRUE,TRUE,TRUE
24,359518,"CP437358","CP481273","CP263492","CP108751","CP437358","CP108751","CP481273","CP263492",4,TRUE,TRUE,TRUE,TRUE
24,359672,"CP436828","CP480606","CP263212","CP108194","CP436828","CP108194","CP480606","CP263212",4,TRUE,TRUE,TRUE,TRUE
24,359927,"CP435189","CP479717","CP262489","CP106923","CP435189","CP106923","CP479717","CP262489",4,TRUE,TRUE,TRUE,TRUE
24,360865,"CP435329","CP479848","CP262600","CP106931","CP435329","CP106931","CP479848","CP262600",4,TRUE,TRUE,TRUE,TRUE
24,360876,"CP435266","CP479799","CP262490","CP106932","CP435266","CP106932","CP479799","CP262490",4,TRUE,TRUE,TRUE,TRUE
24,361051,"CP436740","CP480585","CP263215","CP108121","CP436740","CP108121","CP480585","CP263215",4,TRUE,TRUE,TRUE,TRUE
25,375270,"CP442454","CP485806","CP268218","CP110325","CP442454","CP110325","CP485806","CP268218",4,TRUE,TRUE,TRUE,TRUE
25,377310,"CP443356","CP485859","CP268426","CP110308","CP443356","CP110308","CP485859","CP268426",4,TRUE,TRUE,TRUE,TRUE
25,377589,"CP442106","CP485782","CP267835","CP110207","CP442106","CP110207","CP485782","CP267835",4,TRUE,TRUE,TRUE,TRUE
25,378133,"CP443371","CP485877","CP268535","CP110326","CP443371","CP110326","CP485877","CP268535",4,TRUE,TRUE,TRUE,TRUE
25,378321,"CP443288","CP485866","CP268273","CP110252","CP443288","CP110252","CP485866","CP268273",4,TRUE,TRUE,TRUE,TRUE
25,378911,"CP441906","CP484932","CP267353","CP110776","CP441906","CP110776","CP484932","CP267353",4,TRUE,TRUE,TRUE,TRUE
25,379554,"CP442107","CP485794","CP267681","CP110208","CP442107","CP110208","CP485794","CP267681",4,TRUE,TRUE,TRUE,TRUE
25,379743,"CP442265","CP485869","CP267597","CP110253","CP442265","CP110253","CP485869","CP267597",4,TRUE,TRUE,TRUE,TRUE
25,381155,"CP443392","CP485870","CP268486","CP110377","CP443392","CP110377","CP485870","CP268486",4,TRUE,TRUE,TRUE,TRUE
25,381244,"CP443171","CP485798","CP267683","CP110254","CP443171","CP110254","CP485798","CP267683",4,TRUE,TRUE,TRUE,TRUE
25,381266,"CP443325","CP485738","CP268416","CP110309","CP443325","CP110309","CP485738","CP268416",4,TRUE,TRUE,TRUE,TRUE
25,381410,"CP443383","CP485890","CP268482","CP110861","CP443383","CP110861","CP485890","CP268482",4,TRUE,TRUE,TRUE,TRUE
25,381566,"CP442760","CP485833","CP268404","CP110378","CP442760","CP110378","CP485833","CP268404",4,TRUE,TRUE,TRUE,TRUE
25,382244,"CP443349","CP485849","CP268465","CP110327","CP443349","CP110327","CP485849","CP268465",4,TRUE,TRUE,TRUE,TRUE
25,383032,"CP443268","CP485933","CP268405","CP110685","CP443268","CP110685","CP485933","CP268405",4,TRUE,TRUE,TRUE,TRUE
25,383144,"CP442271","CP485853","CP267505","CP110257","CP442271","CP110257","CP485853","CP267505",4,TRUE,TRUE,TRUE,TRUE
25,385076,"CP444717","CP486565","CP268824","CP111970","CP444717","CP111970","CP486565","CP268824",4,TRUE,TRUE,TRUE,TRUE
25,385344,"CP445071","CP486751","CP269035","CP111980","CP445071","CP111980","CP486751","CP269035",4,TRUE,TRUE,TRUE,TRUE
25,386387,"CP445885","CP487165","CP269808","CP112255","CP445885","CP112255","CP487165","CP269808",4,TRUE,TRUE,TRUE,TRUE
25,375448,"CP445630","CP486996","CP269502","CP112037","CP445630","CP112037","CP486996","CP269502",4,TRUE,TRUE,TRUE,TRUE
25,376282,"CP443403","CP486100","CP268488","CP110862","CP443403","CP110862","CP486100","CP268488",4,TRUE,TRUE,TRUE,TRUE
25,376799,"CP443800","CP486212","CP268615","CP111308","CP443800","CP111308","CP486212","CP268615",4,TRUE,TRUE,TRUE,TRUE
25,377036,"CP446237","CP487331","CP270219","CP112346","CP446237","CP112346","CP487331","CP270219",4,TRUE,TRUE,TRUE,TRUE
25,377120,"CP443416","CP485868","CP268364","CP110777","CP443416","CP110777","CP485868","CP268364",4,TRUE,TRUE,TRUE,TRUE
25,377147,"CP443275","CP485821","CP268176","CP110310","CP443275","CP110310","CP485821","CP268176",4,TRUE,TRUE,TRUE,TRUE
25,377153,"CP443331","CP485783","CP268408","CP110311","CP443331","CP110311","CP485783","CP268408",4,TRUE,TRUE,TRUE,TRUE
25,377176,"CP445438","CP486903","CP269320","CP111999","CP445438","CP111999","CP486903","CP269320",4,TRUE,TRUE,TRUE,TRUE
25,377181,"CP442277","CP484757","CP267421","CP110804","CP442277","CP110804","CP484757","CP267421",4,TRUE,TRUE,TRUE,TRUE
25,377219,"CP442658","CP485800","CP268222","CP110330","CP442658","CP110330","CP485800","CP268222",4,TRUE,TRUE,TRUE,TRUE
25,377275,"CP446421","CP487412","CP270280","CP112447","CP446421","CP112447","CP487412","CP270280",4,TRUE,TRUE,TRUE,TRUE
25,377293,"CP446432","CP487453","CP270384","CP112446","CP446432","CP112446","CP487453","CP270384",4,TRUE,TRUE,TRUE,TRUE
25,377395,"CP443029","CP485018","CP268332","CP110259","CP443029","CP110259","CP485018","CP268332",4,TRUE,TRUE,TRUE,TRUE
25,377460,"CP442663","CP485919","CP267701","CP110331","CP442663","CP110331","CP485919","CP267701",4,TRUE,TRUE,TRUE,TRUE
25,377602,"CP442888","CP485320","CP268367","CP110322","CP442888","CP110322","CP485320","CP268367",4,TRUE,TRUE,TRUE,TRUE
25,377747,"CP443033","CP485622","CP268400","CP110323","CP443033","CP110323","CP485622","CP268400",4,TRUE,TRUE,TRUE,TRUE
25,377847,"CP442024","CP485101","CP267359","CP110478","CP442024","CP110478","CP485101","CP267359",4,TRUE,TRUE,TRUE,TRUE
25,377934,"CP442519","CP485664","CP267740","CP110264","CP442519","CP110264","CP485664","CP267740",4,TRUE,TRUE,TRUE,TRUE
25,377963,"CP444211","CP486313","CP268671","CP111568","CP444211","CP111568","CP486313","CP268671",4,TRUE,TRUE,TRUE,TRUE
25,377971,"CP445760","CP487135","CP269702","CP112295","CP445760","CP112295","CP487135","CP269702",4,TRUE,TRUE,TRUE,TRUE
25,377986,"CP445740","CP487035","CP269629","CP112199","CP445740","CP112199","CP487035","CP269629",4,TRUE,TRUE,TRUE,TRUE
25,378020,"CP442124","CP485103","CP267610","CP110265","CP442124","CP110265","CP485103","CP267610",4,TRUE,TRUE,TRUE,TRUE
25,378182,"CP441916","CP484721","CP267317","CP110808","CP441916","CP110808","CP484721","CP267317",4,TRUE,TRUE,TRUE,TRUE
25,378189,"CP442690","CP485803","CP267954","CP110266","CP442690","CP110266","CP485803","CP267954",4,TRUE,TRUE,TRUE,TRUE
25,378254,"CP442304","CP485333","CP267955","CP110201","CP442304","CP110201","CP485333","CP267955",4,TRUE,TRUE,TRUE,TRUE
25,378272,"CP442896","CP485766","CP268230","CP110333","CP442896","CP110333","CP485766","CP268230",4,TRUE,TRUE,TRUE,TRUE
25,378292,"CP442897","CP485644","CP268305","CP110334","CP442897","CP110334","CP485644","CP268305",4,TRUE,TRUE,TRUE,TRUE
25,378861,"CP443192","CP485805","CP268309","CP110337","CP443192","CP110337","CP485805","CP268309",4,TRUE,TRUE,TRUE,TRUE
25,378895,"CP443802","CP486187","CP268610","CP111311","CP443802","CP111311","CP486187","CP268610",4,TRUE,TRUE,TRUE,TRUE
25,379108,"CP443055","CP485837","CP268312","CP110338","CP443055","CP110338","CP485837","CP268312",4,TRUE,TRUE,TRUE,TRUE
25,380009,"CP442816","CP485118","CP267632","CP110275","CP442816","CP110275","CP485118","CP267632",4,TRUE,TRUE,TRUE,TRUE
25,380068,"CP442344","CP485119","CP267634","CP110276","CP442344","CP110276","CP485119","CP267634",4,TRUE,TRUE,TRUE,TRUE
25,380096,"CP442818","CP485724","CP267969","CP110342","CP442818","CP110342","CP485724","CP267969",4,TRUE,TRUE,TRUE,TRUE
25,380287,"CP443657","CP484893","CP268343","CP111179","CP443657","CP111179","CP484893","CP268343",4,TRUE,TRUE,TRUE,TRUE
25,380331,"CP442733","CP485030","CP267379","CP110277","CP442733","CP110277","CP485030","CP267379",4,TRUE,TRUE,TRUE,TRUE
25,380340,"CP443254","CP485682","CP268291","CP110344","CP443254","CP110344","CP485682","CP268291",4,TRUE,TRUE,TRUE,TRUE
25,380429,"CP442355","CP485121","CP267546","CP110278","CP442355","CP110278","CP485121","CP267546",4,TRUE,TRUE,TRUE,TRUE
25,380596,"CP442361","CP485229","CP267646","CP110281","CP442361","CP110281","CP485229","CP267646",4,TRUE,TRUE,TRUE,TRUE
25,380689,"CP443205","CP485834","CP268349","CP110367","CP443205","CP110367","CP485834","CP268349",4,TRUE,TRUE,TRUE,TRUE
25,380806,"CP442164","CP485231","CP267380","CP110213","CP442164","CP110213","CP485231","CP267380",4,TRUE,TRUE,TRUE,TRUE
25,380946,"CP444362","CP486446","CP268735","CP111588","CP444362","CP111588","CP486446","CP268735",4,TRUE,TRUE,TRUE,TRUE
25,380990,"CP444309","CP486331","CP268799","CP111579","CP444309","CP111579","CP486331","CP268799",4,TRUE,TRUE,TRUE,TRUE
25,381125,"CP444606","CP486531","CP268790","CP111671","CP444606","CP111671","CP486531","CP268790",4,TRUE,TRUE,TRUE,TRUE
25,381154,"CP443083","CP485784","CP267974","CP110369","CP443083","CP110369","CP485784","CP267974",4,TRUE,TRUE,TRUE,TRUE
25,381311,"CP444322","CP486448","CP268748","CP111672","CP444322","CP111672","CP486448","CP268748",4,TRUE,TRUE,TRUE,TRUE
25,381426,"CP444532","CP486562","CP268797","CP111961","CP444532","CP111961","CP486562","CP268797",4,TRUE,TRUE,TRUE,TRUE
25,381442,"CP444371","CP486537","CP268764","CP111698","CP444371","CP111698","CP486537","CP268764",4,TRUE,TRUE,TRUE,TRUE
25,381533,"CP442743","CP485130","CP267653","CP110283","CP442743","CP110283","CP485130","CP267653",4,TRUE,TRUE,TRUE,TRUE
25,381559,"CP444689","CP486558","CP268804","CP111964","CP444689","CP111964","CP486558","CP268804",4,TRUE,TRUE,TRUE,TRUE
25,381679,"CP444576","CP486540","CP268786","CP111673","CP444576","CP111673","CP486540","CP268786",4,TRUE,TRUE,TRUE,TRUE
25,381751,"CP444617","CP486472","CP268737","CP111613","CP444617","CP111613","CP486472","CP268737",4,TRUE,TRUE,TRUE,TRUE
25,381784,"CP444533","CP486559","CP268765","CP111702","CP444533","CP111702","CP486559","CP268765",4,TRUE,TRUE,TRUE,TRUE
25,381807,"CP444433","CP486541","CP268711","CP111675","CP444433","CP111675","CP486541","CP268711",4,TRUE,TRUE,TRUE,TRUE
25,381918,"CP442387","CP485719","CP267656","CP110287","CP442387","CP110287","CP485719","CP267656",4,TRUE,TRUE,TRUE,TRUE
25,381938,"CP444638","CP486512","CP268738","CP111594","CP444638","CP111594","CP486512","CP268738",4,TRUE,TRUE,TRUE,TRUE
25,381948,"CP444619","CP486538","CP268787","CP111699","CP444619","CP111699","CP486538","CP268787",4,TRUE,TRUE,TRUE,TRUE
25,381970,"CP444697","CP486557","CP268805","CP111700","CP444697","CP111700","CP486557","CP268805",4,TRUE,TRUE,TRUE,TRUE
25,381989,"CP444676","CP486520","CP268788","CP111649","CP444676","CP111649","CP486520","CP268788",4,TRUE,TRUE,TRUE,TRUE
25,382012,"CP444711","CP486513","CP268776","CP111676","CP444711","CP111676","CP486513","CP268776",4,TRUE,TRUE,TRUE,TRUE
25,382028,"CP444620","CP486452","CP268749","CP111677","CP444620","CP111677","CP486452","CP268749",4,TRUE,TRUE,TRUE,TRUE
25,382034,"CP443098","CP485720","CP268198","CP110350","CP443098","CP110350","CP485720","CP268198",4,TRUE,TRUE,TRUE,TRUE
25,382209,"CP444639","CP486521","CP268812","CP111651","CP444639","CP111651","CP486521","CP268812",4,TRUE,TRUE,TRUE,TRUE
25,382225,"CP444477","CP486439","CP268781","CP111595","CP444477","CP111595","CP486439","CP268781",4,TRUE,TRUE,TRUE,TRUE
25,382313,"CP442931","CP485563","CP268113","CP110351","CP442931","CP110351","CP485563","CP268113",4,TRUE,TRUE,TRUE,TRUE
25,382542,"CP444800","CP486608","CP268839","CP111972","CP444800","CP111972","CP486608","CP268839",4,TRUE,TRUE,TRUE,TRUE
25,382638,"CP444482","CP486475","CP268766","CP111654","CP444482","CP111654","CP486475","CP268766",4,TRUE,TRUE,TRUE,TRUE
25,382656,"CP444654","CP486524","CP268791","CP111685","CP444654","CP111685","CP486524","CP268791",4,TRUE,TRUE,TRUE,TRUE
25,382667,"CP444641","CP486528","CP268792","CP111686","CP444641","CP111686","CP486528","CP268792",4,TRUE,TRUE,TRUE,TRUE
25,382685,"CP444542","CP486484","CP268754","CP111687","CP444542","CP111687","CP486484","CP268754",4,TRUE,TRUE,TRUE,TRUE
25,383040,"CP444648","CP486486","CP268768","CP111656","CP444648","CP111656","CP486486","CP268768",4,TRUE,TRUE,TRUE,TRUE
25,383063,"CP444666","CP486542","CP268782","CP111691","CP444666","CP111691","CP486542","CP268782",4,TRUE,TRUE,TRUE,TRUE
25,383083,"CP444611","CP486499","CP268755","CP111692","CP444611","CP111692","CP486499","CP268755",4,TRUE,TRUE,TRUE,TRUE
25,383096,"CP444544","CP486459","CP268723","CP111693","CP444544","CP111693","CP486459","CP268723",4,TRUE,TRUE,TRUE,TRUE
25,383406,"CP444642","CP486502","CP268756","CP111696","CP444642","CP111696","CP486502","CP268756",4,TRUE,TRUE,TRUE,TRUE
25,383418,"CP444488","CP486462","CP268725","CP111607","CP444488","CP111607","CP486462","CP268725",4,TRUE,TRUE,TRUE,TRUE
25,384670,"CP442217","CP485065","CP267456","CP110217","CP442217","CP110217","CP485065","CP267456",4,TRUE,TRUE,TRUE,TRUE
25,373968,"CP444497","CP486505","CP268793","CP111658","CP444497","CP111658","CP486505","CP268793",4,TRUE,TRUE,TRUE,TRUE
25,373980,"CP444498","CP486506","CP268769","CP111628","CP444498","CP111628","CP486506","CP268769",4,TRUE,TRUE,TRUE,TRUE
25,373989,"CP444378","CP486465","CP268758","CP111614","CP444378","CP111614","CP486465","CP268758",4,TRUE,TRUE,TRUE,TRUE
25,374229,"CP444556","CP486517","CP268770","CP111659","CP444556","CP111659","CP486517","CP268770",4,TRUE,TRUE,TRUE,TRUE
25,374241,"CP444557","CP486494","CP268771","CP111660","CP444557","CP111660","CP486494","CP268771",4,TRUE,TRUE,TRUE,TRUE
25,374252,"CP444500","CP486466","CP268760","CP111630","CP444500","CP111630","CP486466","CP268760",4,TRUE,TRUE,TRUE,TRUE
25,374265,"CP444380","CP486441","CP268761","CP111631","CP444380","CP111631","CP486441","CP268761",4,TRUE,TRUE,TRUE,TRUE
25,374405,"CP444595","CP486507","CP268772","CP111632","CP444595","CP111632","CP486507","CP268772",4,TRUE,TRUE,TRUE,TRUE
25,374414,"CP444558","CP486442","CP268762","CP111633","CP444558","CP111633","CP486442","CP268762",4,TRUE,TRUE,TRUE,TRUE
25,374468,"CP444381","CP486508","CP268743","CP111661","CP444381","CP111661","CP486508","CP268743",4,TRUE,TRUE,TRUE,TRUE
25,374542,"CP444503","CP486435","CP268763","CP111635","CP444503","CP111635","CP486435","CP268763",4,TRUE,TRUE,TRUE,TRUE
25,374548,"CP444596","CP486467","CP268773","CP111663","CP444596","CP111663","CP486467","CP268773",4,TRUE,TRUE,TRUE,TRUE
26,402958,"CP449757","CP490385","CP273161","CP113484","CP449757","CP113484","CP490385","CP273161",4,TRUE,TRUE,TRUE,TRUE
26,388232,"CP454564","CP490708","CP274746","CP114106","CP454564","CP114106","CP490708","CP274746",4,TRUE,TRUE,TRUE,TRUE
26,398459,"CP451235","CP490834","CP273392","CP113440","CP451235","CP113440","CP490834","CP273392",4,TRUE,TRUE,TRUE,TRUE
26,399526,"CP455481","CP493066","CP275379","CP114891","CP455481","CP114891","CP493066","CP275379",4,TRUE,TRUE,TRUE,TRUE
26,403092,"CP450218","CP491240","CP273209","CP113306","CP450218","CP113306","CP491240","CP273209",4,TRUE,TRUE,TRUE,TRUE
26,404736,"CP454165","CP491218","CP274504","CP114239","CP454165","CP114239","CP491218","CP274504",4,TRUE,TRUE,TRUE,TRUE
26,404924,"CP455325","CP492993","CP275228","CP114880","CP455325","CP114880","CP492993","CP275228",4,TRUE,TRUE,TRUE,TRUE
26,405647,"CP454670","CP491940","CP274764","CP114590","CP454670","CP114590","CP491940","CP274764",4,TRUE,TRUE,TRUE,TRUE
26,386589,"CP450535","CP490464","CP273450","CP113358","CP450535","CP113358","CP490464","CP273450",4,TRUE,TRUE,TRUE,TRUE
26,387432,"CP450986","CP490823","CP273826","CP113497","CP450986","CP113497","CP490823","CP273826",4,TRUE,TRUE,TRUE,TRUE
26,387543,"CP451353","CP490835","CP273494","CP113485","CP451353","CP113485","CP490835","CP273494",4,TRUE,TRUE,TRUE,TRUE
26,388321,"CP450232","CP490465","CP272573","CP113307","CP450232","CP113307","CP490465","CP272573",4,TRUE,TRUE,TRUE,TRUE
26,388332,"CP455076","CP492488","CP274960","CP114815","CP455076","CP114815","CP492488","CP274960",4,TRUE,TRUE,TRUE,TRUE
26,388800,"CP450987","CP491238","CP273044","CP113511","CP450987","CP113511","CP491238","CP273044",4,TRUE,TRUE,TRUE,TRUE
26,388955,"CP449770","CP490178","CP272928","CP113169","CP449770","CP113169","CP490178","CP272928",4,TRUE,TRUE,TRUE,TRUE
26,389288,"CP450988","CP491230","CP273755","CP113368","CP450988","CP113368","CP491230","CP273755",4,TRUE,TRUE,TRUE,TRUE
26,389543,"CP450355","CP490454","CP273291","CP113213","CP450355","CP113213","CP490454","CP273291",4,TRUE,TRUE,TRUE,TRUE
26,390799,"CP449272","CP490180","CP272324","CP113214","CP449272","CP113214","CP490180","CP272324",4,TRUE,TRUE,TRUE,TRUE
26,391088,"CP455091","CP492497","CP274996","CP114824","CP455091","CP114824","CP492497","CP274996",4,TRUE,TRUE,TRUE,TRUE
26,391332,"CP455666","CP493512","CP275523","CP114914","CP455666","CP114914","CP493512","CP275523",4,TRUE,TRUE,TRUE,TRUE
26,391865,"CP456523","CP494864","CP276476","CP115190","CP456523","CP115190","CP494864","CP276476",4,TRUE,TRUE,TRUE,TRUE
26,393821,"CP455631","CP493719","CP275531","CP114905","CP455631","CP114905","CP493719","CP275531",4,TRUE,TRUE,TRUE,TRUE
26,394754,"CP456299","CP494664","CP276187","CP115062","CP456299","CP115062","CP494664","CP276187",4,TRUE,TRUE,TRUE,TRUE
26,397355,"CP456559","CP494880","CP276470","CP115191","CP456559","CP115191","CP494880","CP276470",4,TRUE,TRUE,TRUE,TRUE
26,397405,"CP455679","CP496332","CP275563","CP114904","CP455679","CP114904","CP496332","CP275563",4,TRUE,TRUE,TRUE,TRUE
26,397433,"CP455674","CP493542","CP275538","CP114915","CP455674","CP114915","CP493542","CP275538",4,TRUE,TRUE,TRUE,TRUE
26,397572,"CP455974","CP494262","CP275939","CP115012","CP455974","CP115012","CP494262","CP275939",4,TRUE,TRUE,TRUE,TRUE
26,397673,"CP454835","CP492160","CP274825","CP114618","CP454835","CP114618","CP492160","CP274825",4,TRUE,TRUE,TRUE,TRUE
26,397713,"CP457179","CP495337","CP277031","CP115581","CP457179","CP115581","CP495337","CP277031",4,TRUE,TRUE,TRUE,TRUE
26,397924,"CP455760","CP493659","CP275641","CP114962","CP455760","CP114962","CP493659","CP275641",4,TRUE,TRUE,TRUE,TRUE
26,397975,"CP455997","CP494241","CP276016","CP115014","CP455997","CP115014","CP494241","CP276016",4,TRUE,TRUE,TRUE,TRUE
26,397976,"CP455647","CP493501","CP275544","CP114908","CP455647","CP114908","CP493501","CP275544",4,TRUE,TRUE,TRUE,TRUE
26,398239,"CP450849","CP490748","CP273319","CP113369","CP450849","CP113369","CP490748","CP273319",4,TRUE,TRUE,TRUE,TRUE
26,398282,"CP450996","CP490776","CP273467","CP113370","CP450996","CP113370","CP490776","CP273467",4,TRUE,TRUE,TRUE,TRUE
26,398354,"CP456156","CP494378","CP276037","CP115030","CP456156","CP115030","CP494378","CP276037",4,TRUE,TRUE,TRUE,TRUE
26,398394,"CP456422","CP494810","CP276381","CP115098","CP456422","CP115098","CP494810","CP276381",4,TRUE,TRUE,TRUE,TRUE
26,398539,"CP457391","CP495457","CP277249","CP115897","CP457391","CP115897","CP495457","CP277249",4,TRUE,TRUE,TRUE,TRUE
26,398556,"CP457386","CP495497","CP277336","CP115898","CP457386","CP115898","CP495497","CP277336",4,TRUE,TRUE,TRUE,TRUE
26,398575,"CP456585","CP494872","CP276486","CP115192","CP456585","CP115192","CP494872","CP276486",4,TRUE,TRUE,TRUE,TRUE
26,398664,"CP455089","CP492469","CP274988","CP114816","CP455089","CP114816","CP492469","CP274988",4,TRUE,TRUE,TRUE,TRUE
26,398668,"CP450829","CP491170","CP273423","CP113487","CP450829","CP113487","CP491170","CP273423",4,TRUE,TRUE,TRUE,TRUE
26,398917,"CP456924","CP495162","CP276782","CP115337","CP456924","CP115337","CP495162","CP276782",4,TRUE,TRUE,TRUE,TRUE
26,399044,"CP456844","CP495123","CP276777","CP115334","CP456844","CP115334","CP495123","CP276777",4,TRUE,TRUE,TRUE,TRUE
26,399090,"CP451010","CP491079","CP273716","CP113672","CP451010","CP113672","CP491079","CP273716",4,TRUE,TRUE,TRUE,TRUE
26,399127,"CP455452","CP493000","CP275297","CP114884","CP455452","CP114884","CP493000","CP275297",4,TRUE,TRUE,TRUE,TRUE
26,399128,"CP454911","CP492567","CP274898","CP114814","CP454911","CP114814","CP492567","CP274898",4,TRUE,TRUE,TRUE,TRUE
26,399160,"CP454970","CP492340","CP274888","CP114796","CP454970","CP114796","CP492340","CP274888",4,TRUE,TRUE,TRUE,TRUE
26,399567,"CP456190","CP494400","CP276060","CP115031","CP456190","CP115031","CP494400","CP276060",4,TRUE,TRUE,TRUE,TRUE
26,399896,"CP456676","CP494911","CP276877","CP115478","CP456676","CP115478","CP494911","CP276877",4,TRUE,TRUE,TRUE,TRUE
26,399924,"CP456603","CP494888","CP276503","CP115272","CP456603","CP115272","CP494888","CP276503",4,TRUE,TRUE,TRUE,TRUE
26,400409,"CP452992","CP491192","CP274084","CP113684","CP452992","CP113684","CP491192","CP274084",4,TRUE,TRUE,TRUE,TRUE
26,400555,"CP454534","CP491817","CP274732","CP114569","CP454534","CP114569","CP491817","CP274732",4,TRUE,TRUE,TRUE,TRUE
26,400691,"CP453349","CP491029","CP274266","CP113959","CP453349","CP113959","CP491029","CP274266",4,TRUE,TRUE,TRUE,TRUE
26,400717,"CP456526","CP494869","CP276457","CP115198","CP456526","CP115198","CP494869","CP276457",4,TRUE,TRUE,TRUE,TRUE
26,400782,"CP455998","CP494011","CP275896","CP115013","CP455998","CP115013","CP494011","CP275896",4,TRUE,TRUE,TRUE,TRUE
26,400802,"CP454189","CP491741","CP274524","CP114200","CP454189","CP114200","CP491741","CP274524",4,TRUE,TRUE,TRUE,TRUE
26,401154,"CP450465","CP490473","CP273257","CP113480","CP450465","CP113480","CP490473","CP273257",4,TRUE,TRUE,TRUE,TRUE
26,401261,"CP456337","CP494685","CP276305","CP115060","CP456337","CP115060","CP494685","CP276305",4,TRUE,TRUE,TRUE,TRUE
26,401263,"CP456660","CP495035","CP276559","CP115281","CP456660","CP115281","CP495035","CP276559",4,TRUE,TRUE,TRUE,TRUE
26,401361,"CP455986","CP494094","CP275871","CP114988","CP455986","CP114988","CP494094","CP275871",4,TRUE,TRUE,TRUE,TRUE
26,401551,"CP455606","CP493312","CP275473","CP114903","CP455606","CP114903","CP493312","CP275473",4,TRUE,TRUE,TRUE,TRUE
26,402276,"CP455539","CP493161","CP275411","CP114895","CP455539","CP114895","CP493161","CP275411",4,TRUE,TRUE,TRUE,TRUE
26,402371,"CP456041","CP494265","CP275987","CP115003","CP456041","CP115003","CP494265","CP275987",4,TRUE,TRUE,TRUE,TRUE
26,402521,"CP451071","CP490651","CP273498","CP113448","CP451071","CP113448","CP490651","CP273498",4,TRUE,TRUE,TRUE,TRUE
26,402530,"CP455312","CP493020","CP275269","CP114886","CP455312","CP114886","CP493020","CP275269",4,TRUE,TRUE,TRUE,TRUE
26,402559,"CP455302","CP492932","CP275180","CP114878","CP455302","CP114878","CP492932","CP275180",4,TRUE,TRUE,TRUE,TRUE
26,402684,"CP454999","CP492341","CP275051","CP114825","CP454999","CP114825","CP492341","CP275051",4,TRUE,TRUE,TRUE,TRUE
26,402728,"CP454985","CP492325","CP274919","CP114807","CP454985","CP114807","CP492325","CP274919",4,TRUE,TRUE,TRUE,TRUE
26,402985,"CP454788","CP492056","CP274804","CP114608","CP454788","CP114608","CP492056","CP274804",4,TRUE,TRUE,TRUE,TRUE
26,402989,"CP453441","CP491201","CP274259","CP114136","CP453441","CP114136","CP491201","CP274259",4,TRUE,TRUE,TRUE,TRUE
26,403019,"CP454414","CP491831","CP274697","CP114571","CP454414","CP114571","CP491831","CP274697",4,TRUE,TRUE,TRUE,TRUE
26,403084,"CP450472","CP490618","CP273173","CP113503","CP450472","CP113503","CP490618","CP273173",4,TRUE,TRUE,TRUE,TRUE
26,403088,"CP454698","CP491968","CP274775","CP114598","CP454698","CP114598","CP491968","CP274775",4,TRUE,TRUE,TRUE,TRUE
26,403089,"CP455260","CP492820","CP275118","CP114864","CP455260","CP114864","CP492820","CP275118",4,TRUE,TRUE,TRUE,TRUE
26,403123,"CP449923","CP490567","CP272508","CP113495","CP449923","CP113495","CP490567","CP272508",4,TRUE,TRUE,TRUE,TRUE
26,403132,"CP455257","CP492808","CP275104","CP114860","CP455257","CP114860","CP492808","CP275104",4,TRUE,TRUE,TRUE,TRUE
26,403200,"CP450405","CP490661","CP273570","CP113651","CP450405","CP113651","CP490661","CP273570",4,TRUE,TRUE,TRUE,TRUE
26,403245,"CP456385","CP494782","CP276343","CP115109","CP456385","CP115109","CP494782","CP276343",4,TRUE,TRUE,TRUE,TRUE
26,403283,"CP456386","CP494726","CP276344","CP115261","CP456386","CP115261","CP494726","CP276344",4,TRUE,TRUE,TRUE,TRUE
26,403511,"CP452700","CP490819","CP273969","CP113792","CP452700","CP113792","CP490819","CP273969",4,TRUE,TRUE,TRUE,TRUE
26,403600,"CP455035","CP492424","CP274946","CP114813","CP455035","CP114813","CP492424","CP274946",4,TRUE,TRUE,TRUE,TRUE
26,403622,"CP450501","CP490517","CP273107","CP113227","CP450501","CP113227","CP490517","CP273107",4,TRUE,TRUE,TRUE,TRUE
26,403723,"CP452815","CP491210","CP274012","CP113749","CP452815","CP113749","CP491210","CP274012",4,TRUE,TRUE,TRUE,TRUE
26,403766,"CP455288","CP492882","CP275174","CP114867","CP455288","CP114867","CP492882","CP275174",4,TRUE,TRUE,TRUE,TRUE
26,403955,"CP454861","CP492183","CP274841","CP114620","CP454861","CP114620","CP492183","CP274841",4,TRUE,TRUE,TRUE,TRUE
26,403985,"CP454862","CP492177","CP274835","CP114817","CP454862","CP114817","CP492177","CP274835",4,TRUE,TRUE,TRUE,TRUE
26,403995,"CP455778","CP493651","CP275673","CP114963","CP455778","CP114963","CP493651","CP275673",4,TRUE,TRUE,TRUE,TRUE
26,404011,"CP451479","CP490404","CP273475","CP113568","CP451479","CP113568","CP490404","CP273475",4,TRUE,TRUE,TRUE,TRUE
26,404021,"CP455768","CP493650","CP275664","CP114954","CP455768","CP114954","CP493650","CP275664",4,TRUE,TRUE,TRUE,TRUE
26,404051,"CP455745","CP493645","CP275635","CP114944","CP455745","CP114944","CP493645","CP275635",4,TRUE,TRUE,TRUE,TRUE
26,404097,"CP454590","CP491898","CP274977","CP114584","CP454590","CP114584","CP491898","CP274977",4,TRUE,TRUE,TRUE,TRUE
26,404099,"CP454716","CP492296","CP274981","CP114622","CP454716","CP114622","CP492296","CP274981",4,TRUE,TRUE,TRUE,TRUE
26,404144,"CP454721","CP492170","CP274824","CP114621","CP454721","CP114621","CP492170","CP274824",4,TRUE,TRUE,TRUE,TRUE
26,404179,"CP454498","CP491859","CP274725","CP114572","CP454498","CP114572","CP491859","CP274725",4,TRUE,TRUE,TRUE,TRUE
26,404570,"CP454658","CP491934","CP274757","CP114592","CP454658","CP114592","CP491934","CP274757",4,TRUE,TRUE,TRUE,TRUE
26,404682,"CP449896","CP490292","CP272963","CP113761","CP449896","CP113761","CP490292","CP272963",4,TRUE,TRUE,TRUE,TRUE
26,404753,"CP454948","CP492312","CP274910","CP114808","CP454948","CP114808","CP492312","CP274910",4,TRUE,TRUE,TRUE,TRUE
26,404754,"CP454090","CP491551","CP274538","CP114218","CP454090","CP114218","CP491551","CP274538",4,TRUE,TRUE,TRUE,TRUE
26,404837,"CP449333","CP489910","CP272382","CP113455","CP449333","CP113455","CP489910","CP272382",4,TRUE,TRUE,TRUE,TRUE
26,404859,"CP454485","CP491897","CP274720","CP114583","CP454485","CP114583","CP491897","CP274720",4,TRUE,TRUE,TRUE,TRUE
26,404882,"CP452892","CP491089","CP273979","CP114014","CP452892","CP114014","CP491089","CP273979",4,TRUE,TRUE,TRUE,TRUE
26,405124,"CP455845","CP493814","CP275818","CP114974","CP455845","CP114974","CP493814","CP275818",4,TRUE,TRUE,TRUE,TRUE
26,405183,"CP455753","CP493634","CP275666","CP114946","CP455753","CP114946","CP493634","CP275666",4,TRUE,TRUE,TRUE,TRUE
26,405230,"CP455444","CP492964","CP275290","CP114882","CP455444","CP114882","CP492964","CP275290",4,TRUE,TRUE,TRUE,TRUE
26,405422,"CP454742","CP491994","CP274786","CP114602","CP454742","CP114602","CP491994","CP274786",4,TRUE,TRUE,TRUE,TRUE
26,405532,"CP453700","CP491685","CP274471","CP114254","CP453700","CP114254","CP491685","CP274471",4,TRUE,TRUE,TRUE,TRUE
26,405603,"CP454399","CP491812","CP274677","CP114559","CP454399","CP114559","CP491812","CP274677",4,TRUE,TRUE,TRUE,TRUE
26,405628,"CP454341","CP491803","CP274653","CP114560","CP454341","CP114560","CP491803","CP274653",4,TRUE,TRUE,TRUE,TRUE
26,405664,"CP454308","CP491746","CP274624","CP114534","CP454308","CP114534","CP491746","CP274624",4,TRUE,TRUE,TRUE,TRUE
26,405674,"CP455810","CP493756","CP275710","CP114966","CP455810","CP114966","CP493756","CP275710",4,TRUE,TRUE,TRUE,TRUE
26,405737,"CP455796","CP493736","CP275688","CP114956","CP455796","CP114956","CP493736","CP275688",4,TRUE,TRUE,TRUE,TRUE
26,405823,"CP455918","CP493896","CP275779","CP114980","CP455918","CP114980","CP493896","CP275779",4,TRUE,TRUE,TRUE,TRUE
26,405851,"CP455881","CP493893","CP275760","CP114975","CP455881","CP114975","CP493893","CP275760",4,TRUE,TRUE,TRUE,TRUE
26,405906,"CP454986","CP492322","CP274865","CP114791","CP454986","CP114791","CP492322","CP274865",4,TRUE,TRUE,TRUE,TRUE
26,405949,"CP455210","CP492748","CP275088","CP114855","CP455210","CP114855","CP492748","CP275088",4,TRUE,TRUE,TRUE,TRUE
26,405950,"CP454752","CP491998","CP274820","CP114605","CP454752","CP114605","CP491998","CP274820",4,TRUE,TRUE,TRUE,TRUE
26,405982,"CP454744","CP491988","CP274792","CP114603","CP454744","CP114603","CP491988","CP274792",4,TRUE,TRUE,TRUE,TRUE
26,406001,"CP455191","CP492710","CP275064","CP114844","CP455191","CP114844","CP492710","CP275064",4,TRUE,TRUE,TRUE,TRUE
26,406003,"CP454745","CP491989","CP274787","CP114600","CP454745","CP114600","CP491989","CP274787",4,TRUE,TRUE,TRUE,TRUE
26,386580,"CP455308","CP492879","CP275175","CP114871","CP455308","CP114871","CP492879","CP275175",4,TRUE,TRUE,TRUE,TRUE
26,386648,"CP454812","CP492139","CP274816","CP114619","CP454812","CP114619","CP492139","CP274816",4,TRUE,TRUE,TRUE,TRUE
26,386684,"CP455154","CP492740","CP275089","CP114818","CP455154","CP114818","CP492740","CP275089",4,TRUE,TRUE,TRUE,TRUE
26,386709,"CP455015","CP492261","CP274903","CP114806","CP455015","CP114806","CP492261","CP274903",4,TRUE,TRUE,TRUE,TRUE
26,386834,"CP454159","CP491687","CP274497","CP114269","CP454159","CP114269","CP491687","CP274497",4,TRUE,TRUE,TRUE,TRUE
26,386838,"CP455702","CP493588","CP275592","CP114926","CP455702","CP114926","CP493588","CP275592",4,TRUE,TRUE,TRUE,TRUE
26,386983,"CP455181","CP492730","CP275061","CP114852","CP455181","CP114852","CP492730","CP275061",4,TRUE,TRUE,TRUE,TRUE
26,387013,"CP455740","CP493610","CP275638","CP114965","CP455740","CP114965","CP493610","CP275638",4,TRUE,TRUE,TRUE,TRUE
26,387037,"CP455747","CP493626","CP275614","CP114929","CP455747","CP114929","CP493626","CP275614",4,TRUE,TRUE,TRUE,TRUE
26,387218,"CP454106","CP491669","CP274498","CP114203","CP454106","CP114203","CP491669","CP274498",4,TRUE,TRUE,TRUE,TRUE
26,387243,"CP454004","CP491641","CP274441","CP114118","CP454004","CP114118","CP491641","CP274441",4,TRUE,TRUE,TRUE,TRUE
26,387319,"CP451970","CP490475","CP273763","CP113854","CP451970","CP113854","CP490475","CP273763",4,TRUE,TRUE,TRUE,TRUE
26,387568,"CP454574","CP491873","CP274734","CP114575","CP454574","CP114575","CP491873","CP274734",4,TRUE,TRUE,TRUE,TRUE
26,387792,"CP451147","CP490705","CP273575","CP113705","CP451147","CP113705","CP490705","CP273575",4,TRUE,TRUE,TRUE,TRUE
26,387845,"CP455772","CP493630","CP275658","CP114958","CP455772","CP114958","CP493630","CP275658",4,TRUE,TRUE,TRUE,TRUE
26,387990,"CP455856","CP493834","CP275754","CP114971","CP455856","CP114971","CP493834","CP275754",4,TRUE,TRUE,TRUE,TRUE
26,388013,"CP454142","CP491587","CP274519","CP114204","CP454142","CP114204","CP491587","CP274519",4,TRUE,TRUE,TRUE,TRUE
26,388170,"CP454313","CP491798","CP274654","CP114562","CP454313","CP114562","CP491798","CP274654",4,TRUE,TRUE,TRUE,TRUE
26,388941,"CP455186","CP492695","CP275045","CP114839","CP455186","CP114839","CP492695","CP275045",4,TRUE,TRUE,TRUE,TRUE
26,389182,"CP453879","CP491317","CP274374","CP114187","CP453879","CP114187","CP491317","CP274374",4,TRUE,TRUE,TRUE,TRUE
26,389214,"CP452758","CP490161","CP273059","CP113263","CP452758","CP113263","CP490161","CP273059",4,TRUE,TRUE,TRUE,TRUE
26,389604,"CP455238","CP492756","CP275093","CP114859","CP455238","CP114859","CP492756","CP275093",4,TRUE,TRUE,TRUE,TRUE
26,389889,"CP450019","CP490244","CP272984","CP113349","CP450019","CP113349","CP490244","CP272984",4,TRUE,TRUE,TRUE,TRUE
26,390986,"CP453896","CP491618","CP274480","CP114169","CP453896","CP114169","CP491618","CP274480",4,TRUE,TRUE,TRUE,TRUE
26,391000,"CP454030","CP491578","CP274454","CP114128","CP454030","CP114128","CP491578","CP274454",4,TRUE,TRUE,TRUE,TRUE
26,391208,"CP454031","CP491645","CP274416","CP114170","CP454031","CP114170","CP491645","CP274416",4,TRUE,TRUE,TRUE,TRUE
26,391391,"CP451497","CP490641","CP273559","CP113606","CP451497","CP113606","CP490641","CP273559",4,TRUE,TRUE,TRUE,TRUE
26,391670,"CP453905","CP491648","CP274457","CP114173","CP453905","CP114173","CP491648","CP274457",4,TRUE,TRUE,TRUE,TRUE
26,391687,"CP454115","CP491649","CP274486","CP114210","CP454115","CP114210","CP491649","CP274486",4,TRUE,TRUE,TRUE,TRUE
26,391705,"CP453906","CP491627","CP274398","CP114130","CP453906","CP114130","CP491627","CP274398",4,TRUE,TRUE,TRUE,TRUE
26,394099,"CP453752","CP491633","CP274421","CP114178","CP453752","CP114178","CP491633","CP274421",4,TRUE,TRUE,TRUE,TRUE
26,394295,"CP453928","CP491616","CP274460","CP114148","CP453928","CP114148","CP491616","CP274460",4,TRUE,TRUE,TRUE,TRUE
26,394544,"CP453758","CP491628","CP274368","CP114131","CP453758","CP114131","CP491628","CP274368",4,TRUE,TRUE,TRUE,TRUE
27,419416,"CP460282","CP498920","CP280205","CP118203","CP460282","CP118203","CP498920","CP280205",4,TRUE,TRUE,TRUE,TRUE
27,422293,"CP464543","CP500449","CP281649","CP119205","CP464543","CP119205","CP500449","CP281649",4,TRUE,TRUE,TRUE,TRUE
27,422481,"CP464567","CP500440","CP281633","CP119021","CP464567","CP119021","CP500440","CP281633",4,TRUE,TRUE,TRUE,TRUE
27,424615,"CP463948","CP500035","CP281968","CP118875","CP463948","CP118875","CP500035","CP281968",4,TRUE,TRUE,TRUE,TRUE
27,407548,"CP465508","CP501022","CP281939","CP119486","CP465508","CP119486","CP501022","CP281939",4,TRUE,TRUE,TRUE,TRUE
27,412036,"CP465755","CP501290","CP282164","CP119766","CP465755","CP119766","CP501290","CP282164",4,TRUE,TRUE,TRUE,TRUE
27,416126,"CP466069","CP501564","CP282423","CP120099","CP466069","CP120099","CP501564","CP282423",4,TRUE,TRUE,TRUE,TRUE
27,416661,"CP466557","CP502018","CP282932","CP120558","CP466557","CP120558","CP502018","CP282932",4,TRUE,TRUE,TRUE,TRUE
27,416757,"CP466166","CP501657","CP282465","CP120163","CP466166","CP120163","CP501657","CP282465",4,TRUE,TRUE,TRUE,TRUE
27,416913,"CP467179","CP502307","CP283724","CP121206","CP467179","CP121206","CP502307","CP283724",4,TRUE,TRUE,TRUE,TRUE
27,417027,"CP467743","CP502559","CP284347","CP122384","CP467743","CP122384","CP502559","CP284347",4,TRUE,TRUE,TRUE,TRUE
27,417739,"CP468001","CP503025","CP284564","CP122640","CP468001","CP122640","CP503025","CP284564",4,TRUE,TRUE,TRUE,TRUE
27,418009,"CP466505","CP502015","CP282934","CP120771","CP466505","CP120771","CP502015","CP282934",4,TRUE,TRUE,TRUE,TRUE
27,418033,"CP466470","CP501873","CP282831","CP120538","CP466470","CP120538","CP501873","CP282831",4,TRUE,TRUE,TRUE,TRUE
27,422092,"CP466126","CP501570","CP282443","CP120172","CP466126","CP120172","CP501570","CP282443",4,TRUE,TRUE,TRUE,TRUE
27,422850,"CP460045","CP498465","CP279697","CP118054","CP460045","CP118054","CP498465","CP279697",4,TRUE,TRUE,TRUE,TRUE
27,406243,"CP459884","CP498475","CP279595","CP118055","CP459884","CP118055","CP498475","CP279595",4,TRUE,TRUE,TRUE,TRUE
28,446687,"CP478102","CP520086","CP290561","CP126177","CP478102","CP126177","CP520086","CP290561",4,TRUE,TRUE,TRUE,TRUE
28,428248,"CP479175","CP521192","CP291178","CP126536","CP479175","CP126536","CP521192","CP291178",4,TRUE,TRUE,TRUE,TRUE
28,432115,"CP483755","CP523609","CP292987","CP128217","CP483755","CP128217","CP523609","CP292987",4,TRUE,TRUE,TRUE,TRUE
28,432782,"CP483905","CP520170","CP290567","CP126242","CP483905","CP126242","CP520170","CP290567",4,TRUE,TRUE,TRUE,TRUE
28,437638,"CP488386","CP528454","CP295842","CP128439","CP488386","CP128439","CP528454","CP295842",4,TRUE,TRUE,TRUE,TRUE
28,442639,"CP489308","CP529431","CP296539","CP128943","CP489308","CP128943","CP529431","CP296539",4,TRUE,TRUE,TRUE,TRUE
28,442762,"CP478897","CP520753","CP290956","CP126457","CP478897","CP126457","CP520753","CP290956",4,TRUE,TRUE,TRUE,TRUE
28,442914,"CP487676","CP527748","CP295142","CP128394","CP487676","CP128394","CP527748","CP295142",4,TRUE,TRUE,TRUE,TRUE
28,442930,"CP478331","CP520097","CP290577","CP126144","CP478331","CP126144","CP520097","CP290577",4,TRUE,TRUE,TRUE,TRUE
28,443213,"CP489525","CP529557","CP296756","CP129196","CP489525","CP129196","CP529557","CP296756",4,TRUE,TRUE,TRUE,TRUE
28,443714,"CP489380","CP531147","CP297815","CP129200","CP489380","CP129200","CP531147","CP297815",4,TRUE,TRUE,TRUE,TRUE
28,444064,"CP485742","CP525836","CP293961","CP128355","CP485742","CP128355","CP525836","CP293961",4,TRUE,TRUE,TRUE,TRUE
28,444533,"CP485028","CP523727","CP293043","CP128181","CP485028","CP128181","CP523727","CP293043",4,TRUE,TRUE,TRUE,TRUE
28,444649,"CP488706","CP528992","CP296292","CP128929","CP488706","CP128929","CP528992","CP296292",4,TRUE,TRUE,TRUE,TRUE
28,444682,"CP488627","CP528766","CP295780","CP128585","CP488627","CP128585","CP528766","CP295780",4,TRUE,TRUE,TRUE,TRUE
28,445349,"CP483167","CP523522","CP292968","CP128029","CP483167","CP128029","CP523522","CP292968",4,TRUE,TRUE,TRUE,TRUE
28,445537,"CP483856","CP523844","CP293091","CP128190","CP483856","CP128190","CP523844","CP293091",4,TRUE,TRUE,TRUE,TRUE
28,447022,"CP490106","CP530265","CP297556","CP130356","CP490106","CP130356","CP530265","CP297556",4,TRUE,TRUE,TRUE,TRUE
28,448572,"CP479852","CP520864","CP291489","CP126641","CP479852","CP126641","CP520864","CP291489",4,TRUE,TRUE,TRUE,TRUE
28,448819,"CP479685","CP521045","CP291403","CP126279","CP479685","CP126279","CP521045","CP291403",4,TRUE,TRUE,TRUE,TRUE
28,448989,"CP488334","CP528497","CP295423","CP128445","CP488334","CP128445","CP528497","CP295423",4,TRUE,TRUE,TRUE,TRUE
28,449102,"CP478151","CP520061","CP290521","CP125972","CP478151","CP125972","CP520061","CP290521",4,TRUE,TRUE,TRUE,TRUE
28,449374,"CP478707","CP520828","CP291002","CP126333","CP478707","CP126333","CP520828","CP291002",4,TRUE,TRUE,TRUE,TRUE
28,425250,"CP485168","CP524628","CP293548","CP128334","CP485168","CP128334","CP524628","CP293548",4,TRUE,TRUE,TRUE,TRUE
28,426087,"CP479504","CP520732","CP290863","CP126317","CP479504","CP126317","CP520732","CP290863",4,TRUE,TRUE,TRUE,TRUE
28,428428,"CP484834","CP524085","CP293340","CP128250","CP484834","CP128250","CP524085","CP293340",4,TRUE,TRUE,TRUE,TRUE
28,428790,"CP489282","CP529395","CP296346","CP128921","CP489282","CP128921","CP529395","CP296346",4,TRUE,TRUE,TRUE,TRUE
28,429706,"CP480910","CP521655","CP291828","CP126973","CP480910","CP126973","CP521655","CP291828",4,TRUE,TRUE,TRUE,TRUE
28,430368,"CP479303","CP520900","CP291286","CP126357","CP479303","CP126357","CP520900","CP291286",4,TRUE,TRUE,TRUE,TRUE
28,434512,"CP483255","CP523445","CP292930","CP127982","CP483255","CP127982","CP523445","CP292930",4,TRUE,TRUE,TRUE,TRUE
29,452865,"CP494395","CP532671","CP300204","CP131463","CP494395","CP131463","CP532671","CP300204",4,TRUE,TRUE,TRUE,TRUE
29,464622,"CP494359","CP532506","CP300006","CP131352","CP494359","CP131352","CP532506","CP300006",4,TRUE,TRUE,TRUE,TRUE
29,467132,"CP494531","CP532647","CP300210","CP131464","CP494531","CP131464","CP532647","CP300210",4,TRUE,TRUE,TRUE,TRUE
29,467454,"CP492030","CP531638","CP298691","CP131172","CP492030","CP131172","CP531638","CP298691",4,TRUE,TRUE,TRUE,TRUE
29,452466,"CP494486","CP532583","CP300162","CP131365","CP494486","CP131365","CP532583","CP300162",4,TRUE,TRUE,TRUE,TRUE
29,457443,"CP492110","CP533589","CP298828","CP131231","CP492110","CP131231","CP533589","CP298828",4,TRUE,TRUE,TRUE,TRUE
29,457665,"CP491839","CP531528","CP298649","CP131139","CP491839","CP131139","CP531528","CP298649",4,TRUE,TRUE,TRUE,TRUE
29,457898,"CP491950","CP531577","CP298788","CP131078","CP491950","CP131078","CP531577","CP298788",4,TRUE,TRUE,TRUE,TRUE
29,460831,"CP500040","CP536723","CP302486","CP132504","CP500040","CP132504","CP536723","CP302486",4,TRUE,TRUE,TRUE,TRUE
29,462681,"CP500197","CP537009","CP302629","CP132557","CP500197","CP132557","CP537009","CP302629",4,TRUE,TRUE,TRUE,TRUE
29,463107,"CP493106","CP532121","CP298553","CP131233","CP493106","CP131233","CP532121","CP298553",4,TRUE,TRUE,TRUE,TRUE
29,463155,"CP501331","CP538138","CP303658","CP133090","CP501331","CP133090","CP538138","CP303658",4,TRUE,TRUE,TRUE,TRUE
29,463340,"CP500290","CP537171","CP302684","CP132609","CP500290","CP132609","CP537171","CP302684",4,TRUE,TRUE,TRUE,TRUE
29,463494,"CP501352","CP538150","CP303861","CP133160","CP501352","CP133160","CP538150","CP303861",4,TRUE,TRUE,TRUE,TRUE
29,463778,"CP500506","CP537461","CP302834","CP132647","CP500506","CP132647","CP537461","CP302834",4,TRUE,TRUE,TRUE,TRUE
29,464063,"CP501536","CP538242","CP303953","CP133462","CP501536","CP133462","CP538242","CP303953",4,TRUE,TRUE,TRUE,TRUE
29,464555,"CP501423","CP539762","CP305055","CP133463","CP501423","CP133463","CP539762","CP305055",4,TRUE,TRUE,TRUE,TRUE
29,465502,"CP500893","CP537892","CP303514","CP132971","CP500893","CP132971","CP537892","CP303514",4,TRUE,TRUE,TRUE,TRUE
29,465531,"CP500819","CP537723","CP303164","CP132804","CP500819","CP132804","CP537723","CP303164",4,TRUE,TRUE,TRUE,TRUE
29,465647,"CP502254","CP539813","CP305061","CP133863","CP502254","CP133863","CP539813","CP305061",4,TRUE,TRUE,TRUE,TRUE
29,466049,"CP495809","CP532981","CP300806","CP131655","CP495809","CP131655","CP532981","CP300806",4,TRUE,TRUE,TRUE,TRUE
29,466101,"CP492050","CP531558","CP298659","CP131131","CP492050","CP131131","CP531558","CP298659",4,TRUE,TRUE,TRUE,TRUE
29,467736,"CP502231","CP539234","CP304857","CP134473","CP502231","CP134473","CP539234","CP304857",4,TRUE,TRUE,TRUE,TRUE
29,468133,"CP493916","CP532516","CP299974","CP131333","CP493916","CP131333","CP532516","CP299974",4,TRUE,TRUE,TRUE,TRUE
29,468544,"CP492062","CP532803","CP298666","CP131298","CP492062","CP131298","CP532803","CP298666",4,TRUE,TRUE,TRUE,TRUE
29,469074,"CP494011","CP532770","CP299851","CP131347","CP494011","CP131347","CP532770","CP299851",4,TRUE,TRUE,TRUE,TRUE
29,471197,"CP493794","CP532556","CP299884","CP131450","CP493794","CP131450","CP532556","CP299884",4,TRUE,TRUE,TRUE,TRUE
29,454244,"CP502124","CP538616","CP304517","CP134471","CP502124","CP134471","CP538616","CP304517",4,TRUE,TRUE,TRUE,TRUE
30,493994,"CP507062","CP542450","CP307664","CP136722","CP507062","CP136722","CP542450","CP307664",4,TRUE,TRUE,TRUE,TRUE
30,496927,"CP508459","CP544309","CP308946","CP137392","CP508459","CP137392","CP544309","CP308946",4,TRUE,TRUE,TRUE,TRUE
30,498371,"CP509912","CP545964","CP310098","CP138036","CP509912","CP138036","CP545964","CP310098",4,TRUE,TRUE,TRUE,TRUE
30,498527,"CP510242","CP546337","CP310170","CP138317","CP510242","CP138317","CP546337","CP310170",4,TRUE,TRUE,TRUE,TRUE
30,502689,"CP504440","CP540266","CP306002","CP135622","CP504440","CP135622","CP540266","CP306002",4,TRUE,TRUE,TRUE,TRUE
30,502722,"CP509598","CP545683","CP309498","CP137736","CP509598","CP137736","CP545683","CP309498",4,TRUE,TRUE,TRUE,TRUE
30,502866,"CP511419","CP546797","CP310653","CP138594","CP511419","CP138594","CP546797","CP310653",4,TRUE,TRUE,TRUE,TRUE
30,503164,"CP511448","CP546817","CP310872","CP138609","CP511448","CP138609","CP546817","CP310872",4,TRUE,TRUE,TRUE,TRUE
30,503389,"CP509735","CP545635","CP309601","CP137795","CP509735","CP137795","CP545635","CP309601",4,TRUE,TRUE,TRUE,TRUE
30,503396,"CP504228","CP540140","CP305903","CP135015","CP504228","CP135015","CP540140","CP305903",4,TRUE,TRUE,TRUE,TRUE
30,503571,"CP511644","CP546973","CP310893","CP138969","CP511644","CP138969","CP546973","CP310893",4,TRUE,TRUE,TRUE,TRUE
30,503593,"CP511653","CP546946","CP311028","CP138965","CP511653","CP138965","CP546946","CP311028",4,TRUE,TRUE,TRUE,TRUE
30,504052,"CP511607","CP548579","CP312152","CP138943","CP511607","CP138943","CP548579","CP312152",4,TRUE,TRUE,TRUE,TRUE
30,504395,"CP510318","CP546807","CP310230","CP138527","CP510318","CP138527","CP546807","CP310230",4,TRUE,TRUE,TRUE,TRUE
30,504887,"CP510144","CP546220","CP310157","CP138474","CP510144","CP138474","CP546220","CP310157",4,TRUE,TRUE,TRUE,TRUE
30,504917,"CP510060","CP546039","CP309979","CP138195","CP510060","CP138195","CP546039","CP309979",4,TRUE,TRUE,TRUE,TRUE
30,505905,"CP510478","CP545503","CP309672","CP137735","CP510478","CP137735","CP545503","CP309672",4,TRUE,TRUE,TRUE,TRUE
30,507422,"CP508676","CP544760","CP308829","CP137524","CP508676","CP137524","CP544760","CP308829",4,TRUE,TRUE,TRUE,TRUE
30,508881,"CP507036","CP542359","CP307635","CP136599","CP507036","CP136599","CP542359","CP307635",4,TRUE,TRUE,TRUE,TRUE
30,490109,"CP511404","CP546897","CP310571","CP138601","CP511404","CP138601","CP546897","CP310571",4,TRUE,TRUE,TRUE,TRUE
30,491793,"CP511875","CP546970","CP310925","CP138639","CP511875","CP138639","CP546970","CP310925",4,TRUE,TRUE,TRUE,TRUE
30,491834,"CP511535","CP546878","CP310728","CP138600","CP511535","CP138600","CP546878","CP310728",4,TRUE,TRUE,TRUE,TRUE
30,492542,"CP511660","CP546919","CP310832","CP139050","CP511660","CP139050","CP546919","CP310832",4,TRUE,TRUE,TRUE,TRUE
31,532882,"CP514815","CP551299","CP313025","CP140803","CP514815","CP140803","CP551299","CP313025",4,TRUE,TRUE,TRUE,TRUE
31,518780,"CP524784","CP549470","CP313105","CP140632","CP524784","CP140632","CP549470","CP313105",4,TRUE,TRUE,TRUE,TRUE
31,522090,"CP521265","CP555312","CP316803","CP143057","CP521265","CP143057","CP555312","CP316803",4,TRUE,TRUE,TRUE,TRUE
31,522847,"CP514841","CP550167","CP313369","CP141042","CP514841","CP141042","CP550167","CP313369",4,TRUE,TRUE,TRUE,TRUE
31,523869,"CP522756","CP556834","CP318538","CP143463","CP522756","CP143463","CP556834","CP318538",4,TRUE,TRUE,TRUE,TRUE
31,527768,"CP522746","CP556388","CP318149","CP143430","CP522746","CP143430","CP556388","CP318149",4,TRUE,TRUE,TRUE,TRUE
31,528251,"CP521781","CP555169","CP317052","CP143155","CP521781","CP143155","CP555169","CP317052",4,TRUE,TRUE,TRUE,TRUE
31,528257,"CP524052","CP558711","CP319018","CP143951","CP524052","CP143951","CP558711","CP319018",4,TRUE,TRUE,TRUE,TRUE
31,528873,"CP522320","CP555697","CP317517","CP143381","CP522320","CP143381","CP555697","CP317517",4,TRUE,TRUE,TRUE,TRUE
31,528899,"CP522984","CP556867","CP318203","CP143468","CP522984","CP143468","CP556867","CP318203",4,TRUE,TRUE,TRUE,TRUE
31,529608,"CP515456","CP549745","CP313520","CP141103","CP515456","CP141103","CP549745","CP313520",4,TRUE,TRUE,TRUE,TRUE
31,530703,"CP523360","CP557322","CP318690","CP143845","CP523360","CP143845","CP557322","CP318690",4,TRUE,TRUE,TRUE,TRUE
31,530851,"CP524676","CP560427","CP320485","CP144837","CP524676","CP144837","CP560427","CP320485",4,TRUE,TRUE,TRUE,TRUE
31,531698,"CP514447","CP548892","CP313005","CP140623","CP514447","CP140623","CP548892","CP313005",4,TRUE,TRUE,TRUE,TRUE
31,533012,"CP524909","CP559500","CP320172","CP145654","CP524909","CP145654","CP559500","CP320172",4,TRUE,TRUE,TRUE,TRUE
31,534837,"CP521540","CP554566","CP316786","CP143097","CP521540","CP143097","CP554566","CP316786",4,TRUE,TRUE,TRUE,TRUE
31,511395,"CP514353","CP548852","CP313080","CP141058","CP514353","CP141058","CP548852","CP313080",4,TRUE,TRUE,TRUE,TRUE
31,511833,"CP520551","CP552871","CP315778","CP142540","CP520551","CP142540","CP552871","CP315778",4,TRUE,TRUE,TRUE,TRUE
31,512199,"CP520277","CP552474","CP315622","CP142740","CP520277","CP142740","CP552474","CP315622",4,TRUE,TRUE,TRUE,TRUE
31,513200,"CP520144","CP552572","CP315658","CP142745","CP520144","CP142745","CP552572","CP315658",4,TRUE,TRUE,TRUE,TRUE
31,514287,"CP520290","CP552460","CP315703","CP142614","CP520290","CP142614","CP552460","CP315703",4,TRUE,TRUE,TRUE,TRUE
31,515226,"CP524058","CP558671","CP318948","CP143965","CP524058","CP143965","CP558671","CP318948",4,TRUE,TRUE,TRUE,TRUE
31,516719,"CP518424","CP551392","CP314999","CP141853","CP518424","CP141853","CP551392","CP314999",4,TRUE,TRUE,TRUE,TRUE
31,516756,"CP519049","CP551612","CP314976","CP141854","CP519049","CP141854","CP551612","CP314976",4,TRUE,TRUE,TRUE,TRUE
31,523008,"CP516607","CP549960","CP313909","CP141287","CP516607","CP141287","CP549960","CP313909",4,TRUE,TRUE,TRUE,TRUE
32,553614,"CP536669","CP580115","CP327765","CP149580","CP536669","CP149580","CP580115","CP327765",4,TRUE,TRUE,TRUE,TRUE
32,548461,"CP536685","CP580135","CP328095","CP149546","CP536685","CP149546","CP580135","CP328095",4,TRUE,TRUE,TRUE,TRUE
32,551515,"CP539423","CP582124","CP328931","CP150966","CP539423","CP150966","CP582124","CP328931",4,TRUE,TRUE,TRUE,TRUE
32,552325,"CP539969","CP582626","CP329277","CP150466","CP539969","CP150466","CP582626","CP329277",4,TRUE,TRUE,TRUE,TRUE
32,552559,"CP537133","CP580302","CP328111","CP149596","CP537133","CP149596","CP580302","CP328111",4,TRUE,TRUE,TRUE,TRUE
32,552759,"CP536686","CP580066","CP327774","CP149510","CP536686","CP149510","CP580066","CP327774",4,TRUE,TRUE,TRUE,TRUE
32,553414,"CP537351","CP580189","CP328161","CP149739","CP537351","CP149739","CP580189","CP328161",4,TRUE,TRUE,TRUE,TRUE
32,554936,"CP535696","CP579730","CP326925","CP149229","CP535696","CP149229","CP579730","CP326925",4,TRUE,TRUE,TRUE,TRUE
32,558725,"CP539447","CP582215","CP328956","CP150952","CP539447","CP150952","CP582215","CP328956",4,TRUE,TRUE,TRUE,TRUE
32,537227,"CP540222","CP583071","CP330206","CP150970","CP540222","CP150970","CP583071","CP330206",4,TRUE,TRUE,TRUE,TRUE
32,537684,"CP539997","CP582491","CP329195","CP150606","CP539997","CP150606","CP582491","CP329195",4,TRUE,TRUE,TRUE,TRUE
32,540505,"CP544753","CP582223","CP327829","CP149448","CP544753","CP149448","CP582223","CP327829",4,TRUE,TRUE,TRUE,TRUE
32,540783,"CP535559","CP579697","CP326877","CP149233","CP535559","CP149233","CP579697","CP326877",4,TRUE,TRUE,TRUE,TRUE
32,542194,"CP539962","CP582797","CP329173","CP150442","CP539962","CP150442","CP582797","CP329173",4,TRUE,TRUE,TRUE,TRUE
32,543716,"CP541669","CP585755","CP330492","CP151207","CP541669","CP151207","CP585755","CP330492",4,TRUE,TRUE,TRUE,TRUE
32,545716,"CP543375","CP586826","CP331883","CP151534","CP543375","CP151534","CP586826","CP331883",4,TRUE,TRUE,TRUE,TRUE
32,546138,"CP543711","CP587154","CP332016","CP151735","CP543711","CP151735","CP587154","CP332016",4,TRUE,TRUE,TRUE,TRUE
32,550567,"CP542411","CP586364","CP330919","CP151483","CP542411","CP151483","CP586364","CP330919",4,TRUE,TRUE,TRUE,TRUE
32,550733,"CP544052","CP587420","CP332325","CP151842","CP544052","CP151842","CP587420","CP332325",4,TRUE,TRUE,TRUE,TRUE
32,551089,"CP544084","CP587428","CP332582","CP151846","CP544084","CP151846","CP587428","CP332582",4,TRUE,TRUE,TRUE,TRUE
32,551388,"CP543190","CP586501","CP331406","CP151490","CP543190","CP151490","CP586501","CP331406",4,TRUE,TRUE,TRUE,TRUE
32,551396,"CP535774","CP580710","CP326884","CP149347","CP535774","CP149347","CP580710","CP326884",4,TRUE,TRUE,TRUE,TRUE
32,551617,"CP544276","CP587557","CP332535","CP151967","CP544276","CP151967","CP587557","CP332535",4,TRUE,TRUE,TRUE,TRUE
32,551661,"CP544269","CP587558","CP332767","CP151963","CP544269","CP151963","CP587558","CP332767",4,TRUE,TRUE,TRUE,TRUE
32,553155,"CP543583","CP587050","CP332151","CP151826","CP543583","CP151826","CP587050","CP332151",4,TRUE,TRUE,TRUE,TRUE
32,553643,"CP535248","CP579989","CP326552","CP149244","CP535248","CP149244","CP579989","CP326552",4,TRUE,TRUE,TRUE,TRUE
32,553891,"CP540176","CP582634","CP329281","CP150651","CP540176","CP150651","CP582634","CP329281",4,TRUE,TRUE,TRUE,TRUE
32,553895,"CP536325","CP580096","CP327197","CP149480","CP536325","CP149480","CP580096","CP327197",4,TRUE,TRUE,TRUE,TRUE
32,555126,"CP539451","CP582107","CP328943","CP150956","CP539451","CP150956","CP582107","CP328943",4,TRUE,TRUE,TRUE,TRUE
32,555144,"CP539708","CP582480","CP329105","CP150448","CP539708","CP150448","CP582480","CP329105",4,TRUE,TRUE,TRUE,TRUE
32,555184,"CP539846","CP582465","CP329122","CP150384","CP539846","CP150384","CP582465","CP329122",4,TRUE,TRUE,TRUE,TRUE
32,555229,"CP536556","CP580440","CP327649","CP149204","CP536556","CP149204","CP580440","CP327649",4,TRUE,TRUE,TRUE,TRUE
32,555721,"CP539712","CP582452","CP329095","CP150449","CP539712","CP150449","CP582452","CP329095",4,TRUE,TRUE,TRUE,TRUE
32,555761,"CP539714","CP582384","CP329037","CP150386","CP539714","CP150386","CP582384","CP329037",4,TRUE,TRUE,TRUE,TRUE
32,555798,"CP539715","CP582516","CP329069","CP150351","CP539715","CP150351","CP582516","CP329069",4,TRUE,TRUE,TRUE,TRUE
32,555820,"CP540106","CP583045","CP329206","CP150813","CP540106","CP150813","CP583045","CP329206",4,TRUE,TRUE,TRUE,TRUE
32,555856,"CP536262","CP580001","CP327062","CP149648","CP536262","CP149648","CP580001","CP327062",4,TRUE,TRUE,TRUE,TRUE
32,555888,"CP537275","CP579772","CP327903","CP149473","CP537275","CP149473","CP579772","CP327903",4,TRUE,TRUE,TRUE,TRUE
32,555950,"CP539716","CP582505","CP329123","CP150450","CP539716","CP150450","CP582505","CP329123",4,TRUE,TRUE,TRUE,TRUE
32,556141,"CP539718","CP582417","CP329017","CP150341","CP539718","CP150341","CP582417","CP329017",4,TRUE,TRUE,TRUE,TRUE
32,556341,"CP539985","CP582547","CP329130","CP150389","CP539985","CP150389","CP582547","CP329130",4,TRUE,TRUE,TRUE,TRUE
32,556383,"CP539850","CP582418","CP329096","CP150353","CP539850","CP150353","CP582418","CP329096",4,TRUE,TRUE,TRUE,TRUE
32,557256,"CP539856","CP582564","CP329019","CP150395","CP539856","CP150395","CP582564","CP329019",4,TRUE,TRUE,TRUE,TRUE
32,558353,"CP537287","CP580543","CP327837","CP149852","CP537287","CP149852","CP580543","CP327837",4,TRUE,TRUE,TRUE,TRUE
32,559009,"CP540971","CP583142","CP329481","CP150842","CP540971","CP150842","CP583142","CP329481",4,TRUE,TRUE,TRUE,TRUE
32,538254,"CP536942","CP579806","CP327511","CP149631","CP536942","CP149631","CP579806","CP327511",4,TRUE,TRUE,TRUE,TRUE
32,539679,"CP544019","CP587390","CP332217","CP151845","CP544019","CP151845","CP587390","CP332217",4,TRUE,TRUE,TRUE,TRUE
32,539822,"CP541791","CP585081","CP330475","CP151256","CP541791","CP151256","CP585081","CP330475",4,TRUE,TRUE,TRUE,TRUE
32,540071,"CP540852","CP583426","CP329490","CP150887","CP540852","CP150887","CP583426","CP329490",4,TRUE,TRUE,TRUE,TRUE
32,540076,"CP539605","CP582388","CP329082","CP150412","CP539605","CP150412","CP582388","CP329082",4,TRUE,TRUE,TRUE,TRUE
32,540110,"CP539746","CP582340","CP329051","CP150413","CP539746","CP150413","CP582340","CP329051",4,TRUE,TRUE,TRUE,TRUE
32,540135,"CP539606","CP582313","CP329024","CP150364","CP539606","CP150364","CP582313","CP329024",4,TRUE,TRUE,TRUE,TRUE
32,540520,"CP539751","CP582692","CP329025","CP150365","CP539751","CP150365","CP582692","CP329025",4,TRUE,TRUE,TRUE,TRUE
32,540741,"CP539877","CP582391","CP329101","CP150424","CP539877","CP150424","CP582391","CP329101",4,TRUE,TRUE,TRUE,TRUE
32,540805,"CP539615","CP582344","CP328970","CP150426","CP539615","CP150426","CP582344","CP328970",4,TRUE,TRUE,TRUE,TRUE
32,542145,"CP540873","CP582956","CP329494","CP150711","CP540873","CP150711","CP582956","CP329494",4,TRUE,TRUE,TRUE,TRUE
33,561503,"CP547774","CP589864","CP336215","CP152850","CP547774","CP152850","CP589864","CP336215",4,TRUE,TRUE,TRUE,TRUE
33,571412,"CP551139","CP592130","CP336762","CP154034","CP551139","CP154034","CP592130","CP336762",4,TRUE,TRUE,TRUE,TRUE
33,573734,"CP549121","CP590678","CP335782","CP153154","CP549121","CP153154","CP590678","CP335782",4,TRUE,TRUE,TRUE,TRUE
33,566503,"CP552745","CP592878","CP337313","CP154127","CP552745","CP154127","CP592878","CP337313",4,TRUE,TRUE,TRUE,TRUE
33,567625,"CP553913","CP593919","CP338599","CP154343","CP553913","CP154343","CP593919","CP338599",4,TRUE,TRUE,TRUE,TRUE
33,567802,"CP554225","CP594166","CP338482","CP154593","CP554225","CP154593","CP594166","CP338482",4,TRUE,TRUE,TRUE,TRUE
33,569130,"CP554560","CP594406","CP338958","CP154880","CP554560","CP154880","CP594406","CP338958",4,TRUE,TRUE,TRUE,TRUE
33,569533,"CP554756","CP594539","CP339073","CP155164","CP554756","CP155164","CP594539","CP339073",4,TRUE,TRUE,TRUE,TRUE
33,569558,"CP554757","CP594526","CP339111","CP155159","CP554757","CP155159","CP594526","CP339111",4,TRUE,TRUE,TRUE,TRUE
33,570000,"CP554626","CP596071","CP340127","CP155145","CP554626","CP155145","CP596071","CP340127",4,TRUE,TRUE,TRUE,TRUE
33,570755,"CP554127","CP594149","CP338367","CP154801","CP554127","CP154801","CP594149","CP338367",4,TRUE,TRUE,TRUE,TRUE
33,572551,"CP555231","CP595571","CP339961","CP156365","CP555231","CP156365","CP595571","CP339961",4,TRUE,TRUE,TRUE,TRUE
33,576104,"CP550982","CP591575","CP336682","CP153837","CP550982","CP153837","CP591575","CP336682",4,TRUE,TRUE,TRUE,TRUE
33,577335,"CP554492","CP594382","CP338726","CP154876","CP554492","CP154876","CP594382","CP338726",4,TRUE,TRUE,TRUE,TRUE
33,562260,"CP550863","CP591888","CP336485","CP153879","CP550863","CP153879","CP591888","CP336485",4,TRUE,TRUE,TRUE,TRUE
34,593532,"CP559343","CP597289","CP342220","CP157591","CP559343","CP157591","CP597289","CP342220",4,TRUE,TRUE,TRUE,TRUE
34,577490,"CP557745","CP597137","CP341969","CP157615","CP557745","CP157615","CP597137","CP341969",4,TRUE,TRUE,TRUE,TRUE
34,583711,"CP557952","CP597134","CP346280","CP157514","CP557952","CP157514","CP597134","CP346280",4,TRUE,TRUE,TRUE,TRUE
34,586711,"CP561610","CP598450","CP342693","CP158123","CP561610","CP158123","CP598450","CP342693",4,TRUE,TRUE,TRUE,TRUE
34,589932,"CP561201","CP597628","CP342424","CP157592","CP561201","CP157592","CP597628","CP342424",4,TRUE,TRUE,TRUE,TRUE
34,591599,"CP562457","CP598885","CP343339","CP158573","CP562457","CP158573","CP598885","CP343339",4,TRUE,TRUE,TRUE,TRUE
34,591621,"CP561611","CP598494","CP342774","CP158190","CP561611","CP158190","CP598494","CP342774",4,TRUE,TRUE,TRUE,TRUE
34,591921,"CP561866","CP597861","CP343028","CP158124","CP561866","CP158124","CP597861","CP343028",4,TRUE,TRUE,TRUE,TRUE
34,593899,"CP557015","CP596728","CP340994","CP157035","CP557015","CP157035","CP596728","CP340994",4,TRUE,TRUE,TRUE,TRUE
34,579534,"CP558001","CP596496","CP340946","CP157038","CP558001","CP157038","CP596496","CP340946",4,TRUE,TRUE,TRUE,TRUE
34,584811,"CP563312","CP599717","CP343664","CP159492","CP563312","CP159492","CP599717","CP343664",4,TRUE,TRUE,TRUE,TRUE
34,585212,"CP561396","CP598683","CP342718","CP158180","CP561396","CP158180","CP598683","CP342718",4,TRUE,TRUE,TRUE,TRUE
34,586100,"CP564361","CP600249","CP344527","CP159935","CP564361","CP159935","CP600249","CP344527",4,TRUE,TRUE,TRUE,TRUE
34,587945,"CP564079","CP599832","CP344108","CP159815","CP564079","CP159815","CP599832","CP344108",4,TRUE,TRUE,TRUE,TRUE
34,588065,"CP562166","CP598693","CP342835","CP158126","CP562166","CP158126","CP598693","CP342835",4,TRUE,TRUE,TRUE,TRUE
34,588085,"CP564988","CP600833","CP345043","CP160439","CP564988","CP160439","CP600833","CP345043",4,TRUE,TRUE,TRUE,TRUE
34,588378,"CP565012","CP600854","CP345172","CP160457","CP565012","CP160457","CP600854","CP345172",4,TRUE,TRUE,TRUE,TRUE
34,588628,"CP564184","CP600041","CP344190","CP159836","CP564184","CP159836","CP600041","CP344190",4,TRUE,TRUE,TRUE,TRUE
34,588658,"CP564425","CP600295","CP344495","CP159945","CP564425","CP159945","CP600295","CP344495",4,TRUE,TRUE,TRUE,TRUE
34,588776,"CP559238","CP596682","CP341004","CP157045","CP559238","CP157045","CP596682","CP341004",4,TRUE,TRUE,TRUE,TRUE
34,588795,"CP565216","CP600954","CP345258","CP160750","CP565216","CP160750","CP600954","CP345258",4,TRUE,TRUE,TRUE,TRUE
34,588812,"CP565212","CP600955","CP345287","CP160741","CP565212","CP160741","CP600955","CP345287",4,TRUE,TRUE,TRUE,TRUE
34,588952,"CP565714","CP601269","CP346077","CP161942","CP565714","CP161942","CP601269","CP346077",4,TRUE,TRUE,TRUE,TRUE
34,589079,"CP559055","CP597291","CP341743","CP157269","CP559055","CP157269","CP597291","CP341743",4,TRUE,TRUE,TRUE,TRUE
34,589239,"CP562113","CP598488","CP342939","CP158129","CP562113","CP158129","CP598488","CP342939",4,TRUE,TRUE,TRUE,TRUE
34,590038,"CP564559","CP600513","CP344817","CP160341","CP564559","CP160341","CP600513","CP344817",4,TRUE,TRUE,TRUE,TRUE
34,590356,"CP558164","CP596413","CP341436","CP157263","CP558164","CP157263","CP596413","CP341436",4,TRUE,TRUE,TRUE,TRUE
34,592525,"CP557840","CP596754","CP340965","CP156969","CP557840","CP156969","CP596754","CP340965",4,TRUE,TRUE,TRUE,TRUE
34,593634,"CP557841","CP597106","CP341147","CP157083","CP557841","CP157083","CP597106","CP341147",4,TRUE,TRUE,TRUE,TRUE
34,577729,"CP564944","CP600793","CP344942","CP160440","CP564944","CP160440","CP600793","CP344942",4,TRUE,TRUE,TRUE,TRUE
34,578844,"CP560629","CP597335","CP342354","CP157645","CP560629","CP157645","CP597335","CP342354",4,TRUE,TRUE,TRUE,TRUE
35,615164,"CP569440","CP603751","CP348257","CP162852","CP569440","CP162852","CP603751","CP348257",4,TRUE,TRUE,TRUE,TRUE
35,611109,"CP569600","CP603798","CP348548","CP162917","CP569600","CP162917","CP603798","CP348548",4,TRUE,TRUE,TRUE,TRUE
35,612742,"CP573206","CP605864","CP349626","CP164560","CP573206","CP164560","CP605864","CP349626",4,TRUE,TRUE,TRUE,TRUE
35,597055,"CP571070","CP605093","CP349059","CP163775","CP571070","CP163775","CP605093","CP349059",4,TRUE,TRUE,TRUE,TRUE
35,600422,"CP577344","CP603047","CP347555","CP162485","CP577344","CP162485","CP603047","CP347555",4,TRUE,TRUE,TRUE,TRUE
35,600433,"CP577348","CP605095","CP352613","CP163546","CP577348","CP163546","CP605095","CP352613",4,TRUE,TRUE,TRUE,TRUE
35,604199,"CP575204","CP607503","CP350847","CP164570","CP575204","CP164570","CP607503","CP350847",4,TRUE,TRUE,TRUE,TRUE
35,608919,"CP576537","CP609491","CP352194","CP165181","CP576537","CP165181","CP609491","CP352194",4,TRUE,TRUE,TRUE,TRUE
35,609479,"CP575928","CP609021","CP351584","CP164690","CP575928","CP164690","CP609021","CP351584",4,TRUE,TRUE,TRUE,TRUE
35,609639,"CP576760","CP609649","CP352443","CP165508","CP576760","CP165508","CP609649","CP352443",4,TRUE,TRUE,TRUE,TRUE
35,609675,"CP576761","CP609622","CP352515","CP165476","CP576761","CP165476","CP609622","CP352515",4,TRUE,TRUE,TRUE,TRUE
35,610117,"CP568244","CP604063","CP348224","CP162854","CP568244","CP162854","CP604063","CP348224",4,TRUE,TRUE,TRUE,TRUE
35,610769,"CP574106","CP606489","CP350096","CP164490","CP574106","CP164490","CP606489","CP350096",4,TRUE,TRUE,TRUE,TRUE
35,610950,"CP576117","CP609193","CP352114","CP165022","CP576117","CP165022","CP609193","CP352114",4,TRUE,TRUE,TRUE,TRUE
35,610977,"CP576022","CP609051","CP351671","CP164836","CP576022","CP164836","CP609051","CP351671",4,TRUE,TRUE,TRUE,TRUE
35,612951,"CP577467","CP610616","CP353456","CP166639","CP577467","CP166639","CP610616","CP353456",4,TRUE,TRUE,TRUE,TRUE
35,615054,"CP573041","CP605741","CP349430","CP164330","CP573041","CP164330","CP605741","CP349430",4,TRUE,TRUE,TRUE,TRUE
35,615949,"CP573046","CP605836","CP349556","CP163776","CP573046","CP163776","CP605836","CP349556",4,TRUE,TRUE,TRUE,TRUE
35,616491,"CP571720","CP605361","CP349164","CP163719","CP571720","CP163719","CP605361","CP349164",4,TRUE,TRUE,TRUE,TRUE
35,616510,"CP569062","CP603722","CP348131","CP162669","CP569062","CP162669","CP603722","CP348131",4,TRUE,TRUE,TRUE,TRUE
35,616826,"CP568872","CP603723","CP347960","CP162733","CP568872","CP162733","CP603723","CP347960",4,TRUE,TRUE,TRUE,TRUE
35,599138,"CP573824","CP606197","CP349979","CP164532","CP573824","CP164532","CP606197","CP349979",4,TRUE,TRUE,TRUE,TRUE
35,600384,"CP572824","CP605690","CP349388","CP163804","CP572824","CP163804","CP605690","CP349388",4,TRUE,TRUE,TRUE,TRUE
35,601289,"CP573437","CP606364","CP349829","CP164438","CP573437","CP164438","CP606364","CP349829",4,TRUE,TRUE,TRUE,TRUE
35,601407,"CP573870","CP606365","CP350044","CP164440","CP573870","CP164440","CP606365","CP350044",4,TRUE,TRUE,TRUE,TRUE
35,601420,"CP574195","CP606233","CP349988","CP164441","CP574195","CP164441","CP606233","CP349988",4,TRUE,TRUE,TRUE,TRUE
35,602537,"CP573882","CP606259","CP349997","CP164459","CP573882","CP164459","CP606259","CP349997",4,TRUE,TRUE,TRUE,TRUE
35,602560,"CP573884","CP606355","CP349775","CP164363","CP573884","CP164363","CP606355","CP349775",4,TRUE,TRUE,TRUE,TRUE
36,631013,"CP587925","CP637019","CP359961","CP169972","CP587925","CP169972","CP637019","CP359961",4,TRUE,TRUE,TRUE,TRUE
36,634779,"CP588075","CP637081","CP360053","CP170672","CP588075","CP170672","CP637081","CP360053",4,TRUE,TRUE,TRUE,TRUE
36,635134,"CP590409","CP641304","CP360936","CP171251","CP590409","CP171251","CP641304","CP360936",4,TRUE,TRUE,TRUE,TRUE
36,635235,"CP589621","CP641234","CP360769","CP171197","CP589621","CP171197","CP641234","CP360769",4,TRUE,TRUE,TRUE,TRUE
36,636390,"CP591192","CP641704","CP361383","CP171325","CP591192","CP171325","CP641704","CP361383",4,TRUE,TRUE,TRUE,TRUE
36,638378,"CP596194","CP637267","CP360689","CP171171","CP596194","CP171171","CP637267","CP360689",4,TRUE,TRUE,TRUE,TRUE
36,619820,"CP589154","CP639773","CP360444","CP171151","CP589154","CP171151","CP639773","CP360444",4,TRUE,TRUE,TRUE,TRUE
36,621142,"CP594028","CP644641","CP362887","CP171767","CP594028","CP171767","CP644641","CP362887",4,TRUE,TRUE,TRUE,TRUE
36,621664,"CP588331","CP637120","CP360163","CP170705","CP588331","CP170705","CP637120","CP360163",4,TRUE,TRUE,TRUE,TRUE
36,622198,"CP590410","CP641982","CP361238","CP171260","CP590410","CP171260","CP641982","CP361238",4,TRUE,TRUE,TRUE,TRUE
36,622531,"CP590333","CP641276","CP361046","CP171248","CP590333","CP171248","CP641276","CP361046",4,TRUE,TRUE,TRUE,TRUE
36,622708,"CP589625","CP641672","CP360789","CP171180","CP589625","CP171180","CP641672","CP360789",4,TRUE,TRUE,TRUE,TRUE
36,624875,"CP593381","CP644359","CP362357","CP171758","CP593381","CP171758","CP644359","CP362357",4,TRUE,TRUE,TRUE,TRUE
36,626230,"CP591638","CP642031","CP361648","CP171395","CP591638","CP171395","CP642031","CP361648",4,TRUE,TRUE,TRUE,TRUE
36,626653,"CP591216","CP641328","CP361495","CP171261","CP591216","CP171261","CP641328","CP361495",4,TRUE,TRUE,TRUE,TRUE
36,629862,"CP591674","CP642777","CP361502","CP171398","CP591674","CP171398","CP642777","CP361502",4,TRUE,TRUE,TRUE,TRUE
36,629876,"CP590972","CP641641","CP361207","CP171310","CP590972","CP171310","CP641641","CP361207",4,TRUE,TRUE,TRUE,TRUE
36,630063,"CP590412","CP642079","CP361193","CP171252","CP590412","CP171252","CP642079","CP361193",4,TRUE,TRUE,TRUE,TRUE
36,630195,"CP592848","CP643726","CP362091","CP171498","CP592848","CP171498","CP643726","CP362091",4,TRUE,TRUE,TRUE,TRUE
36,630314,"CP595528","CP645818","CP363706","CP172314","CP595528","CP172314","CP645818","CP363706",4,TRUE,TRUE,TRUE,TRUE
36,630356,"CP591667","CP643733","CP361496","CP171399","CP591667","CP171399","CP643733","CP361496",4,TRUE,TRUE,TRUE,TRUE
36,630543,"CP592998","CP644004","CP362214","CP171653","CP592998","CP171653","CP644004","CP362214",4,TRUE,TRUE,TRUE,TRUE
36,630719,"CP594263","CP644775","CP363074","CP171807","CP594263","CP171807","CP644775","CP363074",4,TRUE,TRUE,TRUE,TRUE
36,631398,"CP593014","CP643811","CP362963","CP171712","CP593014","CP171712","CP643811","CP362963",4,TRUE,TRUE,TRUE,TRUE
36,631433,"CP592947","CP643812","CP362170","CP171648","CP592947","CP171648","CP643812","CP362170",4,TRUE,TRUE,TRUE,TRUE
36,631574,"CP594569","CP648966","CP364746","CP172315","CP594569","CP172315","CP648966","CP364746",4,TRUE,TRUE,TRUE,TRUE
36,631807,"CP587719","CP637594","CP359853","CP170544","CP587719","CP170544","CP637594","CP359853",4,TRUE,TRUE,TRUE,TRUE
36,632095,"CP590733","CP642304","CP360761","CP171233","CP590733","CP171233","CP642304","CP360761",4,TRUE,TRUE,TRUE,TRUE
36,632332,"CP593927","CP644334","CP362711","CP171750","CP593927","CP171750","CP644334","CP362711",4,TRUE,TRUE,TRUE,TRUE
36,633073,"CP594030","CP644273","CP362824","CP171816","CP594030","CP171816","CP644273","CP362824",4,TRUE,TRUE,TRUE,TRUE
36,633095,"CP593996","CP644468","CP362712","CP171760","CP593996","CP171760","CP644468","CP362712",4,TRUE,TRUE,TRUE,TRUE
36,633218,"CP591230","CP641555","CP361218","CP171286","CP591230","CP171286","CP641555","CP361218",4,TRUE,TRUE,TRUE,TRUE
36,633251,"CP596218","CP649209","CP364573","CP172788","CP596218","CP172788","CP649209","CP364573",4,TRUE,TRUE,TRUE,TRUE
36,633520,"CP587576","CP637759","CP359721","CP169945","CP587576","CP169945","CP637759","CP359721",4,TRUE,TRUE,TRUE,TRUE
36,633793,"CP596703","CP645590","CP364790","CP172358","CP596703","CP172358","CP645590","CP364790",4,TRUE,TRUE,TRUE,TRUE
36,634600,"CP596222","CP649395","CP364371","CP172783","CP596222","CP172783","CP649395","CP364371",4,TRUE,TRUE,TRUE,TRUE
36,634641,"CP596198","CP649400","CP364315","CP172769","CP596198","CP172769","CP649400","CP364315",4,TRUE,TRUE,TRUE,TRUE
36,634816,"CP594552","CP645123","CP363427","CP171981","CP594552","CP171981","CP645123","CP363427",4,TRUE,TRUE,TRUE,TRUE
36,634908,"CP594276","CP644281","CP362903","CP171858","CP594276","CP171858","CP644281","CP362903",4,TRUE,TRUE,TRUE,TRUE
36,634949,"CP594136","CP645132","CP362845","CP171803","CP594136","CP171803","CP645132","CP362845",4,TRUE,TRUE,TRUE,TRUE
36,635295,"CP591694","CP643194","CP361835","CP171388","CP591694","CP171388","CP643194","CP361835",4,TRUE,TRUE,TRUE,TRUE
36,636130,"CP594190","CP645186","CP362825","CP171721","CP594190","CP171721","CP645186","CP362825",4,TRUE,TRUE,TRUE,TRUE
36,636396,"CP590359","CP641637","CP360932","CP171238","CP590359","CP171238","CP641637","CP360932",4,TRUE,TRUE,TRUE,TRUE
36,636784,"CP594078","CP644274","CP362846","CP171794","CP594078","CP171794","CP644274","CP362846",4,TRUE,TRUE,TRUE,TRUE
36,636873,"CP594540","CP645680","CP363218","CP171950","CP594540","CP171950","CP645680","CP363218",4,TRUE,TRUE,TRUE,TRUE
36,636891,"CP590784","CP641446","CP361148","CP171296","CP590784","CP171296","CP641446","CP361148",4,TRUE,TRUE,TRUE,TRUE
36,637011,"CP589524","CP641331","CP360926","CP171250","CP589524","CP171250","CP641331","CP360926",4,TRUE,TRUE,TRUE,TRUE
36,637102,"CP594243","CP644323","CP362885","CP171899","CP594243","CP171899","CP644323","CP362885",4,TRUE,TRUE,TRUE,TRUE
36,637126,"CP594192","CP644528","CP362866","CP171853","CP594192","CP171853","CP644528","CP362866",4,TRUE,TRUE,TRUE,TRUE
36,637270,"CP590370","CP641029","CP360941","CP171242","CP590370","CP171242","CP641029","CP360941",4,TRUE,TRUE,TRUE,TRUE
36,637294,"CP590371","CP641266","CP360933","CP171205","CP590371","CP171205","CP641266","CP360933",4,TRUE,TRUE,TRUE,TRUE
36,637324,"CP590372","CP641128","CP360912","CP171206","CP590372","CP171206","CP641128","CP360912",4,TRUE,TRUE,TRUE,TRUE
36,637585,"CP593795","CP645247","CP362815","CP171804","CP593795","CP171804","CP645247","CP362815",4,TRUE,TRUE,TRUE,TRUE
36,637648,"CP591607","CP641415","CP361659","CP171411","CP591607","CP171411","CP641415","CP361659",4,TRUE,TRUE,TRUE,TRUE
36,637749,"CP594246","CP643313","CP363666","CP172069","CP594246","CP172069","CP643313","CP363666",4,TRUE,TRUE,TRUE,TRUE
36,637793,"CP592984","CP643280","CP362785","CP171706","CP592984","CP171706","CP643280","CP362785",4,TRUE,TRUE,TRUE,TRUE
36,637875,"CP592555","CP643189","CP361928","CP171538","CP592555","CP171538","CP643189","CP361928",4,TRUE,TRUE,TRUE,TRUE
36,637914,"CP592029","CP643065","CP361855","CP171519","CP592029","CP171519","CP643065","CP361855",4,TRUE,TRUE,TRUE,TRUE
36,637975,"CP595529","CP645611","CP363649","CP172163","CP595529","CP172163","CP645611","CP363649",4,TRUE,TRUE,TRUE,TRUE
36,638042,"CP589738","CP641031","CP360765","CP171187","CP589738","CP171187","CP641031","CP360765",4,TRUE,TRUE,TRUE,TRUE
36,638070,"CP590516","CP641332","CP360963","CP171212","CP590516","CP171212","CP641332","CP360963",4,TRUE,TRUE,TRUE,TRUE
36,638142,"CP594258","CP644294","CP362827","CP171805","CP594258","CP171805","CP644294","CP362827",4,TRUE,TRUE,TRUE,TRUE
36,638198,"CP594250","CP644267","CP362787","CP171780","CP594250","CP171780","CP644267","CP362787",4,TRUE,TRUE,TRUE,TRUE
36,638228,"CP594259","CP644232","CP362788","CP171784","CP594259","CP171784","CP644232","CP362788",4,TRUE,TRUE,TRUE,TRUE
36,638350,"CP590508","CP641034","CP360901","CP171317","CP590508","CP171317","CP641034","CP360901",4,TRUE,TRUE,TRUE,TRUE
36,617488,"CP595515","CP646500","CP363651","CP172308","CP595515","CP172308","CP646500","CP363651",4,TRUE,TRUE,TRUE,TRUE
36,617768,"CP594405","CP644410","CP362971","CP171877","CP594405","CP171877","CP644410","CP362971",4,TRUE,TRUE,TRUE,TRUE
36,618037,"CP594006","CP644295","CP362859","CP171846","CP594006","CP171846","CP644295","CP362859",4,TRUE,TRUE,TRUE,TRUE
36,618517,"CP592549","CP643172","CP362029","CP171532","CP592549","CP171532","CP643172","CP362029",4,TRUE,TRUE,TRUE,TRUE
36,618540,"CP592432","CP643154","CP361891","CP171534","CP592432","CP171534","CP643154","CP361891",4,TRUE,TRUE,TRUE,TRUE
36,618558,"CP591943","CP643146","CP361858","CP171525","CP591943","CP171525","CP643146","CP361858",4,TRUE,TRUE,TRUE,TRUE
36,618928,"CP590388","CP641143","CP360725","CP171308","CP590388","CP171308","CP641143","CP360725",4,TRUE,TRUE,TRUE,TRUE
36,619335,"CP592586","CP643144","CP361893","CP171535","CP592586","CP171535","CP643144","CP361893",4,TRUE,TRUE,TRUE,TRUE
36,619360,"CP592544","CP643120","CP361852","CP171469","CP592544","CP171469","CP643120","CP361852",4,TRUE,TRUE,TRUE,TRUE
36,619388,"CP592503","CP643076","CP361803","CP171474","CP592503","CP171474","CP643076","CP361803",4,TRUE,TRUE,TRUE,TRUE
36,619567,"CP590861","CP641577","CP361155","CP171271","CP590861","CP171271","CP641577","CP361155",4,TRUE,TRUE,TRUE,TRUE
36,619668,"CP596138","CP649808","CP364332","CP172785","CP596138","CP172785","CP649808","CP364332",4,TRUE,TRUE,TRUE,TRUE
36,619970,"CP591992","CP643128","CP361871","CP171527","CP591992","CP171527","CP643128","CP361871",4,TRUE,TRUE,TRUE,TRUE
36,620260,"CP592517","CP643032","CP361903","CP171512","CP592517","CP171512","CP643032","CP361903",4,TRUE,TRUE,TRUE,TRUE
36,620405,"CP589358","CP640683","CP360648","CP171168","CP589358","CP171168","CP640683","CP360648",4,TRUE,TRUE,TRUE,TRUE
36,622228,"CP589813","CP640996","CP360894","CP171224","CP589813","CP171224","CP640996","CP360894",4,TRUE,TRUE,TRUE,TRUE
36,622256,"CP590202","CP640997","CP360852","CP171192","CP590202","CP171192","CP640997","CP360852",4,TRUE,TRUE,TRUE,TRUE
36,622860,"CP591670","CP642466","CP361499","CP171414","CP591670","CP171414","CP642466","CP361499",4,TRUE,TRUE,TRUE,TRUE
36,623278,"CP591463","CP642826","CP361450","CP171403","CP591463","CP171403","CP642826","CP361450",4,TRUE,TRUE,TRUE,TRUE
36,623292,"CP591365","CP642476","CP361348","CP171346","CP591365","CP171346","CP642476","CP361348",4,TRUE,TRUE,TRUE,TRUE
36,624148,"CP594112","CP644204","CP362831","CP171797","CP594112","CP171797","CP644204","CP362831",4,TRUE,TRUE,TRUE,TRUE
36,624156,"CP591550","CP642478","CP361477","CP171393","CP591550","CP171393","CP642478","CP361477",4,TRUE,TRUE,TRUE,TRUE
36,624172,"CP594113","CP644191","CP362844","CP171798","CP594113","CP171798","CP644191","CP362844",4,TRUE,TRUE,TRUE,TRUE
36,624195,"CP593841","CP644192","CP362797","CP171790","CP593841","CP171790","CP644192","CP362797",4,TRUE,TRUE,TRUE,TRUE
36,624563,"CP591305","CP642519","CP361447","CP171381","CP591305","CP171381","CP642519","CP361447",4,TRUE,TRUE,TRUE,TRUE
36,625210,"CP591420","CP642457","CP361440","CP171344","CP591420","CP171344","CP642457","CP361440",4,TRUE,TRUE,TRUE,TRUE
37,651649,"CP603074","CP656805","CP367355","CP174564","CP603074","CP174564","CP656805","CP367355",4,TRUE,TRUE,TRUE,TRUE
37,655137,"CP599525","CP652043","CP365770","CP173849","CP599525","CP173849","CP652043","CP365770",4,TRUE,TRUE,TRUE,TRUE
37,657115,"CP603075","CP656815","CP367384","CP174735","CP603075","CP174735","CP656815","CP367384",4,TRUE,TRUE,TRUE,TRUE
37,657248,"CP602797","CP656768","CP367301","CP174565","CP602797","CP174565","CP656768","CP367301",4,TRUE,TRUE,TRUE,TRUE
37,657582,"CP599348","CP651980","CP365702","CP173830","CP599348","CP173830","CP651980","CP365702",4,TRUE,TRUE,TRUE,TRUE
37,658459,"CP599842","CP652798","CP365822","CP174115","CP599842","CP174115","CP652798","CP365822",4,TRUE,TRUE,TRUE,TRUE
37,658604,"CP599822","CP652788","CP365816","CP174112","CP599822","CP174112","CP652788","CP365816",4,TRUE,TRUE,TRUE,TRUE
37,638813,"CP600253","CP654264","CP365941","CP174396","CP600253","CP174396","CP654264","CP365941",4,TRUE,TRUE,TRUE,TRUE
37,640690,"CP600430","CP654602","CP366159","CP174405","CP600430","CP174405","CP654602","CP366159",4,TRUE,TRUE,TRUE,TRUE
37,643168,"CP599531","CP652037","CP365764","CP173850","CP599531","CP173850","CP652037","CP365764",4,TRUE,TRUE,TRUE,TRUE
37,643801,"CP600632","CP656324","CP366299","CP174422","CP600632","CP174422","CP656324","CP366299",4,TRUE,TRUE,TRUE,TRUE
37,646167,"CP600585","CP655422","CP366234","CP174417","CP600585","CP174417","CP655422","CP366234",4,TRUE,TRUE,TRUE,TRUE
37,646335,"CP601516","CP656147","CP366763","CP174463","CP601516","CP174463","CP656147","CP366763",4,TRUE,TRUE,TRUE,TRUE
37,647668,"CP600107","CP653525","CP365867","CP174393","CP600107","CP174393","CP653525","CP365867",4,TRUE,TRUE,TRUE,TRUE
37,648045,"CP605758","CP659394","CP368773","CP175524","CP605758","CP175524","CP659394","CP368773",4,TRUE,TRUE,TRUE,TRUE
37,649724,"CP602939","CP656874","CP367312","CP174765","CP602939","CP174765","CP656874","CP367312",4,TRUE,TRUE,TRUE,TRUE
37,651362,"CP605221","CP659618","CP368325","CP175245","CP605221","CP175245","CP659618","CP368325",4,TRUE,TRUE,TRUE,TRUE
37,651573,"CP606371","CP659627","CP368933","CP175534","CP606371","CP175534","CP659627","CP368933",4,TRUE,TRUE,TRUE,TRUE
37,651589,"CP606372","CP659391","CP368884","CP175490","CP606372","CP175490","CP659391","CP368884",4,TRUE,TRUE,TRUE,TRUE
37,651669,"CP605404","CP659649","CP368477","CP175294","CP605404","CP175294","CP659649","CP368477",4,TRUE,TRUE,TRUE,TRUE
37,651904,"CP600570","CP656221","CP366226","CP174419","CP600570","CP174419","CP656221","CP366226",4,TRUE,TRUE,TRUE,TRUE
37,652035,"CP606794","CP659676","CP369402","CP175566","CP606794","CP175566","CP659676","CP369402",4,TRUE,TRUE,TRUE,TRUE
37,652112,"CP606375","CP659390","CP368858","CP175457","CP606375","CP175457","CP659390","CP368858",4,TRUE,TRUE,TRUE,TRUE
37,652211,"CP602522","CP657772","CP366916","CP174762","CP602522","CP174762","CP657772","CP366916",4,TRUE,TRUE,TRUE,TRUE
37,652222,"CP605276","CP658545","CP368369","CP175406","CP605276","CP175406","CP658545","CP368369",4,TRUE,TRUE,TRUE,TRUE
37,652311,"CP603031","CP657070","CP367257","CP174571","CP603031","CP174571","CP657070","CP367257",4,TRUE,TRUE,TRUE,TRUE
37,652579,"CP606585","CP659720","CP369083","CP175584","CP606585","CP175584","CP659720","CP369083",4,TRUE,TRUE,TRUE,TRUE
37,652606,"CP606484","CP659725","CP368982","CP175535","CP606484","CP175535","CP659725","CP368982",4,TRUE,TRUE,TRUE,TRUE
37,653121,"CP600693","CP655427","CP366303","CP174428","CP600693","CP174428","CP655427","CP366303",4,TRUE,TRUE,TRUE,TRUE
37,653858,"CP603078","CP656819","CP367319","CP174766","CP603078","CP174766","CP656819","CP367319",4,TRUE,TRUE,TRUE,TRUE
37,653888,"CP608301","CP663776","CP370691","CP176365","CP608301","CP176365","CP663776","CP370691",4,TRUE,TRUE,TRUE,TRUE
37,653934,"CP608061","CP663787","CP370264","CP176324","CP608061","CP176324","CP663787","CP370264",4,TRUE,TRUE,TRUE,TRUE
37,654152,"CP606603","CP659444","CP368923","CP175439","CP606603","CP175439","CP659444","CP368923",4,TRUE,TRUE,TRUE,TRUE
37,654176,"CP606380","CP659862","CP368912","CP175530","CP606380","CP175530","CP659862","CP368912",4,TRUE,TRUE,TRUE,TRUE
37,654611,"CP606388","CP659914","CP368913","CP175441","CP606388","CP175441","CP659914","CP368913",4,TRUE,TRUE,TRUE,TRUE
37,654878,"CP602372","CP658664","CP366847","CP174744","CP602372","CP174744","CP658664","CP366847",4,TRUE,TRUE,TRUE,TRUE
37,654965,"CP606764","CP660972","CP369109","CP175564","CP606764","CP175564","CP660972","CP369109",4,TRUE,TRUE,TRUE,TRUE
37,655079,"CP607938","CP664249","CP370135","CP176346","CP607938","CP176346","CP664249","CP370135",4,TRUE,TRUE,TRUE,TRUE
37,655131,"CP608219","CP664258","CP370312","CP176347","CP608219","CP176347","CP664258","CP370312",4,TRUE,TRUE,TRUE,TRUE
37,655195,"CP608178","CP662984","CP370220","CP176348","CP608178","CP176348","CP662984","CP370220",4,TRUE,TRUE,TRUE,TRUE
37,655267,"CP606185","CP659955","CP368914","CP175531","CP606185","CP175531","CP659955","CP368914",4,TRUE,TRUE,TRUE,TRUE
37,655296,"CP605202","CP658671","CP368453","CP175403","CP605202","CP175403","CP658671","CP368453",4,TRUE,TRUE,TRUE,TRUE
37,655332,"CP605050","CP657723","CP367949","CP175255","CP605050","CP175255","CP657723","CP367949",4,TRUE,TRUE,TRUE,TRUE
37,655376,"CP604291","CP658678","CP367938","CP175042","CP604291","CP175042","CP658678","CP367938",4,TRUE,TRUE,TRUE,TRUE
37,655417,"CP605387","CP659435","CP368489","CP175295","CP605387","CP175295","CP659435","CP368489",4,TRUE,TRUE,TRUE,TRUE
37,655455,"CP602535","CP656864","CP367226","CP174746","CP602535","CP174746","CP656864","CP367226",4,TRUE,TRUE,TRUE,TRUE
37,655580,"CP602536","CP656851","CP367227","CP174582","CP602536","CP174582","CP656851","CP367227",4,TRUE,TRUE,TRUE,TRUE
37,655895,"CP606561","CP659999","CP368915","CP175496","CP606561","CP175496","CP659999","CP368915",4,TRUE,TRUE,TRUE,TRUE
37,655953,"CP602836","CP656512","CP367245","CP174587","CP602836","CP174587","CP656512","CP367245",4,TRUE,TRUE,TRUE,TRUE
37,656030,"CP608891","CP664266","CP370731","CP176376","CP608891","CP176376","CP664266","CP370731",4,TRUE,TRUE,TRUE,TRUE
37,656257,"CP605306","CP658686","CP368681","CP175285","CP605306","CP175285","CP658686","CP368681",4,TRUE,TRUE,TRUE,TRUE
37,656351,"CP608297","CP662837","CP370382","CP176424","CP608297","CP176424","CP662837","CP370382",4,TRUE,TRUE,TRUE,TRUE
37,656381,"CP601041","CP656314","CP366426","CP174470","CP601041","CP174470","CP656314","CP366426",4,TRUE,TRUE,TRUE,TRUE
37,656485,"CP602965","CP656617","CP367063","CP174592","CP602965","CP174592","CP656617","CP367063",4,TRUE,TRUE,TRUE,TRUE
37,656489,"CP606707","CP660017","CP369050","CP175543","CP606707","CP175543","CP660017","CP369050",4,TRUE,TRUE,TRUE,TRUE
37,656652,"CP603152","CP656990","CP367332","CP174788","CP603152","CP174788","CP656990","CP367332",4,TRUE,TRUE,TRUE,TRUE
37,656772,"CP604293","CP657721","CP368528","CP175034","CP604293","CP175034","CP657721","CP368528",4,TRUE,TRUE,TRUE,TRUE
37,656797,"CP604256","CP657614","CP368340","CP175044","CP604256","CP175044","CP657614","CP368340",4,TRUE,TRUE,TRUE,TRUE
37,656880,"CP608312","CP664011","CP370419","CP176425","CP608312","CP176425","CP664011","CP370419",4,TRUE,TRUE,TRUE,TRUE
37,656943,"CP608813","CP664030","CP370383","CP176420","CP608813","CP176420","CP664030","CP370383",4,TRUE,TRUE,TRUE,TRUE
37,656949,"CP605136","CP658691","CP368327","CP175275","CP605136","CP175275","CP658691","CP368327",4,TRUE,TRUE,TRUE,TRUE
37,657099,"CP603153","CP656955","CP367379","CP174786","CP603153","CP174786","CP656955","CP367379",4,TRUE,TRUE,TRUE,TRUE
37,657116,"CP602559","CP656752","CP367066","CP174597","CP602559","CP174597","CP656752","CP367066",4,TRUE,TRUE,TRUE,TRUE
37,657316,"CP602858","CP656696","CP367262","CP174600","CP602858","CP174600","CP656696","CP367262",4,TRUE,TRUE,TRUE,TRUE
37,657412,"CP604295","CP658697","CP367926","CP175047","CP604295","CP175047","CP658697","CP367926",4,TRUE,TRUE,TRUE,TRUE
37,657836,"CP605054","CP658699","CP367969","CP175158","CP605054","CP175158","CP658699","CP367969",4,TRUE,TRUE,TRUE,TRUE
37,657858,"CP602861","CP656780","CP367249","CP174605","CP602861","CP174605","CP656780","CP367249",4,TRUE,TRUE,TRUE,TRUE
37,657972,"CP602288","CP656991","CP366797","CP174545","CP602288","CP174545","CP656991","CP366797",4,TRUE,TRUE,TRUE,TRUE
37,658051,"CP604303","CP657097","CP368407","CP175053","CP604303","CP175053","CP657097","CP368407",4,TRUE,TRUE,TRUE,TRUE
37,658052,"CP604304","CP656316","CP368406","CP175052","CP604304","CP175052","CP656316","CP368406",4,TRUE,TRUE,TRUE,TRUE
37,658094,"CP603248","CP657015","CP367534","CP174936","CP603248","CP174936","CP657015","CP367534",4,TRUE,TRUE,TRUE,TRUE
37,658095,"CP603247","CP655903","CP367533","CP174935","CP603247","CP174935","CP655903","CP367533",4,TRUE,TRUE,TRUE,TRUE
37,658133,"CP603223","CP657022","CP367446","CP174875","CP603223","CP174875","CP657022","CP367446",4,TRUE,TRUE,TRUE,TRUE
37,658177,"CP602129","CP655898","CP366801","CP174611","CP602129","CP174611","CP655898","CP366801",4,TRUE,TRUE,TRUE,TRUE
37,658216,"CP602073","CP655691","CP366760","CP174499","CP602073","CP174499","CP655691","CP366760",4,TRUE,TRUE,TRUE,TRUE
37,658301,"CP604946","CP658103","CP367848","CP175247","CP604946","CP175247","CP658103","CP367848",4,TRUE,TRUE,TRUE,TRUE
37,658332,"CP607006","CP660341","CP369267","CP175771","CP607006","CP175771","CP660341","CP369267",4,TRUE,TRUE,TRUE,TRUE
37,658379,"CP606954","CP661419","CP369196","CP175735","CP606954","CP175735","CP661419","CP369196",4,TRUE,TRUE,TRUE,TRUE
37,658402,"CP604305","CP657535","CP367857","CP174970","CP604305","CP174970","CP657535","CP367857",4,TRUE,TRUE,TRUE,TRUE
37,658440,"CP604231","CP657616","CP367741","CP174971","CP604231","CP174971","CP657616","CP367741",4,TRUE,TRUE,TRUE,TRUE
37,658541,"CP601811","CP655693","CP366458","CP174448","CP601811","CP174448","CP655693","CP366458",4,TRUE,TRUE,TRUE,TRUE
37,658597,"CP600676","CP655802","CP366320","CP174446","CP600676","CP174446","CP655802","CP366320",4,TRUE,TRUE,TRUE,TRUE
37,658627,"CP603154","CP656044","CP367427","CP174937","CP603154","CP174937","CP656044","CP367427",4,TRUE,TRUE,TRUE,TRUE
37,658676,"CP603054","CP655928","CP367336","CP174816","CP603054","CP174816","CP655928","CP367336",4,TRUE,TRUE,TRUE,TRUE
37,658752,"CP602166","CP655907","CP366802","CP174553","CP602166","CP174553","CP655907","CP366802",4,TRUE,TRUE,TRUE,TRUE
37,658889,"CP604951","CP658701","CP368266","CP175248","CP604951","CP175248","CP658701","CP368266",4,TRUE,TRUE,TRUE,TRUE
37,658901,"CP602867","CP656624","CP366857","CP174618","CP602867","CP174618","CP656624","CP366857",4,TRUE,TRUE,TRUE,TRUE
37,659039,"CP608392","CP663026","CP370559","CP176551","CP608392","CP176551","CP663026","CP370559",4,TRUE,TRUE,TRUE,TRUE
37,659071,"CP605057","CP658135","CP368310","CP175249","CP605057","CP175249","CP658135","CP368310",4,TRUE,TRUE,TRUE,TRUE
37,659097,"CP604791","CP658017","CP368255","CP175237","CP604791","CP175237","CP658017","CP368255",4,TRUE,TRUE,TRUE,TRUE
37,659161,"CP600662","CP655463","CP366336","CP174438","CP600662","CP174438","CP655463","CP366336",4,TRUE,TRUE,TRUE,TRUE
37,659200,"CP603579","CP657893","CP368134","CP175126","CP603579","CP175126","CP657893","CP368134",4,TRUE,TRUE,TRUE,TRUE
37,659320,"CP605190","CP658106","CP368291","CP175234","CP605190","CP175234","CP658106","CP368291",4,TRUE,TRUE,TRUE,TRUE
37,659343,"CP604798","CP657485","CP367838","CP174840","CP604798","CP174840","CP657485","CP367838",4,TRUE,TRUE,TRUE,TRUE
37,659362,"CP605209","CP658702","CP368219","CP175235","CP605209","CP175235","CP658702","CP368219",4,TRUE,TRUE,TRUE,TRUE
37,659453,"CP603233","CP656952","CP367430","CP174886","CP603233","CP174886","CP656952","CP367430",4,TRUE,TRUE,TRUE,TRUE
37,659534,"CP602587","CP656784","CP367186","CP174633","CP602587","CP174633","CP656784","CP367186",4,TRUE,TRUE,TRUE,TRUE
37,638573,"CP604316","CP657679","CP367922","CP175039","CP604316","CP175039","CP657679","CP367922",4,TRUE,TRUE,TRUE,TRUE
37,638629,"CP604239","CP657593","CP367849","CP174843","CP604239","CP174843","CP657593","CP367849",4,TRUE,TRUE,TRUE,TRUE
37,638704,"CP603259","CP657059","CP367482","CP174541","CP603259","CP174541","CP657059","CP367482",4,TRUE,TRUE,TRUE,TRUE
37,638742,"CP603260","CP657023","CP367435","CP174539","CP603260","CP174539","CP657023","CP367435",4,TRUE,TRUE,TRUE,TRUE
37,638764,"CP603236","CP657024","CP367428","CP174895","CP603236","CP174895","CP657024","CP367428",4,TRUE,TRUE,TRUE,TRUE
37,638865,"CP603108","CP656948","CP367284","CP174771","CP603108","CP174771","CP656948","CP367284",4,TRUE,TRUE,TRUE,TRUE
37,638881,"CP603123","CP657010","CP367310","CP174772","CP603123","CP174772","CP657010","CP367310",4,TRUE,TRUE,TRUE,TRUE
37,638909,"CP603110","CP657620","CP367285","CP174806","CP603110","CP174806","CP657620","CP367285",4,TRUE,TRUE,TRUE,TRUE
37,638934,"CP603185","CP657077","CP367399","CP174888","CP603185","CP174888","CP657077","CP367399",4,TRUE,TRUE,TRUE,TRUE
37,638936,"CP602107","CP655901","CP366774","CP174795","CP602107","CP174795","CP655901","CP366774",4,TRUE,TRUE,TRUE,TRUE
37,638939,"CP607203","CP660317","CP369448","CP175814","CP607203","CP175814","CP660317","CP369448",4,TRUE,TRUE,TRUE,TRUE
37,638955,"CP601391","CP655883","CP366771","CP174643","CP601391","CP174643","CP655883","CP366771",4,TRUE,TRUE,TRUE,TRUE
37,638959,"CP607112","CP660300","CP369351","CP175751","CP607112","CP175751","CP660300","CP369351",4,TRUE,TRUE,TRUE,TRUE
37,638985,"CP607065","CP660287","CP369319","CP175714","CP607065","CP175714","CP660287","CP369319",4,TRUE,TRUE,TRUE,TRUE
37,639078,"CP602008","CP655807","CP366756","CP174527","CP602008","CP174527","CP655807","CP366756",4,TRUE,TRUE,TRUE,TRUE
37,639247,"CP605144","CP658019","CP368097","CP175161","CP605144","CP175161","CP658019","CP368097",4,TRUE,TRUE,TRUE,TRUE
37,639355,"CP602167","CP655922","CP366792","CP174794","CP602167","CP174794","CP655922","CP366792",4,TRUE,TRUE,TRUE,TRUE
37,639486,"CP603169","CP656956","CP367359","CP174825","CP603169","CP174825","CP656956","CP367359",4,TRUE,TRUE,TRUE,TRUE
37,639555,"CP602632","CP656536","CP367265","CP174647","CP602632","CP174647","CP656536","CP367265",4,TRUE,TRUE,TRUE,TRUE
37,639630,"CP605896","CP659283","CP368955","CP175499","CP605896","CP175499","CP659283","CP368955",4,TRUE,TRUE,TRUE,TRUE
37,639673,"CP606238","CP659284","CP368869","CP175501","CP606238","CP175501","CP659284","CP368869",4,TRUE,TRUE,TRUE,TRUE
37,639692,"CP606239","CP659329","CP368891","CP175463","CP606239","CP175463","CP659329","CP368891",4,TRUE,TRUE,TRUE,TRUE
37,639710,"CP603212","CP657415","CP367389","CP174848","CP603212","CP174848","CP657415","CP367389",4,TRUE,TRUE,TRUE,TRUE
37,639729,"CP601395","CP656537","CP366938","CP174650","CP601395","CP174650","CP656537","CP366938",4,TRUE,TRUE,TRUE,TRUE
37,639731,"CP603196","CP656965","CP367390","CP174849","CP603196","CP174849","CP656965","CP367390",4,TRUE,TRUE,TRUE,TRUE
37,639764,"CP603359","CP657300","CP367554","CP174850","CP603359","CP174850","CP657300","CP367554",4,TRUE,TRUE,TRUE,TRUE
37,639876,"CP602110","CP656540","CP366663","CP174654","CP602110","CP174654","CP656540","CP366663",4,TRUE,TRUE,TRUE,TRUE
37,640027,"CP605900","CP659148","CP368892","CP175503","CP605900","CP175503","CP659148","CP368892",4,TRUE,TRUE,TRUE,TRUE
37,640093,"CP602410","CP656651","CP367194","CP174655","CP602410","CP174655","CP656651","CP367194",4,TRUE,TRUE,TRUE,TRUE
37,640105,"CP608101","CP664110","CP370267","CP176351","CP608101","CP176351","CP664110","CP370267",4,TRUE,TRUE,TRUE,TRUE
37,640116,"CP602169","CP655887","CP366773","CP174532","CP602169","CP174532","CP655887","CP366773",4,TRUE,TRUE,TRUE,TRUE
37,640144,"CP602148","CP655860","CP366753","CP174514","CP602148","CP174514","CP655860","CP366753",4,TRUE,TRUE,TRUE,TRUE
37,640151,"CP605901","CP659356","CP368909","CP175526","CP605901","CP175526","CP659356","CP368909",4,TRUE,TRUE,TRUE,TRUE
37,640172,"CP605714","CP659286","CP368916","CP175505","CP605714","CP175505","CP659286","CP368916",4,TRUE,TRUE,TRUE,TRUE
37,640314,"CP606242","CP659150","CP368831","CP175449","CP606242","CP175449","CP659150","CP368831",4,TRUE,TRUE,TRUE,TRUE
37,640365,"CP603226","CP657017","CP367415","CP174893","CP603226","CP174893","CP657017","CP367415",4,TRUE,TRUE,TRUE,TRUE
37,640370,"CP606449","CP659357","CP368917","CP175507","CP606449","CP175507","CP659357","CP368917",4,TRUE,TRUE,TRUE,TRUE
37,640404,"CP606450","CP659263","CP368904","CP175508","CP606450","CP175508","CP659263","CP368904",4,TRUE,TRUE,TRUE,TRUE
37,640425,"CP606451","CP659238","CP368832","CP175468","CP606451","CP175468","CP659238","CP368832",4,TRUE,TRUE,TRUE,TRUE
37,640448,"CP606452","CP659313","CP368871","CP175509","CP606452","CP175509","CP659313","CP368871",4,TRUE,TRUE,TRUE,TRUE
37,640544,"CP606248","CP659376","CP368910","CP175527","CP606248","CP175527","CP659376","CP368910",4,TRUE,TRUE,TRUE,TRUE
37,640812,"CP602022","CP655706","CP366715","CP174493","CP602022","CP174493","CP655706","CP366715",4,TRUE,TRUE,TRUE,TRUE
37,640914,"CP606252","CP659370","CP368836","CP175471","CP606252","CP175471","CP659370","CP368836",4,TRUE,TRUE,TRUE,TRUE
37,640958,"CP606254","CP659341","CP368875","CP175516","CP606254","CP175516","CP659341","CP368875",4,TRUE,TRUE,TRUE,TRUE
37,640981,"CP606256","CP659202","CP368838","CP175517","CP606256","CP175517","CP659202","CP368838",4,TRUE,TRUE,TRUE,TRUE
37,641178,"CP602418","CP656766","CP367099","CP174668","CP602418","CP174668","CP656766","CP367099",4,TRUE,TRUE,TRUE,TRUE
37,641343,"CP603132","CP656557","CP366949","CP174671","CP603132","CP174671","CP656557","CP366949",4,TRUE,TRUE,TRUE,TRUE
37,641459,"CP600741","CP655473","CP366329","CP174451","CP600741","CP174451","CP655473","CP366329",4,TRUE,TRUE,TRUE,TRUE
37,643569,"CP607704","CP661611","CP369892","CP176114","CP607704","CP176114","CP661611","CP369892",4,TRUE,TRUE,TRUE,TRUE
37,643587,"CP607705","CP661607","CP369893","CP176112","CP607705","CP176112","CP661607","CP369893",4,TRUE,TRUE,TRUE,TRUE
37,644411,"CP605086","CP657856","CP368248","CP175229","CP605086","CP175229","CP657856","CP368248",4,TRUE,TRUE,TRUE,TRUE
37,645043,"CP604109","CP657512","CP367871","CP175031","CP604109","CP175031","CP657512","CP367871",4,TRUE,TRUE,TRUE,TRUE
37,645081,"CP603919","CP657608","CP367828","CP175027","CP603919","CP175027","CP657608","CP367828",4,TRUE,TRUE,TRUE,TRUE
37,645097,"CP603920","CP657514","CP367751","CP175008","CP603920","CP175008","CP657514","CP367751",4,TRUE,TRUE,TRUE,TRUE
37,645367,"CP603923","CP657375","CP367789","CP175010","CP603923","CP175010","CP657375","CP367789",4,TRUE,TRUE,TRUE,TRUE
37,645574,"CP603925","CP657784","CP367720","CP174974","CP603925","CP174974","CP657784","CP367720",4,TRUE,TRUE,TRUE,TRUE
37,645593,"CP604196","CP657609","CP367829","CP175012","CP604196","CP175012","CP657609","CP367829",4,TRUE,TRUE,TRUE,TRUE
37,645607,"CP604221","CP657517","CP367830","CP175013","CP604221","CP175013","CP657517","CP367830",4,TRUE,TRUE,TRUE,TRUE
37,645608,"CP604113","CP657862","CP367954","CP175169","CP604113","CP175169","CP657862","CP367954",4,TRUE,TRUE,TRUE,TRUE
37,645625,"CP604114","CP657378","CP367791","CP175014","CP604114","CP175014","CP657378","CP367791",4,TRUE,TRUE,TRUE,TRUE
37,645655,"CP604197","CP657450","CP367721","CP174992","CP604197","CP174992","CP657450","CP367721",4,TRUE,TRUE,TRUE,TRUE
37,645693,"CP603930","CP657275","CP368021","CP174993","CP603930","CP174993","CP657275","CP368021",4,TRUE,TRUE,TRUE,TRUE
37,645865,"CP604824","CP658097","CP368023","CP175131","CP604824","CP175131","CP658097","CP368023",4,TRUE,TRUE,TRUE,TRUE
37,645878,"CP605090","CP658010","CP368198","CP175215","CP605090","CP175215","CP658010","CP368198",4,TRUE,TRUE,TRUE,TRUE
37,645881,"CP603700","CP657629","CP367756","CP175016","CP603700","CP175016","CP657629","CP367756",4,TRUE,TRUE,TRUE,TRUE
37,645920,"CP604222","CP658781","CP367793","CP174994","CP604222","CP174994","CP658781","CP367793",4,TRUE,TRUE,TRUE,TRUE
37,645985,"CP605091","CP657938","CP368076","CP175171","CP605091","CP175171","CP657938","CP368076",4,TRUE,TRUE,TRUE,TRUE
37,646179,"CP604115","CP657456","CP367832","CP175019","CP604115","CP175019","CP657456","CP367832",4,TRUE,TRUE,TRUE,TRUE
37,646241,"CP606716","CP660207","CP368940","CP175555","CP606716","CP175555","CP660207","CP368940",4,TRUE,TRUE,TRUE,TRUE
37,646464,"CP604249","CP657387","CP367799","CP174995","CP604249","CP174995","CP657387","CP367799",4,TRUE,TRUE,TRUE,TRUE
37,646524,"CP603948","CP657459","CP367667","CP175132","CP603948","CP175132","CP657459","CP367667",4,TRUE,TRUE,TRUE,TRUE
37,646702,"CP606350","CP659027","CP368851","CP175481","CP606350","CP175481","CP659027","CP368851",4,TRUE,TRUE,TRUE,TRUE
37,646746,"CP603707","CP657875","CP368114","CP175221","CP603707","CP175221","CP657875","CP368114",4,TRUE,TRUE,TRUE,TRUE
37,646773,"CP604123","CP657944","CP367834","CP174978","CP604123","CP174978","CP657944","CP367834",4,TRUE,TRUE,TRUE,TRUE
37,647040,"CP606047","CP659189","CP368883","CP175484","CP606047","CP175484","CP659189","CP368883",4,TRUE,TRUE,TRUE,TRUE
37,647717,"CP601726","CP655543","CP366671","CP174502","CP601726","CP174502","CP655543","CP366671",4,TRUE,TRUE,TRUE,TRUE
37,647729,"CP601436","CP655528","CP366705","CP174503","CP601436","CP174503","CP655528","CP366705",4,TRUE,TRUE,TRUE,TRUE
38,670362,"CP613181","CP668935","CP372977","CP178576","CP613181","CP178576","CP668935","CP372977",4,TRUE,TRUE,TRUE,TRUE
38,673039,"CP613228","CP668937","CP372974","CP178609","CP613228","CP178609","CP668937","CP372974",4,TRUE,TRUE,TRUE,TRUE
38,676106,"CP613535","CP668945","CP373753","CP178679","CP613535","CP178679","CP668945","CP373753",4,TRUE,TRUE,TRUE,TRUE
38,661682,"CP611882","CP668390","CP372279","CP178440","CP611882","CP178440","CP668390","CP372279",4,TRUE,TRUE,TRUE,TRUE
38,667137,"CP613372","CP669409","CP373046","CP178677","CP613372","CP178677","CP669409","CP373046",4,TRUE,TRUE,TRUE,TRUE
38,668037,"CP618345","CP671944","CP375157","CP179840","CP618345","CP179840","CP671944","CP375157",4,TRUE,TRUE,TRUE,TRUE
38,669481,"CP613305","CP669414","CP373022","CP178691","CP613305","CP178691","CP669414","CP373022",4,TRUE,TRUE,TRUE,TRUE
38,670256,"CP613496","CP669458","CP373157","CP178698","CP613496","CP178698","CP669458","CP373157",4,TRUE,TRUE,TRUE,TRUE
38,670400,"CP618602","CP671970","CP375477","CP180104","CP618602","CP180104","CP671970","CP375477",4,TRUE,TRUE,TRUE,TRUE
38,671013,"CP617496","CP671084","CP374656","CP179813","CP617496","CP179813","CP671084","CP374656",4,TRUE,TRUE,TRUE,TRUE
38,671357,"CP616464","CP670426","CP374852","CP179644","CP616464","CP179644","CP670426","CP374852",4,TRUE,TRUE,TRUE,TRUE
38,671382,"CP616376","CP670427","CP374136","CP179568","CP616376","CP179568","CP670427","CP374136",4,TRUE,TRUE,TRUE,TRUE
38,671479,"CP617687","CP672053","CP376497","CP180131","CP617687","CP180131","CP672053","CP376497",4,TRUE,TRUE,TRUE,TRUE
38,671697,"CP610546","CP666758","CP371602","CP177757","CP610546","CP177757","CP666758","CP371602",4,TRUE,TRUE,TRUE,TRUE
38,672245,"CP620019","CP677193","CP376910","CP181024","CP620019","CP181024","CP677193","CP376910",4,TRUE,TRUE,TRUE,TRUE
38,673015,"CP616543","CP671249","CP374304","CP179581","CP616543","CP179581","CP671249","CP374304",4,TRUE,TRUE,TRUE,TRUE
38,673431,"CP617833","CP672183","CP374930","CP179857","CP617833","CP179857","CP672183","CP374930",4,TRUE,TRUE,TRUE,TRUE
38,674392,"CP619245","CP675059","CP376072","CP180715","CP619245","CP180715","CP675059","CP376072",4,TRUE,TRUE,TRUE,TRUE
38,676690,"CP618219","CP672496","CP375025","CP179929","CP618219","CP179929","CP672496","CP375025",4,TRUE,TRUE,TRUE,TRUE
38,677164,"CP619002","CP673551","CP374445","CP179682","CP619002","CP179682","CP673551","CP374445",4,TRUE,TRUE,TRUE,TRUE
38,677331,"CP614648","CP669836","CP373480","CP179258","CP614648","CP179258","CP669836","CP373480",4,TRUE,TRUE,TRUE,TRUE
38,677773,"CP613375","CP669005","CP373019","CP178689","CP613375","CP178689","CP669005","CP373019",4,TRUE,TRUE,TRUE,TRUE
38,666010,"CP616400","CP670568","CP374091","CP179472","CP616400","CP179472","CP670568","CP374091",4,TRUE,TRUE,TRUE,TRUE
