"mixture","lab","polarity","xcms_fts","compound","inchikey_2d","rt_sec","ionMass","adduct","cosmic"
"1.1","afekta","pos","16","L-citrulline","RHGKLRLOHDJJDR",26.85650000001,176.10237121582,"[M + H]+",0.807140227834568
"1.1","afekta","pos","17","N(6)-acetyl-L-lysine","DTERQYGMUDWYAZ",27.59000000001,189.122779846191,"[M + H]+",0.772444961417617
"1.1","afekta","pos","18","N(6)-acetyl-L-lysine","DTERQYGMUDWYAZ",28.542,189.122779846191,"[M + H]+",0.284461485065954
"1.1","afekta","pos","19","N-alpha-acetyl-L-asparagine","HXFOXFJUNFFYMO",29.7375,175.070541381836,"[M + H]+",0.0339176543218557
"1.1","afekta","pos","34","5-hydroxy-L-tryptophan","LDCYZAJDBXYCGN",45.507,221.091354370117,"[M + H]+",0.878139608307937
"1.1","afekta","pos","35","L-valine","KZSNJWFQEVHDMF",46.9305,118.08558602529,"[M + H]+",0.118842006526231
"1.1","afekta","pos","36","L-valine","KZSNJWFQEVHDMF",48.95499999999,118.08558602529,"[M + H]+",0.212978036964962
"1.1","afekta","pos","50","L-valine","KZSNJWFQEVHDMF",85.67299999998,118.08558602529,"[M + H]+",0.620861737224501
"1.1","afekta","pos","186","L-valine","KZSNJWFQEVHDMF",458.2845,118.08558602529,"[M + H]+",0.222747056845522
"1.1","afekta","pos","194","L-valine","KZSNJWFQEVHDMF",477.0705,118.08558602529,"[M + H]+",0.158840682704825
"1.1","afekta","pos","202","L-valine","KZSNJWFQEVHDMF",496.66549999998,118.08558602529,"[M + H]+",0.211823395851984
"1.1","afekta","pos","228","L-valine","KZSNJWFQEVHDMF",545.56700000001,118.08558602529,"[M + H]+",0.206662897483717
"1.1","afekta","pos","256","L-valine","KZSNJWFQEVHDMF",594.66799999998,118.08558602529,"[M + H]+",0.130068209147949
"1.1","afekta","neg","381","carnosine","CQOVPNPJLQNMDC",26.271,225.097412109375,"[M - H]-",0.749895872108442
"1.1","afekta","neg","382","homocystine","ZTVZLYBCZNMWCF",27.2175,267.045623779297,"[M - H]-",0.261498575713377
"1.1","afekta","neg","388","N-alpha-acetyl-L-asparagine","HXFOXFJUNFFYMO",29.24200000002,173.055229187012,"[M - H]-",0.886885008326329
"1.1","afekta","neg","391","guanosine 5'-monophosphate","RQFCJASXJCIDSX",32.38249999998,362.047570800781,"[M - H]-",0.101081780449249
"1.1","afekta","neg","399","O(4)-phospho-L-tyrosine","DCWXELXMIBXGTH",50.12150000001,260.03067452567,"[M - H]-",0.156105945974161
"1.1","afekta","neg","401","guanosine 5'-monophosphate","RQFCJASXJCIDSX",55.24299999999,362.047570800781,"[M - H]-",0.196190749841435
"1.1","afekta","neg","421","O(4)-phospho-L-tyrosine","DCWXELXMIBXGTH",112.41699999999,260.03067452567,"[M - H]-",0.0934342283268415
"1.1","cembio","pos","97","carnosine","CQOVPNPJLQNMDC",3.753,227.114105224609,"[M + H]+",0.157415687474939
"1.1","cembio","pos","98","L-lysine","KDXKERNSBIXSRK",4.75000000002,147.11279296875,"[M + H]+",0.139768467287431
"1.1","cembio","pos","112","glutathione","RWSXRVCMGQZWBV",18.69799999998,308.090393066406,"[M + H]+",0.127492920341637
"1.1","cembio","pos","114","N-acetyl-L-cysteine","PWKSKIMOESPYIA",20.691,164.037796020508,"[M + H]+",0.0189499078218579
"1.1","cembio","pos","115","L-lysine","KDXKERNSBIXSRK",21.687,169.094497680664,"[M + Na]+",0.117091923840393
"1.1","cembio","pos","117","alpha-D-glucosamine 6-phosphate","XHMJOUIAFHJHBW",23.68000000002,282.034393310547,"[M + Na]+",0.292365814980688
"1.1","cembio","pos","125","N(6)-acetyl-L-lysine","DTERQYGMUDWYAZ",31.65,211.10400390625,"[M + Na]+",0.15584084001417
"1.1","cembio","pos","127","glutathione","RWSXRVCMGQZWBV",33.64300000002,330.0712890625,"[M + K]+",0.460686630142843
"1.1","cembio","pos","131","L-lysine","KDXKERNSBIXSRK",38.34199999998,147.11279296875,"[M + H]+",0.986769363091129
"1.1","cembio","pos","132","L-valine","KZSNJWFQEVHDMF",39.339,118.086303710938,"[M + H]+",0.205897418370844
"1.1","cembio","pos","133","alpha-D-glucosamine 6-phosphate","XHMJOUIAFHJHBW",40.335,260.052398681641,"[M + H]+",0.664841045857358
"1.1","cembio","pos","136","L-citrulline","RHGKLRLOHDJJDR",43.32400000002,176.10319519043,"[M + H]+",0.0140410936856061
"1.1","cembio","pos","138","homocystine","ZTVZLYBCZNMWCF",45.31699999998,269.061706542969,"[M + H]+",0.201039402389744
"1.1","cembio","pos","140","O(4)-phospho-L-tyrosine","DCWXELXMIBXGTH",47.30899999998,262.047210693359,"[M + H]+",0.723194355929786
"1.1","cembio","pos","141","uridine 5'-monophosphate","DJJCXFVJDGTHFX",48.306,325.043090820313,"[M + H]+",0.672846611832726
"1.1","cembio","pos","142","guanosine 5'-monophosphate","RQFCJASXJCIDSX",49.302,364.064910888672,"[M + H]+",0.765591154987215
"1.1","cembio","pos","143","N(6)-acetyl-L-lysine","DTERQYGMUDWYAZ",50.298,189.122299194336,"[M + H]+",0.795734756316913
"1.1","cembio","pos","144","N-alpha-acetyl-L-asparagine","HXFOXFJUNFFYMO",51.29500000002,175.070404052734,"[M + H]+",0.34886553173354
"1.1","cembio","pos","145","glutathione","RWSXRVCMGQZWBV",52.29100000002,308.090393066406,"[M + H]+",0.954151227955975
"1.1","cembio","pos","146","5-hydroxy-L-tryptophan","LDCYZAJDBXYCGN",53.28700000002,221.091598510742,"[M + H]+",0.869641490542249
"1.1","cembio","pos","147","N-acetyl-L-cysteine","PWKSKIMOESPYIA",54.28399999998,164.037796020508,"[M + H]+",0.95438449608581
"1.1","cembio","pos","164","L-lysine","KDXKERNSBIXSRK",71.93500000002,147.11279296875,"[M + H]+",0.140655783650888
"1.1","cembio","pos","166","alpha-D-glucosamine 6-phosphate","XHMJOUIAFHJHBW",73.92799999998,260.052398681641,"[M + K]+",0.843032152642355
"1.1","cembio","pos","169","L-citrulline","RHGKLRLOHDJJDR",76.917,176.10319519043,"[M + Na]+",0.0292982626590209
"1.1","cembio","pos","171","homocystine","ZTVZLYBCZNMWCF",78.909,269.061706542969,"[M + H]+",0.149396148812223
"1.1","cembio","pos","175","guanosine 5'-monophosphate","RQFCJASXJCIDSX",82.89400000002,364.064910888672,"[M + H]+",0.367119801600507
"1.1","cembio","pos","176","N(6)-acetyl-L-lysine","DTERQYGMUDWYAZ",83.89099999998,189.122299194336,"[M + H]+",0.679129940803007
"1.1","cembio","pos","180","N-acetyl-L-cysteine","PWKSKIMOESPYIA",87.876,164.037796020508,"[M + H]+",0.860010650628246
"1.1","cembio","pos","182","carnosine","CQOVPNPJLQNMDC",89.86900000002,249.095703125,"[M + H]+",0.120839194862072
"1.1","cembio","pos","191","N(6)-acetyl-L-lysine","DTERQYGMUDWYAZ",98.83600000002,211.10400390625,"[M + Na]+",0.186384508822617
"1.1","cembio","neg","2","N(6)-acetyl-L-lysine","DTERQYGMUDWYAZ",4.65499999998,187.10920715332,"[M - H]-",0.27661042922383
"1.1","cembio","neg","8","homocystine","ZTVZLYBCZNMWCF",10.63300000002,267.048095703125,"[M - H]-",0.0442112532151432
"1.1","cembio","neg","9","L-lysine","KDXKERNSBIXSRK",11.62999999998,145.098297119141,"[M - H]-",0.714068504766828
"1.1","cembio","neg","12","carnosine","CQOVPNPJLQNMDC",14.619,225.099502563477,"[M - H]-",0.0505168017296432
"1.1","cembio","neg","13","L-citrulline","RHGKLRLOHDJJDR",15.615,174.088500976563,"[M - H]-",0.300157772884396
"1.1","cembio","neg","15","glutathione","RWSXRVCMGQZWBV",17.60800000002,306.077087402344,"[M - H]-",0.240574975550103
"1.1","cembio","neg","20","O(4)-phospho-L-tyrosine","DCWXELXMIBXGTH",23.30299999998,260.033294677734,"[M - H]-",0.438760493871152
"1.1","cembio","neg","22","L-homoserine","UKAUYVFTDYCKQA",25.296,118.05110168457,"[M - H]-",0.759703597032768
"1.1","cembio","neg","24","alpha-D-glucosamine 6-phosphate","XHMJOUIAFHJHBW",27.28900000002,258.038787841797,"[M - H]-",0.264533314903496
"1.1","cembio","neg","25","homocystine","ZTVZLYBCZNMWCF",28.28500000002,267.048095703125,"[M - H]-",0.586738021265006
"1.1","cembio","neg","26","L-lysine","KDXKERNSBIXSRK",29.28100000002,145.098297119141,"[M - H]-",0.700138600739294
"1.1","cembio","neg","27","uridine 5'-monophosphate","DJJCXFVJDGTHFX",30.27799999998,323.029113769531,"[M - H]-",0.458383261056887
"1.1","cembio","neg","30","L-citrulline","RHGKLRLOHDJJDR",33.26599999998,174.088500976563,"[M - H]-",0.513159676511458
"1.1","cembio","neg","32","glutathione","RWSXRVCMGQZWBV",35.259,306.077087402344,"[M - H]-",0.923890373635627
"1.1","cembio","neg","36","N(6)-acetyl-L-lysine","DTERQYGMUDWYAZ",39.95800000002,187.10920715332,"[M - H]-",0.27875612492154
"1.1","cembio","neg","38","guanosine 5'-monophosphate","RQFCJASXJCIDSX",41.95099999998,362.051086425781,"[M - H]-",0.346900745365246
"1.1","cembio","neg","39","L-homoserine","UKAUYVFTDYCKQA",42.94699999998,118.05110168457,"[M - H]-",0.484329219338276
"1.1","cembio","neg","40","L-valine","KZSNJWFQEVHDMF",43.94299999998,116.071701049805,"[M - H]-",0.154497560508738
"1.1","cembio","neg","41","alpha-D-glucosamine 6-phosphate","XHMJOUIAFHJHBW",44.93899999998,258.038787841797,"[M - H]-",0.220993462003773
"1.1","cembio","neg","43","L-lysine","KDXKERNSBIXSRK",46.932,145.098297119141,"[M - H]-",0.676563490896679
"1.1","cembio","neg","45","5-hydroxy-L-tryptophan","LDCYZAJDBXYCGN",48.92500000002,219.07780456543,"[M - H]-",0.584406034384052
"1.1","cembio","neg","47","L-citrulline","RHGKLRLOHDJJDR",50.91700000002,174.088500976563,"[M - H]-",0.466483588463231
"1.1","cembio","neg","48","N-acetyl-L-cysteine","PWKSKIMOESPYIA",51.91399999998,162.023101806641,"[M - H]-",0.713621948668375
"1.1","cembio","neg","49","glutathione","RWSXRVCMGQZWBV",52.90999999998,306.077087402344,"[M - H]-",0.839533036288597
"1.1","cembio","neg","52","D-alpha-aminobutyric acid","QWCKQJZIFLGMSD",56.61199999998,102.055999755859,"[M - H]-",0.35089188037248
"1.1","cembio","neg","53","N(6)-acetyl-L-lysine","DTERQYGMUDWYAZ",57.609,187.10920715332,"[M - H]-",0.417388545542083
"1.1","cembio","neg","55","guanosine 5'-monophosphate","RQFCJASXJCIDSX",59.601,362.051086425781,"[M - H]-",0.496365636320461
"1.1","cembio","neg","56","L-homoserine","UKAUYVFTDYCKQA",60.59800000002,118.05110168457,"[M - H]-",0.670950748056548
"1.1","cembio","neg","59","homocystine","ZTVZLYBCZNMWCF",63.58699999998,267.048095703125,"[M - H]-",0.0698139238646576
"1.1","cembio","neg","61","uridine 5'-monophosphate","DJJCXFVJDGTHFX",65.57899999998,323.029113769531,"[M - H]-",0.367085113284413
"1.1","cembio","neg","62","5-hydroxy-L-tryptophan","LDCYZAJDBXYCGN",66.576,219.07780456543,"[M - H]-",0.32046451096442
"1.1","cembio","neg","63","carnosine","CQOVPNPJLQNMDC",67.572,225.099502563477,"[M - H]-",0.387067669379205
"1.1","cembio","neg","64","L-citrulline","RHGKLRLOHDJJDR",68.568,174.088500976563,"[M - H]-",0.309687718589014
"1.1","cembio","neg","69","D-alpha-aminobutyric acid","QWCKQJZIFLGMSD",74.26399999998,102.055999755859,"[M - H]-",0.166064802983888
"1.1","cembio","neg","70","N(6)-acetyl-L-lysine","DTERQYGMUDWYAZ",75.25999999998,187.10920715332,"[M - H]-",0.423962385361904
"1.1","cembio","neg","71","O(4)-phospho-L-tyrosine","DCWXELXMIBXGTH",76.257,260.033294677734,"[M - H]-",0.515526437739663
"1.1","cembio","neg","72","guanosine 5'-monophosphate","RQFCJASXJCIDSX",77.253,362.051086425781,"[M - H]-",0.383510545936464
"1.1","cembio","neg","73","L-homoserine","UKAUYVFTDYCKQA",78.249,118.05110168457,"[M - H]-",0.299326745159992
"1.1","cembio","neg","74","L-valine","KZSNJWFQEVHDMF",79.24600000002,116.071701049805,"[M - H]-",0.109246762216471
"1.1","cembio","neg","75","alpha-D-glucosamine 6-phosphate","XHMJOUIAFHJHBW",80.24200000002,258.038787841797,"[M - H]-",0.174016555346112
"1.1","cembio","neg","77","L-lysine","KDXKERNSBIXSRK",82.23400000002,145.098297119141,"[M - H]-",0.517713457416342
"1.1","cembio","neg","80","carnosine","CQOVPNPJLQNMDC",85.22299999998,225.099502563477,"[M - H]-",0.115581063334013
"1.1","cembio","neg","81","L-citrulline","RHGKLRLOHDJJDR",86.22,174.088500976563,"[M - H]-",0.295545773621996
"1.1","cembio","neg","90","N-acetyl-L-cysteine","PWKSKIMOESPYIA",96.612,162.023101806641,"[M - H]-",0.145600252317386
"1.1","cembio","neg","95","N-acetyl-L-cysteine","PWKSKIMOESPYIA",103.02400000002,162.023101806641,"[M - H]-",0.105605010924776
"1.1","hmgu","pos","53","L-homoserine","UKAUYVFTDYCKQA",24.87250000002,120.06513752471,"[M + H]+",0.160072246953123
"1.1","hmgu","neg","1191","L-lysine","KDXKERNSBIXSRK",21.993,145.098101500875,"[M - H]-",0.712966009440986
"1.1","hmgu","neg","1192","L-lysine","KDXKERNSBIXSRK",22.6605,145.098299769993,"[M - H]-",0.864034882997444
"1.1","hmgu","neg","1193","L-lysine","KDXKERNSBIXSRK",23.33499999999,145.098099602435,"[M - H]-",0.874060336430699
"1.1","hmgu","neg","1194","L-lysine","KDXKERNSBIXSRK",24.054,145.098006146806,"[M - H]-",0.306945168260434
"1.1","hmgu","neg","1195","L-homoserine","UKAUYVFTDYCKQA",24.82599999999,118.05013224835,"[M - H]-",0.551402057282633
"1.1","hmgu","neg","1196","L-homoserine","UKAUYVFTDYCKQA",25.51599999999,118.05006932393,"[M - H]-",0.603877884778154
"1.1","hmgu","neg","1200","L-lysine","KDXKERNSBIXSRK",28.31149999998,145.097429139435,"[M - H]-",0.167113177045921
"1.1","hmgu","neg","1203","L-lysine","KDXKERNSBIXSRK",30.55599999999,145.097342995897,"[M - H]-",0.559913813486136
"1.1","hmgu","neg","1204","L-lysine","KDXKERNSBIXSRK",31.25000000001,145.097251314569,"[M - H]-",0.232431706316181
"1.1","hmgu","neg","1211","N-alpha-acetyl-L-asparagine","HXFOXFJUNFFYMO",36.34399999998,173.056368694914,"[M - H]-",0.735514514379216
"1.1","hmgu","neg","1228","5-hydroxy-L-tryptophan","LDCYZAJDBXYCGN",48.16300000002,219.077233860118,"[M - H]-",0.54433534088256
"1.1","hmgu","neg","1304","N-acetyl-L-cysteine","PWKSKIMOESPYIA",87.36700000002,162.021744336845,"[M - H]-",0.632634318636101
"1.1","hmgu","neg","1309","N-acetyl-L-cysteine","PWKSKIMOESPYIA",90.30399999999,162.022252100631,"[M - H]-",0.712380147398945
"1.1","hmgu","neg","1310","N-acetyl-L-cysteine","PWKSKIMOESPYIA",90.9735,162.022224485336,"[M - H]-",0.800896631194677
"1.1","hmgu","neg","1314","N-acetyl-L-cysteine","PWKSKIMOESPYIA",93.63850000002,162.022486290275,"[M - H]-",0.763072930953798
"1.2","afekta","pos","15","N-acetyl-L-glutamine","KSMRODHGGIIXDV",30.09800000001,189.086143493652,"[M + H]+",0.96634760972646
"1.2","afekta","pos","19","N-acetyl-L-glutamine","KSMRODHGGIIXDV",34.84400000001,211.06755065918,"[M + Na]+",0.294432434502545
"1.2","afekta","pos","29","kynurenine","YGPSJZOEDVAXAB",55.59699999999,209.091300964355,"[M + H]+",0.995202924391685
"1.2","afekta","neg","376","L-homocitrulline","XIGSAGMEBXLVJJ",27.74150000001,188.102493286133,"[M - H]-",0.301454588401238
"1.2","afekta","neg","379","N-acetyl-L-glutamine","KSMRODHGGIIXDV",31.39250000001,187.071105957031,"[M - H]-",0.85816905369816
"1.2","afekta","neg","380","IMP","GRSZFWQUAKGDAV",32.69999902344,347.037275834517,"[M - H]-",0.253187672335472
"1.2","afekta","neg","381","NAD zwitterion","BAWFJGJZGIEFAR",34.34799999999,662.09619140625,"[M - H]-",0.336505477797496
"1.2","cembio","pos","71","N(4)-acetylcytidine","NIDVTARKFBZMOT",4.59400000002,324.059600830078,"[M + Na]+",0.380192175008074
"1.2","cembio","pos","72","L-homocitrulline","XIGSAGMEBXLVJJ",5.59000000002,190.118698120117,"[M + Na]+",0.0820373474343642
"1.2","cembio","pos","93","L-homocitrulline","XIGSAGMEBXLVJJ",26.51299999998,212.100494384766,"[M + Na]+",0.919029797682999
"1.2","cembio","pos","98","cytidine 5'-monophosphate","IERHLVCPSMICTF",32.20900000002,324.059600830078,"[M + H]+",0.853490339055238
"1.2","cembio","pos","98","N(4)-acetylcytidine","NIDVTARKFBZMOT",32.20900000002,324.059600830078,"[M + H]+",0.853490339055238
"1.2","cembio","pos","99","L-homocitrulline","XIGSAGMEBXLVJJ",33.20500000002,190.118698120117,"[M + H]+",0.576186835866068
"1.2","cembio","pos","100","L-alpha-aminobutyric acid","QWCKQJZIFLGMSD",34.20100000002,104.07080078125,"[M + H]+",0.357101671669069
"1.2","cembio","pos","103","Acetylcarnosine","BKAYIFDRRZZKNF",37.18999999998,269.124694824219,"[M + H]+",0.972240921142622
"1.2","cembio","pos","105","N-acetyl-L-glutamine","KSMRODHGGIIXDV",39.183,189.08740234375,"[M + H]+",0.967012938012665
"1.2","cembio","pos","107","N-carbamoylglutamic acid","LCQLHJZYVOQKHU",41.17600000002,191.066802978516,"[M + H]+",0.416225830305017
"1.2","cembio","pos","108","N-acetyl-L-aspartic acid","OTCCIMWXFLJLIA",42.17200000002,176.055603027344,"[M + H]+",0.452144014374721
"1.2","cembio","pos","109","(2R)-2-acetamidopropanoic acid","KTHDTJVBEPMMGL",43.16800000002,132.065795898438,"[M + H]+",0.935182944774995
"1.2","cembio","pos","116","N-carbamoylglutamic acid","LCQLHJZYVOQKHU",50.14300000002,213.048599243164,"[M + H]+",0.028393309147548
"1.2","cembio","pos","120","N-acetyl-L-glutamine","KSMRODHGGIIXDV",54.12799999998,211.069305419922,"[M + Na]+",0.63154529746805
"1.2","cembio","pos","128","L-homocitrulline","XIGSAGMEBXLVJJ",62.81200000002,190.118698120117,"[M + H]+",0.134309415374453
"1.2","cembio","pos","129","L-alpha-aminobutyric acid","QWCKQJZIFLGMSD",63.80800000002,104.07080078125,"[M + H]+",0.258693868543104
"1.2","cembio","pos","132","Acetylcarnosine","BKAYIFDRRZZKNF",66.79699999998,269.124694824219,"[M + H]+",0.845598589161334
"1.2","cembio","pos","133","IMP","GRSZFWQUAKGDAV",67.79299999998,349.054901123047,"[M + H]+",0.897867063761589
"1.2","cembio","pos","134","N-acetyl-L-glutamine","KSMRODHGGIIXDV",68.79,189.08740234375,"[M + Na]+",0.050993916656074
"1.2","cembio","pos","136","N-carbamoylglutamic acid","LCQLHJZYVOQKHU",70.782,191.066802978516,"[M + H]+",0.310463670279206
"1.2","cembio","pos","139","kynurenine","YGPSJZOEDVAXAB",73.77100000002,209.092407226563,"[M + H]+",0.95928001448533
"1.2","cembio","pos","140","N(4)-acetylcytidine","NIDVTARKFBZMOT",74.76799999998,286.103607177734,"[M + H]+",0.969838665497476
"1.2","cembio","pos","142","N(4)-acetylcytidine","NIDVTARKFBZMOT",76.75999999998,308.085388183594,"[M + Na]+",0.0169909731304695
"1.2","cembio","pos","146","N-carbamoylglutamic acid","LCQLHJZYVOQKHU",80.745,213.048599243164,"[M + Na]+",0.212597899109729
"1.2","cembio","pos","157","(2R)-2-acetamidopropanoic acid","KTHDTJVBEPMMGL",92.41900000002,132.065795898438,"[M + H]+",0.0832702786392142
"1.2","cembio","pos","159","N(4)-acetylcytidine","NIDVTARKFBZMOT",94.41199999998,286.103607177734,"[M + H]+",0.204387137619424
"1.2","cembio","pos","160","L-tryptophan","QIVBCDIJIAJPQS",95.40799999998,205.097396850586,"[M + H]+",0.751452389350083
"1.2","cembio","pos","167","N(4)-acetylcytidine","NIDVTARKFBZMOT",103.09600000002,286.103607177734,"[M + H]+",0.869601950020736
"1.2","cembio","pos","168","L-tryptophan","QIVBCDIJIAJPQS",104.09299999998,205.097396850586,"[M + H]+",0.991783950982774
"1.2","cembio","pos","174","N(4)-acetylcytidine","NIDVTARKFBZMOT",110.784,286.103607177734,"[M + H]+",0.831858954478494
"1.2","cembio","pos","175","L-tryptophan","QIVBCDIJIAJPQS",111.78,205.097396850586,"[M + H]+",0.997125885699061
"1.2","cembio","pos","181","N(4)-acetylcytidine","NIDVTARKFBZMOT",118.47100000002,286.103607177734,"[M + H]+",0.816567205614072
"1.2","cembio","pos","182","L-tryptophan","QIVBCDIJIAJPQS",119.46799999998,205.097396850586,"[M + H]+",0.993578318702136
"1.2","cembio","pos","186","(2R)-2-acetamidopropanoic acid","KTHDTJVBEPMMGL",124.16599999998,132.065795898438,"[M + H]+",0.455206341952756
"1.2","cembio","pos","189","L-tryptophan","QIVBCDIJIAJPQS",127.155,205.097396850586,"[M + H]+",0.99472557099913
"1.2","cembio","pos","190","folic acid","OVBPIULPVIDEAO",128.151,442.147003173828,"[M + H]+",0.010099862179382
"1.2","cembio","pos","194","kynurenine","YGPSJZOEDVAXAB",132.85000000002,209.092407226563,"[M + H]+",0.874406327799939
"1.2","cembio","pos","200","L-tryptophan","QIVBCDIJIAJPQS",139.54099999998,205.097396850586,"[M + H]+",0.990594352556169
"1.2","cembio","pos","203","folic acid","OVBPIULPVIDEAO",142.53,464.127807617188,"[M + Na]+",0.0573432140121633
"1.2","cembio","pos","204","kynurenine","YGPSJZOEDVAXAB",144.23899999998,209.092407226563,"[M + H]+",0.211052427502756
"1.2","cembio","pos","205","L-tryptophan","QIVBCDIJIAJPQS",145.23499999998,205.097396850586,"[M + H]+",0.992941150327859
"1.2","cembio","pos","206","folic acid","OVBPIULPVIDEAO",146.232,442.147003173828,"[M + K]+",0.169017547595728
"1.2","cembio","pos","209","L-tryptophan","QIVBCDIJIAJPQS",149.93500000002,205.097396850586,"[M + H]+",0.985304825677338
"1.2","cembio","pos","212","folic acid","OVBPIULPVIDEAO",152.92399999998,464.127807617188,"[M + K]+",0.184995837277684
"1.2","cembio","pos","213","L-tryptophan","QIVBCDIJIAJPQS",154.63300000002,205.097396850586,"[M + H]+",0.9942127471929
"1.2","cembio","pos","217","L-tryptophan","QIVBCDIJIAJPQS",159.33199999998,205.097396850586,"[M + H]+",0.984204014138351
"1.2","cembio","pos","218","folic acid","OVBPIULPVIDEAO",160.32799999998,442.147003173828,"[M + K]+",0.0529392202194863
"1.2","cembio","pos","221","L-tryptophan","QIVBCDIJIAJPQS",164.031,205.097396850586,"[M + H]+",0.989250206118781
"1.2","cembio","pos","225","L-tryptophan","QIVBCDIJIAJPQS",168.73000000002,205.097396850586,"[M + H]+",0.986057309289039
"1.2","cembio","pos","230","folic acid","OVBPIULPVIDEAO",174.42400000002,442.147003173828,"[M + H]+",0.929525297551426
"1.2","cembio","pos","233","L-tryptophan","QIVBCDIJIAJPQS",178.12600000002,205.097396850586,"[M + H]+",0.924505383350962
"1.2","cembio","pos","234","folic acid","OVBPIULPVIDEAO",179.12299999998,442.147003173828,"[M + H]+",0.704607816603681
"1.2","cembio","pos","236","folic acid","OVBPIULPVIDEAO",181.11499999998,464.127807617188,"[M + K]+",0.0863435003774132
"1.2","cembio","pos","239","folic acid","OVBPIULPVIDEAO",185.53099999998,442.147003173828,"[M + H]+",0.724091202553374
"1.2","cembio","pos","241","folic acid","OVBPIULPVIDEAO",188.23600000002,442.147003173828,"[M + H]+",0.885096519765099
"1.2","cembio","pos","243","folic acid","OVBPIULPVIDEAO",190.94299999998,442.147003173828,"[M + H]+",0.57385205596016
"1.2","cembio","pos","244","folic acid","OVBPIULPVIDEAO",191.93899999998,464.127807617188,"[M + Na]+",0.0513014334987215
"1.2","cembio","pos","247","folic acid","OVBPIULPVIDEAO",196.35400000002,442.147003173828,"[M + H]+",0.786378343564843
"1.2","cembio","pos","262","folic acid","OVBPIULPVIDEAO",216.29200000002,464.127807617188,"[M + Na]+",0.0181049022342451
"1.2","cembio","pos","263","folic acid","OVBPIULPVIDEAO",218.001,442.147003173828,"[M + H]+",0.459106454320384
"1.2","cembio","pos","266","folic acid","OVBPIULPVIDEAO",221.70400000002,464.127807617188,"[M + Na]+",0.0544202649154164
"1.2","cembio","pos","273","folic acid","OVBPIULPVIDEAO",231.53200000002,442.147003173828,"[M + H]+",0.252901145100882
"1.2","cembio","pos","277","folic acid","OVBPIULPVIDEAO",236.94499999998,442.147003173828,"[M + H]+",0.0600557941253821
"1.2","cembio","neg","10","cytidine 5'-monophosphate","IERHLVCPSMICTF",14.66200000002,322.044311523438,"[M - H]-",0.184286040478773
"1.2","cembio","neg","19","cytidine 5'-monophosphate","IERHLVCPSMICTF",25.76899999998,322.044311523438,"[M - H]-",0.368070088854995
"1.2","cembio","neg","22","cytidine 5'-monophosphate","IERHLVCPSMICTF",29.472,322.044311523438,"[M - H]-",0.461226722472507
"1.2","cembio","neg","24","N-acetyl-L-aspartic acid","OTCCIMWXFLJLIA",31.464,174.041793823242,"[M - H]-",0.936406806483257
"1.2","cembio","neg","25","cytidine 5'-monophosphate","IERHLVCPSMICTF",33.174,322.044311523438,"[M - H]-",0.438092936216398
"1.2","cembio","neg","26","L-alpha-aminobutyric acid","QWCKQJZIFLGMSD",34.17,102.05590057373,"[M - H]-",0.182491428092698
"1.2","cembio","neg","27","N-acetyl-L-aspartic acid","OTCCIMWXFLJLIA",35.166,174.041793823242,"[M - H]-",0.927485917773654
"1.2","cembio","neg","28","cytidine 5'-monophosphate","IERHLVCPSMICTF",36.876,322.044311523438,"[M - H]-",0.390384042914456
"1.2","cembio","neg","29","L-alpha-aminobutyric acid","QWCKQJZIFLGMSD",37.872,102.05590057373,"[M - H]-",0.159648397909235
"1.2","cembio","neg","30","N-acetyl-L-aspartic acid","OTCCIMWXFLJLIA",38.86900000002,174.041793823242,"[M - H]-",0.923546728878934
"1.2","cembio","neg","31","cytidine 5'-monophosphate","IERHLVCPSMICTF",40.578,322.044311523438,"[M - H]-",0.327539936778937
"1.2","cembio","neg","33","N-acetyl-L-aspartic acid","OTCCIMWXFLJLIA",42.57100000002,174.041793823242,"[M - H]-",0.895374725041662
"1.2","cembio","neg","34","cytidine 5'-monophosphate","IERHLVCPSMICTF",44.28100000002,322.044311523438,"[M - H]-",0.386849174636988
"1.2","cembio","neg","36","N-acetyl-L-aspartic acid","OTCCIMWXFLJLIA",46.27300000002,174.041793823242,"[M - H]-",0.892304298962201
"1.2","cembio","neg","37","cytidine 5'-monophosphate","IERHLVCPSMICTF",47.982,322.044311523438,"[M - H]-",0.331808330105123
"1.2","cembio","neg","40","cytidine 5'-monophosphate","IERHLVCPSMICTF",51.68500000002,322.044311523438,"[M - H]-",0.449606712991762
"1.2","cembio","neg","42","N-acetyl-L-aspartic acid","OTCCIMWXFLJLIA",53.67700000002,174.041793823242,"[M - H]-",0.918964731470848
"1.2","cembio","neg","45","N-acetyl-L-aspartic acid","OTCCIMWXFLJLIA",57.37900000002,174.041793823242,"[M - H]-",0.931519483028873
"1.2","cembio","neg","46","cytidine 5'-monophosphate","IERHLVCPSMICTF",59.08900000002,322.044311523438,"[M - H]-",0.353871715407297
"1.2","cembio","neg","48","N-acetyl-L-aspartic acid","OTCCIMWXFLJLIA",61.08199999998,174.041793823242,"[M - H]-",0.904705635061896
"1.2","cembio","neg","49","cytidine 5'-monophosphate","IERHLVCPSMICTF",62.79199999998,322.044311523438,"[M - H]-",0.316057503062149
"1.2","cembio","neg","51","N-acetyl-L-aspartic acid","OTCCIMWXFLJLIA",64.78500390624,174.041793823242,"[M - H]-",0.885426960158379
"1.2","cembio","neg","54","N-acetyl-L-aspartic acid","OTCCIMWXFLJLIA",68.487,174.041793823242,"[M - H]-",0.620945494808469
"1.2","cembio","neg","55","cytidine 5'-monophosphate","IERHLVCPSMICTF",70.197,322.044311523438,"[M - H]-",0.305957855322503
"1.2","cembio","neg","56","L-alpha-aminobutyric acid","QWCKQJZIFLGMSD",71.193,102.05590057373,"[M - H]-",0.332856416680253
"1.2","cembio","neg","58","cytidine 5'-monophosphate","IERHLVCPSMICTF",73.90000000002,322.044311523438,"[M - H]-",0.256874606191303
"1.2","cembio","neg","66","N-acetyl-L-aspartic acid","OTCCIMWXFLJLIA",83.29600000002,174.041793823242,"[M - H]-",0.797080319388978
"1.2","cembio","neg","69","N-acetyl-L-aspartic acid","OTCCIMWXFLJLIA",87.85299999999,174.041793823242,"[M - H]-",0.891249653916427
"1.2","hmgu","neg","1189","L-alpha-aminobutyric acid","QWCKQJZIFLGMSD",25.81400000001,102.054996289432,"[M - H]-",0.154949906782727
"1.2","hmgu","neg","1190","L-alpha-aminobutyric acid","QWCKQJZIFLGMSD",26.48300000001,102.055168773125,"[M - H]-",0.238708233437368
"1.2","hmgu","neg","1191","D-erythronic acid","JPIJQSOTBSSVTP",27.1725,135.029596527218,"[M - H]-",0.78571222585309
"1.2","hmgu","neg","1197","D-erythronic acid","JPIJQSOTBSSVTP",31.47800000001,135.028692181265,"[M - H]-",0.319092548031472
"1.2","hmgu","neg","1198","D-erythronic acid","JPIJQSOTBSSVTP",32.187,135.029060800674,"[M - H]-",0.38607780269782
"1.2","hmgu","neg","1213","(2R)-2-acetamidopropanoic acid","KTHDTJVBEPMMGL",42.6825,130.050332992456,"[M - H]-",0.684159089581692
"1.2","icl","pos","49","D-erythronic acid","JPIJQSOTBSSVTP",75.03400325778,159.027069091797,"[M + Na]+",0.0471338899620356
"1.3","afekta","pos","13","N(2)-acetyl-L-lysine","VEYYWZRYIYDQJM",26.33900000001,189.122856140137,"[M + H]+",0.916505917717134
"1.3","afekta","pos","14","D-asparagine","DCXYFEDJOCDNAF",27.5385,133.059997558594,"[M + H]+",0.888997660176884
"1.3","afekta","pos","23","thiamine(1+) diphosphate","AYEKOFBPNLCAJY",39.561,425.04175567627,"[M + H]+",0.136460822872288
"1.3","afekta","neg","363","L-arginine","ODKSFYDXXFIFQN",26.08749999999,173.10285949707,"[M - H]-",0.747701297473637
"1.3","afekta","neg","365","D-glucopyranose 6-phosphate","NBSCHQHZLSJFNQ",28.49750000001,259.020721435547,"[M - H]-",0.0260243472968284
"1.3","afekta","neg","371","isocitric acid","ODBLHEXUDAPZAU",30.65049999999,191.018422444661,"[M - H]-",0.592167398172028
"1.3","afekta","neg","372","L-dopa","WTDRDQBEARUVNC",31.46600000001,196.060348510742,"[M - H]-",0.0414076227892652
"1.3","cembio","pos","127","2-aminoisobutyric acid","FUOOLUPWFVMBKG",11.45599999998,104.070899963379,"[M + H]+",0.422917809042032
"1.3","cembio","pos","131","L-arginine","ODKSFYDXXFIFQN",15.441,197.100997924805,"[M + Na]+",0.0667248513250231
"1.3","cembio","pos","136","guanosine","NYHBQMYGNKIUIF",20.42200000002,284.099487304688,"[M + H]+",0.0581357979486683
"1.3","cembio","pos","140","D-asparagine","DCXYFEDJOCDNAF",24.408,155.04280090332,"[M + H]+",0.0533621886469732
"1.3","cembio","pos","141","L-arginine","ODKSFYDXXFIFQN",25.404,175.119293212891,"[M + H]+",0.964435134347252
"1.3","cembio","pos","142","D-glucopyranose 6-phosphate","NBSCHQHZLSJFNQ",26.4,261.037109375,"[M + H]+",0.632626342016753
"1.3","cembio","pos","143","L-ornithine","AHLPHDHHMVZTML",27.39700000002,155.078704833984,"[M + Na]+",0.134878540106139
"1.3","cembio","pos","146","guanosine","NYHBQMYGNKIUIF",31.09999999998,306.080810546875,"[M + Na]+",0.282433596107216
"1.3","cembio","pos","147","N-carbamoylaspartic acid","HLKXYZVTANABHZ",32.09599999998,177.050796508789,"[M + H]+",0.986760944925465
"1.3","cembio","pos","148","N(2)-acetyl-L-lysine","VEYYWZRYIYDQJM",33.09199999998,189.12370300293,"[M + H]+",0.856494656984464
"1.3","cembio","pos","149","N-acetyl-L-glutamic acid","RFMMMVDNIPUKGG",34.089,190.071197509766,"[M + H]+",0.996446336330122
"1.3","cembio","pos","150","L-cysteine","XUJNEKJLAYXESH",35.085,122.027297973633,"[M + H]+",0.772098256995341
"1.3","cembio","pos","152","UDP","XCCTYIAWTASOJW",37.07800000002,405.009704589844,"[M + H]+",0.726053040423285
"1.3","cembio","pos","153","2-aminoisobutyric acid","FUOOLUPWFVMBKG",38.07400000002,104.070899963379,"[M + H]+",0.925326318269337
"1.3","cembio","pos","156","D-asparagine","DCXYFEDJOCDNAF",41.06299999998,133.061004638672,"[M + H]+",0.445602038261666
"1.3","cembio","pos","157","L-arginine","ODKSFYDXXFIFQN",42.05899999998,197.100997924805,"[M + Na]+",0.217436114388599
"1.3","cembio","pos","159","L-ornithine","AHLPHDHHMVZTML",44.052,133.097305297852,"[M + H]+",0.810025933071594
"1.3","cembio","pos","162","guanosine","NYHBQMYGNKIUIF",47.04100000002,284.099487304688,"[M + H]+",0.734986068018562
"1.3","cembio","pos","166","D-asparagine","DCXYFEDJOCDNAF",51.02599999998,155.04280090332,"[M + Na]+",0.094581195397541
"1.3","cembio","pos","167","L-arginine","ODKSFYDXXFIFQN",52.02199999998,175.119293212891,"[M + H]+",0.725315454975669
"1.3","cembio","pos","171","isocitric acid","ODBLHEXUDAPZAU",56.721,215.014999389648,"[M + Na]+",0.330199133745282
"1.3","cembio","pos","172","guanosine","NYHBQMYGNKIUIF",57.717,306.080810546875,"[M + Na]+",0.0893273209349262
"1.3","cembio","pos","174","N(2)-acetyl-L-lysine","VEYYWZRYIYDQJM",59.71000000002,189.12370300293,"[M + H]+",0.685026272761389
"1.3","cembio","pos","175","N-acetyl-L-glutamic acid","RFMMMVDNIPUKGG",60.70600000002,190.071197509766,"[M + H]+",0.927283121339218
"1.3","cembio","pos","176","L-cysteine","XUJNEKJLAYXESH",61.70299999998,122.027297973633,"[M + H]+",0.338286650998373
"1.3","cembio","pos","177","N-acetyl-beta-neuraminic acid","SQVRNKJHWKZAKO",62.69899999998,332.095397949219,"[M + Na]+",0.0695048404516963
"1.3","cembio","pos","178","UDP","XCCTYIAWTASOJW",63.69499999998,405.009704589844,"[M + H]+",0.667015672589808
"1.3","cembio","pos","179","2-aminoisobutyric acid","FUOOLUPWFVMBKG",64.692,104.070899963379,"[M + H]+",0.229498416658675
"1.3","cembio","pos","182","D-asparagine","DCXYFEDJOCDNAF",67.68100000002,133.061004638672,"[M + H]+",0.0821917646360814
"1.3","cembio","pos","185","L-ornithine","AHLPHDHHMVZTML",70.66999999998,133.097305297852,"[M + H]+",0.0965590277005016
"1.3","cembio","pos","188","guanosine","NYHBQMYGNKIUIF",73.659,284.099487304688,"[M + H]+",0.853636457232475
"1.3","cembio","pos","192","D-asparagine","DCXYFEDJOCDNAF",77.64400000002,155.04280090332,"[M + Na]+",0.0844736619555345
"1.3","cembio","pos","195","L-ornithine","AHLPHDHHMVZTML",80.63299999998,155.078704833984,"[M + Na]+",0.128925108563894
"1.3","cembio","pos","197","isocitric acid","ODBLHEXUDAPZAU",83.34,215.014999389648,"[M + Na]+",0.494209095388724
"1.3","cembio","pos","198","guanosine","NYHBQMYGNKIUIF",84.336,306.080810546875,"[M + Na]+",0.491018511391518
"1.3","cembio","pos","202","L-cysteine","XUJNEKJLAYXESH",88.32100000002,122.027297973633,"[M + H]+",0.523906733531104
"1.3","cembio","pos","207","L-dopa","WTDRDQBEARUVNC",93.303,198.076202392578,"[M + H]+",0.153116487838452
"1.3","cembio","pos","208","D-asparagine","DCXYFEDJOCDNAF",94.299,133.061004638672,"[M + H]+",0.0753759537167489
"1.3","cembio","pos","209","L-arginine","ODKSFYDXXFIFQN",95.295,197.100997924805,"[M + H]+",0.0415181440426991
"1.3","cembio","pos","214","guanosine","NYHBQMYGNKIUIF",100.27699999998,284.099487304688,"[M + H]+",0.685615684404418
"1.3","cembio","pos","216","N(2)-acetyl-L-lysine","VEYYWZRYIYDQJM",102.27,211.105194091797,"[M + Na]+",0.26546318113529
"1.3","cembio","pos","219","L-arginine","ODKSFYDXXFIFQN",105.25900000002,175.119293212891,"[M + Na]+",0.07481831579258
"1.3","cembio","pos","223","L-arginine","ODKSFYDXXFIFQN",109.95700000002,197.100997924805,"[M + Na]+",0.010459498886559
"1.3","cembio","pos","225","L-arginine","ODKSFYDXXFIFQN",112.66399999998,197.100997924805,"[M + Na]+",0.0110878302165971
"1.3","cembio","pos","227","L-arginine","ODKSFYDXXFIFQN",115.36999999998,197.100997924805,"[M + Na]+",0.223050729583131
"1.3","cembio","neg","5","N-acetyl-L-glutamic acid","RFMMMVDNIPUKGG",7.54399999998,188.056594848633,"[M - H]-",0.0741196712174623
"1.3","cembio","neg","13","L-arginine","ODKSFYDXXFIFQN",15.51499999998,173.104400634766,"[M - H]-",0.076893483923008
"1.3","cembio","neg","16","L-ornithine","AHLPHDHHMVZTML",18.50299999998,131.082107543945,"[M - H]-",0.779587275076599
"1.3","cembio","neg","24","isocitric acid","ODBLHEXUDAPZAU",27.18799999998,191.020004272461,"[M - H]-",0.589663859037414
"1.3","cembio","neg","26","N-carbamoylaspartic acid","HLKXYZVTANABHZ",29.17999999998,175.036193847656,"[M - H]-",0.794659740137249
"1.3","cembio","neg","27","N(2)-acetyl-L-lysine","VEYYWZRYIYDQJM",30.177,187.109100341797,"[M - H]-",0.456278223401307
"1.3","cembio","neg","28","N-acetyl-L-glutamic acid","RFMMMVDNIPUKGG",31.173,188.056594848633,"[M - H]-",0.985333178006257
"1.3","cembio","neg","30","N-acetyl-beta-neuraminic acid","SQVRNKJHWKZAKO",33.16600000002,308.099212646484,"[M - H]-",0.774222480329904
"1.3","cembio","neg","31","UDP","XCCTYIAWTASOJW",34.16200000002,402.996002197266,"[M - H]-",0.498281214858585
"1.3","cembio","neg","36","L-arginine","ODKSFYDXXFIFQN",39.14299999998,173.104400634766,"[M - H]-",0.383107477824351
"1.3","cembio","neg","37","UDP-alpha-D-glucose","HSCJRCZFDFQWRP",40.14,565.048217773438,"[M - H]-",0.327399190195528
"1.3","cembio","neg","38","D-glucopyranose 6-phosphate","NBSCHQHZLSJFNQ",41.136,259.022491455078,"[M - H]-",0.250309120629537
"1.3","cembio","neg","48","guanosine","NYHBQMYGNKIUIF",51.813,282.084808349609,"[M - H]-",0.433278282439559
"1.3","cembio","neg","49","N-carbamoylaspartic acid","HLKXYZVTANABHZ",52.809,175.036193847656,"[M - H]-",0.602056483185408
"1.3","cembio","neg","51","N-acetyl-L-glutamic acid","RFMMMVDNIPUKGG",54.80200000002,188.056594848633,"[M - H]-",0.951750863330142
"1.3","cembio","neg","54","UDP","XCCTYIAWTASOJW",57.79099999998,402.996002197266,"[M - H]-",0.473671633142081
"1.3","cembio","neg","55","2-aminoisobutyric acid","FUOOLUPWFVMBKG",58.78699999998,102.055999755859,"[M - H]-",0.178044519413943
"1.3","cembio","neg","59","L-arginine","ODKSFYDXXFIFQN",62.77300000002,173.104400634766,"[M - H]-",0.459591215088182
"1.3","cembio","neg","60","UDP-alpha-D-glucose","HSCJRCZFDFQWRP",63.76900000002,565.048217773438,"[M - H]-",0.302271663421121
"1.3","cembio","neg","61","D-glucopyranose 6-phosphate","NBSCHQHZLSJFNQ",64.76500000002,259.022491455078,"[M - H]-",0.0455359494410857
"1.3","cembio","neg","62","L-ornithine","AHLPHDHHMVZTML",65.76199999998,131.082107543945,"[M - H]-",0.682428376992484
"1.3","cembio","neg","70","isocitric acid","ODBLHEXUDAPZAU",74.44600000002,191.020004272461,"[M - H]-",0.3270399365802
"1.3","cembio","neg","73","N(2)-acetyl-L-lysine","VEYYWZRYIYDQJM",77.43499999998,187.109100341797,"[M - H]-",0.308591585590825
"1.3","cembio","neg","74","N-acetyl-L-glutamic acid","RFMMMVDNIPUKGG",78.43099999998,188.056594848633,"[M - H]-",0.921440811760641
"1.3","cembio","neg","77","UDP","XCCTYIAWTASOJW",81.42,402.996002197266,"[M - H]-",0.476953476612691
"1.3","cembio","neg","81","D-asparagine","DCXYFEDJOCDNAF",85.40599999998,131.046203613281,"[M - H]-",0.219739677094497
"1.3","cembio","neg","82","L-arginine","ODKSFYDXXFIFQN",86.40199999998,173.104400634766,"[M - H]-",0.209167221232571
"1.3","cembio","neg","94","N-acetyl-L-glutamic acid","RFMMMVDNIPUKGG",99.07099999998,188.056594848633,"[M - H]-",0.804240019949732
"1.3","cembio","neg","99","N-acetyl-L-glutamic acid","RFMMMVDNIPUKGG",104.766,188.056594848633,"[M - H]-",0.709475394459413
"1.3","cembio","neg","104","N-acetyl-L-glutamic acid","RFMMMVDNIPUKGG",110.46,188.056594848633,"[M - H]-",0.462585643288544
"1.3","cembio","neg","108","guanosine","NYHBQMYGNKIUIF",115.15900000002,282.084808349609,"[M - H]-",0.142116560126559
"1.3","cembio","neg","109","N-acetyl-L-glutamic acid","RFMMMVDNIPUKGG",116.15500000002,188.056594848633,"[M - H]-",0.782314490704377
"1.3","hmgu","pos","50","L-arginine","ODKSFYDXXFIFQN",22.743,175.1181394495,"[M + H]+",0.960567738921931
"1.3","hmgu","pos","55","2-aminoisobutyric acid","FUOOLUPWFVMBKG",26.3295,104.069967642936,"[M + H]+",0.548298112749835
"1.3","hmgu","pos","58","2-aminoisobutyric acid","FUOOLUPWFVMBKG",28.42700000001,104.070200229672,"[M + H]+",0.107558023078358
"1.3","hmgu","pos","690","L-ornithine","AHLPHDHHMVZTML",431.72749999998,133.098705855294,"[M + H]+",0.0355542811812193
"1.3","hmgu","neg","1194","L-arginine","ODKSFYDXXFIFQN",22.62550000002,173.103696128913,"[M - H]-",0.82886535697942
"1.3","hmgu","neg","1195","L-ornithine","AHLPHDHHMVZTML",23.38999999998,131.082081860346,"[M - H]-",0.925623857707289
"1.3","hmgu","neg","1196","L-ornithine","AHLPHDHHMVZTML",24.07100000001,131.082321139498,"[M - H]-",0.675524075797168
"1.3","hmgu","neg","1197","L-ornithine","AHLPHDHHMVZTML",24.846,131.081626655903,"[M - H]-",0.352447682845125
"1.3","hmgu","neg","1205","L-ornithine","AHLPHDHHMVZTML",30.43750000002,131.081527023645,"[M - H]-",0.810754145015789
"1.3","hmgu","neg","1206","L-ornithine","AHLPHDHHMVZTML",31.16500000002,131.08198125521,"[M - H]-",0.861054094480793
"1.3","hmgu","neg","1207","L-ornithine","AHLPHDHHMVZTML",31.90450000002,131.081864805818,"[M - H]-",0.348351231627828
"1.3","hmgu","neg","1209","D-alanine","QNAYBMKLOCPYGJ",33.276,88.03971706252,"[M - H]-",0.688089123550611
"1.3","hmgu","neg","1210","D-alanine","QNAYBMKLOCPYGJ",34.03150000002,88.039672667622,"[M - H]-",0.415492054372996
"1.3","hmgu","neg","1224","L-arginine","ODKSFYDXXFIFQN",44.02450000002,173.102396842971,"[M - H]-",0.101169864694115
"1.3","hmgu","neg","1629","N(2)-acetyl-L-lysine","VEYYWZRYIYDQJM",262.815,187.108847838098,"[M - H]-",0.101989216289892
"1.4","afekta","pos","21","2'-deoxyguanosine 5'-monophosphate","LTFMZDNNPPEQNG",32.81900097657,348.070159912109,"[M + H]+",0.779073618435374
"1.4","afekta","pos","30","2'-deoxyguanosine 5'-monophosphate","LTFMZDNNPPEQNG",55.26549999999,348.070159912109,"[M + H]+",0.548331798184137
"1.4","afekta","pos","37","N-acetyl-L-serine","JJIHLJJYMXLCOY",75.834,186.015023367746,"[M + K]+",0.231476372548858
"1.4","afekta","pos","53","N-acetyl-L-serine","JJIHLJJYMXLCOY",125.40650000001,186.015023367746,"[M + K]+",0.188154972100016
"1.4","afekta","neg","370","L-homoarginine","QUOGESRFPZDMMT",25.425,187.118576049805,"[M - H]-",0.304057028218465
"1.4","afekta","neg","373","2'-deoxyadenosine 5'-monophosphate","KHWCHTKSEGGWEX",29.33649999999,330.058517456055,"[M - H]-",0.608188117896635
"1.4","afekta","neg","374","2'-deoxyguanosine 5'-monophosphate","LTFMZDNNPPEQNG",30.65600000001,346.05347442627,"[M - H]-",0.566129936459451
"1.4","afekta","neg","375","UDP-alpha-D-glucose","HSCJRCZFDFQWRP",31.9125,565.044006347656,"[M - H]-",0.273479996985461
"1.4","afekta","neg","384","O-phospho-L-serine","BZQFBWGGLXLEPQ",53.81150000001,184.000221252441,"[M - H]-",0.364441964685124
"1.4","afekta","neg","386","citric acid","KRKNYBCHXYNGOX",60.36249999999,191.018268585205,"[M - H]-",0.489274525742207
"1.4","afekta","neg","424","N(2)-phenylacetyl-L-glutamine","JFLIEFSWGNOPJJ",180.38900000001,263.101745605469,"[M - H]-",0.977411732906171
"1.4","cembio","pos","190","D-lysine","KDXKERNSBIXSRK",3.729,147.11279296875,"[M + H]+",0.661811434112294
"1.4","cembio","pos","192","creatine","CVSVTCORWBXHQV",5.721,132.076797485352,"[M + Na]+",0.0463933768186201
"1.4","cembio","pos","197","2'-deoxyguanosine 5'-monophosphate","LTFMZDNNPPEQNG",10.70299999998,348.07080078125,"[M + H]+",0.127972155783869
"1.4","cembio","pos","202","uridine","DRTQHJPVMGBUCF",15.68500000002,245.076995849609,"[M + Na]+",0.407762559661145
"1.4","cembio","pos","203","D-arabinitol","HEBKCHPVOIAQTA",16.68100000002,153.075302124023,"[M + H]+",0.302401297686035
"1.4","cembio","pos","206","2'-deoxyguanosine 5'-monophosphate","LTFMZDNNPPEQNG",19.66999999998,370.052307128906,"[M + Na]+",0.350203759265514
"1.4","cembio","pos","208","uridine","DRTQHJPVMGBUCF",21.66199999998,267.058410644531,"[M + Na]+",0.0514334696547006
"1.4","cembio","pos","209","D-lysine","KDXKERNSBIXSRK",22.659,169.095001220703,"[M + Na]+",0.229117911985539
"1.4","cembio","pos","210","L-homoarginine","QUOGESRFPZDMMT",23.655,189.13459777832,"[M + H]+",0.922423071380766
"1.4","cembio","pos","212","creatine","CVSVTCORWBXHQV",25.64800000002,154.057601928711,"[M + Na]+",0.0494082291137959
"1.4","cembio","pos","213","D-lysine","KDXKERNSBIXSRK",27.35800000002,147.11279296875,"[M + H]+",0.991719244998392
"1.4","cembio","pos","215","creatine","CVSVTCORWBXHQV",29.35099999998,132.076797485352,"[M + H]+",0.906368562286065
"1.4","cembio","pos","217","O-phosphoethanolamine","SUHOOTKUPISOBE",31.34299999998,142.026397705078,"[M + K]+",0.275301375058036
"1.4","cembio","pos","220","2'-deoxyguanosine 5'-monophosphate","LTFMZDNNPPEQNG",34.332,348.07080078125,"[M + H]+",0.897932045478565
"1.4","cembio","pos","222","N-acetyl-L-serine","JJIHLJJYMXLCOY",36.32500000002,148.060394287109,"[M + H]+",0.7112934077866
"1.4","cembio","pos","223","O-phospho-L-serine","BZQFBWGGLXLEPQ",37.32100000002,186.016204833984,"[M + H]+",0.848654350280567
"1.4","cembio","pos","223","N-acetyl-L-serine","JJIHLJJYMXLCOY",37.32100000002,186.016204833984,"[M + H]+",0.848654350280567
"1.4","cembio","pos","233","L-homoarginine","QUOGESRFPZDMMT",47.28400000002,189.13459777832,"[M + H]+",0.472569975622195
"1.4","cembio","pos","235","creatine","CVSVTCORWBXHQV",49.27699999998,154.057601928711,"[M + Na]+",0.0319084386828984
"1.4","cembio","pos","238","creatine","CVSVTCORWBXHQV",52.98,132.076797485352,"[M + H]+",0.3560748026395
"1.4","cembio","pos","243","2'-deoxyguanosine 5'-monophosphate","LTFMZDNNPPEQNG",57.96100000002,348.07080078125,"[M + H]+",0.90284014150139
"1.4","cembio","pos","246","N-acetyl-L-serine","JJIHLJJYMXLCOY",60.94999999998,186.016204833984,"[M + H]+",0.859221286851301
"1.4","cembio","pos","246","O-phospho-L-serine","BZQFBWGGLXLEPQ",60.94999999998,186.016204833984,"[M + H]+",0.859221286851301
"1.4","cembio","pos","248","uridine","DRTQHJPVMGBUCF",62.943,245.076995849609,"[M + H]+",0.0725013406482233
"1.4","cembio","pos","250","citric acid","KRKNYBCHXYNGOX",64.93599609372,193.034194946289,"[M + H]+",0.468480009707997
"1.4","cembio","pos","252","2'-deoxyguanosine 5'-monophosphate","LTFMZDNNPPEQNG",66.92800000002,370.052307128906,"[M + Na]+",0.242711824209888
"1.4","cembio","pos","256","L-homoarginine","QUOGESRFPZDMMT",70.914,189.13459777832,"[M + H]+",0.370861329991705
"1.4","cembio","pos","261","creatine","CVSVTCORWBXHQV",76.60900000002,132.076797485352,"[M + H]+",0.509352873573091
"1.4","cembio","pos","262","D-arabinitol","HEBKCHPVOIAQTA",77.60500000002,175.057495117188,"[M + H]+",0.0365148967844912
"1.4","cembio","pos","265","2'-deoxyadenosine 5'-monophosphate","KHWCHTKSEGGWEX",80.59399999998,332.075988769531,"[M + H]+",0.753494105865172
"1.4","cembio","pos","266","2'-deoxyguanosine 5'-monophosphate","LTFMZDNNPPEQNG",81.591,348.07080078125,"[M + H]+",0.892109664876712
"1.4","cembio","pos","269","N-acetyl-L-serine","JJIHLJJYMXLCOY",84.58000000002,186.016204833984,"[M + H]+",0.660989622077114
"1.4","cembio","pos","269","O-phospho-L-serine","BZQFBWGGLXLEPQ",84.58000000002,186.016204833984,"[M + H]+",0.660989622077114
"1.4","cembio","pos","276","O-phosphoethanolamine","SUHOOTKUPISOBE",91.554,164.008193969727,"[M + Na]+",0.0389302481393949
"1.4","cembio","pos","277","uridine","DRTQHJPVMGBUCF",92.55,267.058410644531,"[M + Na]+",0.151479164687816
"1.4","cembio","pos","279","L-homoarginine","QUOGESRFPZDMMT",94.54300000002,189.13459777832,"[M + H]+",0.0860226365118598
"1.4","cembio","pos","281","creatine","CVSVTCORWBXHQV",96.53500000002,154.057601928711,"[M + Na]+",0.0269320299260466
"1.4","cembio","pos","282","uridine","DRTQHJPVMGBUCF",98.24599999998,245.076995849609,"[M + H]+",0.634182525044647
"1.4","cembio","pos","284","uridine","DRTQHJPVMGBUCF",100.953,245.076995849609,"[M + H]+",0.394456950482677
"1.4","cembio","pos","285","N-benzoylglycine","QIAFMBKCNZACKA",101.949,180.065795898438,"[M + H]+",0.128331341792883
"1.4","cembio","pos","290","uridine","DRTQHJPVMGBUCF",109.06900000002,245.076995849609,"[M + K]+",0.0178570878198142
"1.4","cembio","pos","292","uridine","DRTQHJPVMGBUCF",111.77500000002,245.076995849609,"[M + Na]+",0.0280202100915749
"1.4","cembio","pos","294","uridine","DRTQHJPVMGBUCF",114.48100000002,245.076995849609,"[M + Na]+",0.0636743529324822
"1.4","cembio","pos","298","N-benzoylglycine","QIAFMBKCNZACKA",119.17900000002,180.065795898438,"[M + H]+",0.0990283653686994
"1.4","cembio","pos","306","N-benzoylglycine","QIAFMBKCNZACKA",128.57699218752,202.047393798828,"[M + Na]+",0.0668895988950725
"1.4","cembio","pos","307","N(2)-phenylacetyl-L-glutamine","JFLIEFSWGNOPJJ",129.573,287.100311279297,"[M + H]+",0.142088659034212
"1.4","cembio","pos","309","N(2)-phenylacetyl-L-glutamine","JFLIEFSWGNOPJJ",132.279,265.118591308594,"[M + Na]+",0.117708315139808
"1.4","cembio","pos","313","N(2)-phenylacetyl-L-glutamine","JFLIEFSWGNOPJJ",136.97800000002,265.118591308594,"[M + H]+",0.0730276391238977
"1.4","cembio","pos","323","N(2)-phenylacetyl-L-glutamine","JFLIEFSWGNOPJJ",148.36699999998,287.100311279297,"[M + H]+",0.0154094342047125
"1.4","cembio","pos","325","N(2)-phenylacetyl-L-glutamine","JFLIEFSWGNOPJJ",151.07299999998,265.118591308594,"[M + Na]+",0.0455457020429912
"1.4","cembio","pos","330","N-benzoylglycine","QIAFMBKCNZACKA",156.768,202.047393798828,"[M + Na]+",0.173641597125682
"1.4","cembio","pos","332","N-benzoylglycine","QIAFMBKCNZACKA",159.474,180.065795898438,"[M + H]+",0.242208079539101
"1.4","cembio","pos","333","N(2)-phenylacetyl-L-glutamine","JFLIEFSWGNOPJJ",160.47,265.118591308594,"[M + H]+",0.112164856659249
"1.4","cembio","pos","339","N(2)-phenylacetyl-L-glutamine","JFLIEFSWGNOPJJ",167.16199999998,287.100311279297,"[M + Na]+",0.488836661762816
"1.4","cembio","pos","340","N-benzoylglycine","QIAFMBKCNZACKA",168.87100000002,180.065795898438,"[M + H]+",0.997891387475797
"1.4","cembio","pos","344","N-benzoylglycine","QIAFMBKCNZACKA",173.56999999998,180.065795898438,"[M + H]+",0.978953767805688
"1.4","cembio","pos","345","N(2)-phenylacetyl-L-glutamine","JFLIEFSWGNOPJJ",174.567,265.118591308594,"[M + H]+",0.998196786827437
"1.4","cembio","pos","347","N(2)-phenylacetyl-L-glutamine","JFLIEFSWGNOPJJ",176.559,287.100311279297,"[M + Na]+",0.829867557083002
"1.4","cembio","pos","348","N-benzoylglycine","QIAFMBKCNZACKA",178.26799999998,180.065795898438,"[M + H]+",0.769292233144096
"1.4","cembio","pos","349","N(2)-phenylacetyl-L-glutamine","JFLIEFSWGNOPJJ",179.265,265.118591308594,"[M + H]+",0.998621106439731
"1.4","cembio","pos","350","N-benzoylglycine","QIAFMBKCNZACKA",180.261,202.047393798828,"[M + Na]+",0.104592746309786
"1.4","cembio","pos","352","N-benzoylglycine","QIAFMBKCNZACKA",182.967,180.065795898438,"[M + H]+",0.955205946903653
"1.4","cembio","pos","357","N(2)-phenylacetyl-L-glutamine","JFLIEFSWGNOPJJ",188.66200000002,265.118591308594,"[M + H]+",0.997946892304238
"1.4","cembio","pos","360","N-benzoylglycine","QIAFMBKCNZACKA",192.36499999998,180.065795898438,"[M + H]+",0.952254491457913
"1.4","cembio","pos","361","N(2)-phenylacetyl-L-glutamine","JFLIEFSWGNOPJJ",193.362,265.118591308594,"[M + H]+",0.997419670476966
"1.4","cembio","pos","364","N-benzoylglycine","QIAFMBKCNZACKA",197.064,180.065795898438,"[M + H]+",0.584238794995727
"1.4","cembio","pos","365","N(2)-phenylacetyl-L-glutamine","JFLIEFSWGNOPJJ",198.06,265.118591308594,"[M + H]+",0.997409919183804
"1.4","cembio","pos","369","N(2)-phenylacetyl-L-glutamine","JFLIEFSWGNOPJJ",202.75900000002,265.118591308594,"[M + H]+",0.925571899657582
"1.4","cembio","pos","381","N(2)-phenylacetyl-L-glutamine","JFLIEFSWGNOPJJ",216.855,265.118591308594,"[M + H]+",0.92283493696254
"1.4","cembio","pos","388","N-benzoylglycine","QIAFMBKCNZACKA",225.255,180.065795898438,"[M + H]+",0.516603544632527
"1.4","cembio","pos","392","N-benzoylglycine","QIAFMBKCNZACKA",229.95400000002,180.065795898438,"[M + H]+",0.175755652494745
"1.4","cembio","pos","402","N-benzoylglycine","QIAFMBKCNZACKA",252.31600000002,180.065795898438,"[M + H]+",0.152239830754144
"1.4","cembio","neg","12","L-homoarginine","QUOGESRFPZDMMT",14.541,187.11979675293,"[M - H]-",0.0174480214109072
"1.4","cembio","neg","14","creatine","CVSVTCORWBXHQV",16.533,130.061996459961,"[M - H]-",0.025714460950095
"1.4","cembio","neg","20","N-acetyl-L-serine","JJIHLJJYMXLCOY",23.22499999998,146.046005249023,"[M - H]-",0.426154656496113
"1.4","cembio","neg","21","D-arabinitol","HEBKCHPVOIAQTA",24.22099999998,151.06120300293,"[M - H]-",0.661105424020932
"1.4","cembio","neg","23","O-phosphoethanolamine","SUHOOTKUPISOBE",26.214,140.011993408203,"[M - H]-",0.569333291314799
"1.4","cembio","neg","24","uridine","DRTQHJPVMGBUCF",27.21,243.0625,"[M - H]-",0.0153245680288216
"1.4","cembio","neg","25","UDP-alpha-D-glucose","HSCJRCZFDFQWRP",28.206,565.048400878906,"[M - H]-",0.341991592640069
"1.4","cembio","neg","26","2'-deoxyadenosine 5'-monophosphate","KHWCHTKSEGGWEX",29.20300000002,330.061309814453,"[M - H]-",0.682070416650109
"1.4","cembio","neg","27","citric acid","KRKNYBCHXYNGOX",30.19900000002,191.019897460938,"[M - H]-",0.586262154922256
"1.4","cembio","neg","28","D-lysine","KDXKERNSBIXSRK",31.19500000002,145.098205566406,"[M - H]-",0.574756701366806
"1.4","cembio","neg","29","glutathione disulfide","YPZRWBKMTBYPTK",32.19100195314,611.144714355469,"[M - H]-",0.475430551520133
"1.4","cembio","neg","30","L-homoarginine","QUOGESRFPZDMMT",33.18799999998,187.11979675293,"[M - H]-",0.229095963892322
"1.4","cembio","neg","31","O-phospho-L-serine","BZQFBWGGLXLEPQ",34.18399999998,184.001693725586,"[M - H]-",0.50532542265159
"1.4","cembio","neg","32","creatine","CVSVTCORWBXHQV",35.17999999998,130.061996459961,"[M - H]-",0.455592201553431
"1.4","cembio","neg","39","D-arabinitol","HEBKCHPVOIAQTA",42.86800000002,151.06120300293,"[M - H]-",0.474095052632485
"1.4","cembio","neg","40","2'-deoxyguanosine 5'-monophosphate","LTFMZDNNPPEQNG",43.86400000002,346.056304931641,"[M - H]-",0.424175029685141
"1.4","cembio","neg","41","O-phosphoethanolamine","SUHOOTKUPISOBE",44.86099999998,140.011993408203,"[M - H]-",0.609883702984815
"1.4","cembio","neg","42","uridine","DRTQHJPVMGBUCF",45.85699999998,243.0625,"[M - H]-",0.545926602963909
"1.4","cembio","neg","43","UDP-alpha-D-glucose","HSCJRCZFDFQWRP",46.85299999998,565.048400878906,"[M - H]-",0.331827250030287
"1.4","cembio","neg","44","2'-deoxyadenosine 5'-monophosphate","KHWCHTKSEGGWEX",47.85,330.061309814453,"[M - H]-",0.535464611780704
"1.4","cembio","neg","45","citric acid","KRKNYBCHXYNGOX",48.846,191.019897460938,"[M - H]-",0.508633689298858
"1.4","cembio","neg","46","D-lysine","KDXKERNSBIXSRK",49.842,145.098205566406,"[M - H]-",0.574382428065516
"1.4","cembio","neg","47","glutathione disulfide","YPZRWBKMTBYPTK",50.83900000002,611.144714355469,"[M - H]-",0.390409566371754
"1.4","cembio","neg","48","L-homoarginine","QUOGESRFPZDMMT",51.83500000002,187.11979675293,"[M - H]-",0.146168888313885
"1.4","cembio","neg","49","O-phospho-L-serine","BZQFBWGGLXLEPQ",52.83100000002,184.001693725586,"[M - H]-",0.507669261464944
"1.4","cembio","neg","56","N-acetyl-L-serine","JJIHLJJYMXLCOY",60.519,146.046005249023,"[M - H]-",0.318238951392204
"1.4","cembio","neg","58","2'-deoxyguanosine 5'-monophosphate","LTFMZDNNPPEQNG",62.51200000002,346.056304931641,"[M - H]-",0.47067637462909
"1.4","cembio","neg","61","UDP-alpha-D-glucose","HSCJRCZFDFQWRP",65.50099999998,565.048400878906,"[M - H]-",0.272096373304335
"1.4","cembio","neg","62","2'-deoxyadenosine 5'-monophosphate","KHWCHTKSEGGWEX",66.49699999998,330.061309814453,"[M - H]-",0.464478705955583
"1.4","cembio","neg","64","D-lysine","KDXKERNSBIXSRK",68.49,145.098205566406,"[M - H]-",0.510949919320458
"1.4","cembio","neg","65","glutathione disulfide","YPZRWBKMTBYPTK",69.486,611.144714355469,"[M - H]-",0.283170911023853
"1.4","cembio","neg","66","L-homoarginine","QUOGESRFPZDMMT",70.482,187.11979675293,"[M - H]-",0.257749021275192
"1.4","cembio","neg","67","O-phospho-L-serine","BZQFBWGGLXLEPQ",71.47900000002,184.001693725586,"[M - H]-",0.470403711723486
"1.4","cembio","neg","75","D-arabinitol","HEBKCHPVOIAQTA",80.163,151.06120300293,"[M - H]-",0.181960787212237
"1.4","cembio","neg","76","2'-deoxyguanosine 5'-monophosphate","LTFMZDNNPPEQNG",81.159,346.056304931641,"[M - H]-",0.458678012899603
"1.4","cembio","neg","79","UDP-alpha-D-glucose","HSCJRCZFDFQWRP",84.14800000002,565.048400878906,"[M - H]-",0.278095983085517
"1.4","cembio","neg","82","D-lysine","KDXKERNSBIXSRK",87.13699999998,145.098205566406,"[M - H]-",0.498038781672801
"1.4","cembio","neg","83","glutathione disulfide","YPZRWBKMTBYPTK",88.13299999998,611.144714355469,"[M - H]-",0.165007639086327
"1.4","cembio","neg","85","O-phospho-L-serine","BZQFBWGGLXLEPQ",90.126,184.001693725586,"[M - H]-",0.486100260681641
"1.4","cembio","neg","86","creatine","CVSVTCORWBXHQV",91.122,130.061996459961,"[M - H]-",0.137495261471045
"1.4","cembio","neg","91","uridine","DRTQHJPVMGBUCF",96.81700000002,243.0625,"[M - H]-",0.489582182074541
"1.4","cembio","neg","97","uridine","DRTQHJPVMGBUCF",104.934,243.0625,"[M - H]-",0.208887763691512
"1.4","cembio","neg","125","N(2)-phenylacetyl-L-glutamine","JFLIEFSWGNOPJJ",141.396,263.103790283203,"[M - H]-",0.0756956244958521
"1.4","cembio","neg","138","N-benzoylglycine","QIAFMBKCNZACKA",159.34000000002,178.05110168457,"[M - H]-",0.0726718711883744
"1.4","cembio","neg","142","N-benzoylglycine","QIAFMBKCNZACKA",164.75299999998,178.05110168457,"[M - H]-",0.973630851522405
"1.4","cembio","neg","144","N-benzoylglycine","QIAFMBKCNZACKA",167.45899999998,178.05110168457,"[M - H]-",0.97008434832785
"1.4","cembio","neg","146","N-benzoylglycine","QIAFMBKCNZACKA",170.16400000002,178.05110168457,"[M - H]-",0.965323838198361
"1.4","cembio","neg","148","N-benzoylglycine","QIAFMBKCNZACKA",172.87000000002,178.05110168457,"[M - H]-",0.972951723755812
"1.4","cembio","neg","149","N(2)-phenylacetyl-L-glutamine","JFLIEFSWGNOPJJ",173.86600000002,263.103790283203,"[M - H]-",0.989575121222791
"1.4","cembio","neg","150","N-benzoylglycine","QIAFMBKCNZACKA",175.57600000002,178.05110168457,"[M - H]-",0.763545570588354
"1.4","cembio","neg","151","N(2)-phenylacetyl-L-glutamine","JFLIEFSWGNOPJJ",176.57200000002,263.103790283203,"[M - H]-",0.989559822301563
"1.4","cembio","neg","153","N(2)-phenylacetyl-L-glutamine","JFLIEFSWGNOPJJ",179.27800000002,263.103790283203,"[M - H]-",0.995809327649175
"1.4","cembio","neg","155","N(2)-phenylacetyl-L-glutamine","JFLIEFSWGNOPJJ",181.983,263.103790283203,"[M - H]-",0.989518988171623
"1.4","cembio","neg","157","N(2)-phenylacetyl-L-glutamine","JFLIEFSWGNOPJJ",184.689,263.103790283203,"[M - H]-",0.995544967691714
"1.4","cembio","neg","159","N(2)-phenylacetyl-L-glutamine","JFLIEFSWGNOPJJ",187.395,263.103790283203,"[M - H]-",0.993647912947207
"1.4","cembio","neg","161","N(2)-phenylacetyl-L-glutamine","JFLIEFSWGNOPJJ",190.101,263.103790283203,"[M - H]-",0.995221269146187
"1.4","cembio","neg","163","N(2)-phenylacetyl-L-glutamine","JFLIEFSWGNOPJJ",192.807,263.103790283203,"[M - H]-",0.996749251035027
"1.4","cembio","neg","165","N(2)-phenylacetyl-L-glutamine","JFLIEFSWGNOPJJ",195.513,263.103790283203,"[M - H]-",0.983862631051085
"1.4","cembio","neg","171","N(2)-phenylacetyl-L-glutamine","JFLIEFSWGNOPJJ",203.631,263.103790283203,"[M - H]-",0.983749549895582
"1.4","cembio","neg","173","N(2)-phenylacetyl-L-glutamine","JFLIEFSWGNOPJJ",206.337,263.103790283203,"[M - H]-",0.993506071087466
"1.4","cembio","neg","175","N(2)-phenylacetyl-L-glutamine","JFLIEFSWGNOPJJ",209.043,263.103790283203,"[M - H]-",0.984036971326718
"1.4","cembio","neg","177","N(2)-phenylacetyl-L-glutamine","JFLIEFSWGNOPJJ",211.749,263.103790283203,"[M - H]-",0.93850832469427
"1.4","hmgu","pos","116","L-homoarginine","QUOGESRFPZDMMT",64.64899999998,189.129154456725,"[M + H]+",0.728134531679116
"1.4","hmgu","pos","568","D-lysine","KDXKERNSBIXSRK",348.66550000002,147.114340197495,"[M + H]+",0.0278241139954466
"1.4","hmgu","pos","1067","glycine","DHMQDGOQFOQNFH",682.995,76.037293801921,"[M + H]+",0.0726847703446387
"1.4","hmgu","neg","1193","D-lysine","KDXKERNSBIXSRK",22.68049999998,145.098431484631,"[M - H]-",0.921472794067886
"1.4","hmgu","neg","1194","D-lysine","KDXKERNSBIXSRK",23.3835,145.098324019408,"[M - H]-",0.889944956451752
"1.4","hmgu","neg","1195","D-lysine","KDXKERNSBIXSRK",24.09049999998,145.098274394464,"[M - H]-",0.902584267889735
"1.4","hmgu","neg","1196","O-phosphoethanolamine","SUHOOTKUPISOBE",24.89749999998,140.011349467154,"[M - H]-",0.392381616061925
"1.4","hmgu","neg","1197","O-phosphoethanolamine","SUHOOTKUPISOBE",25.58050000002,140.011409132139,"[M - H]-",0.411237093052585
"1.4","hmgu","neg","1198","O-phosphoethanolamine","SUHOOTKUPISOBE",26.31649999998,140.011138258473,"[M - H]-",0.283959873496231
"1.4","hmgu","neg","1199","O-phosphoethanolamine","SUHOOTKUPISOBE",27.0285,140.011382392035,"[M - H]-",0.458088181790891
"1.4","hmgu","neg","1200","O-phosphoethanolamine","SUHOOTKUPISOBE",27.70700000001,140.011491533306,"[M - H]-",0.505203542141165
"1.4","hmgu","neg","1201","O-phosphoethanolamine","SUHOOTKUPISOBE",28.37799999999,140.011109367392,"[M - H]-",0.58602154359381
"1.4","hmgu","neg","1202","O-phosphoethanolamine","SUHOOTKUPISOBE",29.0745,140.010663951535,"[M - H]-",0.411965146195555
"1.4","hmgu","neg","1203","D-arabinitol","HEBKCHPVOIAQTA",29.82099999999,151.060845369386,"[M - H]-",0.493514909387787
"1.4","hmgu","neg","1205","D-lysine","KDXKERNSBIXSRK",31.2405,145.097806290044,"[M - H]-",0.272617091224187
"1.4","hmgu","neg","1207","N-acetyl-L-serine","JJIHLJJYMXLCOY",32.682,146.045758002257,"[M - H]-",0.403706274777704
"1.4","hmgu","neg","1208","N-acetyl-L-serine","JJIHLJJYMXLCOY",33.38050000002,146.045844923615,"[M - H]-",0.215728765694193
"1.4","hmgu","neg","1219","2'-deoxyadenosine 5'-monophosphate","KHWCHTKSEGGWEX",41.03149999998,330.060566349836,"[M - H]-",0.632517748773652
"1.4","hmgu","neg","1221","D-lysine","KDXKERNSBIXSRK",42.4095,145.097547738989,"[M - H]-",0.806045697237393
"1.4","hmgu","neg","1318","L-homoarginine","QUOGESRFPZDMMT",93.94399999998,187.118709440086,"[M - H]-",0.277554704126228
"1.4","hmgu","neg","1339","L-homoarginine","QUOGESRFPZDMMT",102.81400000002,187.118105303323,"[M - H]-",0.0204503143363864
"1.4","hmgu","neg","1484","N-benzoylglycine","QIAFMBKCNZACKA",180.21699999999,178.050980411414,"[M - H]-",0.938947129934747
"1.4","hmgu","neg","1494","N-benzoylglycine","QIAFMBKCNZACKA",186.9915,178.050975838596,"[M - H]-",0.968104977902133
"1.4","icl","neg","627","2'-deoxyguanosine 5'-monophosphate","LTFMZDNNPPEQNG",237.50600337984,346.065307617188,"[M - H]-",0.10756228954523
"1.5","afekta","pos","12","N,N,N-trimethylglycinium","KWIUHFFTVRNATP",26.2815,118.085554203517,"[M + H]+",0.68087947714954
"1.5","afekta","pos","13","(2R)-2-amino-3-methoxypropanoic acid","KNTFCRCCPLEUQZ",27.48500000001,120.065139770508,"[M + H]+",0.579642291787777
"1.5","afekta","pos","23","N-acetyl-L-alanine","KTHDTJVBEPMMGL",39.43449999999,132.065002441406,"[M + H]+",0.874271524976986
"1.5","afekta","pos","127","N,N,N-trimethylglycinium","KWIUHFFTVRNATP",331.75599999999,118.085554203517,"[M + H]+",0.656316870184744
"1.5","afekta","pos","134","N,N,N-trimethylglycinium","KWIUHFFTVRNATP",349.73949999999,118.085554203517,"[M + H]+",0.539422005064042
"1.5","afekta","pos","149","N,N,N-trimethylglycinium","KWIUHFFTVRNATP",387.02649999999,118.085554203517,"[M + H]+",0.707809911582503
"1.5","afekta","pos","150","N,N,N-trimethylglycinium","KWIUHFFTVRNATP",389.25549999999,118.085554203517,"[M + H]+",0.520906331209201
"1.5","afekta","pos","157","N,N,N-trimethylglycinium","KWIUHFFTVRNATP",407.18949999999,118.085554203517,"[M + H]+",0.434110391997488
"1.5","afekta","pos","165","N,N,N-trimethylglycinium","KWIUHFFTVRNATP",427.55000000001,118.085554203517,"[M + H]+",0.593321333539973
"1.5","afekta","pos","180","N,N,N-trimethylglycinium","KWIUHFFTVRNATP",464.22950000001,118.085554203517,"[M + H]+",0.343908919938853
"1.5","afekta","pos","189","N,N,N-trimethylglycinium","KWIUHFFTVRNATP",484.90899999999,118.085554203517,"[M + H]+",0.0802035152607503
"1.5","afekta","pos","199","N,N,N-trimethylglycinium","KWIUHFFTVRNATP",505.18000000002,118.085554203517,"[M + H]+",0.142209764763183
"1.5","afekta","pos","226","N,N,N-trimethylglycinium","KWIUHFFTVRNATP",556.57899999999,118.085554203517,"[M + H]+",0.27274160531357
"1.5","afekta","pos","237","N,N,N-trimethylglycinium","KWIUHFFTVRNATP",577.73299999998,118.085554203517,"[M + H]+",0.0116227352361754
"1.5","afekta","neg","377","L-glutamine","ZDXPYRJPNDTMRX",25.91900000001,145.060485839844,"[M - H]-",0.690510334711425
"1.5","afekta","neg","378","L-glutamic acid","WHUUTDBJXJRKMK",26.6295,146.044540405273,"[M - H]-",0.596510246748573
"1.5","afekta","neg","380","alpha-D-glucose 1-phosphate","HXXFSFRBOHSIMQ",28.45900000002,259.020088195801,"[M - H]-",0.0794336829277553
"1.5","afekta","neg","381","alpha-D-glucose 1-phosphate","HXXFSFRBOHSIMQ",29.24500000002,259.020088195801,"[M - H]-",0.167362985936501
"1.5","afekta","neg","418","N-acetyl-L-tyrosine","CAHKINHBCWCHCF",134.13499999998,222.075164794922,"[M - H]-",0.973299029750429
"1.5","cembio","pos","181","D-arginine","ODKSFYDXXFIFQN",4.47100000002,175.119094848633,"[M + Na]+",0.0818138054728776
"1.5","cembio","pos","182","L-cystine","LEVWYRKDKASIDU",5.46700000002,241.030807495117,"[M + H]+",0.0211986430958177
"1.5","cembio","pos","186","L-glutamic acid","WHUUTDBJXJRKMK",9.45199999998,148.061294555664,"[M + H]+",0.263921773818186
"1.5","cembio","pos","188","(2R)-2-amino-3-methoxypropanoic acid","KNTFCRCCPLEUQZ",11.445,120.065696716309,"[M + H]+",0.2767491192812
"1.5","cembio","pos","189","cytidine","UHDGCWIWMRVCDJ",12.441,244.093200683594,"[M + H]+",0.0159539631384901
"1.5","cembio","pos","199","D-arginine","ODKSFYDXXFIFQN",22.404,197.101104736328,"[M + Na]+",0.038564275933572
"1.5","cembio","pos","200","N-acetyl-L-alanine","KTHDTJVBEPMMGL",23.40100000002,154.047393798828,"[M + H]+",0.139626039125871
"1.5","cembio","pos","201","3-amino-L-alanine","PECYZEOJVXMISF",25.11100000002,105.06600189209,"[M + H]+",0.943295293709429
"1.5","cembio","pos","202","D-arginine","ODKSFYDXXFIFQN",26.10799999998,175.119094848633,"[M + H]+",0.962129422348891
"1.5","cembio","pos","203","L-cystine","LEVWYRKDKASIDU",27.10399999998,241.030807495117,"[M + H]+",0.621165082471366
"1.5","cembio","pos","205","cysteic acid","XVOYSCVBGLVSOL",29.09599999998,170.011901855469,"[M + H]+",0.355950571789411
"1.5","cembio","pos","206","L-aspartic acid","CKLJMWTZIZZHCS",30.093,134.044799804688,"[M + H]+",0.930624291661044
"1.5","cembio","pos","207","L-glutamic acid","WHUUTDBJXJRKMK",31.089,148.061294555664,"[M + H]+",0.985075235035965
"1.5","cembio","pos","208","L-glutamine","ZDXPYRJPNDTMRX",32.085,147.076599121094,"[M + H]+",0.867110675897001
"1.5","cembio","pos","209","(2R)-2-amino-3-methoxypropanoic acid","KNTFCRCCPLEUQZ",33.08200000002,120.065696716309,"[M + H]+",0.62412626008358
"1.5","cembio","pos","210","cytidine","UHDGCWIWMRVCDJ",34.07800000002,244.093200683594,"[M + H]+",0.935141249744133
"1.5","cembio","pos","213","N-acetyl-L-alanine","KTHDTJVBEPMMGL",37.06699999998,132.06559753418,"[M + H]+",0.936671955649793
"1.5","cembio","pos","214","L-serine","MTCFGRXMJLQNBG",38.06299999998,106.049797058105,"[M + H]+",0.919348718673389
"1.5","cembio","pos","217","3-amino-L-alanine","PECYZEOJVXMISF",41.052,127.047698974609,"[M + Na]+",0.0302780327315153
"1.5","cembio","pos","222","3-amino-L-alanine","PECYZEOJVXMISF",46.74799999998,105.06600189209,"[M + H]+",0.657049709940247
"1.5","cembio","pos","223","D-arginine","ODKSFYDXXFIFQN",47.74399999998,175.119094848633,"[M + H]+",0.853681333600113
"1.5","cembio","pos","224","L-cystine","LEVWYRKDKASIDU",48.73999999998,241.030807495117,"[M + H]+",0.0446537042282271
"1.5","cembio","pos","226","cysteic acid","XVOYSCVBGLVSOL",50.733,170.011901855469,"[M + H]+",0.462327136698209
"1.5","cembio","pos","227","L-aspartic acid","CKLJMWTZIZZHCS",51.729,134.044799804688,"[M + H]+",0.853074602443185
"1.5","cembio","pos","228","L-glutamic acid","WHUUTDBJXJRKMK",52.725,148.061294555664,"[M + H]+",0.201967019789411
"1.5","cembio","pos","229","L-glutamine","ZDXPYRJPNDTMRX",53.72200000002,147.076599121094,"[M + H]+",0.785007315486628
"1.5","cembio","pos","230","(2R)-2-amino-3-methoxypropanoic acid","KNTFCRCCPLEUQZ",54.71800000002,120.065696716309,"[M + H]+",0.696148101423332
"1.5","cembio","pos","231","cytidine","UHDGCWIWMRVCDJ",55.71400000002,244.093200683594,"[M + H]+",0.85549917256829
"1.5","cembio","pos","240","cytidine","UHDGCWIWMRVCDJ",64.68100000002,266.075103759766,"[M + Na]+",0.262013379380802
"1.5","cembio","pos","241","D-arginine","ODKSFYDXXFIFQN",65.67799999998,197.101104736328,"[M + Na]+",0.0513068498356668
"1.5","cembio","pos","243","3-amino-L-alanine","PECYZEOJVXMISF",68.38399999998,105.06600189209,"[M + H]+",0.215827974822042
"1.5","cembio","pos","244","D-arginine","ODKSFYDXXFIFQN",69.37999999998,175.119094848633,"[M + H]+",0.394147934030365
"1.5","cembio","pos","247","cysteic acid","XVOYSCVBGLVSOL",72.369,170.011901855469,"[M + H]+",0.364645886163101
"1.5","cembio","pos","249","L-glutamic acid","WHUUTDBJXJRKMK",74.36200000002,148.061294555664,"[M + H]+",0.15254269868213
"1.5","cembio","pos","250","L-glutamine","ZDXPYRJPNDTMRX",75.35800000002,147.076599121094,"[M + H]+",0.459047122486914
"1.5","cembio","pos","251","(2R)-2-amino-3-methoxypropanoic acid","KNTFCRCCPLEUQZ",76.35400000002,120.065696716309,"[M + H]+",0.311298716912915
"1.5","cembio","pos","252","cytidine","UHDGCWIWMRVCDJ",77.35000000002,244.093200683594,"[M + H]+",0.904322492447551
"1.5","cembio","pos","255","N-acetyl-L-alanine","KTHDTJVBEPMMGL",80.33899999998,132.06559753418,"[M + H]+",0.473327745250132
"1.5","cembio","pos","260","cysteic acid","XVOYSCVBGLVSOL",85.32100000002,191.993804931641,"[M + K]+",0.0317811630994424
"1.5","cembio","pos","265","N-acetyl-L-alanine","KTHDTJVBEPMMGL",91.01599999998,132.06559753418,"[M + H]+",0.801241793436651
"1.5","cembio","pos","267","N-acetyl-L-tyrosine","CAHKINHBCWCHCF",93.00799999998,224.091995239258,"[M + H]+",0.377814278836226
"1.5","cembio","pos","269","N-acetyl-L-alanine","KTHDTJVBEPMMGL",95.001,154.047393798828,"[M + Na]+",0.0319496975224579
"1.5","cembio","pos","273","N-acetyl-L-tyrosine","CAHKINHBCWCHCF",99.699,224.091995239258,"[M + H]+",0.437960061465257
"1.5","cembio","pos","275","N-acetyl-L-alanine","KTHDTJVBEPMMGL",101.69200000002,154.047393798828,"[M + H]+",0.0514792505241274
"1.5","cembio","pos","278","N-acetyl-L-tyrosine","CAHKINHBCWCHCF",105.39400000002,224.091995239258,"[M + H]+",0.325803347985698
"1.5","cembio","pos","281","N-acetyl-L-tyrosine","CAHKINHBCWCHCF",109.09600000002,224.091995239258,"[M + H]+",0.235012658735018
"1.5","cembio","pos","284","N-acetyl-L-tyrosine","CAHKINHBCWCHCF",112.79899999998,224.091995239258,"[M + H]+",0.202747470933888
"1.5","cembio","pos","287","N-acetyl-L-tyrosine","CAHKINHBCWCHCF",116.50099999998,224.091995239258,"[M + H]+",0.399525544669076
"1.5","cembio","pos","289","N-acetyl-L-tyrosine","CAHKINHBCWCHCF",119.20600000002,224.091995239258,"[M + H]+",0.309498800758528
"1.5","cembio","pos","291","N-acetyl-L-tyrosine","CAHKINHBCWCHCF",121.91200000002,224.091995239258,"[M + H]+",0.466114135275873
"1.5","cembio","pos","293","N-acetyl-L-tyrosine","CAHKINHBCWCHCF",124.61899999998,224.091995239258,"[M + H]+",0.315623963511623
"1.5","cembio","pos","300","N-acetyl-L-tyrosine","CAHKINHBCWCHCF",133.02,224.091995239258,"[M + H]+",0.39281994239658
"1.5","cembio","pos","304","N-acetyl-L-tyrosine","CAHKINHBCWCHCF",137.718,224.091995239258,"[M + H]+",0.951210376148899
"1.5","cembio","pos","308","N-acetyl-L-tyrosine","CAHKINHBCWCHCF",142.416,224.091995239258,"[M + H]+",0.994763286197748
"1.5","cembio","pos","312","N-acetyl-L-tyrosine","CAHKINHBCWCHCF",147.114,224.091995239258,"[M + H]+",0.948533097847009
"1.5","cembio","pos","316","N-acetyl-L-tyrosine","CAHKINHBCWCHCF",151.81300000002,224.091995239258,"[M + H]+",0.863897839737961
"1.5","cembio","pos","320","N-acetyl-L-tyrosine","CAHKINHBCWCHCF",156.51199999998,224.091995239258,"[M + H]+",0.804601536068604
"1.5","cembio","pos","324","N-acetyl-L-tyrosine","CAHKINHBCWCHCF",161.20999999998,224.091995239258,"[M + H]+",0.395280822403597
"1.5","cembio","pos","328","N-acetyl-L-tyrosine","CAHKINHBCWCHCF",165.909,224.091995239258,"[M + H]+",0.371592441341482
"1.5","cembio","pos","332","N-acetyl-L-tyrosine","CAHKINHBCWCHCF",170.60800000002,224.091995239258,"[M + H]+",0.405379457412529
"1.5","cembio","pos","336","N-acetyl-L-tyrosine","CAHKINHBCWCHCF",175.30699999998,224.091995239258,"[M + H]+",0.278883506175577
"1.5","cembio","pos","340","N-acetyl-L-tyrosine","CAHKINHBCWCHCF",180.00499999998,224.091995239258,"[M + H]+",0.321149541876155
"1.5","cembio","pos","344","N-acetyl-L-tyrosine","CAHKINHBCWCHCF",184.70299999998,224.091995239258,"[M + H]+",0.336765566379948
"1.5","cembio","pos","348","N-acetyl-L-tyrosine","CAHKINHBCWCHCF",189.40099999998,224.091995239258,"[M + H]+",0.210442228541232
"1.5","cembio","pos","352","N-acetyl-L-tyrosine","CAHKINHBCWCHCF",194.1,224.091995239258,"[M + H]+",0.36188304772527
"1.5","cembio","pos","356","N-acetyl-L-tyrosine","CAHKINHBCWCHCF",198.798,224.091995239258,"[M + H]+",0.373236633582804
"1.5","cembio","pos","360","N-acetyl-L-tyrosine","CAHKINHBCWCHCF",203.496,224.091995239258,"[M + H]+",0.177816570237815
"1.5","cembio","pos","364","N-acetyl-L-tyrosine","CAHKINHBCWCHCF",208.19500000002,224.091995239258,"[M + H]+",0.29897503653048
"1.5","cembio","neg","3","L-aspartic acid","CKLJMWTZIZZHCS",5.66500000002,132.030303955078,"[M - H]-",0.648451102400755
"1.5","cembio","neg","4","L-glutamic acid","WHUUTDBJXJRKMK",6.66100000002,146.046401977539,"[M - H]-",0.651314563540878
"1.5","cembio","neg","8","D-arginine","ODKSFYDXXFIFQN",10.64599999998,173.104507446289,"[M - H]-",0.0236793128920927
"1.5","cembio","neg","11","N-acetyl-L-alanine","KTHDTJVBEPMMGL",13.635,130.050994873047,"[M - H]-",0.0450490337742866
"1.5","cembio","neg","19","L-aspartic acid","CKLJMWTZIZZHCS",22.32,132.030303955078,"[M - H]-",0.789037864275477
"1.5","cembio","neg","20","L-glutamic acid","WHUUTDBJXJRKMK",23.316,146.046401977539,"[M - H]-",0.4681601325345
"1.5","cembio","neg","21","3-amino-L-alanine","PECYZEOJVXMISF",24.312,103.051200866699,"[M - H]-",0.783440936708302
"1.5","cembio","neg","22","L-serine","MTCFGRXMJLQNBG",25.30900000002,104.035400390625,"[M - H]-",0.901758363968073
"1.5","cembio","neg","23","cytidine","UHDGCWIWMRVCDJ",26.30500000002,242.078399658203,"[M - H]-",0.66620554171143
"1.5","cembio","neg","24","D-arginine","ODKSFYDXXFIFQN",27.30100000002,173.104507446289,"[M - H]-",0.740720551073927
"1.5","cembio","neg","27","N-acetyl-L-alanine","KTHDTJVBEPMMGL",30.28999999998,130.050994873047,"[M - H]-",0.102217916629068
"1.5","cembio","neg","28","sn-glycerol 3-phosphate","AWUCVROLDVIAJX",31.287,171.006500244141,"[M - H]-",0.289096286650067
"1.5","cembio","neg","35","L-aspartic acid","CKLJMWTZIZZHCS",38.97400000002,132.030303955078,"[M - H]-",0.812392566550328
"1.5","cembio","neg","36","L-glutamic acid","WHUUTDBJXJRKMK",39.97099999998,146.046401977539,"[M - H]-",0.502276192118213
"1.5","cembio","neg","37","3-amino-L-alanine","PECYZEOJVXMISF",40.96699999998,103.051200866699,"[M - H]-",0.721465536867062
"1.5","cembio","neg","38","L-serine","MTCFGRXMJLQNBG",41.96299999998,104.035400390625,"[M - H]-",0.856613967176544
"1.5","cembio","neg","40","D-arginine","ODKSFYDXXFIFQN",43.956,173.104507446289,"[M - H]-",0.599009010106837
"1.5","cembio","neg","44","sn-glycerol 3-phosphate","AWUCVROLDVIAJX",47.94100000002,171.006500244141,"[M - H]-",0.195494747304993
"1.5","cembio","neg","50","L-alanine","QNAYBMKLOCPYGJ",54.633,88.040496826172,"[M - H]-",0.457382400693483
"1.5","cembio","neg","52","L-glutamic acid","WHUUTDBJXJRKMK",56.62600000002,146.046401977539,"[M - H]-",0.538511045834849
"1.5","cembio","neg","53","3-amino-L-alanine","PECYZEOJVXMISF",57.62200000002,103.051200866699,"[M - H]-",0.548780803807208
"1.5","cembio","neg","56","D-arginine","ODKSFYDXXFIFQN",60.61099999998,173.104507446289,"[M - H]-",0.457944008347458
"1.5","cembio","neg","60","sn-glycerol 3-phosphate","AWUCVROLDVIAJX",64.59700000002,171.006500244141,"[M - H]-",0.37613039775161
"1.5","cembio","neg","68","L-glutamic acid","WHUUTDBJXJRKMK",73.281,146.046401977539,"[M - H]-",0.562004881825512
"1.5","cembio","neg","70","L-serine","MTCFGRXMJLQNBG",75.27400000002,104.035400390625,"[M - H]-",0.858696363719402
"1.5","cembio","neg","72","D-arginine","ODKSFYDXXFIFQN",77.26600000002,173.104507446289,"[M - H]-",0.437923760841753
"1.5","cembio","neg","75","N-acetyl-L-alanine","KTHDTJVBEPMMGL",80.25499999998,130.050994873047,"[M - H]-",0.601251209590646
"1.5","cembio","neg","76","sn-glycerol 3-phosphate","AWUCVROLDVIAJX",81.252,171.006500244141,"[M - H]-",0.357857116266491
"1.5","cembio","neg","86","D-arginine","ODKSFYDXXFIFQN",91.92799999998,173.104507446289,"[M - H]-",0.489434901722018
"1.5","cembio","neg","103","cysteic acid","XVOYSCVBGLVSOL",125.82799999998,167.997299194336,"[M - H]-",0.164558690143715
"1.5","cembio","neg","106","alpha-D-glucose 1-phosphate","HXXFSFRBOHSIMQ",130.24300000002,259.022705078125,"[M - H]-",0.0984673040411915
"1.5","cembio","neg","109","cysteic acid","XVOYSCVBGLVSOL",133.94500000002,167.997299194336,"[M - H]-",0.266754440541616
"1.5","cembio","neg","115","cysteic acid","XVOYSCVBGLVSOL",142.062,167.997299194336,"[M - H]-",0.121692149620057
"1.5","cembio","neg","116","alpha-D-glucose 1-phosphate","HXXFSFRBOHSIMQ",143.772,259.022705078125,"[M - H]-",0.0848210025793205
"1.5","cembio","neg","123","cysteic acid","XVOYSCVBGLVSOL",152.88700000002,167.997299194336,"[M - H]-",0.228380237805941
"1.5","cembio","neg","127","cysteic acid","XVOYSCVBGLVSOL",158.29999999998,167.997299194336,"[M - H]-",0.184775593076077
"1.5","cembio","neg","133","cysteic acid","XVOYSCVBGLVSOL",166.41700000002,167.997299194336,"[M - H]-",0.18464810757816
"1.5","cembio","neg","135","cysteic acid","XVOYSCVBGLVSOL",169.122,167.997299194336,"[M - H]-",0.225676680350905
"1.5","cembio","neg","137","cysteic acid","XVOYSCVBGLVSOL",171.828,167.997299194336,"[M - H]-",0.168487763915071
"1.5","cembio","neg","139","cysteic acid","XVOYSCVBGLVSOL",174.534,167.997299194336,"[M - H]-",0.247600854590788
"1.5","cembio","neg","145","cysteic acid","XVOYSCVBGLVSOL",182.652,167.997299194336,"[M - H]-",0.215653125673767
"1.5","cembio","neg","151","cysteic acid","XVOYSCVBGLVSOL",190.77,167.997299194336,"[M - H]-",0.171079548218857
"1.5","cembio","neg","157","cysteic acid","XVOYSCVBGLVSOL",198.888,167.997299194336,"[M - H]-",0.207030395121701
"1.5","cembio","neg","159","cysteic acid","XVOYSCVBGLVSOL",201.594,167.997299194336,"[M - H]-",0.206284978681322
"1.5","cembio","neg","161","cysteic acid","XVOYSCVBGLVSOL",204.3,167.997299194336,"[M - H]-",0.251276337686359
"1.5","cembio","neg","163","cysteic acid","XVOYSCVBGLVSOL",207.006,167.997299194336,"[M - H]-",0.233194199515743
"1.5","cembio","neg","165","cysteic acid","XVOYSCVBGLVSOL",209.712,167.997299194336,"[M - H]-",0.200718849178152
"1.5","cembio","neg","169","cysteic acid","XVOYSCVBGLVSOL",215.124,167.997299194336,"[M - H]-",0.238110868758016
"1.5","cembio","neg","171","cysteic acid","XVOYSCVBGLVSOL",217.83100000002,167.997299194336,"[M - H]-",0.0710862005255231
"1.5","cembio","neg","175","cysteic acid","XVOYSCVBGLVSOL",223.242,167.997299194336,"[M - H]-",0.085263444627602
"1.5","cembio","neg","177","cysteic acid","XVOYSCVBGLVSOL",225.948,167.997299194336,"[M - H]-",0.103372239605885
"1.5","hmgu","pos","23","N-acetyl-L-alanine","KTHDTJVBEPMMGL",5.96199999999,132.067413265656,"[M + H]+",0.108633608552026
"1.5","hmgu","pos","53","3-amino-L-alanine","PECYZEOJVXMISF",23.75900000001,105.065184766173,"[M + H]+",0.81381274266429
"1.5","hmgu","pos","54","3-amino-L-alanine","PECYZEOJVXMISF",24.48400000002,105.065161845075,"[M + H]+",0.719615039415855
"1.5","hmgu","pos","55","3-amino-L-alanine","PECYZEOJVXMISF",25.18299999999,105.065074186747,"[M + H]+",0.65438236724627
"1.5","hmgu","pos","76","L-alanine","QNAYBMKLOCPYGJ",40.10499999999,90.05408629841,"[M + H]+",0.832734134745434
"1.5","hmgu","neg","1198","3-amino-L-alanine","PECYZEOJVXMISF",23.58649999998,103.051138480194,"[M - H]-",0.752270366198984
"1.5","hmgu","neg","1199","3-amino-L-alanine","PECYZEOJVXMISF",24.30100000002,103.051098016634,"[M - H]-",0.787332558322418
"1.5","hmgu","neg","1201","L-aspartic acid","CKLJMWTZIZZHCS",25.76350000002,132.029771647744,"[M - H]-",0.848176298985635
"1.5","hmgu","neg","1203","L-glutamine","ZDXPYRJPNDTMRX",27.171,145.061509741432,"[M - H]-",0.311201941836807
"1.5","hmgu","neg","1204","L-glutamine","ZDXPYRJPNDTMRX",27.86000000001,145.061578856795,"[M - H]-",0.234029648244738
"1.5","hmgu","neg","1205","L-aspartic acid","CKLJMWTZIZZHCS",28.55900000001,132.029926870458,"[M - H]-",0.834658069961555
"1.5","hmgu","neg","1206","3-amino-L-alanine","PECYZEOJVXMISF",29.23400000001,103.050760607471,"[M - H]-",0.841705367084577
"1.5","hmgu","neg","1207","3-amino-L-alanine","PECYZEOJVXMISF",29.97699999999,103.051209159247,"[M - H]-",0.739960323190479
"1.5","hmgu","neg","1211","L-glutamic acid","WHUUTDBJXJRKMK",32.86150000002,146.045430122358,"[M - H]-",0.733997465682721
"1.5","hmgu","neg","1212","L-aspartic acid","CKLJMWTZIZZHCS",33.56200000002,132.029772643872,"[M - H]-",0.863729272064011
"1.5","hmgu","neg","1213","L-alanine","QNAYBMKLOCPYGJ",34.32400000002,88.039469491375,"[M - H]-",0.745589006825721
"1.5","hmgu","neg","1219","cysteic acid","XVOYSCVBGLVSOL",38.66149999998,167.997011645093,"[M - H]-",0.333051873990031
"1.5","hmgu","neg","1221","N-acetyl-L-alanine","KTHDTJVBEPMMGL",40.11850000002,130.050686250802,"[M - H]-",0.577670227617486
"1.5","hmgu","neg","1223","N-acetyl-L-alanine","KTHDTJVBEPMMGL",41.52,130.05096028444,"[M - H]-",0.676358432679189
"1.5","hmgu","neg","1224","L-alanine","QNAYBMKLOCPYGJ",42.22900000002,88.040358777618,"[M - H]-",0.534155651427017
"1.5","hmgu","neg","1226","N-acetyl-L-alanine","KTHDTJVBEPMMGL",43.6335,130.050886699537,"[M - H]-",0.58144785254
"1.5","hmgu","neg","1227","N-acetyl-L-alanine","KTHDTJVBEPMMGL",44.36749999998,130.050754929748,"[M - H]-",0.733322962418662
"1.5","hmgu","neg","1229","N-acetyl-L-alanine","KTHDTJVBEPMMGL",45.759,130.050502021558,"[M - H]-",0.687002304569454
"1.5","hmgu","neg","1232","N-acetyl-L-tyrosine","CAHKINHBCWCHCF",47.742,222.076564942742,"[M - H]-",0.955777722164346
"1.5","hmgu","neg","1451","N-acetyl-L-tyrosine","CAHKINHBCWCHCF",151.85900000001,222.076706725986,"[M - H]-",0.961322686192034
"1.6","afekta","pos","12","L-threonine","AYFVYJQAPQTCCC",26.037,120.065055847168,"[M + H]+",0.518644588718516
"1.6","afekta","pos","13","L-threonine","AYFVYJQAPQTCCC",26.75949999999,120.065055847168,"[M + H]+",0.664583041470261
"1.6","afekta","pos","15","L-methionine S-oxide","QEFRNWWLZKMPFJ",29.05100000001,166.051971435547,"[M + H]+",0.759534582167276
"1.6","afekta","neg","375","N(alpha)-acetyl-L-arginine","SNEIUMQYRCDYCH",27.46600000002,215.11328125,"[M - H]-",0.939908320450176
"1.6","afekta","neg","376","N(alpha)-acetyl-L-arginine","SNEIUMQYRCDYCH",28.18699999998,215.11328125,"[M - H]-",0.940315641221112
"1.6","afekta","neg","377","L-arabinitol","HEBKCHPVOIAQTA",29.553,151.059799194336,"[M - H]-",0.430206586264162
"1.6","cembio","pos","94","L-histidine","HNDVDQJCIGZPNO",3.75700000002,156.076705932617,"[M + H]+",0.0390981571985861
"1.6","cembio","pos","96","L-threonine","AYFVYJQAPQTCCC",5.74999999998,120.06559753418,"[M + H]+",0.134740891054141
"1.6","cembio","pos","97","L-arabinitol","HEBKCHPVOIAQTA",6.74599999998,153.075698852539,"[M + H]+",0.300751939544445
"1.6","cembio","pos","100","3-chloro-L-tyrosine","ACWBBAGYTKWBCD",9.735,216.042404174805,"[M + H]+",0.0735008679357363
"1.6","cembio","pos","105","L-threonine","AYFVYJQAPQTCCC",15.43000000002,120.06559753418,"[M + H]+",0.2618798914912
"1.6","cembio","pos","107","L-methionine S-oxide","QEFRNWWLZKMPFJ",17.42299999998,166.053405761719,"[M + H]+",0.0656080470356841
"1.6","cembio","pos","108","N(alpha)-acetyl-L-arginine","SNEIUMQYRCDYCH",18.41899999998,217.130004882813,"[M + H]+",0.0465228298064902
"1.6","cembio","pos","111","L-histidine","HNDVDQJCIGZPNO",21.408,178.059295654297,"[M + H]+",0.0391507912847482
"1.6","cembio","pos","112","L-histidine","HNDVDQJCIGZPNO",23.118,156.076705932617,"[M + H]+",0.919568899589413
"1.6","cembio","pos","113","D-serine","MTCFGRXMJLQNBG",24.11500000002,106.049797058105,"[M + H]+",0.959990089509079
"1.6","cembio","pos","114","L-threonine","AYFVYJQAPQTCCC",25.11100000002,120.06559753418,"[M + H]+",0.956253807668827
"1.6","cembio","pos","115","L-arabinitol","HEBKCHPVOIAQTA",26.10700000002,153.075698852539,"[M + H]+",0.832827300143956
"1.6","cembio","pos","116","L-methionine S-oxide","QEFRNWWLZKMPFJ",27.10399999998,166.053405761719,"[M + H]+",0.89939827981808
"1.6","cembio","pos","117","N(alpha)-acetyl-L-arginine","SNEIUMQYRCDYCH",28.09999999998,217.130004882813,"[M + H]+",0.999912415692321
"1.6","cembio","pos","121","L-histidine","HNDVDQJCIGZPNO",32.79799999998,156.076705932617,"[M + H]+",0.845290401563013
"1.6","cembio","pos","122","D-serine","MTCFGRXMJLQNBG",33.795,106.049797058105,"[M + H]+",0.943809750326898
"1.6","cembio","pos","123","L-threonine","AYFVYJQAPQTCCC",34.791,120.06559753418,"[M + H]+",0.834237568397982
"1.6","cembio","pos","125","L-methionine S-oxide","QEFRNWWLZKMPFJ",36.783,166.053405761719,"[M + H]+",0.691343942097635
"1.6","cembio","pos","126","N(alpha)-acetyl-L-arginine","SNEIUMQYRCDYCH",37.78000000002,217.130004882813,"[M + H]+",0.833347354221913
"1.6","cembio","pos","128","L-arabinitol","HEBKCHPVOIAQTA",39.77200000002,175.057693481445,"[M + Na]+",0.107061123563967
"1.6","cembio","pos","129","L-histidine","HNDVDQJCIGZPNO",40.76899999998,178.059295654297,"[M + H]+",0.108749423717426
"1.6","cembio","pos","130","L-histidine","HNDVDQJCIGZPNO",42.47899999998,156.076705932617,"[M + H]+",0.895360075138862
"1.6","cembio","pos","131","D-serine","MTCFGRXMJLQNBG",43.47499999998,106.049797058105,"[M + H]+",0.938290885089085
"1.6","cembio","pos","132","L-threonine","AYFVYJQAPQTCCC",44.47099999998,120.06559753418,"[M + H]+",0.814367861100323
"1.6","cembio","pos","133","L-arabinitol","HEBKCHPVOIAQTA",45.468,153.075698852539,"[M + H]+",0.156833837595568
"1.6","cembio","pos","134","L-methionine S-oxide","QEFRNWWLZKMPFJ",46.464,166.053405761719,"[M + H]+",0.160150168026033
"1.6","cembio","pos","135","N(alpha)-acetyl-L-arginine","SNEIUMQYRCDYCH",47.46,217.130004882813,"[M + H]+",0.63662828974885
"1.6","cembio","pos","139","L-histidine","HNDVDQJCIGZPNO",52.158,156.076705932617,"[M + H]+",0.84842646844936
"1.6","cembio","pos","141","L-threonine","AYFVYJQAPQTCCC",54.15100000002,120.06559753418,"[M + H]+",0.757120502463107
"1.6","cembio","pos","144","N(alpha)-acetyl-L-arginine","SNEIUMQYRCDYCH",57.13999999998,217.130004882813,"[M + H]+",0.0131141847091236
"1.6","cembio","pos","145","3-chloro-L-tyrosine","ACWBBAGYTKWBCD",58.13599999998,216.042404174805,"[M + H]+",0.946244907193075
"1.6","cembio","pos","149","D-serine","MTCFGRXMJLQNBG",62.83600000002,106.049797058105,"[M + H]+",0.944368962627943
"1.6","cembio","pos","150","L-threonine","AYFVYJQAPQTCCC",63.83200000002,120.06559753418,"[M + H]+",0.896949177541022
"1.6","cembio","pos","151","L-arabinitol","HEBKCHPVOIAQTA",64.82800390626,153.075698852539,"[M + H]+",0.525373927645482
"1.6","cembio","pos","153","N(alpha)-acetyl-L-arginine","SNEIUMQYRCDYCH",66.82099999998,217.130004882813,"[M + H]+",0.0825047918829325
"1.6","cembio","pos","154","3-chloro-L-tyrosine","ACWBBAGYTKWBCD",67.81699999998,216.042404174805,"[M + H]+",0.895644700126861
"1.6","cembio","pos","157","L-histidine","HNDVDQJCIGZPNO",71.52,156.076705932617,"[M + H]+",0.857912379611273
"1.6","cembio","pos","159","L-threonine","AYFVYJQAPQTCCC",73.51300000002,120.06559753418,"[M + H]+",0.693612269045292
"1.6","cembio","pos","161","L-methionine S-oxide","QEFRNWWLZKMPFJ",75.50500000002,166.053405761719,"[M + H]+",0.167456720285153
"1.6","cembio","pos","162","N(alpha)-acetyl-L-arginine","SNEIUMQYRCDYCH",76.50100000002,217.130004882813,"[M + H]+",0.217373314950119
"1.6","cembio","pos","163","3-chloro-L-tyrosine","ACWBBAGYTKWBCD",77.49799999998,216.042404174805,"[M + H]+",0.92648377347653
"1.6","cembio","pos","164","L-arabinitol","HEBKCHPVOIAQTA",78.49399999998,175.057693481445,"[M + Na]+",0.0438891477816191
"1.6","cembio","pos","166","L-histidine","HNDVDQJCIGZPNO",81.19999999998,156.076705932617,"[M + H]+",0.881506660889757
"1.6","cembio","pos","168","L-threonine","AYFVYJQAPQTCCC",83.19199999998,120.06559753418,"[M + H]+",0.596261633770313
"1.6","cembio","pos","169","L-arabinitol","HEBKCHPVOIAQTA",84.189,153.075698852539,"[M + H]+",0.0715167725830958
"1.6","cembio","pos","170","L-methionine S-oxide","QEFRNWWLZKMPFJ",85.185,166.053405761719,"[M + H]+",0.604493898975955
"1.6","cembio","pos","171","N(alpha)-acetyl-L-arginine","SNEIUMQYRCDYCH",86.181,217.130004882813,"[M + H]+",0.0762224322473344
"1.6","cembio","pos","172","3-chloro-L-tyrosine","ACWBBAGYTKWBCD",87.17800000002,216.042404174805,"[M + H]+",0.896334759330879
"1.6","cembio","pos","175","3-chloro-L-tyrosine","ACWBBAGYTKWBCD",97.71799999998,216.042404174805,"[M + H]+",0.820994272596586
"1.6","cembio","pos","178","(6S)-5-formyltetrahydrofolic acid","VVIAGPKUTFNRDU",115.94899999998,474.173706054688,"[M + H]+",0.0251012384325258
"1.6","cembio","pos","179","(6S)-5-formyltetrahydrofolic acid","VVIAGPKUTFNRDU",116.946,496.154602050781,"[M + K]+",0.0196726631728977
"1.6","cembio","pos","182","(6S)-5-formyltetrahydrofolic acid","VVIAGPKUTFNRDU",121.36099999998,474.173706054688,"[M + H]+",0.197625973378687
"1.6","cembio","pos","183","(6S)-5-formyltetrahydrofolic acid","VVIAGPKUTFNRDU",122.35699999998,496.154602050781,"[M + Na]+",0.250432730449255
"1.6","cembio","pos","184","(6S)-5-formyltetrahydrofolic acid","VVIAGPKUTFNRDU",124.06600000002,474.173706054688,"[M + H]+",0.239275569254295
"1.6","cembio","pos","189","(6S)-5-formyltetrahydrofolic acid","VVIAGPKUTFNRDU",130.47500781252,496.154602050781,"[M + K]+",0.00761289575192163
"1.6","cembio","pos","192","(6S)-5-formyltetrahydrofolic acid","VVIAGPKUTFNRDU",134.89099999998,474.173706054688,"[M + K]+",0.0559555622365558
"1.6","cembio","pos","194","(6S)-5-formyltetrahydrofolic acid","VVIAGPKUTFNRDU",137.59699999998,474.173706054688,"[M + K]+",0.236452419394759
"1.6","cembio","pos","196","(6S)-5-formyltetrahydrofolic acid","VVIAGPKUTFNRDU",140.30299999998,474.173706054688,"[M + H]+",0.0717211910411966
"1.6","cembio","pos","197","(6S)-5-formyltetrahydrofolic acid","VVIAGPKUTFNRDU",141.29899999998,496.154602050781,"[M + K]+",0.00925290797410413
"1.6","cembio","pos","200","(6S)-5-formyltetrahydrofolic acid","VVIAGPKUTFNRDU",145.71499999998,474.173706054688,"[M + H]+",0.0605620989461865
"1.6","cembio","pos","203","(6S)-5-formyltetrahydrofolic acid","VVIAGPKUTFNRDU",149.41699999998,496.154602050781,"[M + K]+",0.0221135716425289
"1.6","cembio","pos","204","(6S)-5-formyltetrahydrofolic acid","VVIAGPKUTFNRDU",151.12699999998,474.173706054688,"[M + Na]+",0.0464486695350543
"1.6","cembio","pos","205","(6S)-5-formyltetrahydrofolic acid","VVIAGPKUTFNRDU",152.12299999998,496.154602050781,"[M + Na]+",0.134885847124231
"1.6","cembio","pos","206","(6S)-5-formyltetrahydrofolic acid","VVIAGPKUTFNRDU",153.83299999998,474.173706054688,"[M + H]+",0.478822982124897
"1.6","cembio","pos","207","(6S)-5-formyltetrahydrofolic acid","VVIAGPKUTFNRDU",154.82899999998,496.154602050781,"[M + Na]+",0.223747703824187
"1.6","cembio","pos","209","(6S)-5-formyltetrahydrofolic acid","VVIAGPKUTFNRDU",157.536,496.154602050781,"[M + Na]+",0.0117696542146141
"1.6","cembio","pos","213","(6S)-5-formyltetrahydrofolic acid","VVIAGPKUTFNRDU",162.94900000002,496.154602050781,"[M + Na]+",0.0878586388091949
"1.6","cembio","pos","214","(6S)-5-formyltetrahydrofolic acid","VVIAGPKUTFNRDU",164.65900000002,474.173706054688,"[M + H]+",0.783976514531997
"1.6","cembio","pos","216","(6S)-5-formyltetrahydrofolic acid","VVIAGPKUTFNRDU",167.36500000002,474.173706054688,"[M + H]+",0.889310511010981
"1.6","cembio","pos","218","(6S)-5-formyltetrahydrofolic acid","VVIAGPKUTFNRDU",170.07,474.173706054688,"[M + H]+",0.674393249767434
"1.6","cembio","pos","220","(6S)-5-formyltetrahydrofolic acid","VVIAGPKUTFNRDU",172.776,474.173706054688,"[M + H]+",0.553413436311522
"1.6","cembio","pos","221","(6S)-5-formyltetrahydrofolic acid","VVIAGPKUTFNRDU",173.772,496.154602050781,"[M + Na]+",0.195261776576072
"1.6","cembio","pos","222","(6S)-5-formyltetrahydrofolic acid","VVIAGPKUTFNRDU",175.48300000002,474.173706054688,"[M + H]+",0.8074424280761
"1.6","cembio","pos","223","(6S)-5-formyltetrahydrofolic acid","VVIAGPKUTFNRDU",176.47900000002,496.154602050781,"[M + Na]+",0.0915601135757937
"1.6","cembio","pos","224","(6S)-5-formyltetrahydrofolic acid","VVIAGPKUTFNRDU",178.18900000002,474.173706054688,"[M + H]+",0.618399841047456
"1.6","cembio","pos","226","(6S)-5-formyltetrahydrofolic acid","VVIAGPKUTFNRDU",180.89500000002,474.173706054688,"[M + H]+",0.509440228913045
"1.6","cembio","pos","227","(6S)-5-formyltetrahydrofolic acid","VVIAGPKUTFNRDU",181.89199999998,496.154602050781,"[M + K]+",0.127253121708104
"1.6","cembio","pos","228","(6S)-5-formyltetrahydrofolic acid","VVIAGPKUTFNRDU",183.60100000002,474.173706054688,"[M + H]+",0.238623956523881
"1.6","cembio","pos","229","(6S)-5-formyltetrahydrofolic acid","VVIAGPKUTFNRDU",184.59799999998,496.154602050781,"[M + Na]+",0.108671648947817
"1.6","cembio","pos","230","(6S)-5-formyltetrahydrofolic acid","VVIAGPKUTFNRDU",186.30700000002,474.173706054688,"[M + H]+",0.626017747252468
"1.6","cembio","pos","231","(6S)-5-formyltetrahydrofolic acid","VVIAGPKUTFNRDU",187.30399999998,496.154602050781,"[M + H]+",0.0661459733734844
"1.6","cembio","pos","234","(6S)-5-formyltetrahydrofolic acid","VVIAGPKUTFNRDU",191.71999999998,474.173706054688,"[M + H]+",0.478398390043943
"1.6","cembio","pos","235","(6S)-5-formyltetrahydrofolic acid","VVIAGPKUTFNRDU",192.71599999998,496.154602050781,"[M + Na]+",0.0973695697102046
"1.6","cembio","pos","237","(6S)-5-formyltetrahydrofolic acid","VVIAGPKUTFNRDU",195.42199999998,496.154602050781,"[M + Na]+",0.0884262591551653
"1.6","cembio","pos","238","(6S)-5-formyltetrahydrofolic acid","VVIAGPKUTFNRDU",197.13199999998,474.173706054688,"[M + H]+",0.498439473755027
"1.6","cembio","pos","240","(6S)-5-formyltetrahydrofolic acid","VVIAGPKUTFNRDU",199.83799999998,474.173706054688,"[M + H]+",0.285494505737958
"1.6","cembio","pos","242","(6S)-5-formyltetrahydrofolic acid","VVIAGPKUTFNRDU",202.54399999998,474.173706054688,"[M + H]+",0.717404510913395
"1.6","cembio","pos","243","(6S)-5-formyltetrahydrofolic acid","VVIAGPKUTFNRDU",203.541,496.154602050781,"[M + K]+",0.0158557833930618
"1.6","cembio","pos","244","(6S)-5-formyltetrahydrofolic acid","VVIAGPKUTFNRDU",205.251,474.173706054688,"[M + H]+",0.469929355418389
"1.6","cembio","pos","246","(6S)-5-formyltetrahydrofolic acid","VVIAGPKUTFNRDU",207.95599999998,474.173706054688,"[M + H]+",0.206307872654522
"1.6","cembio","pos","247","(6S)-5-formyltetrahydrofolic acid","VVIAGPKUTFNRDU",208.953,496.154602050781,"[M + Na]+",0.114321600782626
"1.6","cembio","pos","248","(6S)-5-formyltetrahydrofolic acid","VVIAGPKUTFNRDU",210.66199999998,474.173706054688,"[M + H]+",0.658566571315514
"1.6","cembio","pos","250","(6S)-5-formyltetrahydrofolic acid","VVIAGPKUTFNRDU",213.36799999998,474.173706054688,"[M + H]+",0.514710974750328
"1.6","cembio","pos","252","(6S)-5-formyltetrahydrofolic acid","VVIAGPKUTFNRDU",216.075,474.173706054688,"[M + H]+",0.350174628246875
"1.6","cembio","pos","256","(6S)-5-formyltetrahydrofolic acid","VVIAGPKUTFNRDU",221.487,474.173706054688,"[M + H]+",0.278349990052535
"1.6","cembio","pos","260","(6S)-5-formyltetrahydrofolic acid","VVIAGPKUTFNRDU",226.899,474.173706054688,"[M + H]+",0.206659477086035
"1.6","cembio","pos","261","(6S)-5-formyltetrahydrofolic acid","VVIAGPKUTFNRDU",227.895,496.154602050781,"[M + Na]+",0.0210236197521615
"1.6","cembio","pos","264","(6S)-5-formyltetrahydrofolic acid","VVIAGPKUTFNRDU",232.311,474.173706054688,"[M + H]+",0.384723621115428
"1.6","cembio","neg","5","N(alpha)-acetyl-L-arginine","SNEIUMQYRCDYCH",7.72600000002,215.115097045898,"[M - H]-",0.0308093096864108
"1.6","cembio","neg","6","D-serine","MTCFGRXMJLQNBG",8.72200000002,104.035301208496,"[M - H]-",0.320276097067346
"1.6","cembio","neg","9","3-chloro-L-tyrosine","ACWBBAGYTKWBCD",11.71099999998,214.027694702148,"[M - H]-",0.344360044540626
"1.6","cembio","neg","14","L-threonine","AYFVYJQAPQTCCC",17.406,118.051002502441,"[M - H]-",0.473501667315596
"1.6","cembio","neg","22","L-arabinitol","HEBKCHPVOIAQTA",26.08999999998,151.06120300293,"[M - H]-",0.692244520311792
"1.6","cembio","neg","23","L-histidine","HNDVDQJCIGZPNO",27.08599999998,154.062194824219,"[M - H]-",0.722596024677486
"1.6","cembio","neg","25","N(alpha)-acetyl-L-arginine","SNEIUMQYRCDYCH",29.079,215.115097045898,"[M - H]-",0.880655793307519
"1.6","cembio","neg","29","3-chloro-L-tyrosine","ACWBBAGYTKWBCD",33.06400000002,214.027694702148,"[M - H]-",0.530125990537928
"1.6","cembio","neg","32","L-arabinitol","HEBKCHPVOIAQTA",36.76699999998,151.06120300293,"[M - H]-",0.299258088335186
"1.6","cembio","neg","33","L-histidine","HNDVDQJCIGZPNO",37.76299999998,154.062194824219,"[M - H]-",0.633769221006268
"1.6","cembio","neg","34","L-threonine","AYFVYJQAPQTCCC",38.76,118.051002502441,"[M - H]-",0.809656185970232
"1.6","cembio","neg","35","N(alpha)-acetyl-L-arginine","SNEIUMQYRCDYCH",39.756,215.115097045898,"[M - H]-",0.451946072395602
"1.6","cembio","neg","36","D-serine","MTCFGRXMJLQNBG",40.752,104.035301208496,"[M - H]-",0.885567599403298
"1.6","cembio","neg","37","L-methionine S-oxide","QEFRNWWLZKMPFJ",41.748,164.038696289063,"[M - H]-",0.215622120237623
"1.6","cembio","neg","42","L-arabinitol","HEBKCHPVOIAQTA",47.44399999998,151.06120300293,"[M - H]-",0.487771891879417
"1.6","cembio","neg","43","L-histidine","HNDVDQJCIGZPNO",48.43999999998,154.062194824219,"[M - H]-",0.565183187955307
"1.6","cembio","neg","44","L-threonine","AYFVYJQAPQTCCC",49.437,118.051002502441,"[M - H]-",0.735760152241633
"1.6","cembio","neg","45","N(alpha)-acetyl-L-arginine","SNEIUMQYRCDYCH",50.433,215.115097045898,"[M - H]-",0.345370985210927
"1.6","cembio","neg","47","L-methionine S-oxide","QEFRNWWLZKMPFJ",52.42600000002,164.038696289063,"[M - H]-",0.230270093275813
"1.6","cembio","neg","49","3-chloro-L-tyrosine","ACWBBAGYTKWBCD",54.41800000002,214.027694702148,"[M - H]-",0.961654127385557
"1.6","cembio","neg","53","L-histidine","HNDVDQJCIGZPNO",59.11699999998,154.062194824219,"[M - H]-",0.421267191250261
"1.6","cembio","neg","57","L-methionine S-oxide","QEFRNWWLZKMPFJ",63.102,164.038696289063,"[M - H]-",0.491511869463671
"1.6","cembio","neg","63","L-histidine","HNDVDQJCIGZPNO",69.79399999998,154.062194824219,"[M - H]-",0.377524083757635
"1.6","cembio","neg","64","L-threonine","AYFVYJQAPQTCCC",70.78999999998,118.051002502441,"[M - H]-",0.704954064798909
"1.6","cembio","neg","65","N(alpha)-acetyl-L-arginine","SNEIUMQYRCDYCH",71.78599999998,215.115097045898,"[M - H]-",0.171241784069758
"1.6","cembio","neg","75","N(alpha)-acetyl-L-arginine","SNEIUMQYRCDYCH",82.46299999998,215.115097045898,"[M - H]-",0.0133298081176455
"1.6","cembio","neg","76","D-serine","MTCFGRXMJLQNBG",83.45899999998,104.035301208496,"[M - H]-",0.850544445631054
"1.6","cembio","neg","77","L-methionine S-oxide","QEFRNWWLZKMPFJ",84.456,164.038696289063,"[M - H]-",0.141890856371419
"1.6","cembio","neg","87","3-chloro-L-tyrosine","ACWBBAGYTKWBCD",97.272,214.027694702148,"[M - H]-",0.733051560684952
"1.6","cembio","neg","89","3-chloro-L-tyrosine","ACWBBAGYTKWBCD",99.97699999998,214.027694702148,"[M - H]-",0.768050512362488
"1.6","cembio","neg","93","(6S)-5-formyltetrahydrofolic acid","VVIAGPKUTFNRDU",170.88100000002,472.159088134766,"[M - H]-",0.354868425759699
"1.6","hmgu","pos","57","D-serine","MTCFGRXMJLQNBG",27.15399999999,106.049146382357,"[M + H]+",0.83345761909573
"1.6","hmgu","pos","160","L-histidine","HNDVDQJCIGZPNO",89.89699999998,156.07561893748,"[M + H]+",0.850285110541089
"1.6","hmgu","neg","1201","D-serine","MTCFGRXMJLQNBG",27.21799999998,104.035054081048,"[M - H]-",0.829973133185487
"1.6","hmgu","neg","1204","L-threonine","AYFVYJQAPQTCCC",29.283,118.050414799677,"[M - H]-",0.0891539887281305
"1.6","hmgu","neg","1211","L-threonine","AYFVYJQAPQTCCC",34.30299999999,118.049765885945,"[M - H]-",0.721057124107368
"1.6","hmgu","neg","1238","3-chloro-L-tyrosine","ACWBBAGYTKWBCD",52.05849999999,214.02764000146,"[M - H]-",0.949889274973779
"1.6","hmgu","neg","1286","L-histidine","HNDVDQJCIGZPNO",74.10050000001,154.060950186501,"[M - H]-",0.475458194947205
"1.6","hmgu","neg","1307","N(alpha)-acetyl-L-arginine","SNEIUMQYRCDYCH",81.843,215.113616140372,"[M - H]-",0.191928335899951
"1.6","hmgu","neg","1520","(6S)-5-formyltetrahydrofolic acid","VVIAGPKUTFNRDU",186.543,472.158478259698,"[M - H]-",0.287353652539359
"1.6","icl","neg","576","(6S)-5-formyltetrahydrofolic acid","VVIAGPKUTFNRDU",154.99600410462,472.155242919922,"[M - H]-",0.305334884389396
"1.6","icl","neg","580","(6S)-5-formyltetrahydrofolic acid","VVIAGPKUTFNRDU",160.33199787138,472.156799316406,"[M - H]-",0.264846356830908
"1.6","icl","neg","583","(6S)-5-formyltetrahydrofolic acid","VVIAGPKUTFNRDU",164.83899593352,472.155883789063,"[M - H]-",0.145698327688397
"2.1","afekta","pos","12","pyridoxamine","NHZMQXZHNVQTQA",26.08099999998,169.096397399902,"[M + H]+",0.899161476128921
"2.1","afekta","pos","13","5-aminoimidazole-4-carboxamide","DVNYTAVYBRSTGK",26.907,127.060939788818,"[M + H]+",0.754214923118354
"2.1","afekta","pos","20","5-methyl-2'-deoxycytidine","LUCHPKXVUGJYGU",35.847,242.112197875977,"[M + H]+",0.771941472041704
"2.1","afekta","pos","48","L-phenylalanine","COLNVLDHVKWLRT",102.13400000001,166.085880279541,"[M + H]+",0.89241971004082
"2.1","cembio","pos","225","dopamine","VYFYYTLLBUKUHU",13.61899999998,154.086250305176,"[M + H]+",0.244909355826049
"2.1","cembio","pos","234","ethylmalonic acid","UKFXDFUAPNAMPJ",23.29900000002,133.049499511719,"[M + H]+",0.0869626639646748
"2.1","cembio","pos","237","dopamine","VYFYYTLLBUKUHU",26.28799999998,154.086250305176,"[M + H]+",0.0955051946121696
"2.1","cembio","pos","239","pyridoxamine","NHZMQXZHNVQTQA",28.281,169.097396850586,"[M + H]+",0.901523180289963
"2.1","cembio","pos","240","5-methyl-2'-deoxycytidine","LUCHPKXVUGJYGU",29.277,242.113693237305,"[M + H]+",0.93198771667919
"2.1","cembio","pos","241","2'-deoxyguanosine","YKBGVTZYEHREMT",30.273,268.104095458984,"[M + Na]+",0.0725449344383466
"2.1","cembio","pos","242","dopamine","VYFYYTLLBUKUHU",31.27000000002,154.086250305176,"[M + H]+",0.955714645968752
"2.1","cembio","pos","248","ethylmalonic acid","UKFXDFUAPNAMPJ",37.248,155.031005859375,"[M + Na]+",0.0578749552937434
"2.1","cembio","pos","250","5-aminoimidazole-4-carboxamide","DVNYTAVYBRSTGK",39.95500000002,127.062301635742,"[M + H]+",0.652257205012885
"2.1","cembio","pos","251","L-leucine","ROHFNLRQFUQHCH",40.95100000002,132.101806640625,"[M + H]+",0.602400106376628
"2.1","cembio","pos","254","9H-xanthine","LRFVTYWOQMYALW",43.93999999998,153.041595458984,"[M + H]+",0.229927240637265
"2.1","cembio","pos","255","dopamine","VYFYYTLLBUKUHU",44.93599999998,154.086250305176,"[M + H]+",0.954500812344076
"2.1","cembio","pos","257","pyridoxamine","NHZMQXZHNVQTQA",46.929,169.097396850586,"[M + H]+",0.899766080402796
"2.1","cembio","pos","258","5-methyl-2'-deoxycytidine","LUCHPKXVUGJYGU",47.925,242.113693237305,"[M + H]+",0.90708656586043
"2.1","cembio","pos","259","2'-deoxyguanosine","YKBGVTZYEHREMT",48.921,268.104095458984,"[M + H]+",0.857899401170727
"2.1","cembio","pos","260","dopamine","VYFYYTLLBUKUHU",49.91800000002,154.086250305176,"[M + H]+",0.99276447772017
"2.1","cembio","pos","268","5-aminoimidazole-4-carboxamide","DVNYTAVYBRSTGK",58.602,127.062301635742,"[M + H]+",0.794757305512703
"2.1","cembio","pos","269","L-leucine","ROHFNLRQFUQHCH",59.59900000002,132.101806640625,"[M + H]+",0.404763694894107
"2.1","cembio","pos","272","9H-xanthine","LRFVTYWOQMYALW",62.58700000002,153.041595458984,"[M + H]+",0.307267661423066
"2.1","cembio","pos","273","dopamine","VYFYYTLLBUKUHU",63.58399999998,154.086250305176,"[M + H]+",0.955380916112272
"2.1","cembio","pos","274","L-phenylalanine","COLNVLDHVKWLRT",64.57999999998,166.086196899414,"[M + H]+",0.791104799689297
"2.1","cembio","pos","276","5-methyl-2'-deoxycytidine","LUCHPKXVUGJYGU",66.573,242.113693237305,"[M + H]+",0.869923552759571
"2.1","cembio","pos","277","2'-deoxyguanosine","YKBGVTZYEHREMT",67.569,268.104095458984,"[M + H]+",0.608508055466425
"2.1","cembio","pos","278","dopamine","VYFYYTLLBUKUHU",68.565,154.086250305176,"[M + H]+",0.893724368957998
"2.1","cembio","pos","286","5-aminoimidazole-4-carboxamide","DVNYTAVYBRSTGK",77.25,127.062301635742,"[M + H]+",0.282384111406471
"2.1","cembio","pos","287","L-leucine","ROHFNLRQFUQHCH",78.24700000002,132.101806640625,"[M + H]+",0.388822264377242
"2.1","cembio","pos","291","dopamine","VYFYYTLLBUKUHU",82.23199999998,154.086250305176,"[M + H]+",0.748048429749321
"2.1","cembio","pos","292","L-phenylalanine","COLNVLDHVKWLRT",83.22799999998,166.086196899414,"[M + H]+",0.901034913371753
"2.1","cembio","pos","293","pyridoxamine","NHZMQXZHNVQTQA",84.225,169.097396850586,"[M + H]+",0.850389098584904
"2.1","cembio","pos","294","5-methyl-2'-deoxycytidine","LUCHPKXVUGJYGU",85.221,242.113693237305,"[M + H]+",0.845096560685689
"2.1","cembio","pos","295","2'-deoxyguanosine","YKBGVTZYEHREMT",86.217,268.104095458984,"[M + H]+",0.877636650035274
"2.1","cembio","pos","296","dopamine","VYFYYTLLBUKUHU",87.21400000002,154.086250305176,"[M + H]+",0.870514581708538
"2.1","cembio","pos","301","methylmalonic acid","ZIYVHBGGAOATLY",92.19499999998,141.014602661133,"[M + Na]+",0.0862138990473681
"2.1","cembio","pos","304","L-leucine","ROHFNLRQFUQHCH",95.89699999998,132.101806640625,"[M + H]+",0.428694207488172
"2.1","cembio","pos","307","L-phenylalanine","COLNVLDHVKWLRT",98.886,166.086196899414,"[M + H]+",0.99204691329854
"2.1","cembio","pos","308","2'-deoxyguanosine","YKBGVTZYEHREMT",99.882,268.104095458984,"[M + H]+",0.0299754576032484
"2.1","cembio","pos","311","methylmalonic acid","ZIYVHBGGAOATLY",102.87100000002,141.014602661133,"[M + Na]+",0.0144701710055473
"2.1","cembio","pos","313","L-leucine","ROHFNLRQFUQHCH",105.57799999998,132.101806640625,"[M + H]+",0.441739409925221
"2.1","cembio","pos","317","L-leucine","ROHFNLRQFUQHCH",110.27599999998,132.101806640625,"[M + H]+",0.172831839532587
"2.1","cembio","pos","319","2'-deoxyguanosine","YKBGVTZYEHREMT",112.269,268.104095458984,"[M + H]+",0.36977210684036
"2.1","cembio","pos","323","2'-deoxyguanosine","YKBGVTZYEHREMT",116.967,268.104095458984,"[M + H]+",0.613258895340589
"2.1","cembio","pos","325","L-leucine","ROHFNLRQFUQHCH",119.673,132.101806640625,"[M + H]+",0.262019622353679
"2.1","cembio","pos","341","tricaproin","MAYCICSNZYXLHB",577.482,409.256713867188,"[M + H]+",0.066874875852029
"2.1","cembio","neg","1","5-aminoimidazole-4-carboxamide","DVNYTAVYBRSTGK",3.47299999998,125.047203063965,"[M - H]-",0.0384635754352265
"2.1","cembio","neg","2","L-leucine","ROHFNLRQFUQHCH",4.47,130.08740234375,"[M - H]-",0.211823945385057
"2.1","cembio","neg","6","2'-deoxyguanosine","YKBGVTZYEHREMT",8.45500000002,266.089691162109,"[M - H]-",0.0312289259496711
"2.1","cembio","neg","18","5-aminoimidazole-4-carboxamide","DVNYTAVYBRSTGK",21.12400000002,125.047203063965,"[M - H]-",0.0379581518104322
"2.1","cembio","neg","23","2'-deoxyguanosine","YKBGVTZYEHREMT",26.106,266.089691162109,"[M - H]-",0.151842659280349
"2.1","cembio","neg","24","5-methyl-2'-deoxycytidine","LUCHPKXVUGJYGU",27.102,240.099304199219,"[M - H]-",0.0397454317122318
"2.1","cembio","neg","26","methylmalonic acid","ZIYVHBGGAOATLY",29.09500000002,117.019203186035,"[M - H]-",0.740721813102493
"2.1","cembio","neg","27","2,4-dihydroxypyrimidine-5-carboxylic acid","ZXYAAVBXHKCJJB",30.09100000002,155.009902954102,"[M - H]-",0.72347451692541
"2.1","cembio","neg","29","ethylmalonic acid","UKFXDFUAPNAMPJ",32.08399999998,131.034805297852,"[M - H]-",0.455536626724177
"2.1","cembio","neg","37","L-leucine","ROHFNLRQFUQHCH",40.767,130.08740234375,"[M - H]-",0.200829955695241
"2.1","cembio","neg","40","dopamine","VYFYYTLLBUKUHU",43.75600000002,152.07209777832,"[M - H]-",0.895801708304766
"2.1","cembio","neg","41","2'-deoxyguanosine","YKBGVTZYEHREMT",44.75299999998,266.089691162109,"[M - H]-",0.509101189699511
"2.1","cembio","neg","42","5-methyl-2'-deoxycytidine","LUCHPKXVUGJYGU",45.74899999998,240.099304199219,"[M - H]-",0.053615306261424
"2.1","cembio","neg","44","methylmalonic acid","ZIYVHBGGAOATLY",47.742,117.019203186035,"[M - H]-",0.737049414812224
"2.1","cembio","neg","45","2,4-dihydroxypyrimidine-5-carboxylic acid","ZXYAAVBXHKCJJB",48.738,155.009902954102,"[M - H]-",0.572823666795697
"2.1","cembio","neg","47","ethylmalonic acid","UKFXDFUAPNAMPJ",50.73100000002,131.034805297852,"[M - H]-",0.204021787618411
"2.1","cembio","neg","55","L-leucine","ROHFNLRQFUQHCH",59.415,130.08740234375,"[M - H]-",0.286046594899188
"2.1","cembio","neg","56","L-phenylalanine","COLNVLDHVKWLRT",60.411,164.071792602539,"[M - H]-",0.964104926390494
"2.1","cembio","neg","57","9H-xanthine","LRFVTYWOQMYALW",61.40800000002,151.026306152344,"[M - H]-",0.0847741977405974
"2.1","cembio","neg","60","2'-deoxyguanosine","YKBGVTZYEHREMT",64.39700390628,266.089691162109,"[M - H]-",0.232249519098143
"2.1","cembio","neg","64","methylmalonic acid","ZIYVHBGGAOATLY",68.382,117.019203186035,"[M - H]-",0.689406637466501
"2.1","cembio","neg","65","2,4-dihydroxypyrimidine-5-carboxylic acid","ZXYAAVBXHKCJJB",69.378,155.009902954102,"[M - H]-",0.468530210087801
"2.1","cembio","neg","66","vanillylmandelic acid","CGQCWMIAEPEHNQ",70.37500000002,197.045700073242,"[M - H]-",0.391529045425126
"2.1","cembio","neg","67","ethylmalonic acid","UKFXDFUAPNAMPJ",71.37100000002,131.034805297852,"[M - H]-",0.646110661744838
"2.1","cembio","neg","75","5-aminoimidazole-4-carboxamide","DVNYTAVYBRSTGK",80.055,125.047203063965,"[M - H]-",0.433511263018663
"2.1","cembio","neg","76","L-leucine","ROHFNLRQFUQHCH",81.05200000002,130.08740234375,"[M - H]-",0.271418599701927
"2.1","cembio","neg","78","9H-xanthine","LRFVTYWOQMYALW",83.04400000002,151.026306152344,"[M - H]-",0.31619218121976
"2.1","cembio","neg","81","2'-deoxyguanosine","YKBGVTZYEHREMT",86.03299999998,266.089691162109,"[M - H]-",0.285035444460417
"2.1","cembio","neg","83","5-methyl-2'-deoxycytidine","LUCHPKXVUGJYGU",88.026,240.099304199219,"[M - H]-",0.293227831294108
"2.1","cembio","neg","84","pyridoxamine","NHZMQXZHNVQTQA",89.022,167.082595825195,"[M - H]-",0.0447630958630575
"2.1","cembio","neg","85","methylmalonic acid","ZIYVHBGGAOATLY",90.018,117.019203186035,"[M - H]-",0.737125455336487
"2.1","cembio","neg","88","ethylmalonic acid","UKFXDFUAPNAMPJ",93.00700000002,131.034805297852,"[M - H]-",0.537455529466092
"2.1","cembio","neg","96","L-leucine","ROHFNLRQFUQHCH",101.69200000002,130.08740234375,"[M - H]-",0.20561819791904
"2.1","cembio","neg","97","L-phenylalanine","COLNVLDHVKWLRT",102.68800000002,164.071792602539,"[M - H]-",0.938876477921525
"2.1","cembio","neg","99","Gly-Phe","JBCLFWXMTIKCCB",104.68099999998,221.093399047852,"[M - H]-",0.991051549855846
"2.1","cembio","neg","101","methylmalonic acid","ZIYVHBGGAOATLY",106.67299999998,117.019203186035,"[M - H]-",0.191079726897888
"2.1","cembio","neg","104","ethylmalonic acid","UKFXDFUAPNAMPJ",109.662,131.034805297852,"[M - H]-",0.108016328688081
"2.1","cembio","neg","108","L-leucine","ROHFNLRQFUQHCH",114.36100000002,130.08740234375,"[M - H]-",0.158422759045715
"2.1","cembio","neg","111","Gly-Phe","JBCLFWXMTIKCCB",117.34999999998,221.093399047852,"[M - H]-",0.964620774594267
"2.1","cembio","neg","113","methylmalonic acid","ZIYVHBGGAOATLY",119.343,117.019203186035,"[M - H]-",0.743127757658337
"2.1","cembio","neg","116","ethylmalonic acid","UKFXDFUAPNAMPJ",122.33200000002,131.034805297852,"[M - H]-",0.392464031854828
"2.1","cembio","neg","123","methylmalonic acid","ZIYVHBGGAOATLY",130.01899999998,117.019203186035,"[M - H]-",0.123226513855499
"2.1","cembio","neg","125","ethylmalonic acid","UKFXDFUAPNAMPJ",132.012,131.034805297852,"[M - H]-",0.328921702296807
"2.1","cembio","neg","131","3-hydroxybenzyl alcohol","OKVJCVWFVRATSG",138.70300000002,123.044998168945,"[M - H]-",0.0272800694066359
"2.1","cembio","neg","132","methylmalonic acid","ZIYVHBGGAOATLY",139.69900000002,117.019203186035,"[M - H]-",0.72844587592496
"2.1","cembio","neg","134","ethylmalonic acid","UKFXDFUAPNAMPJ",141.69199999998,131.034805297852,"[M - H]-",0.404414375793369
"2.1","cembio","neg","142","keto-phenylpyruvic acid","BTNMPGBKDVTSJY",150.37600000002,163.039794921875,"[M - H]-",0.0165157214888775
"2.1","cembio","neg","147","ethylmalonic acid","UKFXDFUAPNAMPJ",156.07099999998,131.034805297852,"[M - H]-",0.539629539172621
"2.1","cembio","neg","152","3-hydroxybenzyl alcohol","OKVJCVWFVRATSG",161.766,123.044998168945,"[M - H]-",0.0145061292538232
"2.1","cembio","neg","153","ethylmalonic acid","UKFXDFUAPNAMPJ",162.762,131.034805297852,"[M - H]-",0.343498170438188
"2.1","cembio","neg","157","3-hydroxybenzyl alcohol","OKVJCVWFVRATSG",167.46,123.044998168945,"[M - H]-",0.0243813381536274
"2.1","cembio","neg","158","ethylmalonic acid","UKFXDFUAPNAMPJ",168.45700000002,131.034805297852,"[M - H]-",0.293842985773585
"2.1","cembio","neg","162","ethylmalonic acid","UKFXDFUAPNAMPJ",173.15500000002,131.034805297852,"[M - H]-",0.438656388008514
"2.1","cembio","neg","163","keto-phenylpyruvic acid","BTNMPGBKDVTSJY",174.15100000002,163.039794921875,"[M - H]-",0.531272749439991
"2.1","cembio","neg","165","ethylmalonic acid","UKFXDFUAPNAMPJ",176.85700000002,131.034805297852,"[M - H]-",0.397097091623475
"2.1","cembio","neg","166","keto-phenylpyruvic acid","BTNMPGBKDVTSJY",177.85300000002,163.039794921875,"[M - H]-",0.537615869091534
"2.1","cembio","neg","169","keto-phenylpyruvic acid","BTNMPGBKDVTSJY",181.55500000002,163.039794921875,"[M - H]-",0.406590516017538
"2.1","cembio","neg","171","ethylmalonic acid","UKFXDFUAPNAMPJ",184.26100000002,131.034805297852,"[M - H]-",0.455515333441654
"2.1","cembio","neg","172","keto-phenylpyruvic acid","BTNMPGBKDVTSJY",185.25700000002,163.039794921875,"[M - H]-",0.279318276879833
"2.1","cembio","neg","191","keto-phenylpyruvic acid","BTNMPGBKDVTSJY",210.609,163.039794921875,"[M - H]-",0.0618605841548388
"2.1","cembio","neg","195","keto-phenylpyruvic acid","BTNMPGBKDVTSJY",216.021,163.039794921875,"[M - H]-",0.0267762691067513
"2.1","hmgu","pos","363","pyridoxamine","NHZMQXZHNVQTQA",225.15850000002,191.077715718307,"[M + Na]+",0.892152957242757
"2.1","hmgu","pos","369","3-hydroxybenzyl alcohol","OKVJCVWFVRATSG",229.20349999998,125.059347914604,"[M + H]+",0.0343982936241928
"2.1","hmgu","pos","394","L-phenylalanine","COLNVLDHVKWLRT",246.1815,166.085379012544,"[M + Na]+",0.0321925060848557
"2.1","hmgu","pos","484","3-hydroxybenzyl alcohol","OKVJCVWFVRATSG",307.92800000001,147.04233376328,"[M + Na]+",0.0686062904428667
"2.1","hmgu","neg","1165","pyridoxamine","NHZMQXZHNVQTQA",23.14099999998,167.082995226809,"[M - H]-",0.918815341037093
"2.1","hmgu","neg","1171","5-aminoimidazole-4-carboxamide","DVNYTAVYBRSTGK",27.189,125.046622176074,"[M - H]-",0.552916734474585
"2.1","hmgu","neg","1175","5-aminoimidazole-4-carboxamide","DVNYTAVYBRSTGK",30.02350000002,125.046616045943,"[M - H]-",0.117421863220738
"2.1","hmgu","neg","1177","5-aminoimidazole-4-carboxamide","DVNYTAVYBRSTGK",31.48849999998,125.046579818001,"[M - H]-",0.0538672611274105
"2.1","hmgu","neg","1178","5-aminoimidazole-4-carboxamide","DVNYTAVYBRSTGK",32.21350000002,125.046877885594,"[M - H]-",0.476016988297991
"2.1","hmgu","neg","1179","L-leucine","ROHFNLRQFUQHCH",32.95450000002,130.087075973455,"[M - H]-",0.157376098013751
"2.1","hmgu","neg","1180","9H-xanthine","LRFVTYWOQMYALW",33.66399999999,151.025842319503,"[M - H]-",0.488475150115324
"2.1","hmgu","neg","1181","L-leucine","ROHFNLRQFUQHCH",34.44099999999,130.087260584794,"[M - H]-",0.017408021466387
"2.1","hmgu","neg","1184","L-leucine","ROHFNLRQFUQHCH",36.56749999998,130.086845620581,"[M - H]-",0.240595545418252
"2.1","hmgu","neg","1188","2,4-dihydroxypyrimidine-5-carboxylic acid","ZXYAAVBXHKCJJB",39.39250000002,155.009846463093,"[M - H]-",0.414948342411612
"2.1","hmgu","neg","1198","methylmalonic acid","ZIYVHBGGAOATLY",46.26949999998,117.01894924145,"[M - H]-",0.766917901454199
"2.1","hmgu","neg","1208","vanillylmandelic acid","CGQCWMIAEPEHNQ",53.13700000002,197.044724363636,"[M - H]-",0.508302248465574
"2.1","hmgu","neg","1214","L-phenylalanine","COLNVLDHVKWLRT",57.23499999999,164.071248966916,"[M - H]-",0.13383638727245
"2.1","hmgu","neg","1219","5-aminoimidazole-4-carboxamide","DVNYTAVYBRSTGK",60.61750000002,125.046073571314,"[M - H]-",0.52324804050904
"2.1","hmgu","neg","1231","5-aminoimidazole-4-carboxamide","DVNYTAVYBRSTGK",68.376,125.045516032423,"[M - H]-",0.577719471316124
"2.1","hmgu","neg","1242","ethylmalonic acid","UKFXDFUAPNAMPJ",74.47750000002,131.034427537552,"[M - H]-",0.649264977948477
"2.1","hmgu","neg","1245","ethylmalonic acid","UKFXDFUAPNAMPJ",76.57150000002,131.034336199126,"[M - H]-",0.648628750592747
"2.1","hmgu","neg","1313","3-hydroxybenzyl alcohol","OKVJCVWFVRATSG",118.89100000002,123.044603355633,"[M - H]-",0.340841777852451
"2.1","hmgu","neg","1314","3-hydroxybenzyl alcohol","OKVJCVWFVRATSG",119.55099999999,123.044593977328,"[M - H]-",0.55466220327932
"2.1","hmgu","neg","1316","3-hydroxybenzyl alcohol","OKVJCVWFVRATSG",120.88849999998,123.04439187339,"[M - H]-",0.667808647477875
"2.1","hmgu","neg","1318","3-hydroxybenzyl alcohol","OKVJCVWFVRATSG",122.34250000002,123.044538514155,"[M - H]-",0.673766090795735
"2.1","hmgu","neg","1319","3-hydroxybenzyl alcohol","OKVJCVWFVRATSG",122.988,123.044276749835,"[M - H]-",0.314784663021385
"2.1","hmgu","neg","1320","3-hydroxybenzyl alcohol","OKVJCVWFVRATSG",123.642,123.044574751367,"[M - H]-",0.136247035277726
"2.1","hmgu","neg","1326","5,6-dihydroxyindole","SGNZYJXNUURYCH",126.993,148.040448481997,"[M - H]-",0.328287974295463
"2.1","hmgu","neg","1328","5,6-dihydroxyindole","SGNZYJXNUURYCH",128.20699999998,148.03974740746,"[M - H]-",0.436493815533689
"2.1","hmgu","neg","1414","5-aminoimidazole-4-carboxamide","DVNYTAVYBRSTGK",175.59400000002,125.045875287172,"[M - H]-",0.365733325620266
"2.1","hmgu","neg","1417","5-aminoimidazole-4-carboxamide","DVNYTAVYBRSTGK",177.501,125.046085439014,"[M - H]-",0.0307764896374196
"2.1","hmgu","neg","1445","Gly-Phe","JBCLFWXMTIKCCB",196.197,221.091572115496,"[M - H]-",0.768419727147332
"2.1","hmgu","neg","1446","2,4-dihydroxypyrimidine-5-carboxylic acid","ZXYAAVBXHKCJJB",196.88900000001,155.010049537928,"[M - H]-",0.29230461780079
"2.1","hmgu","neg","1481","5-aminoimidazole-4-carboxamide","DVNYTAVYBRSTGK",220.3215,125.044148500692,"[M - H]-",0.56180341521695
"2.1","hmgu","neg","1573","5-aminoimidazole-4-carboxamide","DVNYTAVYBRSTGK",282.58899999999,125.046033374439,"[M - H]-",0.211000774181323
"2.1","hmgu","neg","1641","L-phenylalanine","COLNVLDHVKWLRT",329.18300000001,164.071074647948,"[M - H]-",0.866260044140764
"2.2","afekta","pos","11","N,N-dimethyl-beta-alanine","JMOXSQYGVIXBBZ",24.342,118.085558361477,"[M + H]+",0.320255584653959
"2.2","afekta","pos","18","L-methionine","FFEARJCKVFRZRR",31.08549999999,150.057762145996,"[M + H]+",0.93048418327758
"2.2","afekta","pos","75","kynurenic acid","HCZHHEIFKROPDY",159.04000000002,190.049301147461,"[M + H]+",0.818813370715325
"2.2","afekta","pos","125","N,N-dimethyl-beta-alanine","JMOXSQYGVIXBBZ",277.53099999999,118.085558361477,"[M + H]+",0.370537687531791
"2.2","afekta","pos","209","N,N-dimethyl-beta-alanine","JMOXSQYGVIXBBZ",474.14350000002,118.085558361477,"[M + H]+",0.42076612082399
"2.2","afekta","pos","239","N,N-dimethyl-beta-alanine","JMOXSQYGVIXBBZ",533.61999999999,118.085558361477,"[M + H]+",0.185151210552741
"2.2","afekta","pos","240","N,N-dimethyl-beta-alanine","JMOXSQYGVIXBBZ",535.73350000002,118.085558361477,"[M + H]+",0.14929713718112
"2.2","afekta","pos","339","N,N-dimethyl-beta-alanine","JMOXSQYGVIXBBZ",771.19749999999,118.085558361477,"[M + H]+",0.133177038498304
"2.2","afekta","neg","417","N-acetyl-L-proline","GNMSLDIYJOSUSW",63.00999999999,156.065200805664,"[M - H]-",0.98486609191507
"2.2","afekta","neg","418","glutaric acid","JFCQEDHGNNZCLN",65.40050195313,131.033924102783,"[M - H]-",0.172273608996754
"2.2","afekta","neg","419","glutaric acid","JFCQEDHGNNZCLN",68.37400000002,131.033924102783,"[M - H]-",0.482895104682842
"2.2","afekta","neg","486","trans-3-coumaric acid","KKSDGJDHHZEWEP",232.5285,163.038630167643,"[M - H]-",0.328130527361308
"2.2","afekta","neg","489","5-methoxysalicylic acid","IZZIWIAOVZOBLF",240.26750000001,167.033147176107,"[M - H]-",0.177921736745544
"2.2","afekta","neg","493","5-methoxysalicylic acid","IZZIWIAOVZOBLF",246.77799999999,167.033147176107,"[M - H]-",0.159302460767265
"2.2","cembio","pos","348","L-methionine","FFEARJCKVFRZRR",5.56600000002,150.058502197266,"[M + H]+",0.286818184393553
"2.2","cembio","pos","366","5-oxo-L-proline","ODHCTXKNWHHXJC",25.63999999998,130.050003051758,"[M + H]+",0.799820574278035
"2.2","cembio","pos","374","5-oxo-L-proline","ODHCTXKNWHHXJC",34.323,130.050003051758,"[M + H]+",0.993519638123999
"2.2","cembio","pos","375","tyramine","DZGWFCGJZKJUFP",35.32000000002,138.091506958008,"[M + H]+",0.831796039694681
"2.2","cembio","pos","376","L-methionine","FFEARJCKVFRZRR",36.31600000002,150.058502197266,"[M + H]+",0.990222014434381
"2.2","cembio","pos","377","alloxanthine","HXNFUBHNUDHIGC",37.31200000002,153.041107177734,"[M + H]+",0.730093314077004
"2.2","cembio","pos","382","5-oxo-L-proline","ODHCTXKNWHHXJC",43.00699999998,130.050003051758,"[M + H]+",0.84618261671028
"2.2","cembio","pos","383","tyramine","DZGWFCGJZKJUFP",44.00299999998,138.091506958008,"[M + H]+",0.73841040752732
"2.2","cembio","pos","384","L-methionine","FFEARJCKVFRZRR",45,150.058502197266,"[M + H]+",0.897726620779956
"2.2","cembio","pos","385","alloxanthine","HXNFUBHNUDHIGC",45.996,153.041107177734,"[M + H]+",0.655447847711994
"2.2","cembio","pos","388","tyramine","DZGWFCGJZKJUFP",48.98500000002,160.07389831543,"[M + Na]+",0.0373934578481917
"2.2","cembio","pos","390","5-oxo-L-proline","ODHCTXKNWHHXJC",51.693,130.050003051758,"[M + H]+",0.678790197911636
"2.2","cembio","pos","391","tyramine","DZGWFCGJZKJUFP",52.69000000002,138.091506958008,"[M + H]+",0.523010622640157
"2.2","cembio","pos","392","L-methionine","FFEARJCKVFRZRR",53.68600000002,150.058502197266,"[M + H]+",0.886692644123143
"2.2","cembio","pos","408","tyramine","DZGWFCGJZKJUFP",71.05399999998,138.091506958008,"[M + H]+",0.0526955284546382
"2.2","cembio","pos","417","tyramine","DZGWFCGJZKJUFP",80.73400000002,138.091506958008,"[M + H]+",0.365022092039548
"2.2","cembio","pos","418","L-methionine","FFEARJCKVFRZRR",81.73000000002,150.058502197266,"[M + H]+",0.900509555113608
"2.2","cembio","pos","420","N-acetyl-L-proline","GNMSLDIYJOSUSW",83.72299999998,158.080200195313,"[M + H]+",0.994157654614342
"2.2","cembio","pos","425","5-oxo-L-proline","ODHCTXKNWHHXJC",89.418,130.050003051758,"[M + H]+",0.0265453431345921
"2.2","cembio","pos","426","tyramine","DZGWFCGJZKJUFP",90.41500000002,138.091506958008,"[M + H]+",0.265602307209436
"2.2","cembio","pos","427","L-methionine","FFEARJCKVFRZRR",91.41100000002,150.058502197266,"[M + H]+",0.747222464778983
"2.2","cembio","pos","429","N-acetyl-L-proline","GNMSLDIYJOSUSW",93.40399999998,158.080200195313,"[M + H]+",0.92574652276949
"2.2","cembio","pos","434","tyramine","DZGWFCGJZKJUFP",99.099,138.091506958008,"[M + H]+",0.552257226417297
"2.2","cembio","pos","436","N-acetyl-L-proline","GNMSLDIYJOSUSW",101.091,158.080200195313,"[M + H]+",0.856019514272228
"2.2","cembio","pos","441","tyramine","DZGWFCGJZKJUFP",106.78600000002,138.091506958008,"[M + H]+",0.276781305179138
"2.2","cembio","pos","445","3-iodo-L-tyrosine","UQTZMGFTRHFAAM",110.77099999998,307.977996826172,"[M + H]+",0.879951867951121
"2.2","cembio","pos","449","tyramine","DZGWFCGJZKJUFP",115.47,138.091506958008,"[M + H]+",0.181119807389586
"2.2","cembio","pos","453","3-iodo-L-tyrosine","UQTZMGFTRHFAAM",119.45500000002,307.977996826172,"[M + H]+",0.709573534624312
"2.2","cembio","pos","460","3-iodo-L-tyrosine","UQTZMGFTRHFAAM",127.143,307.977996826172,"[M + H]+",0.988731018691881
"2.2","cembio","pos","465","3-iodo-L-tyrosine","UQTZMGFTRHFAAM",132.837,307.977996826172,"[M + H]+",0.765677373071704
"2.2","cembio","pos","471","3-iodo-L-tyrosine","UQTZMGFTRHFAAM",139.52800000002,307.977996826172,"[M + H]+",0.717315700960676
"2.2","cembio","pos","474","N,N-dimethyl-beta-alanine","JMOXSQYGVIXBBZ",143.23099999998,118.086196899414,"[M + H]+",0.755518654632984
"2.2","cembio","pos","477","biotin","YBJHBAHKTGYVGT",146.22,245.095504760742,"[M + H]+",0.114536662130109
"2.2","cembio","pos","478","3-iodo-L-tyrosine","UQTZMGFTRHFAAM",147.216,307.977996826172,"[M + H]+",0.992931207889875
"2.2","cembio","pos","483","N,N-dimethyl-beta-alanine","JMOXSQYGVIXBBZ",152.91100000002,118.086196899414,"[M + H]+",0.759954048227514
"2.2","cembio","pos","484","kynurenic acid","HCZHHEIFKROPDY",153.90700000002,190.0498046875,"[M + H]+",0.498853365686146
"2.2","cembio","pos","488","N,N-dimethyl-beta-alanine","JMOXSQYGVIXBBZ",157.893,140.067901611328,"[M + Na]+",0.111152162918865
"2.2","cembio","pos","491","biotin","YBJHBAHKTGYVGT",160.88200000002,267.077209472656,"[M + Na]+",0.144343256663924
"2.2","cembio","pos","492","N,N-dimethyl-beta-alanine","JMOXSQYGVIXBBZ",162.59200000002,118.086196899414,"[M + H]+",0.758919462908059
"2.2","cembio","pos","493","kynurenic acid","HCZHHEIFKROPDY",163.58800000002,190.0498046875,"[M + Na]+",0.31358715894091
"2.2","cembio","pos","495","biotin","YBJHBAHKTGYVGT",165.58099999998,245.095504760742,"[M + H]+",0.0180976673317111
"2.2","cembio","pos","501","N,N-dimethyl-beta-alanine","JMOXSQYGVIXBBZ",172.272,118.086196899414,"[M + H]+",0.772172302099398
"2.2","cembio","pos","502","kynurenic acid","HCZHHEIFKROPDY",173.26900000002,190.0498046875,"[M + H]+",0.63777343287405
"2.2","cembio","pos","505","biotin","YBJHBAHKTGYVGT",176.25700000002,245.095504760742,"[M + Na]+",0.112738366498909
"2.2","cembio","pos","512","N,N-dimethyl-beta-alanine","JMOXSQYGVIXBBZ",183.945,118.086196899414,"[M + H]+",0.757573358414017
"2.2","cembio","pos","513","trans-3-coumaric acid","KKSDGJDHHZEWEP",184.941,165.054306030273,"[M + H]+",0.0960536271079187
"2.2","cembio","pos","514","kynurenic acid","HCZHHEIFKROPDY",185.937,190.0498046875,"[M + H]+",0.873423560004065
"2.2","cembio","pos","517","biotin","YBJHBAHKTGYVGT",188.92600000002,245.095504760742,"[M + H]+",0.0437761877099606
"2.2","cembio","pos","518","N,N-dimethyl-beta-alanine","JMOXSQYGVIXBBZ",189.92299999998,140.067901611328,"[M + Na]+",0.177545068944752
"2.2","cembio","pos","520","trans-3-coumaric acid","KKSDGJDHHZEWEP",191.91499999998,187.035995483398,"[M + Na]+",0.0258227797305858
"2.2","cembio","pos","524","N,N-dimethyl-beta-alanine","JMOXSQYGVIXBBZ",196.614,118.086196899414,"[M + H]+",0.765457736798244
"2.2","cembio","pos","525","trans-3-coumaric acid","KKSDGJDHHZEWEP",197.61,165.054306030273,"[M + H]+",0.122063596676352
"2.2","cembio","pos","529","biotin","YBJHBAHKTGYVGT",201.59500000002,245.095504760742,"[M + H]+",0.998063842231223
"2.2","cembio","pos","530","N,N-dimethyl-beta-alanine","JMOXSQYGVIXBBZ",202.59199999998,140.067901611328,"[M + Na]+",0.0316416119420415
"2.2","cembio","pos","536","N,N-dimethyl-beta-alanine","JMOXSQYGVIXBBZ",209.283,118.086196899414,"[M + H]+",0.758024436042659
"2.2","cembio","pos","542","biotin","YBJHBAHKTGYVGT",215.26099999998,245.095504760742,"[M + H]+",0.974207201678565
"2.2","cembio","pos","549","N,N-dimethyl-beta-alanine","JMOXSQYGVIXBBZ",222.94900000002,118.086196899414,"[M + H]+",0.757774476000099
"2.2","cembio","pos","554","N-acetyl-L-phenylalanine","CBQJSKKFNMDLON",227.931,208.097198486328,"[M + H]+",0.996385077709495
"2.2","cembio","pos","562","N,N-dimethyl-beta-alanine","JMOXSQYGVIXBBZ",236.61499999998,118.086196899414,"[M + H]+",0.756002110066327
"2.2","cembio","pos","566","N-acetyl-L-phenylalanine","CBQJSKKFNMDLON",240.6,208.097198486328,"[M + H]+",0.198233369548223
"2.2","cembio","pos","570","trans-3-coumaric acid","KKSDGJDHHZEWEP",244.58500000002,187.035995483398,"[M + Na]+",0.0953814241294305
"2.2","cembio","pos","572","biotin","YBJHBAHKTGYVGT",246.57799999998,267.077209472656,"[M + Na]+",0.03745466549265
"2.2","cembio","pos","573","N,N-dimethyl-beta-alanine","JMOXSQYGVIXBBZ",248.28799999998,118.086196899414,"[M + H]+",0.76603205098053
"2.2","cembio","pos","575","5-methoxysalicylic acid","IZZIWIAOVZOBLF",250.281,169.049392700195,"[M + H]+",0.428770727285493
"2.2","cembio","pos","577","N-acetyl-L-phenylalanine","CBQJSKKFNMDLON",252.27400000002,208.097198486328,"[M + H]+",0.0625556760426984
"2.2","cembio","pos","584","biotin","YBJHBAHKTGYVGT",259.24798437498,267.077209472656,"[M + Na]+",0.078165741263262
"2.2","cembio","pos","585","trans-3-coumaric acid","KKSDGJDHHZEWEP",260.958,165.054306030273,"[M + H]+",0.102439353955759
"2.2","cembio","pos","586","5-methoxysalicylic acid","IZZIWIAOVZOBLF",261.95401562502,169.049392700195,"[M + H]+",0.354145929743695
"2.2","cembio","pos","587","N-acetyl-L-phenylalanine","CBQJSKKFNMDLON",262.95,208.097198486328,"[M + H]+",0.947673918724245
"2.2","cembio","pos","591","trans-3-coumaric acid","KKSDGJDHHZEWEP",267.64900000002,165.054306030273,"[M + H]+",0.179647982799814
"2.2","cembio","pos","598","trans-3-coumaric acid","KKSDGJDHHZEWEP",275.337,165.054306030273,"[M + H]+",0.188422207186019
"2.2","cembio","pos","600","N-acetyl-L-phenylalanine","CBQJSKKFNMDLON",277.33000000002,208.097198486328,"[M + H]+",0.257305204842968
"2.2","cembio","pos","604","N-acetyl-L-phenylalanine","CBQJSKKFNMDLON",281.31499999998,230.078704833984,"[M + Na]+",0.0374320463685634
"2.2","cembio","pos","605","trans-3-coumaric acid","KKSDGJDHHZEWEP",283.02499999998,165.054306030273,"[M + H]+",0.191953005780696
"2.2","cembio","pos","607","N-acetyl-L-phenylalanine","CBQJSKKFNMDLON",285.01699999998,208.097198486328,"[M + H]+",0.153276355201387
"2.2","cembio","pos","612","trans-3-coumaric acid","KKSDGJDHHZEWEP",290.712,165.054306030273,"[M + H]+",0.0830978800928363
"2.2","cembio","pos","620","3,3',5-triiodo-L-thyronine","AUYYCJSJGJYCDS",299.39500000002,651.797790527344,"[M + H]+",0.565006791578475
"2.2","cembio","pos","624","3,3',5-triiodo-L-thyronine","AUYYCJSJGJYCDS",304.09399999998,651.797790527344,"[M + H]+",0.620472742853055
"2.2","cembio","pos","627","3,3',5-triiodo-L-thyronine","AUYYCJSJGJYCDS",307.797,651.797790527344,"[M + H]+",0.561737949371328
"2.2","cembio","pos","635","corticosterone","OMFXVFTZEKFJBZ",317.90800000002,347.221893310547,"[M + H]+",0.893535478811449
"2.2","cembio","pos","638","corticosterone","OMFXVFTZEKFJBZ",321.61000000002,347.221893310547,"[M + H]+",0.833061622163527
"2.2","cembio","pos","640","corticosterone","OMFXVFTZEKFJBZ",324.31600000002,347.221893310547,"[M + H]+",0.816813822575388
"2.2","cembio","pos","642","corticosterone","OMFXVFTZEKFJBZ",327.02200000002,347.221893310547,"[M + H]+",0.636815172853458
"2.2","cembio","pos","652","corticosterone","OMFXVFTZEKFJBZ",340.54999999998,347.221893310547,"[M + H]+",0.139611884037239
"2.2","cembio","pos","654","corticosterone","OMFXVFTZEKFJBZ",343.25599999998,347.221893310547,"[M + H]+",0.786470104179941
"2.2","cembio","neg","3","L-methionine","FFEARJCKVFRZRR",5.733,148.043899536133,"[M - H]-",0.00741307961274912
"2.2","cembio","neg","9","glutaric acid","JFCQEDHGNNZCLN",12.42499999998,131.034896850586,"[M - H]-",0.386134426223677
"2.2","cembio","neg","20","L-methionine","FFEARJCKVFRZRR",24.09700000002,148.043899536133,"[M - H]-",0.400779201862747
"2.2","cembio","neg","22","2-oxobutanoic acid","TYEYBOSBBBHJIV",26.08999999998,101.024398803711,"[M - H]-",0.277300591877504
"2.2","cembio","neg","24","5-oxo-L-proline","ODHCTXKNWHHXJC",28.083,128.035400390625,"[M - H]-",0.0694588266113526
"2.2","cembio","neg","29","L-methionine","FFEARJCKVFRZRR",33.77800000002,148.043899536133,"[M - H]-",0.738592735666206
"2.2","cembio","neg","31","2-oxobutanoic acid","TYEYBOSBBBHJIV",35.77099999998,101.024398803711,"[M - H]-",0.510142113466537
"2.2","cembio","neg","32","alloxanthine","HXNFUBHNUDHIGC",36.76699999998,151.026092529297,"[M - H]-",0.658616708435677
"2.2","cembio","neg","33","5-oxo-L-proline","ODHCTXKNWHHXJC",37.76299999998,128.035400390625,"[M - H]-",0.765857056314314
"2.2","cembio","neg","41","alloxanthine","HXNFUBHNUDHIGC",46.44799999998,151.026092529297,"[M - H]-",0.421664784169069
"2.2","cembio","neg","42","5-oxo-L-proline","ODHCTXKNWHHXJC",47.44399999998,128.035400390625,"[M - H]-",0.831062475301711
"2.2","cembio","neg","45","glutaric acid","JFCQEDHGNNZCLN",51.14599999998,131.034896850586,"[M - H]-",0.644539827255781
"2.2","cembio","neg","46","N-acetyl-L-proline","GNMSLDIYJOSUSW",52.143,156.066696166992,"[M - H]-",0.72159805219692
"2.2","cembio","neg","48","L-methionine","FFEARJCKVFRZRR",54.135,148.043899536133,"[M - H]-",0.340888359000943
"2.2","cembio","neg","49","D-glucono-1,5-lactone","PHOQVHQSTUBQQK",55.13200000002,177.040405273438,"[M - H]-",0.0879321896433359
"2.2","cembio","neg","51","alloxanthine","HXNFUBHNUDHIGC",57.12400000002,151.026092529297,"[M - H]-",0.354676086903466
"2.2","cembio","neg","52","5-oxo-L-proline","ODHCTXKNWHHXJC",58.12099999998,128.035400390625,"[M - H]-",0.832764501297678
"2.2","cembio","neg","56","glutaric acid","JFCQEDHGNNZCLN",62.81899999998,131.034896850586,"[M - H]-",0.657988111799997
"2.2","cembio","neg","57","N-acetyl-L-proline","GNMSLDIYJOSUSW",63.81499999998,156.066696166992,"[M - H]-",0.98107921488511
"2.2","cembio","neg","63","5-oxo-L-proline","ODHCTXKNWHHXJC",69.79300000002,128.035400390625,"[M - H]-",0.581469028573397
"2.2","cembio","neg","67","glutaric acid","JFCQEDHGNNZCLN",74.49199999998,131.034896850586,"[M - H]-",0.552370409914962
"2.2","cembio","neg","68","N-acetyl-L-proline","GNMSLDIYJOSUSW",75.48799999998,156.066696166992,"[M - H]-",0.917053241802604
"2.2","cembio","neg","70","L-methionine","FFEARJCKVFRZRR",77.481,148.043899536133,"[M - H]-",0.407587558168611
"2.2","cembio","neg","79","N-acetyl-L-proline","GNMSLDIYJOSUSW",87.16099999998,156.066696166992,"[M - H]-",0.805265776466076
"2.2","cembio","neg","81","L-methionine","FFEARJCKVFRZRR",89.154,148.043899536133,"[M - H]-",0.439700018348201
"2.2","cembio","neg","86","D-glucono-1,5-lactone","PHOQVHQSTUBQQK",94.13500000002,177.036605834961,"[M - H]-",0.0169485533652486
"2.2","cembio","neg","90","N-acetyl-L-proline","GNMSLDIYJOSUSW",98.83399999998,156.066696166992,"[M - H]-",0.234464309243024
"2.2","cembio","neg","91","3-iodo-L-tyrosine","UQTZMGFTRHFAAM",99.82999999998,305.963287353516,"[M - H]-",0.789998150104962
"2.2","cembio","neg","98","glutaric acid","JFCQEDHGNNZCLN",107.517,131.034896850586,"[M - H]-",0.276897946747473
"2.2","cembio","neg","99","N-acetyl-L-proline","GNMSLDIYJOSUSW",108.51400000002,156.066696166992,"[M - H]-",0.215056154540174
"2.2","cembio","neg","107","glutaric acid","JFCQEDHGNNZCLN",117.198,131.034896850586,"[M - H]-",0.498314550069586
"2.2","cembio","neg","111","2-oxobutanoic acid","TYEYBOSBBBHJIV",121.18399999998,101.024398803711,"[M - H]-",0.152443310372735
"2.2","cembio","neg","118","N-acetyl-L-proline","GNMSLDIYJOSUSW",128.87199218748,156.066696166992,"[M - H]-",0.152677177692957
"2.2","cembio","neg","119","3-iodo-L-tyrosine","UQTZMGFTRHFAAM",129.86800000002,305.963287353516,"[M - H]-",0.331437127332548
"2.2","cembio","neg","129","kynurenic acid","HCZHHEIFKROPDY",140.544,188.035507202148,"[M - H]-",0.012410171681246
"2.2","cembio","neg","137","kynurenic acid","HCZHHEIFKROPDY",149.22799999998,188.035507202148,"[M - H]-",0.506286735774496
"2.2","cembio","neg","143","N-acetyl-L-proline","GNMSLDIYJOSUSW",155.919,156.066696166992,"[M - H]-",0.293527792695279
"2.2","cembio","neg","144","3-iodo-L-tyrosine","UQTZMGFTRHFAAM",156.91600000002,305.963287353516,"[M - H]-",0.271653414972609
"2.2","cembio","neg","145","kynurenic acid","HCZHHEIFKROPDY",157.91200000002,188.035507202148,"[M - H]-",0.607849562400824
"2.2","cembio","neg","146","biotin","YBJHBAHKTGYVGT",158.90800000002,243.080902099609,"[M - H]-",0.111239012836928
"2.2","cembio","neg","150","homovanillic acid","QRMZSPFSDQBLIX",163.60699999998,181.050796508789,"[M - H]-",0.0773407290794799
"2.2","cembio","neg","154","kynurenic acid","HCZHHEIFKROPDY",167.592,188.035507202148,"[M - H]-",0.697380178179104
"2.2","cembio","neg","155","biotin","YBJHBAHKTGYVGT",168.588,243.080902099609,"[M - H]-",0.529684880979266
"2.2","cembio","neg","161","5-methoxysalicylic acid","IZZIWIAOVZOBLF",175.27999999998,167.034698486328,"[M - H]-",0.328562154216926
"2.2","cembio","neg","162","kynurenic acid","HCZHHEIFKROPDY",176.27599999998,188.035507202148,"[M - H]-",0.266123952345257
"2.2","cembio","neg","163","biotin","YBJHBAHKTGYVGT",177.27199999998,243.080902099609,"[M - H]-",0.0913251795571587
"2.2","cembio","neg","169","5-methoxysalicylic acid","IZZIWIAOVZOBLF",183.963,167.034698486328,"[M - H]-",0.440980887401856
"2.2","cembio","neg","175","homovanillic acid","QRMZSPFSDQBLIX",190.65499999998,181.050796508789,"[M - H]-",0.251825642475416
"2.2","cembio","neg","178","5-methoxysalicylic acid","IZZIWIAOVZOBLF",193.644,167.034698486328,"[M - H]-",0.3171149227141
"2.2","cembio","neg","179","kynurenic acid","HCZHHEIFKROPDY",194.64,188.035507202148,"[M - H]-",0.333525726084073
"2.2","cembio","neg","180","biotin","YBJHBAHKTGYVGT",195.636,243.080902099609,"[M - H]-",0.997611004752243
"2.2","cembio","neg","187","5-methoxysalicylic acid","IZZIWIAOVZOBLF",203.32399999998,167.034698486328,"[M - H]-",0.421310797457675
"2.2","cembio","neg","189","biotin","YBJHBAHKTGYVGT",205.317,243.080902099609,"[M - H]-",0.994438852438633
"2.2","cembio","neg","196","5-methoxysalicylic acid","IZZIWIAOVZOBLF",213.00400000002,167.034698486328,"[M - H]-",0.429323524375961
"2.2","cembio","neg","198","biotin","YBJHBAHKTGYVGT",214.99699999998,243.080902099609,"[M - H]-",0.804784151259169
"2.2","cembio","neg","203","trans-3-coumaric acid","KKSDGJDHHZEWEP",220.69399999998,163.040100097656,"[M - H]-",0.260606552488733
"2.2","cembio","neg","204","N-acetyl-L-phenylalanine","CBQJSKKFNMDLON",221.68999999998,206.082397460938,"[M - H]-",0.987572362147464
"2.2","cembio","neg","205","5-methoxysalicylic acid","IZZIWIAOVZOBLF",222.68599999998,167.034698486328,"[M - H]-",0.427650164620651
"2.2","cembio","neg","211","trans-3-coumaric acid","KKSDGJDHHZEWEP",229.37800000002,163.040100097656,"[M - H]-",0.387628853653502
"2.2","cembio","neg","212","N-acetyl-L-phenylalanine","CBQJSKKFNMDLON",230.37400000002,206.082397460938,"[M - H]-",0.991781206245318
"2.2","cembio","neg","213","5-methoxysalicylic acid","IZZIWIAOVZOBLF",231.37000000002,167.034698486328,"[M - H]-",0.382364643607792
"2.2","cembio","neg","219","trans-3-coumaric acid","KKSDGJDHHZEWEP",238.06099999998,163.040100097656,"[M - H]-",0.337039551907105
"2.2","cembio","neg","221","5-methoxysalicylic acid","IZZIWIAOVZOBLF",240.054,167.034698486328,"[M - H]-",0.418494561015608
"2.2","cembio","neg","227","trans-3-coumaric acid","KKSDGJDHHZEWEP",246.74500000002,163.040100097656,"[M - H]-",0.293989176236232
"2.2","cembio","neg","229","N-acetyl-L-phenylalanine","CBQJSKKFNMDLON",248.73799999998,206.082397460938,"[M - H]-",0.963765911185596
"2.2","cembio","neg","230","5-methoxysalicylic acid","IZZIWIAOVZOBLF",249.73399999998,167.034698486328,"[M - H]-",0.417891234714929
"2.2","cembio","neg","239","5-methoxysalicylic acid","IZZIWIAOVZOBLF",259.415015625,167.034698486328,"[M - H]-",0.418333547347613
"2.2","cembio","neg","246","N-acetyl-L-phenylalanine","CBQJSKKFNMDLON",267.102,206.082397460938,"[M - H]-",0.340116530378567
"2.2","cembio","neg","247","5-methoxysalicylic acid","IZZIWIAOVZOBLF",268.09900000002,167.034698486328,"[M - H]-",0.418500186570305
"2.2","cembio","neg","257","5-methoxysalicylic acid","IZZIWIAOVZOBLF",278.775,167.034698486328,"[M - H]-",0.41770620497016
"2.2","cembio","neg","266","5-methoxysalicylic acid","IZZIWIAOVZOBLF",288.456,167.034698486328,"[M - H]-",0.260471863778219
"2.2","cembio","neg","273","3,3',5-triiodo-L-thyronine","AUYYCJSJGJYCDS",296.14300000002,649.78271484375,"[M - H]-",0.266682759291592
"2.2","cembio","neg","278","3,3',5-triiodo-L-thyronine","AUYYCJSJGJYCDS",301.83799999998,649.78271484375,"[M - H]-",0.243695583886401
"2.2","cembio","neg","279","5-methoxysalicylic acid","IZZIWIAOVZOBLF",302.83399999998,167.034698486328,"[M - H]-",0.343144784066869
"2.2","cembio","neg","283","3,3',5-triiodo-L-thyronine","AUYYCJSJGJYCDS",307.53199999998,649.78271484375,"[M - H]-",0.316069013467108
"2.2","cembio","neg","284","5-methoxysalicylic acid","IZZIWIAOVZOBLF",308.529,167.034698486328,"[M - H]-",0.288136936963323
"2.2","cembio","neg","288","3,3',5-triiodo-L-thyronine","AUYYCJSJGJYCDS",313.227,649.78271484375,"[M - H]-",0.257066889651141
"2.2","cembio","neg","289","5-methoxysalicylic acid","IZZIWIAOVZOBLF",314.22400000002,167.034698486328,"[M - H]-",0.0285646457599741
"2.2","cembio","neg","304","5-methoxysalicylic acid","IZZIWIAOVZOBLF",331.30900000002,167.034698486328,"[M - H]-",0.277399031069412
"2.2","cembio","neg","309","5-methoxysalicylic acid","IZZIWIAOVZOBLF",337.00399999998,167.034698486328,"[M - H]-",0.255384043750604
"2.2","cembio","neg","314","5-methoxysalicylic acid","IZZIWIAOVZOBLF",342.69799999998,167.034698486328,"[M - H]-",0.252984597902812
"2.2","hmgu","pos","113","N,N-dimethyl-beta-alanine","JMOXSQYGVIXBBZ",64.38499999998,118.084405201829,"[M + H]+",0.135232855734999
"2.2","hmgu","pos","128","N,N-dimethyl-beta-alanine","JMOXSQYGVIXBBZ",73.593,118.084367595999,"[M + H]+",0.346388466657928
"2.2","hmgu","pos","159","N,N-dimethyl-beta-alanine","JMOXSQYGVIXBBZ",91.26849999999,118.084656398747,"[M + H]+",0.665839746875515
"2.2","hmgu","pos","174","2-oxobutanoic acid","TYEYBOSBBBHJIV",101.031,103.037931028931,"[M + H]+",0.0306016116359895
"2.2","hmgu","pos","337","N,N-dimethyl-beta-alanine","JMOXSQYGVIXBBZ",200.72350000002,118.083204130817,"[M + H]+",0.377713975527253
"2.2","hmgu","pos","705","N,N-dimethyl-beta-alanine","JMOXSQYGVIXBBZ",452.25,118.084711003538,"[M + H]+",0.176829595203655
"2.2","hmgu","pos","729","trans-3-coumaric acid","KKSDGJDHHZEWEP",468.465,165.052880106144,"[M + H]+",0.0756122187084577
"2.2","hmgu","pos","736","2-oxobutanoic acid","TYEYBOSBBBHJIV",473.3685,140.993725735836,"[M + K]+",0.0173892928533019
"2.2","hmgu","pos","832","N,N-dimethyl-beta-alanine","JMOXSQYGVIXBBZ",538.413,118.0852462179,"[M + H]+",0.0772140550805669
"2.2","hmgu","neg","1277","2-oxobutanoic acid","TYEYBOSBBBHJIV",100.86649999998,101.023491313824,"[M - H]-",0.0657125434503629
"2.2","hmgu","neg","1280","2-oxobutanoic acid","TYEYBOSBBBHJIV",102.96949999998,101.023622868187,"[M - H]-",0.307436054286115
"2.3","afekta","pos","13","L-proline","ONIBWKKTOPOVIA",26.18050000002,116.070266723633,"[M + H]+",0.854996511216761
"2.3","afekta","pos","14","L-proline","ONIBWKKTOPOVIA",26.75899999998,116.070266723633,"[M + H]+",0.785235551273155
"2.3","afekta","pos","15","imidazol-4-ylacetic acid","PRJKNHOMHKJCEJ",27.47899999998,127.049869537354,"[M + Na]+",0.0820463323618543
"2.3","afekta","pos","16","(R)-adrenaline","UCTWMZQNUQWSLP",28.55349999999,184.096282958984,"[M + H]+",0.876082165754376
"2.3","afekta","pos","17","taurocyamine","JKLRIMRKZBSSED",29.43400000002,168.042755126953,"[M + H]+",0.25320901734483
"2.3","afekta","pos","25","2'-deoxyinosine","VGONTNSXDCQUGY",42.47449999998,253.09147644043,"[M + Na]+",0.13329423250505
"2.3","afekta","pos","26","serotonin","QZAYGJVTTNCVMB",43.67300000001,177.101371765137,"[M + H]+",0.986544570892927
"2.3","afekta","pos","27","6-hydroxynicotinic acid","BLHCMGRVFXRYRN",45.09650000001,140.033561706543,"[M + H]+",0.0882936742763843
"2.3","afekta","pos","41","trans-3-hexenedioic acid","YHGNXQAFNHCBTK",82.569,167.030548095703,"[M + Na]+",0.337995453762662
"2.3","afekta","pos","76","N-acetylserotonin","MVAWJSIDNICKHF",181.93600000002,241.093994140625,"[M + Na]+",0.926398120057178
"2.3","afekta","pos","87","N-acetyl-L-leucine","WXNXCEHXYPACJF",206.48350000002,174.111915588379,"[M + H]+",0.900130731929827
"2.3","afekta","neg","385","imidazol-4-ylacetic acid","PRJKNHOMHKJCEJ",26.2425,125.034454345703,"[M - H]-",0.221754688361885
"2.3","afekta","neg","388","pyruvic acid","LCTONWCANYUPML",30.16100000001,87.007976531982,"[M - H]-",0.0872751217822745
"2.3","afekta","neg","397","2'-deoxyinosine","VGONTNSXDCQUGY",40.48099999998,251.076461791992,"[M - H]-",0.459854104882729
"2.3","afekta","neg","403","6-hydroxynicotinic acid","BLHCMGRVFXRYRN",42.93500000001,138.018402099609,"[M - H]-",0.225150751836151
"2.3","cembio","pos","266","L-isoglutamine","AEFLONBTGZFSGQ",8.496,147.076400756836,"[M + Na]+",0.0585010370135777
"2.3","cembio","pos","267","taurocyamine","JKLRIMRKZBSSED",9.492,168.044006347656,"[M + H]+",0.0892434674728543
"2.3","cembio","pos","272","2'-deoxyinosine","VGONTNSXDCQUGY",14.47399999998,253.093200683594,"[M + Na]+",0.0175909082983618
"2.3","cembio","pos","274","2'-deoxyuridine","MXHRCPNRJAMMIM",16.46599999998,251.063903808594,"[M + K]+",0.246364118071188
"2.3","cembio","pos","280","L-isoglutamine","AEFLONBTGZFSGQ",23.15800000002,147.076400756836,"[M + H]+",0.798251375446323
"2.3","cembio","pos","284","(R)-adrenaline","UCTWMZQNUQWSLP",27.14299999998,184.09700012207,"[M + H]+",0.991289730018385
"2.3","cembio","pos","289","gamma-aminobutyric acid","BTCSSZJGUNDROE",32.838,104.070602416992,"[M + H]+",0.77665305706029
"2.3","cembio","pos","290","L-proline","ONIBWKKTOPOVIA",33.834,116.070899963379,"[M + H]+",0.912026248349729
"2.3","cembio","pos","291","imidazol-4-ylacetic acid","PRJKNHOMHKJCEJ",34.83100000002,127.050201416016,"[M + H]+",0.61755324228629
"2.3","cembio","pos","294","L-isoglutamine","AEFLONBTGZFSGQ",37.81999999998,147.076400756836,"[M + H]+",0.82288111869335
"2.3","cembio","pos","299","(R)-adrenaline","UCTWMZQNUQWSLP",42.801,184.09700012207,"[M + H]+",0.906281866142132
"2.3","cembio","pos","300","2'-deoxyuridine","MXHRCPNRJAMMIM",43.797,229.081893920898,"[M + H]+",0.797348020383789
"2.3","cembio","pos","301","2'-deoxyinosine","VGONTNSXDCQUGY",44.79400000002,253.093200683594,"[M + H]+",0.89398009148925
"2.3","cembio","pos","303","trans-3-hexenedioic acid","YHGNXQAFNHCBTK",46.78600000002,167.031402587891,"[M + Na]+",0.159361072161661
"2.3","cembio","pos","305","gamma-aminobutyric acid","BTCSSZJGUNDROE",49.49299999998,104.070602416992,"[M + H]+",0.591007232965823
"2.3","cembio","pos","306","L-proline","ONIBWKKTOPOVIA",50.48899999998,116.070899963379,"[M + H]+",0.871019204476691
"2.3","cembio","pos","307","imidazol-4-ylacetic acid","PRJKNHOMHKJCEJ",51.486,127.050201416016,"[M + H]+",0.274615761374382
"2.3","cembio","pos","308","6-hydroxynicotinic acid","BLHCMGRVFXRYRN",52.482,140.034301757813,"[M + H]+",0.545878214366742
"2.3","cembio","pos","310","L-isoglutamine","AEFLONBTGZFSGQ",54.47500000002,147.076400756836,"[M + H]+",0.680181983154241
"2.3","cembio","pos","312","trans-3-hexenedioic acid","YHGNXQAFNHCBTK",56.46700000002,145.049392700195,"[M + H]+",0.0674458605393239
"2.3","cembio","pos","313","taurocyamine","JKLRIMRKZBSSED",57.46399999998,168.044006347656,"[M + H]+",0.102636703356366
"2.3","cembio","pos","315","serotonin","QZAYGJVTTNCVMB",59.45599999998,177.102401733398,"[M + H]+",0.666319354407292
"2.3","cembio","pos","316","(R)-adrenaline","UCTWMZQNUQWSLP",60.453,184.09700012207,"[M + H]+",0.802456092058958
"2.3","cembio","pos","318","2'-deoxyinosine","VGONTNSXDCQUGY",62.445,253.093200683594,"[M + H]+",0.39554301269047
"2.3","cembio","pos","321","trans-3-hexenedioic acid","YHGNXQAFNHCBTK",65.43400000002,167.031402587891,"[M + Na]+",0.119825642981297
"2.3","cembio","pos","323","gamma-aminobutyric acid","BTCSSZJGUNDROE",68.14000000002,104.070602416992,"[M + H]+",0.363903005813205
"2.3","cembio","pos","324","L-proline","ONIBWKKTOPOVIA",69.13699999998,116.070899963379,"[M + H]+",0.0237770596043019
"2.3","cembio","pos","325","imidazol-4-ylacetic acid","PRJKNHOMHKJCEJ",70.13299999998,127.050201416016,"[M + H]+",0.498466509390149
"2.3","cembio","pos","330","trans-3-hexenedioic acid","YHGNXQAFNHCBTK",75.11500000002,145.049392700195,"[M + H]+",0.0260771702254725
"2.3","cembio","pos","333","serotonin","QZAYGJVTTNCVMB",78.10399999998,177.102401733398,"[M + H]+",0.909961927193699
"2.3","cembio","pos","334","(R)-adrenaline","UCTWMZQNUQWSLP",79.09999999998,184.09700012207,"[M + H]+",0.438486549426268
"2.3","cembio","pos","341","L-proline","ONIBWKKTOPOVIA",86.78899999998,116.070899963379,"[M + H]+",0.400730945332383
"2.3","cembio","pos","342","imidazol-4-ylacetic acid","PRJKNHOMHKJCEJ",87.78499999998,127.050201416016,"[M + H]+",0.298235862768522
"2.3","cembio","pos","344","2-hydroxy-3-methylbutyric acid","NGEWQZIDQIYUNV",89.778,141.052597045898,"[M + Na]+",0.0338692708897659
"2.3","cembio","pos","346","trans-3-hexenedioic acid","YHGNXQAFNHCBTK",91.77,145.049392700195,"[M + H]+",0.103143303251196
"2.3","cembio","pos","353","2'-deoxyinosine","VGONTNSXDCQUGY",98.745,275.075012207031,"[M + K]+",0.185247913621926
"2.3","cembio","pos","354","2-hydroxy-4-(methylthio)butanoic acid","ONFOSYPQQXJWGS",99.741,173.025405883789,"[M + Na]+",0.0457565185980832
"2.3","cembio","pos","357","L-proline","ONIBWKKTOPOVIA",103.443,116.070899963379,"[M + H]+",0.47739768694945
"2.3","cembio","pos","360","2-hydroxy-4-(methylthio)butanoic acid","ONFOSYPQQXJWGS",106.43200000002,151.042297363281,"[M + H]+",0.117053374048314
"2.3","cembio","pos","361","trans-3-hexenedioic acid","YHGNXQAFNHCBTK",107.42800000002,145.049392700195,"[M + H]+",0.119976958753519
"2.3","cembio","pos","364","serotonin","QZAYGJVTTNCVMB",110.41699999998,177.102401733398,"[M + H]+",0.322989908753512
"2.3","cembio","pos","369","L-proline","ONIBWKKTOPOVIA",116.112,116.070899963379,"[M + H]+",0.183753445562757
"2.3","cembio","pos","373","trans-3-hexenedioic acid","YHGNXQAFNHCBTK",120.09799999998,145.049392700195,"[M + H]+",0.0227395657517064
"2.3","cembio","pos","376","2-hydroxy-4-(methylthio)butanoic acid","ONFOSYPQQXJWGS",123.087,173.025405883789,"[M + Na]+",0.0624081985780656
"2.3","cembio","pos","384","N-acetylserotonin","MVAWJSIDNICKHF",131.77099999998,219.113098144531,"[M + H]+",0.0861542731395838
"2.3","cembio","pos","385","N-acetylserotonin","MVAWJSIDNICKHF",132.76699999998,241.094802856445,"[M + H]+",0.26663573232932
"2.3","cembio","pos","391","trans-3-hexenedioic acid","YHGNXQAFNHCBTK",139.45900000002,145.049392700195,"[M + H]+",0.0553531837547944
"2.3","cembio","pos","398","2-hydroxy-4-(methylthio)butanoic acid","ONFOSYPQQXJWGS",147.147,151.042297363281,"[M + H]+",0.0535271890394219
"2.3","cembio","pos","399","trans-3-hexenedioic acid","YHGNXQAFNHCBTK",148.143,145.049392700195,"[M + H]+",0.0551523396724043
"2.3","cembio","pos","405","2-hydroxy-3-methylbutyric acid","NGEWQZIDQIYUNV",154.83400000002,141.052597045898,"[M + Na]+",0.084067317225712
"2.3","cembio","pos","406","2-hydroxy-4-(methylthio)butanoic acid","ONFOSYPQQXJWGS",155.83000000002,151.042297363281,"[M + H]+",0.0807634285590011
"2.3","cembio","pos","410","2-hydroxy-4-(methylthio)butanoic acid","ONFOSYPQQXJWGS",159.816,173.025405883789,"[M + Na]+",0.139360184694309
"2.3","cembio","pos","413","N-acetylserotonin","MVAWJSIDNICKHF",163.518,219.113098144531,"[M + H]+",0.0548037750858977
"2.3","cembio","pos","415","2-hydroxy-3-methylbutyric acid","NGEWQZIDQIYUNV",166.224,141.052597045898,"[M + Na]+",0.519013567970107
"2.3","cembio","pos","425","N-acetylserotonin","MVAWJSIDNICKHF",177.615,219.113098144531,"[M + H]+",0.9903930069151
"2.3","cembio","pos","429","N-acetylserotonin","MVAWJSIDNICKHF",182.31400000002,219.113098144531,"[M + H]+",0.993115392090479
"2.3","cembio","pos","434","N-acetylserotonin","MVAWJSIDNICKHF",188.00899999998,219.113098144531,"[M + H]+",0.981518684110909
"2.3","cembio","pos","439","N-acetylserotonin","MVAWJSIDNICKHF",193.704,219.113098144531,"[M + H]+",0.94675858434872
"2.3","cembio","pos","449","N-acetylserotonin","MVAWJSIDNICKHF",205.09399999998,219.113098144531,"[M + H]+",0.91924032492405
"2.3","cembio","pos","454","N-acetylserotonin","MVAWJSIDNICKHF",210.78799999998,219.113098144531,"[M + H]+",0.788677025511992
"2.3","cembio","pos","455","N-acetyl-L-tryptophan","DZTHIGRZJZPRDV",211.78399999998,247.107894897461,"[M + H]+",0.155139988557421
"2.3","cembio","pos","461","N-acetylserotonin","MVAWJSIDNICKHF",218.475,241.094802856445,"[M + Na]+",0.0304846862180326
"2.3","cembio","pos","463","N-acetyl-L-tryptophan","DZTHIGRZJZPRDV",221.181,247.107894897461,"[M + H]+",0.181829186954846
"2.3","cembio","pos","471","N-acetyl-L-tryptophan","DZTHIGRZJZPRDV",230.57800000002,247.107894897461,"[M + H]+",0.985578738364054
"2.3","cembio","pos","475","N-acetyl-L-tryptophan","DZTHIGRZJZPRDV",235.27699999998,247.107894897461,"[M + H]+",0.997518497195308
"2.3","cembio","pos","478","N-acetylserotonin","MVAWJSIDNICKHF",238.97899999998,219.113098144531,"[M + H]+",0.908057259179501
"2.3","cembio","pos","479","N-acetyl-L-tryptophan","DZTHIGRZJZPRDV",239.97499999998,247.107894897461,"[M + H]+",0.99068529702962
"2.3","cembio","pos","483","N-acetyl-L-tryptophan","DZTHIGRZJZPRDV",244.674,247.107894897461,"[M + H]+",0.298119277829425
"2.3","cembio","pos","486","N-acetyl-L-tryptophan","DZTHIGRZJZPRDV",248.376,247.107894897461,"[M + H]+",0.647249711942123
"2.3","cembio","pos","490","N-acetyl-L-tryptophan","DZTHIGRZJZPRDV",253.788,247.107894897461,"[M + H]+",0.73090595523697
"2.3","cembio","pos","501","N-acetyl-L-tryptophan","DZTHIGRZJZPRDV",268.314,269.089691162109,"[M + Na]+",0.145049144992692
"2.3","cembio","pos","503","N-acetyl-L-tryptophan","DZTHIGRZJZPRDV",271.01899999998,269.089691162109,"[M + H]+",0.0862906586336361
"2.3","cembio","pos","504","N-acetyl-L-tryptophan","DZTHIGRZJZPRDV",272.72800000002,247.107894897461,"[M + H]+",0.00945288762990388
"2.3","cembio","pos","506","N-acetyl-L-tryptophan","DZTHIGRZJZPRDV",275.43499999998,247.107894897461,"[M + H]+",0.275187465870214
"2.3","cembio","neg","1","gallic acid","LNTHITQWFMADLM",3.63199999998,169.014205932617,"[M - H]-",0.163753940922502
"2.3","cembio","neg","3","L-isoglutamine","AEFLONBTGZFSGQ",5.62399999998,145.061904907227,"[M - H]-",0.40168019175306
"2.3","cembio","neg","5","(R)-adrenaline","UCTWMZQNUQWSLP",7.617,182.082504272461,"[M - H]-",0.00761354703081427
"2.3","cembio","neg","9","taurocyamine","JKLRIMRKZBSSED",11.60200000002,166.029296875,"[M - H]-",0.0565047415449182
"2.3","cembio","neg","14","gallic acid","LNTHITQWFMADLM",17.29699999998,169.014205932617,"[M - H]-",0.248571501320131
"2.3","cembio","neg","18","(R)-adrenaline","UCTWMZQNUQWSLP",21.28300000002,182.082504272461,"[M - H]-",0.0397547984360564
"2.3","cembio","neg","22","taurocyamine","JKLRIMRKZBSSED",25.26799999998,166.029296875,"[M - H]-",0.508895820006737
"2.3","cembio","neg","28","2'-deoxyinosine","VGONTNSXDCQUGY",31.96000000002,251.078796386719,"[M - H]-",0.0945032312291263
"2.3","cembio","neg","29","L-isoglutamine","AEFLONBTGZFSGQ",32.95600000002,145.061904907227,"[M - H]-",0.385322071222873
"2.3","cembio","neg","31","(R)-adrenaline","UCTWMZQNUQWSLP",34.94800000002,182.082504272461,"[M - H]-",0.675740926272804
"2.3","cembio","neg","32","imidazol-4-ylacetic acid","PRJKNHOMHKJCEJ",35.94499999998,125.035598754883,"[M - H]-",0.158783210749315
"2.3","cembio","neg","33","6-hydroxynicotinic acid","BLHCMGRVFXRYRN",36.94099999998,138.01969909668,"[M - H]-",0.045236308735343
"2.3","cembio","neg","34","2-hydroxy-3-methylbutyric acid","NGEWQZIDQIYUNV",37.93699999998,117.055702209473,"[M - H]-",0.569170056200108
"2.3","cembio","neg","36","2'-deoxyuridine","MXHRCPNRJAMMIM",39.93,227.067504882813,"[M - H]-",0.821053620761257
"2.3","cembio","neg","37","taurocyamine","JKLRIMRKZBSSED",40.926,166.029296875,"[M - H]-",0.297484336394843
"2.3","cembio","neg","42","gallic acid","LNTHITQWFMADLM",46.62199999998,169.014205932617,"[M - H]-",0.846378935594048
"2.3","cembio","neg","43","2'-deoxyinosine","VGONTNSXDCQUGY",47.61799999998,251.078796386719,"[M - H]-",0.452244449646034
"2.3","cembio","neg","45","L-proline","ONIBWKKTOPOVIA",49.611,114.055801391602,"[M - H]-",0.172197433771497
"2.3","cembio","neg","49","6-hydroxynicotinic acid","BLHCMGRVFXRYRN",53.59600000002,138.01969909668,"[M - H]-",0.229229814897995
"2.3","cembio","neg","59","gallic acid","LNTHITQWFMADLM",64.27300390626,169.014205932617,"[M - H]-",0.752055575473312
"2.3","cembio","neg","61","L-isoglutamine","AEFLONBTGZFSGQ",66.26500000002,145.061904907227,"[M - H]-",0.358271445326005
"2.3","cembio","neg","64","2-hydroxy-4-(methylthio)butanoic acid","ONFOSYPQQXJWGS",69.25399999998,149.027801513672,"[M - H]-",0.73603474912191
"2.3","cembio","neg","65","imidazol-4-ylacetic acid","PRJKNHOMHKJCEJ",70.251,125.035598754883,"[M - H]-",0.0706761036004667
"2.3","cembio","neg","76","gallic acid","LNTHITQWFMADLM",81.924,169.014205932617,"[M - H]-",0.766397723154704
"2.3","cembio","neg","77","2'-deoxyinosine","VGONTNSXDCQUGY",82.92,251.078796386719,"[M - H]-",0.236501083692884
"2.3","cembio","neg","78","L-isoglutamine","AEFLONBTGZFSGQ",83.916,145.061904907227,"[M - H]-",0.303039784147771
"2.3","cembio","neg","81","2-hydroxy-4-(methylthio)butanoic acid","ONFOSYPQQXJWGS",86.90500000002,149.027801513672,"[M - H]-",0.923160906370667
"2.3","cembio","neg","83","6-hydroxynicotinic acid","BLHCMGRVFXRYRN",88.89799999998,138.01969909668,"[M - H]-",0.199947719278552
"2.3","cembio","neg","84","2-hydroxy-3-methylbutyric acid","NGEWQZIDQIYUNV",89.89399999998,117.055702209473,"[M - H]-",0.365920875470283
"2.3","cembio","neg","87","taurocyamine","JKLRIMRKZBSSED",92.883,166.029296875,"[M - H]-",0.125946295673411
"2.3","cembio","neg","93","gallic acid","LNTHITQWFMADLM",99.57400000002,169.014205932617,"[M - H]-",0.77390199344394
"2.3","cembio","neg","94","2-hydroxy-4-(methylthio)butanoic acid","ONFOSYPQQXJWGS",100.57099999998,149.027801513672,"[M - H]-",0.924986983021719
"2.3","cembio","neg","95","6-hydroxynicotinic acid","BLHCMGRVFXRYRN",101.56699999998,138.01969909668,"[M - H]-",0.206898006309892
"2.3","cembio","neg","96","2-hydroxy-3-methylbutyric acid","NGEWQZIDQIYUNV",102.56299999998,117.055702209473,"[M - H]-",0.297082835451346
"2.3","cembio","neg","97","trans-3-hexenedioic acid","YHGNXQAFNHCBTK",103.56,143.035003662109,"[M - H]-",0.0233729104123043
"2.3","cembio","neg","103","2-hydroxy-3-methylbutyric acid","NGEWQZIDQIYUNV",110.25100000002,117.055702209473,"[M - H]-",0.296177647575481
"2.3","cembio","neg","108","gallic acid","LNTHITQWFMADLM",115.94599999998,169.014205932617,"[M - H]-",0.654652142024452
"2.3","cembio","neg","109","2-hydroxy-4-(methylthio)butanoic acid","ONFOSYPQQXJWGS",116.94199999998,149.027801513672,"[M - H]-",0.933213714999275
"2.3","cembio","neg","115","gallic acid","LNTHITQWFMADLM",123.633,169.014205932617,"[M - H]-",0.67358712162048
"2.3","cembio","neg","118","2-hydroxy-4-(methylthio)butanoic acid","ONFOSYPQQXJWGS",126.62200000002,149.027801513672,"[M - H]-",0.904063426530606
"2.3","cembio","neg","119","2-hydroxy-3-methylbutyric acid","NGEWQZIDQIYUNV",127.61899999998,117.055702209473,"[M - H]-",0.206178679874469
"2.3","cembio","neg","125","(S)-mandelic acid","IWYDHOAUDWTVEP",134.31,151.039794921875,"[M - H]-",0.0927834894108744
"2.3","cembio","neg","128","2-hydroxy-3-methylbutyric acid","NGEWQZIDQIYUNV",137.29900000002,117.055702209473,"[M - H]-",0.335663085380543
"2.3","cembio","neg","129","trans-3-hexenedioic acid","YHGNXQAFNHCBTK",138.29599999998,143.035003662109,"[M - H]-",0.187710706854368
"2.3","cembio","neg","132","(S)-mandelic acid","IWYDHOAUDWTVEP",141.99799999998,151.039794921875,"[M - H]-",0.219029411716619
"2.3","cembio","neg","134","2-hydroxy-4-(methylthio)butanoic acid","ONFOSYPQQXJWGS",143.991,149.027801513672,"[M - H]-",0.110356164742464
"2.3","cembio","neg","135","2-hydroxy-3-methylbutyric acid","NGEWQZIDQIYUNV",144.987,117.055702209473,"[M - H]-",0.251703529999119
"2.3","cembio","neg","139","(S)-mandelic acid","IWYDHOAUDWTVEP",149.68999999998,151.039794921875,"[M - H]-",0.068428462634949
"2.3","cembio","neg","142","2-hydroxy-4-(methylthio)butanoic acid","ONFOSYPQQXJWGS",152.679,149.027801513672,"[M - H]-",0.551013314145481
"2.3","cembio","neg","164","N-acetylserotonin","MVAWJSIDNICKHF",178.164,217.098297119141,"[M - H]-",0.862518732971904
"2.3","cembio","neg","170","N-acetylserotonin","MVAWJSIDNICKHF",184.85599999998,217.098297119141,"[M - H]-",0.799322983474843
"2.3","cembio","neg","174","N-acetyl-L-leucine","WXNXCEHXYPACJF",189.555,172.098007202148,"[M - H]-",0.363662874699181
"2.3","cembio","neg","179","(S)-mandelic acid","IWYDHOAUDWTVEP",195.25000000002,151.039794921875,"[M - H]-",0.07256207372226
"2.3","cembio","neg","180","N-acetyl-L-leucine","WXNXCEHXYPACJF",196.24600000002,172.098007202148,"[M - H]-",0.724096656096426
"2.3","cembio","neg","186","N-acetyl-L-leucine","WXNXCEHXYPACJF",202.93699999998,172.098007202148,"[M - H]-",0.780929729240848
"2.3","cembio","neg","192","N-acetyl-L-leucine","WXNXCEHXYPACJF",209.628,172.098007202148,"[M - H]-",0.772479315102231
"2.3","cembio","neg","198","N-acetyl-L-leucine","WXNXCEHXYPACJF",216.31999999998,172.098007202148,"[M - H]-",0.44212508942778
"2.3","cembio","neg","204","N-acetyl-L-leucine","WXNXCEHXYPACJF",223.011,172.098007202148,"[M - H]-",0.409484600428172
"2.3","cembio","neg","210","N-acetyl-L-leucine","WXNXCEHXYPACJF",229.70200000002,172.098007202148,"[M - H]-",0.425927050041737
"2.3","cembio","neg","211","N-acetyl-L-tryptophan","DZTHIGRZJZPRDV",230.69899999998,245.093399047852,"[M - H]-",0.963053354667253
"2.3","cembio","neg","215","(S)-mandelic acid","IWYDHOAUDWTVEP",235.39699999998,151.039794921875,"[M - H]-",0.0513089986666046
"2.3","cembio","neg","216","N-acetyl-L-leucine","WXNXCEHXYPACJF",236.39299999998,172.098007202148,"[M - H]-",0.451912437001657
"2.3","cembio","neg","217","N-acetyl-L-tryptophan","DZTHIGRZJZPRDV",237.39,245.093399047852,"[M - H]-",0.89445759599475
"2.3","cembio","neg","221","N-acetyl-L-leucine","WXNXCEHXYPACJF",242.088,172.098007202148,"[M - H]-",0.1954358904902
"2.3","cembio","neg","222","N-acetyl-L-tryptophan","DZTHIGRZJZPRDV",243.084,245.093399047852,"[M - H]-",0.889640100339106
"2.3","cembio","neg","224","N-acetyl-L-leucine","WXNXCEHXYPACJF",245.79,172.098007202148,"[M - H]-",0.265358916663961
"2.3","cembio","neg","225","N-acetyl-L-tryptophan","DZTHIGRZJZPRDV",246.786,245.093399047852,"[M - H]-",0.774785994944346
"2.3","cembio","neg","227","N-acetyl-L-leucine","WXNXCEHXYPACJF",249.492,172.098007202148,"[M - H]-",0.555065098366307
"2.3","cembio","neg","233","N-acetyl-L-leucine","WXNXCEHXYPACJF",256.896,172.098007202148,"[M - H]-",0.22991388245851
"2.3","hmgu","pos","65","gamma-aminobutyric acid","BTCSSZJGUNDROE",30.01599999999,104.069434129096,"[M + H]+",0.106019429666096
"2.3","hmgu","pos","433","N-acetylserotonin","MVAWJSIDNICKHF",262.09100000001,219.111933904772,"[M + H]+",0.327799971532079
"2.3","hmgu","pos","677","L-isoglutamine","AEFLONBTGZFSGQ",430.39999999998,147.07913414667,"[M + H]+",0.172732974628336
"2.3","hmgu","neg","1169","gamma-aminobutyric acid","BTCSSZJGUNDROE",28.56250000002,102.055694823156,"[M - H]-",0.180070045651396
"2.3","hmgu","neg","1170","gamma-aminobutyric acid","BTCSSZJGUNDROE",29.29549999998,102.055799292135,"[M - H]-",0.401072484169684
"2.3","hmgu","neg","1172","gamma-aminobutyric acid","BTCSSZJGUNDROE",30.78049999998,102.054474337503,"[M - H]-",0.584515117316903
"2.3","hmgu","neg","1176","trans-3-hexenedioic acid","YHGNXQAFNHCBTK",33.63949999998,143.036264148456,"[M - H]-",0.0302610814558719
"2.3","hmgu","neg","1273","trans-3-hexenedioic acid","YHGNXQAFNHCBTK",94.755,143.033407721439,"[M - H]-",0.169904969080832
"2.3","hmgu","neg","1291","gallic acid","LNTHITQWFMADLM",106.17099999999,169.013224829128,"[M - H]-",0.620393288999715
"2.3","hmgu","neg","1402","trans-3-hexenedioic acid","YHGNXQAFNHCBTK",169.8,143.03437213605,"[M - H]-",0.0597509503949327
"2.3","hmgu","neg","1492","gallic acid","LNTHITQWFMADLM",228.17600000001,169.013346570641,"[M - H]-",0.0741668297152128
"2.4","afekta","pos","13","creatinine","DDRJAANPRJIHGJ",26.8575,114.065860748291,"[M + H]+",0.235082297233488
"2.4","afekta","pos","14","4-guanidinobutanoic acid","TUHVEAJXIMEOSA",27.56600000001,146.09204864502,"[M + H]+",0.925145238037471
"2.4","afekta","pos","15","Homocysteine thiolactone","KIWQWJKWBHZMDT",28.272,118.031642913818,"[M + H]+",0.592455439670797
"2.4","afekta","pos","26","citraconic acid","HNEGQIOMVPPMNR",46.73199999999,131.033256530762,"[M + H]+",0.279183391207845
"2.4","afekta","pos","27","citraconic acid","HNEGQIOMVPPMNR",48.5805,131.033256530762,"[M + H]+",0.188596798248056
"2.4","afekta","pos","94","5,6-dimethylbenzimidazole","LJUQGASMPRMWIW",223.158,147.090779622396,"[M + H]+",0.171283630852485
"2.4","afekta","pos","96","5,6-dimethylbenzimidazole","LJUQGASMPRMWIW",228.26350000002,147.090779622396,"[M + H]+",0.0376915783504254
"2.4","cembio","pos","307","N-acetyl-alpha-D-galactosamine","OVRNDRQMDRJTHS",9.50500000002,222.097793579102,"[M + H]+",0.0907851529544858
"2.4","cembio","pos","323","2'-deoxyadenosine","OLXZPDWKRNYJJZ",26.16,252.109603881836,"[M + H]+",0.0810192568700509
"2.4","cembio","pos","330","creatinine","DDRJAANPRJIHGJ",33.84799999998,114.066398620605,"[M + H]+",0.25438700368048
"2.4","cembio","pos","331","Homocysteine thiolactone","KIWQWJKWBHZMDT",34.84399999998,118.032302856445,"[M + H]+",0.183017771352831
"2.4","cembio","pos","333","4-guanidinobutanoic acid","TUHVEAJXIMEOSA",36.837,146.092697143555,"[M + H]+",0.923865827303526
"2.4","cembio","pos","334","(R)-carnitine","PHIQHXFUZVPYII",37.833,162.11279296875,"[M + H]+",0.997109271023292
"2.4","cembio","pos","335","citraconic acid","HNEGQIOMVPPMNR",38.83000000002,168.988296508789,"[M + K]+",0.53469494070824
"2.4","cembio","pos","336","N-acetyl-alpha-D-galactosamine","OVRNDRQMDRJTHS",39.82600000002,222.097793579102,"[M + H]+",0.123966999807386
"2.4","cembio","pos","338","2'-deoxyadenosine","OLXZPDWKRNYJJZ",41.81800000002,252.109603881836,"[M + H]+",0.920214518265466
"2.4","cembio","pos","346","Homocysteine thiolactone","KIWQWJKWBHZMDT",50.50300000002,118.032302856445,"[M + H]+",0.186416988738207
"2.4","cembio","pos","347","citraconic acid","HNEGQIOMVPPMNR",51.49900000002,131.033905029297,"[M + H]+",0.361022505356937
"2.4","cembio","pos","348","4-guanidinobutanoic acid","TUHVEAJXIMEOSA",52.49599999998,146.092697143555,"[M + H]+",0.920120282835401
"2.4","cembio","pos","349","(R)-carnitine","PHIQHXFUZVPYII",53.49199999998,162.11279296875,"[M + H]+",0.926985490524179
"2.4","cembio","pos","350","citraconic acid","HNEGQIOMVPPMNR",54.48799999998,168.988296508789,"[M + K]+",0.120160546925076
"2.4","cembio","pos","350","phosphoenolpyruvic acid","DTBNBXWJWCWCIK",54.48799999998,168.988296508789,"[M + K]+",0.120160546925076
"2.4","cembio","pos","351","N-acetyl-alpha-D-galactosamine","OVRNDRQMDRJTHS",55.48399999998,222.097793579102,"[M + H]+",0.270583585071993
"2.4","cembio","pos","353","2'-deoxyadenosine","OLXZPDWKRNYJJZ",57.477,252.109603881836,"[M + H]+",0.756004987149675
"2.4","cembio","pos","361","Homocysteine thiolactone","KIWQWJKWBHZMDT",66.16099999998,118.032302856445,"[M + H]+",0.252645987989463
"2.4","cembio","pos","363","4-guanidinobutanoic acid","TUHVEAJXIMEOSA",68.154,146.092697143555,"[M + H]+",0.870650185382369
"2.4","cembio","pos","364","(R)-carnitine","PHIQHXFUZVPYII",69.15,162.11279296875,"[M + H]+",0.772606772481819
"2.4","cembio","pos","365","citraconic acid","HNEGQIOMVPPMNR",70.146,168.988296508789,"[M + K]+",0.103407457160876
"2.4","cembio","pos","366","N-acetyl-alpha-D-galactosamine","OVRNDRQMDRJTHS",71.14300000002,222.097793579102,"[M + H]+",0.159826683608299
"2.4","cembio","pos","368","2'-deoxyadenosine","OLXZPDWKRNYJJZ",73.13500000002,252.109603881836,"[M + H]+",0.747501957933865
"2.4","cembio","pos","377","citraconic acid","HNEGQIOMVPPMNR",82.81600000002,131.033905029297,"[M + H]+",0.275822769354647
"2.4","cembio","pos","379","(R)-carnitine","PHIQHXFUZVPYII",84.80899999998,162.11279296875,"[M + H]+",0.919290552848967
"2.4","cembio","pos","380","citraconic acid","HNEGQIOMVPPMNR",85.80499999998,168.988296508789,"[M + K]+",0.495681912522806
"2.4","cembio","pos","381","N-acetyl-alpha-D-galactosamine","OVRNDRQMDRJTHS",86.80099999998,222.097793579102,"[M + H]+",0.161458721962519
"2.4","cembio","pos","382","L-tryptophanamide","JLSKPBDKNIXMBS",87.798,204.113296508789,"[M + H]+",0.994129812756049
"2.4","cembio","pos","383","2'-deoxyadenosine","OLXZPDWKRNYJJZ",88.794,252.109603881836,"[M + H]+",0.51476232721621
"2.4","cembio","pos","389","(S)-methylsuccinic acid","WXUAQHNMJWJLTG",94.77199999998,133.049499511719,"[M + H]+",0.0758979102825106
"2.4","cembio","pos","392","5,6-dihydroxyindole-2-carboxylic acid","YFTGOBNOJKXZJC",98.475,194.044799804688,"[M + H]+",0.0723886121578632
"2.4","cembio","pos","393","L-tryptophanamide","JLSKPBDKNIXMBS",99.471,204.113296508789,"[M + H]+",0.892945496933085
"2.4","cembio","pos","394","2'-deoxyadenosine","OLXZPDWKRNYJJZ",100.467,252.109603881836,"[M + H]+",0.0664778005384976
"2.4","cembio","pos","399","5,6-dihydroxyindole-2-carboxylic acid","YFTGOBNOJKXZJC",106.16299999998,194.044799804688,"[M + H]+",0.0627196689864596
"2.4","cembio","pos","400","L-tryptophanamide","JLSKPBDKNIXMBS",107.15899999998,204.113296508789,"[M + H]+",0.919894924620276
"2.4","cembio","pos","401","2'-deoxyadenosine","OLXZPDWKRNYJJZ",108.156,252.109603881836,"[M + H]+",0.359922496499168
"2.4","cembio","pos","404","(S)-methylsuccinic acid","WXUAQHNMJWJLTG",111.14500000002,133.049499511719,"[M + H]+",0.0659078428872544
"2.4","cembio","pos","407","5,6-dihydroxyindole-2-carboxylic acid","YFTGOBNOJKXZJC",114.84700000002,194.044799804688,"[M + H]+",0.240286466271165
"2.4","cembio","pos","408","L-tryptophanamide","JLSKPBDKNIXMBS",115.84300000002,204.113296508789,"[M + H]+",0.717103519314977
"2.4","cembio","pos","409","2'-deoxyadenosine","OLXZPDWKRNYJJZ",116.83999999998,252.109603881836,"[M + H]+",0.465535792628467
"2.4","cembio","pos","416","5,6-dihydroxyindole-2-carboxylic acid","YFTGOBNOJKXZJC",124.527,194.044799804688,"[M + H]+",0.118986886610777
"2.4","cembio","pos","418","2'-deoxyadenosine","OLXZPDWKRNYJJZ",126.52000000002,252.109603881836,"[M + H]+",0.516502770766521
"2.4","cembio","pos","422","(S)-methylsuccinic acid","WXUAQHNMJWJLTG",130.50500781252,133.049499511719,"[M + H]+",0.0115805408143214
"2.4","cembio","pos","426","5,6-dihydroxyindole-2-carboxylic acid","YFTGOBNOJKXZJC",135.204,194.044799804688,"[M + H]+",0.0770691817576291
"2.4","cembio","pos","431","Dimethyl adipate","UDSFAEKRVUSQDD",140.89900000002,175.095092773438,"[M + H]+",0.0231769540391449
"2.4","cembio","pos","433","5,6-dihydroxyindole-2-carboxylic acid","YFTGOBNOJKXZJC",142.89100000002,194.044799804688,"[M + H]+",0.809818405762277
"2.4","cembio","pos","440","5,6-dihydroxyindole-2-carboxylic acid","YFTGOBNOJKXZJC",150.579,194.044799804688,"[M + H]+",0.0689226763783427
"2.4","cembio","pos","441","L-tryptophanamide","JLSKPBDKNIXMBS",151.575,204.113296508789,"[M + H]+",0.276638386125624
"2.4","cembio","pos","447","5,6-dihydroxyindole-2-carboxylic acid","YFTGOBNOJKXZJC",158.26600000002,194.044799804688,"[M + H]+",0.0694029547311053
"2.4","cembio","pos","453","5-methoxytryptamine","JTEJPPKMYBDEMY",164.95699999998,191.118103027344,"[M + H]+",0.985259696105019
"2.4","cembio","pos","454","5,6-dihydroxyindole-2-carboxylic acid","YFTGOBNOJKXZJC",165.95299999998,194.044799804688,"[M + H]+",0.0349468242628144
"2.4","cembio","pos","460","5-methoxytryptamine","JTEJPPKMYBDEMY",172.64500000002,191.118103027344,"[M + H]+",0.985196691357183
"2.4","cembio","pos","461","5,6-dihydroxyindole-2-carboxylic acid","YFTGOBNOJKXZJC",173.64100000002,194.044799804688,"[M + H]+",0.147263342415666
"2.4","cembio","pos","465","5,6-dimethylbenzimidazole","LJUQGASMPRMWIW",178.33999999998,147.091903686523,"[M + H]+",0.225885468209166
"2.4","cembio","pos","467","5-methoxytryptamine","JTEJPPKMYBDEMY",180.333,191.118103027344,"[M + H]+",0.891970902822448
"2.4","cembio","pos","472","5,6-dimethylbenzimidazole","LJUQGASMPRMWIW",186.02800000002,147.091903686523,"[M + H]+",0.811800049066842
"2.4","cembio","pos","474","5-methoxytryptamine","JTEJPPKMYBDEMY",188.02000000002,191.118103027344,"[M + H]+",0.884905212910706
"2.4","cembio","pos","475","5,6-dihydroxyindole-2-carboxylic acid","YFTGOBNOJKXZJC",189.01699999998,194.044799804688,"[M + H]+",0.0537653182745796
"2.4","cembio","pos","477","5,6-dimethylbenzimidazole","LJUQGASMPRMWIW",191.72299999998,147.091903686523,"[M + H]+",0.804177846541223
"2.4","cembio","pos","479","5-methoxytryptamine","JTEJPPKMYBDEMY",193.716,191.118103027344,"[M + H]+",0.800091791900967
"2.4","cembio","pos","480","5,6-dihydroxyindole-2-carboxylic acid","YFTGOBNOJKXZJC",194.712,194.044799804688,"[M + H]+",0.130233324494549
"2.4","cembio","pos","482","5,6-dimethylbenzimidazole","LJUQGASMPRMWIW",197.418,147.091903686523,"[M + H]+",0.57089360157464
"2.4","cembio","pos","484","5-methoxytryptamine","JTEJPPKMYBDEMY",199.41100000002,191.118103027344,"[M + H]+",0.834353395575401
"2.4","cembio","pos","485","5,6-dihydroxyindole-2-carboxylic acid","YFTGOBNOJKXZJC",200.40700000002,194.044799804688,"[M + H]+",0.0633405207931677
"2.4","cembio","pos","487","5,6-dimethylbenzimidazole","LJUQGASMPRMWIW",203.11300000002,147.091903686523,"[M + H]+",0.685259286678425
"2.4","cembio","pos","489","5-methoxytryptamine","JTEJPPKMYBDEMY",205.10599999998,191.118103027344,"[M + H]+",0.891190567348648
"2.4","cembio","pos","490","5,6-dihydroxyindole-2-carboxylic acid","YFTGOBNOJKXZJC",206.10199999998,194.044799804688,"[M + H]+",0.118424413382159
"2.4","cembio","pos","492","5,6-dimethylbenzimidazole","LJUQGASMPRMWIW",208.80799999998,147.091903686523,"[M + H]+",0.111163692881869
"2.4","cembio","pos","494","5-methoxytryptamine","JTEJPPKMYBDEMY",210.801,191.118103027344,"[M + H]+",0.809240010211843
"2.4","cembio","pos","495","5,6-dihydroxyindole-2-carboxylic acid","YFTGOBNOJKXZJC",211.79800000002,194.044799804688,"[M + H]+",0.0811925154019046
"2.4","cembio","pos","498","5,6-dimethylbenzimidazole","LJUQGASMPRMWIW",215.499,147.091903686523,"[M + H]+",0.115191671618818
"2.4","cembio","pos","501","5,6-dihydroxyindole-2-carboxylic acid","YFTGOBNOJKXZJC",218.48800000002,194.044799804688,"[M + H]+",0.0517101427651013
"2.4","cembio","pos","504","5,6-dimethylbenzimidazole","LJUQGASMPRMWIW",222.19099999998,147.091903686523,"[M + H]+",0.171169984378869
"2.4","cembio","pos","506","5-methoxytryptamine","JTEJPPKMYBDEMY",224.18299999998,191.118103027344,"[M + H]+",0.737089324987404
"2.4","cembio","pos","508","2-Methyl-4-pentenoic acid","HVRZYSHVZOELOH",226.88899999998,115.075401306152,"[M + H]+",0.128545990508753
"2.4","cembio","pos","509","5,6-dimethylbenzimidazole","LJUQGASMPRMWIW",227.886,147.091903686523,"[M + H]+",0.48893892793877
"2.4","cembio","pos","511","5-methoxytryptamine","JTEJPPKMYBDEMY",229.878,191.118103027344,"[M + H]+",0.86348453908117
"2.4","cembio","pos","514","5,6-dimethylbenzimidazole","LJUQGASMPRMWIW",233.58100000002,147.091903686523,"[M + H]+",0.407813959181068
"2.4","cembio","pos","518","5,6-dimethylbenzimidazole","LJUQGASMPRMWIW",238.27999999998,147.091903686523,"[M + H]+",0.0748168511616395
"2.4","cembio","pos","522","5,6-dimethylbenzimidazole","LJUQGASMPRMWIW",242.97799999998,147.091903686523,"[M + H]+",0.170433156795511
"2.4","cembio","pos","537","2-Methyl-4-pentenoic acid","HVRZYSHVZOELOH",261.48901562502,115.075401306152,"[M + H]+",0.136503149454029
"2.4","cembio","pos","543","2-Methyl-4-pentenoic acid","HVRZYSHVZOELOH",268.89400000002,115.075401306152,"[M + H]+",0.0288125985977952
"2.4","cembio","pos","559","cortisol","JYGXADMDTFJGBT",288.402,363.217193603516,"[M + H]+",0.950562085428459
"2.4","cembio","pos","562","cortisol","JYGXADMDTFJGBT",292.104,363.217193603516,"[M + H]+",0.738287737320882
"2.4","cembio","pos","565","cortisol","JYGXADMDTFJGBT",295.806,363.217193603516,"[M + H]+",0.875796528156812
"2.4","cembio","pos","574","cortisol","JYGXADMDTFJGBT",306.91300000002,363.217193603516,"[M + H]+",0.674685226567995
"2.4","cembio","pos","576","2-Methyl-4-pentenoic acid","HVRZYSHVZOELOH",309.61900000002,115.075401306152,"[M + H]+",0.0138576506740225
"2.4","cembio","pos","581","cortisol","JYGXADMDTFJGBT",315.31300000002,385.197998046875,"[M + Na]+",0.0133061507302074
"2.4","cembio","pos","585","2-Methyl-4-pentenoic acid","HVRZYSHVZOELOH",320.724,115.075401306152,"[M + H]+",0.00788805795158164
"2.4","cembio","pos","610","1-hexadecanoyl-sn-glycero-3-phosphocholine","ASWBNKHCZGQVJV",379.00900000002,518.3212890625,"[M + Na]+",0.225847600702988
"2.4","cembio","pos","613","1-hexadecanoyl-sn-glycero-3-phosphocholine","ASWBNKHCZGQVJV",383.42500000002,496.339996337891,"[M + H]+",0.0918403256664719
"2.4","cembio","pos","621","1-hexadecanoyl-sn-glycero-3-phosphocholine","ASWBNKHCZGQVJV",394.24900000002,496.339996337891,"[M + H]+",0.120980486513111
"2.4","cembio","pos","643","1-hexadecanoyl-sn-glycero-3-phosphocholine","ASWBNKHCZGQVJV",424.01800000002,496.339996337891,"[M + H]+",0.263109709950919
"2.4","cembio","pos","651","1-hexadecanoyl-sn-glycero-3-phosphocholine","ASWBNKHCZGQVJV",434.84200000002,496.339996337891,"[M + H]+",0.276434221385554
"2.4","cembio","pos","652","1-hexadecanoyl-sn-glycero-3-phosphocholine","ASWBNKHCZGQVJV",435.83899999998,518.3212890625,"[M + Na]+",0.249552811720444
"2.4","cembio","pos","653","1-hexadecanoyl-sn-glycero-3-phosphocholine","ASWBNKHCZGQVJV",437.54800000002,496.339996337891,"[M + H]+",0.207699161327182
"2.4","cembio","pos","655","1-hexadecanoyl-sn-glycero-3-phosphocholine","ASWBNKHCZGQVJV",440.25499999998,496.339996337891,"[M + H]+",0.517530783979906
"2.4","cembio","pos","657","1-hexadecanoyl-sn-glycero-3-phosphocholine","ASWBNKHCZGQVJV",442.96099999998,496.339996337891,"[M + H]+",0.663525941803224
"2.4","cembio","pos","658","1-hexadecanoyl-sn-glycero-3-phosphocholine","ASWBNKHCZGQVJV",443.95699999998,518.3212890625,"[M + Na]+",0.426458058951915
"2.4","cembio","pos","659","1-hexadecanoyl-sn-glycero-3-phosphocholine","ASWBNKHCZGQVJV",445.66699999998,496.339996337891,"[M + H]+",0.670401626104497
"2.4","cembio","pos","661","1-hexadecanoyl-sn-glycero-3-phosphocholine","ASWBNKHCZGQVJV",448.37200000002,496.339996337891,"[M + H]+",0.651973226116937
"2.4","cembio","pos","663","1-hexadecanoyl-sn-glycero-3-phosphocholine","ASWBNKHCZGQVJV",451.07800000002,496.339996337891,"[M + H]+",0.639477685730623
"2.4","cembio","pos","665","1-hexadecanoyl-sn-glycero-3-phosphocholine","ASWBNKHCZGQVJV",453.78400000002,496.339996337891,"[M + H]+",0.457981501413687
"2.4","cembio","pos","667","1-hexadecanoyl-sn-glycero-3-phosphocholine","ASWBNKHCZGQVJV",456.49000000002,496.339996337891,"[M + H]+",0.536839158980216
"2.4","cembio","pos","669","1-hexadecanoyl-sn-glycero-3-phosphocholine","ASWBNKHCZGQVJV",459.19600000002,496.339996337891,"[M + H]+",0.57223671356116
"2.4","cembio","pos","671","1-hexadecanoyl-sn-glycero-3-phosphocholine","ASWBNKHCZGQVJV",461.901,496.339996337891,"[M + H]+",0.459239268771866
"2.4","cembio","pos","673","1-hexadecanoyl-sn-glycero-3-phosphocholine","ASWBNKHCZGQVJV",464.607,496.339996337891,"[M + H]+",0.384422640162031
"2.4","cembio","pos","675","1-hexadecanoyl-sn-glycero-3-phosphocholine","ASWBNKHCZGQVJV",467.313,496.339996337891,"[M + H]+",0.196317679065866
"2.4","cembio","pos","677","1-hexadecanoyl-sn-glycero-3-phosphocholine","ASWBNKHCZGQVJV",470.019,496.339996337891,"[M + H]+",0.181377161695395
"2.4","cembio","pos","679","1-hexadecanoyl-sn-glycero-3-phosphocholine","ASWBNKHCZGQVJV",472.72600000002,496.339996337891,"[M + H]+",0.264232437595636
"2.4","cembio","pos","681","1-hexadecanoyl-sn-glycero-3-phosphocholine","ASWBNKHCZGQVJV",475.431,496.339996337891,"[M + H]+",0.170693580775049
"2.4","cembio","pos","683","1-hexadecanoyl-sn-glycero-3-phosphocholine","ASWBNKHCZGQVJV",478.137,496.339996337891,"[M + H]+",0.142163841605635
"2.4","cembio","pos","687","1-hexadecanoyl-sn-glycero-3-phosphocholine","ASWBNKHCZGQVJV",483.54799999998,496.339996337891,"[M + H]+",0.176717517575791
"2.4","cembio","pos","689","1-hexadecanoyl-sn-glycero-3-phosphocholine","ASWBNKHCZGQVJV",486.25300000002,496.339996337891,"[M + H]+",0.276505282850757
"2.4","cembio","pos","691","1-hexadecanoyl-sn-glycero-3-phosphocholine","ASWBNKHCZGQVJV",488.95900000002,496.339996337891,"[M + H]+",0.290111192346602
"2.4","cembio","neg","4","2'-deoxyadenosine","OLXZPDWKRNYJJZ",6.771,250.095397949219,"[M - H]-",0.147706798313931
"2.4","cembio","neg","5","citraconic acid","HNEGQIOMVPPMNR",7.76800000002,129.019195556641,"[M - H]-",0.0683412531981069
"2.4","cembio","neg","14","creatinine","DDRJAANPRJIHGJ",17.448,112.051597595215,"[M - H]-",0.140041594810169
"2.4","cembio","neg","15","4-guanidinobutanoic acid","TUHVEAJXIMEOSA",18.444,144.077896118164,"[M - H]-",0.0694874902246345
"2.4","cembio","neg","27","N-acetyl-alpha-D-galactosamine","OVRNDRQMDRJTHS",31.113,220.082702636719,"[M - H]-",0.222731342152893
"2.4","cembio","neg","29","4-guanidinobutanoic acid","TUHVEAJXIMEOSA",33.10600000002,144.077896118164,"[M - H]-",0.265002596762489
"2.4","cembio","neg","30","2'-deoxyadenosine","OLXZPDWKRNYJJZ",34.10200000002,250.095397949219,"[M - H]-",0.0217256902757657
"2.4","cembio","neg","41","N-acetyl-alpha-D-galactosamine","OVRNDRQMDRJTHS",45.77500000002,220.082702636719,"[M - H]-",0.302435627130442
"2.4","cembio","neg","43","4-guanidinobutanoic acid","TUHVEAJXIMEOSA",47.76799999998,144.077896118164,"[M - H]-",0.288776678502175
"2.4","cembio","neg","46","(S)-methylsuccinic acid","WXUAQHNMJWJLTG",50.757,131.035003662109,"[M - H]-",0.290643446096375
"2.4","cembio","neg","48","L-tryptophanamide","JLSKPBDKNIXMBS",52.75000000002,202.098495483398,"[M - H]-",0.127979952926947
"2.4","cembio","neg","56","creatinine","DDRJAANPRJIHGJ",61.434,112.051597595215,"[M - H]-",0.19475929502973
"2.4","cembio","neg","57","4-guanidinobutanoic acid","TUHVEAJXIMEOSA",62.43,144.077896118164,"[M - H]-",0.209005476697202
"2.4","cembio","neg","60","(S)-methylsuccinic acid","WXUAQHNMJWJLTG",65.41900000002,131.035003662109,"[M - H]-",0.721016736029744
"2.4","cembio","neg","71","4-guanidinobutanoic acid","TUHVEAJXIMEOSA",77.09200000002,144.077896118164,"[M - H]-",0.0341399090392956
"2.4","cembio","neg","73","citraconic acid","HNEGQIOMVPPMNR",79.08499999998,129.019195556641,"[M - H]-",0.22280842829186
"2.4","cembio","neg","76","L-tryptophanamide","JLSKPBDKNIXMBS",82.074,202.098495483398,"[M - H]-",0.713556883473457
"2.4","cembio","neg","87","(S)-methylsuccinic acid","WXUAQHNMJWJLTG",93.74599999998,131.035003662109,"[M - H]-",0.359837136697448
"2.4","cembio","neg","105","(S)-methylsuccinic acid","WXUAQHNMJWJLTG",113.10700000002,131.035003662109,"[M - H]-",0.322308219760862
"2.4","cembio","neg","113","5,6-dimethylbenzimidazole","LJUQGASMPRMWIW",121.79200000002,145.076995849609,"[M - H]-",0.142058036204805
"2.4","cembio","neg","114","citraconic acid","HNEGQIOMVPPMNR",122.78800000002,129.019195556641,"[M - H]-",0.0814831924938325
"2.4","cembio","neg","127","5,6-dihydroxyindole-2-carboxylic acid","YFTGOBNOJKXZJC",137.16700000002,192.030395507813,"[M - H]-",0.665725544016036
"2.4","cembio","neg","131","5,6-dihydroxyindole-2-carboxylic acid","YFTGOBNOJKXZJC",141.86599999998,192.030395507813,"[M - H]-",0.693244535174427
"2.4","cembio","neg","134","phloretic acid","NMHMNPHRMNGLLB",145.56799999998,165.055694580078,"[M - H]-",0.0213068555325054
"2.4","cembio","neg","136","5,6-dihydroxyindole-2-carboxylic acid","YFTGOBNOJKXZJC",147.561,192.030395507813,"[M - H]-",0.720090049297925
"2.4","cembio","neg","142","5,6-dihydroxyindole-2-carboxylic acid","YFTGOBNOJKXZJC",154.25200000002,192.030395507813,"[M - H]-",0.691679111739001
"2.4","cembio","neg","148","5,6-dihydroxyindole-2-carboxylic acid","YFTGOBNOJKXZJC",160.944,192.030395507813,"[M - H]-",0.632086366547129
"2.4","cembio","neg","154","5,6-dihydroxyindole-2-carboxylic acid","YFTGOBNOJKXZJC",167.63599999998,192.030395507813,"[M - H]-",0.210922442443033
"2.4","cembio","neg","165","5,6-dimethylbenzimidazole","LJUQGASMPRMWIW",180.02200000002,145.076995849609,"[M - H]-",0.383561213216264
"2.4","cembio","neg","166","5,6-dihydroxyindole-2-carboxylic acid","YFTGOBNOJKXZJC",181.01800000002,192.030395507813,"[M - H]-",0.0333180776498583
"2.4","cembio","neg","172","5,6-dihydroxyindole-2-carboxylic acid","YFTGOBNOJKXZJC",187.71,192.030395507813,"[M - H]-",0.0193909154702481
"2.4","cembio","neg","186","phloretic acid","NMHMNPHRMNGLLB",203.79799999998,165.055694580078,"[M - H]-",0.20878869963422
"2.4","cembio","neg","190","phloretic acid","NMHMNPHRMNGLLB",208.497,165.055694580078,"[M - H]-",0.230384596472697
"2.4","cembio","neg","194","phloretic acid","NMHMNPHRMNGLLB",213.19600000002,165.055694580078,"[M - H]-",0.115161654296618
"2.4","cembio","neg","198","phloretic acid","NMHMNPHRMNGLLB",217.89499999998,165.055694580078,"[M - H]-",0.136063504259677
"2.4","cembio","neg","227","phloretic acid","NMHMNPHRMNGLLB",251.067,165.055694580078,"[M - H]-",0.0955582175287199
"2.4","cembio","neg","231","phloretic acid","NMHMNPHRMNGLLB",255.765,165.055694580078,"[M - H]-",0.0786284146449633
"2.4","cembio","neg","235","phloretic acid","NMHMNPHRMNGLLB",260.46499999998,165.055694580078,"[M - H]-",0.104621161564449
"2.4","cembio","neg","254","cortisol","JYGXADMDTFJGBT",285.816,361.203002929688,"[M - H]-",0.816774811502589
"2.4","cembio","neg","256","cortisol","JYGXADMDTFJGBT",288.522,361.203002929688,"[M - H]-",0.805079807702197
"2.4","cembio","neg","272","cortisol","JYGXADMDTFJGBT",310.16899999998,361.203002929688,"[M - H]-",0.0669706318395615
"2.4","cembio","neg","300","1-hexadecanoyl-sn-glycero-3-phosphocholine","ASWBNKHCZGQVJV",435.47500000002,540.330871582031,"[M + CH2O2 - H]-",0.437927250869839
"2.4","hmgu","pos","615","3-methylbut-2-enoic acid","YYPNJNDODFVZLE",393.00049999998,101.057726285278,"[M + H]+",0.0150240049969814
"2.4","hmgu","pos","917","3-methylbut-2-enoic acid","YYPNJNDODFVZLE",597.93049999998,101.0585085208,"[M + H]+",0.239036123007153
"2.4","hmgu","neg","1834","1-hexadecanoyl-sn-glycero-3-phosphocholine","ASWBNKHCZGQVJV",460.161,540.329439409188,"[M + CH2O2 - H]-",0.354015024293436
"2.5","afekta","pos","12","cis-4-hydroxy-D-proline","PMMYEEVYMWASQN",27.1485,154.046905517578,"[M + Na]+",0.75358888565901
"2.5","afekta","pos","12","5-aminolevulinic acid","ZGXJTSGNIOSYLO",27.1485,154.046905517578,"[M + Na]+",0.75358888565901
"2.5","afekta","pos","15","N-carbamoyl-beta-alanine","JSJWCHRYRHKBBW",30.855,133.060211181641,"[M + H]+",0.0347037329737855
"2.5","afekta","pos","17","hypoxanthine","FDGQSTZJBFJUBT",32.40000195312,137.045555114746,"[M + H]+",0.825207284223676
"2.5","afekta","pos","38","2-phenylethylamine","BHHGXPLMPWCGHP",77.01350000001,122.095887472463,"[M + H]+",0.835154922494235
"2.5","afekta","pos","44","2-phenylethylamine","BHHGXPLMPWCGHP",95.3025,122.095887472463,"[M + H]+",0.144217686943717
"2.5","afekta","pos","91","xanthurenic acid","FBZONXHGGPHHIY",217.71699999999,206.043670654297,"[M + H]+",0.444641274213329
"2.5","afekta","neg","379","D-glyceric acid","RBNPOMFGQQGHHO",27.57650000001,105.018549601237,"[M - H]-",0.709878164283531
"2.5","afekta","neg","382","N-carbamoyl-beta-alanine","JSJWCHRYRHKBBW",31.7625,131.045318603516,"[M - H]-",0.148885302288061
"2.5","afekta","neg","429","xanthurenic acid","FBZONXHGGPHHIY",159.40450000002,204.028791427612,"[M - H]-",0.251732453560658
"2.5","cembio","pos","217","N-carbamoyl-beta-alanine","JSJWCHRYRHKBBW",8.607,133.061706542969,"[M + H]+",0.017826753123272
"2.5","cembio","pos","219","pyridoxal","RADKZDMFGJYCBB",10.599,168.065902709961,"[M + H]+",0.130609627604228
"2.5","cembio","pos","226","N-carbamoyl-beta-alanine","JSJWCHRYRHKBBW",17.574,155.042495727539,"[M + Na]+",0.0308594134174791
"2.5","cembio","pos","228","2-phenylethylamine","BHHGXPLMPWCGHP",20.28,122.096496582031,"[M + H]+",0.0950495165979134
"2.5","cembio","pos","231","5-aminolevulinic acid","ZGXJTSGNIOSYLO",23.26900000002,132.065795898438,"[M + H]+",0.343002544821041
"2.5","cembio","pos","231","cis-4-hydroxy-D-proline","PMMYEEVYMWASQN",23.26900000002,132.065795898438,"[M + H]+",0.343002544821041
"2.5","cembio","pos","232","N-carbamoyl-beta-alanine","JSJWCHRYRHKBBW",24.26500000002,133.061706542969,"[M + H]+",0.0501470551928829
"2.5","cembio","pos","235","pyridoxal","RADKZDMFGJYCBB",27.25399999998,168.065902709961,"[M + H]+",0.878212389957452
"2.5","cembio","pos","238","5-oxo-L-proline","ODHCTXKNWHHXJC",30.243,152.032196044922,"[M + Na]+",0.064488103247754
"2.5","cembio","pos","243","N-carbamoyl-beta-alanine","JSJWCHRYRHKBBW",35.22499999998,155.042495727539,"[M + Na]+",0.0769166699657623
"2.5","cembio","pos","245","2-phenylethylamine","BHHGXPLMPWCGHP",37.93099999998,122.096496582031,"[M + H]+",0.176974500894903
"2.5","cembio","pos","246","picolinic acid","SIOXPEMLGUPBBT",38.92699999998,124.039398193359,"[M + H]+",0.859633468159178
"2.5","cembio","pos","248","5-aminolevulinic acid","ZGXJTSGNIOSYLO",40.92,132.065795898438,"[M + H]+",0.379203876261729
"2.5","cembio","pos","248","cis-4-hydroxy-D-proline","PMMYEEVYMWASQN",40.92,132.065795898438,"[M + H]+",0.379203876261729
"2.5","cembio","pos","249","N-carbamoyl-beta-alanine","JSJWCHRYRHKBBW",41.916,133.061706542969,"[M + H]+",0.47827486506596
"2.5","cembio","pos","250","hypoxanthine","FDGQSTZJBFJUBT",42.912,137.0458984375,"[M + H]+",0.816156165672738
"2.5","cembio","pos","252","pyridoxal","RADKZDMFGJYCBB",44.90500000002,168.065902709961,"[M + H]+",0.879310900746355
"2.5","cembio","pos","253","inosine","UGQMRVRMYYASKQ",45.90100000002,269.088195800781,"[M + H]+",0.881050350480366
"2.5","cembio","pos","258","picolinic acid","SIOXPEMLGUPBBT",50.883,146.019897460938,"[M + Na]+",0.0408145810942554
"2.5","cembio","pos","259","5-aminolevulinic acid","ZGXJTSGNIOSYLO",51.879,154.048095703125,"[M + Na]+",0.0270260376279456
"2.5","cembio","pos","261","pyridin-2-ol","UBQKCCHYAOITMY",54.585,96.044403076172,"[M + H]+",0.68103638972469
"2.5","cembio","pos","262","2-phenylethylamine","BHHGXPLMPWCGHP",55.58200000002,122.096496582031,"[M + H]+",0.961218081545089
"2.5","cembio","pos","263","picolinic acid","SIOXPEMLGUPBBT",56.57800000002,124.039398193359,"[M + H]+",0.801948929259123
"2.5","cembio","pos","266","N-carbamoyl-beta-alanine","JSJWCHRYRHKBBW",59.56699999998,133.061706542969,"[M + H]+",0.026757544639388
"2.5","cembio","pos","267","hypoxanthine","FDGQSTZJBFJUBT",60.56299999998,137.0458984375,"[M + H]+",0.85286809742573
"2.5","cembio","pos","268","5-hydroxymethyl-2-furoic acid","PCSKKIUURRTAEM",61.56,143.034896850586,"[M + H]+",0.718367306691499
"2.5","cembio","pos","269","pyridoxal","RADKZDMFGJYCBB",62.556,168.065902709961,"[M + H]+",0.886108750393399
"2.5","cembio","pos","276","5-aminolevulinic acid","ZGXJTSGNIOSYLO",69.52999999998,154.048095703125,"[M + Na]+",0.0740765002144773
"2.5","cembio","pos","278","pyridin-2-ol","UBQKCCHYAOITMY",72.237,96.044403076172,"[M + H]+",0.68205596621116
"2.5","cembio","pos","279","2-phenylethylamine","BHHGXPLMPWCGHP",73.233,122.096496582031,"[M + H]+",0.908075480834071
"2.5","cembio","pos","280","picolinic acid","SIOXPEMLGUPBBT",74.229,124.039398193359,"[M + H]+",0.752875150814735
"2.5","cembio","pos","282","5-aminolevulinic acid","ZGXJTSGNIOSYLO",76.22200000002,132.065795898438,"[M + H]+",0.0321134608720276
"2.5","cembio","pos","283","N-carbamoyl-beta-alanine","JSJWCHRYRHKBBW",77.21800000002,133.061706542969,"[M + H]+",0.119800884839978
"2.5","cembio","pos","285","hypoxanthine","FDGQSTZJBFJUBT",79.21099999998,137.0458984375,"[M + H]+",0.833624653639242
"2.5","cembio","pos","286","5-hydroxymethyl-2-furoic acid","PCSKKIUURRTAEM",80.20699999998,143.034896850586,"[M + Na]+",0.00787447377220794
"2.5","cembio","pos","287","pyridoxal","RADKZDMFGJYCBB",81.20299999998,168.065902709961,"[M + H]+",0.756307054745842
"2.5","cembio","pos","288","N-acetyl-L-valine","IHYJTAOFMMMOPX",82.2,160.096893310547,"[M + H]+",0.458466905642408
"2.5","cembio","pos","296","5-aminolevulinic acid","ZGXJTSGNIOSYLO",90.16999999998,154.048095703125,"[M + H]+",0.140178819902856
"2.5","cembio","pos","298","pyridin-2-ol","UBQKCCHYAOITMY",92.877,96.044403076172,"[M + H]+",0.663182494508887
"2.5","cembio","pos","299","2-phenylethylamine","BHHGXPLMPWCGHP",93.873,122.096496582031,"[M + H]+",0.899402215083232
"2.5","cembio","pos","305","xanthurenic acid","FBZONXHGGPHHIY",99.85099999998,206.045104980469,"[M + H]+",0.385877588857129
"2.5","cembio","pos","312","N-acetyl-L-valine","IHYJTAOFMMMOPX",106.82599999998,182.078796386719,"[M + Na]+",0.314838167789573
"2.5","cembio","pos","313","2-phenylethylamine","BHHGXPLMPWCGHP",108.53599999998,122.096496582031,"[M + H]+",0.867077456527743
"2.5","cembio","pos","315","Phenylglyoxal","OJUGVDODNPJEEC",110.52799999998,135.044006347656,"[M + H]+",0.16935214968527
"2.5","cembio","pos","318","N-acetyl-L-valine","IHYJTAOFMMMOPX",113.517,160.096893310547,"[M + H]+",0.0278405463486217
"2.5","cembio","pos","326","N-acetyl-L-valine","IHYJTAOFMMMOPX",121.488,182.078796386719,"[M + Na]+",0.888075785077092
"2.5","cembio","pos","327","2-phenylethylamine","BHHGXPLMPWCGHP",123.198,122.096496582031,"[M + H]+",0.799333383939316
"2.5","cembio","pos","329","Phenylglyoxal","OJUGVDODNPJEEC",125.19100000002,135.044006347656,"[M + H]+",0.0472139102132159
"2.5","cembio","pos","332","N-acetyl-L-valine","IHYJTAOFMMMOPX",128.1799921875,160.096893310547,"[M + H]+",0.958301287700492
"2.5","cembio","pos","333","xanthurenic acid","FBZONXHGGPHHIY",129.1759921875,206.045104980469,"[M + H]+",0.75566752556823
"2.5","cembio","pos","338","5-hydroxymethyl-2-furoic acid","PCSKKIUURRTAEM",134.157,165.015899658203,"[M + Na]+",0.0202123642856241
"2.5","cembio","pos","341","2-phenylethylamine","BHHGXPLMPWCGHP",137.859,122.096496582031,"[M + H]+",0.867008917362436
"2.5","cembio","pos","344","N-acetyl-L-valine","IHYJTAOFMMMOPX",140.84800000002,160.096893310547,"[M + H]+",0.869843053074156
"2.5","cembio","pos","345","xanthurenic acid","FBZONXHGGPHHIY",141.84400000002,206.045104980469,"[M + H]+",0.700025957119165
"2.5","cembio","pos","349","2-phenylethylamine","BHHGXPLMPWCGHP",146.54299999998,122.096496582031,"[M + H]+",0.632246376780352
"2.5","cembio","pos","352","N-acetyl-L-valine","IHYJTAOFMMMOPX",149.532,160.096893310547,"[M + H]+",0.655396937944638
"2.5","cembio","pos","353","xanthurenic acid","FBZONXHGGPHHIY",150.528,206.045104980469,"[M + H]+",0.682023896083139
"2.5","cembio","pos","357","2-phenylethylamine","BHHGXPLMPWCGHP",155.226,122.096496582031,"[M + H]+",0.807483276601882
"2.5","cembio","pos","358","Phenylglyoxal","OJUGVDODNPJEEC",156.22300000002,135.044006347656,"[M + Na]+",0.044623760896305
"2.5","cembio","pos","360","N-acetyl-L-valine","IHYJTAOFMMMOPX",158.21500000002,160.096893310547,"[M + H]+",0.645997270226403
"2.5","cembio","pos","361","xanthurenic acid","FBZONXHGGPHHIY",159.21199999998,206.045104980469,"[M + H]+",0.739226064811918
"2.5","cembio","pos","365","Phenylglyoxal","OJUGVDODNPJEEC",163.90999999998,135.044006347656,"[M + H]+",0.0810019050120614
"2.5","cembio","pos","367","N-acetyl-L-valine","IHYJTAOFMMMOPX",165.903,160.096893310547,"[M + H]+",0.560087739029326
"2.5","cembio","pos","368","xanthurenic acid","FBZONXHGGPHHIY",166.899,206.045104980469,"[M + H]+",0.560514977101609
"2.5","cembio","pos","371","N-acetyl-L-valine","IHYJTAOFMMMOPX",169.88800000002,182.078796386719,"[M + Na]+",0.156355425681803
"2.5","cembio","pos","372","Phenylglyoxal","OJUGVDODNPJEEC",171.59899999998,135.044006347656,"[M + H]+",0.110791245893111
"2.5","cembio","pos","374","N-acetyl-L-valine","IHYJTAOFMMMOPX",173.59099999998,160.096893310547,"[M + H]+",0.437581205586535
"2.5","cembio","pos","375","xanthurenic acid","FBZONXHGGPHHIY",174.588,206.045104980469,"[M + H]+",0.717607279060227
"2.5","cembio","pos","378","N-acetyl-L-valine","IHYJTAOFMMMOPX",177.57700000002,182.078796386719,"[M + Na]+",0.0460120219585088
"2.5","cembio","pos","379","3-hydroxybenzoic acid","IJFXRHURBJZNAO",179.286,139.039001464844,"[M + H]+",0.679622430915162
"2.5","cembio","pos","380","N-acetyl-L-valine","IHYJTAOFMMMOPX",180.282,160.096893310547,"[M + H]+",0.52939862222133
"2.5","cembio","pos","381","xanthurenic acid","FBZONXHGGPHHIY",181.278,206.045104980469,"[M + H]+",0.686824719341665
"2.5","cembio","pos","382","3-hydroxybenzoic acid","IJFXRHURBJZNAO",182.27500000002,161.019195556641,"[M + Na]+",0.0489311612806762
"2.5","cembio","pos","385","3-hydroxybenzoic acid","IJFXRHURBJZNAO",185.97799999998,139.039001464844,"[M + H]+",0.10628007348205
"2.5","cembio","pos","387","xanthurenic acid","FBZONXHGGPHHIY",187.96999999998,206.045104980469,"[M + H]+",0.633799778424898
"2.5","cembio","pos","391","3-hydroxybenzoic acid","IJFXRHURBJZNAO",192.669,139.039001464844,"[M + H]+",0.0583383111159403
"2.5","cembio","pos","392","xanthurenic acid","FBZONXHGGPHHIY",193.665,206.045104980469,"[M + H]+",0.641652781072034
"2.5","cembio","pos","399","3-hydroxybenzoic acid","IJFXRHURBJZNAO",202.065,139.039001464844,"[M + H]+",0.0469870401219854
"2.5","cembio","pos","400","xanthurenic acid","FBZONXHGGPHHIY",203.06200000002,206.045104980469,"[M + H]+",0.318496804538681
"2.5","cembio","pos","404","xanthurenic acid","FBZONXHGGPHHIY",207.76000000002,206.045104980469,"[M + H]+",0.478274408528823
"2.5","cembio","pos","435","3-hydroxybenzoic acid","IJFXRHURBJZNAO",249.345,139.039001464844,"[M + H]+",0.111157689117963
"2.5","cembio","pos","447","3-hydroxybenzoic acid","IJFXRHURBJZNAO",265.58200000002,139.039001464844,"[M + H]+",0.0480221645640077
"2.5","cembio","pos","457","trans-cinnamic acid","WBYWAXJHAXSJNI",351.24499999998,149.059799194336,"[M + H]+",0.153552974630044
"2.5","cembio","neg","4","5-oxo-L-proline","ODHCTXKNWHHXJC",6.585,128.035400390625,"[M - H]-",0.112267229493282
"2.5","cembio","neg","9","N-carbamoyl-beta-alanine","JSJWCHRYRHKBBW",11.56699999998,131.046401977539,"[M - H]-",0.0756230712468217
"2.5","cembio","neg","18","hypoxanthine","FDGQSTZJBFJUBT",21.24700000002,135.031204223633,"[M - H]-",0.215250739310975
"2.5","cembio","neg","25","D-ribofuranose","HMFHBZSHGGEWLO",28.935,149.045394897461,"[M - H]-",0.32169404092142
"2.5","cembio","neg","26","inosine","UGQMRVRMYYASKQ",29.931,267.073699951172,"[M - H]-",0.508290871929881
"2.5","cembio","neg","27","pyridoxal","RADKZDMFGJYCBB",30.927,166.05110168457,"[M - H]-",0.407888598106843
"2.5","cembio","neg","28","5-oxo-L-proline","ODHCTXKNWHHXJC",31.92400000002,128.035400390625,"[M - H]-",0.959994960653977
"2.5","cembio","neg","29","5-hydroxymethyl-2-furoic acid","PCSKKIUURRTAEM",32.92000000002,141.019393920898,"[M - H]-",0.0598493396947194
"2.5","cembio","neg","30","hypoxanthine","FDGQSTZJBFJUBT",33.91600000002,135.031204223633,"[M - H]-",0.267935821070992
"2.5","cembio","neg","32","D-glyceric acid","RBNPOMFGQQGHHO",35.90899999998,105.019302368164,"[M - H]-",0.776550188536753
"2.5","cembio","neg","34","oxalic acid","MUBZPKHOEPUJKR",37.902,88.987998962402,"[M - H]-",0.148868520135299
"2.5","cembio","neg","38","inosine","UGQMRVRMYYASKQ",42.6,267.073699951172,"[M - H]-",0.511243528467279
"2.5","cembio","neg","39","pyridoxal","RADKZDMFGJYCBB",43.59700000002,166.05110168457,"[M - H]-",0.0166224737453687
"2.5","cembio","neg","42","hypoxanthine","FDGQSTZJBFJUBT",46.58500000002,135.031204223633,"[M - H]-",0.156493862154057
"2.5","cembio","neg","43","cis-4-hydroxy-D-proline","PMMYEEVYMWASQN",47.58199999998,130.050994873047,"[M - H]-",0.475862279978246
"2.5","cembio","neg","43","5-aminolevulinic acid","ZGXJTSGNIOSYLO",47.58199999998,130.050994873047,"[M - H]-",0.475862279978246
"2.5","cembio","neg","44","D-glyceric acid","RBNPOMFGQQGHHO",48.57799999998,105.019302368164,"[M - H]-",0.557456738196994
"2.5","cembio","neg","45","N-carbamoyl-beta-alanine","JSJWCHRYRHKBBW",49.57399999998,131.046401977539,"[M - H]-",0.550035142013284
"2.5","cembio","neg","49","D-ribofuranose","HMFHBZSHGGEWLO",54.27400000002,149.045394897461,"[M - H]-",0.0650077152779021
"2.5","cembio","neg","50","inosine","UGQMRVRMYYASKQ",55.27000000002,267.073699951172,"[M - H]-",0.445895880155396
"2.5","cembio","neg","51","pyridoxal","RADKZDMFGJYCBB",56.26600000002,166.05110168457,"[M - H]-",0.462950964141725
"2.5","cembio","neg","52","5-oxo-L-proline","ODHCTXKNWHHXJC",57.26200000002,128.035400390625,"[M - H]-",0.862293523909674
"2.5","cembio","neg","53","5-hydroxymethyl-2-furoic acid","PCSKKIUURRTAEM",58.25899999998,141.019393920898,"[M - H]-",0.439120314747817
"2.5","cembio","neg","54","hypoxanthine","FDGQSTZJBFJUBT",59.25499999998,135.031204223633,"[M - H]-",0.405000175882413
"2.5","cembio","neg","55","cis-4-hydroxy-D-proline","PMMYEEVYMWASQN",60.25099999998,130.050994873047,"[M - H]-",0.105319084495363
"2.5","cembio","neg","55","5-aminolevulinic acid","ZGXJTSGNIOSYLO",60.25099999998,130.050994873047,"[M - H]-",0.105319084495363
"2.5","cembio","neg","56","D-glyceric acid","RBNPOMFGQQGHHO",61.248,105.019302368164,"[M - H]-",0.531350194980911
"2.5","cembio","neg","57","N-carbamoyl-beta-alanine","JSJWCHRYRHKBBW",62.244,131.046401977539,"[M - H]-",0.173673526848629
"2.5","cembio","neg","58","oxalic acid","MUBZPKHOEPUJKR",63.24,88.987998962402,"[M - H]-",0.0608116235444659
"2.5","cembio","neg","64","5-oxo-L-proline","ODHCTXKNWHHXJC",69.933,128.035400390625,"[M - H]-",0.0495785916472123
"2.5","cembio","neg","65","5-hydroxymethyl-2-furoic acid","PCSKKIUURRTAEM",70.929,141.019393920898,"[M - H]-",0.336789340478607
"2.5","cembio","neg","66","hypoxanthine","FDGQSTZJBFJUBT",71.925,135.031204223633,"[M - H]-",0.20606188190532
"2.5","cembio","neg","70","N-carbamoyl-beta-alanine","JSJWCHRYRHKBBW",75.91000000002,131.046401977539,"[M - H]-",0.308388497415612
"2.5","cembio","neg","78","5-hydroxymethyl-2-furoic acid","PCSKKIUURRTAEM",84.59500000002,141.019393920898,"[M - H]-",0.209417272725232
"2.5","cembio","neg","82","D-glyceric acid","RBNPOMFGQQGHHO",88.57999999998,105.019302368164,"[M - H]-",0.570214165217412
"2.5","cembio","neg","83","N-carbamoyl-beta-alanine","JSJWCHRYRHKBBW",89.577,131.046401977539,"[M - H]-",0.168337415303228
"2.5","cembio","neg","91","N-acetyl-L-valine","IHYJTAOFMMMOPX",98.26000000002,158.082305908203,"[M - H]-",0.214238810800408
"2.5","cembio","neg","95","5-hydroxymethyl-2-furoic acid","PCSKKIUURRTAEM",102.95899999998,141.019393920898,"[M - H]-",0.0264841699261048
"2.5","cembio","neg","101","5-hydroxymethyl-2-furoic acid","PCSKKIUURRTAEM",109.65,141.019393920898,"[M - H]-",0.0341661933572387
"2.5","cembio","neg","109","N-acetyl-L-valine","IHYJTAOFMMMOPX",118.33399999998,158.082305908203,"[M - H]-",0.833722775046364
"2.5","cembio","neg","115","N-acetyl-L-valine","IHYJTAOFMMMOPX",125.025,158.082305908203,"[M - H]-",0.804588884695684
"2.5","cembio","neg","118","xanthurenic acid","FBZONXHGGPHHIY",128.72700781248,204.030395507813,"[M - H]-",0.602311755955702
"2.5","cembio","neg","119","N-acetyl-L-valine","IHYJTAOFMMMOPX",129.72300781248,158.082305908203,"[M - H]-",0.844680100339595
"2.5","cembio","neg","122","xanthurenic acid","FBZONXHGGPHHIY",133.42699999998,204.030395507813,"[M - H]-",0.613050576183399
"2.5","cembio","neg","123","N-acetyl-L-valine","IHYJTAOFMMMOPX",134.42299999998,158.082305908203,"[M - H]-",0.669360109172379
"2.5","cembio","neg","126","xanthurenic acid","FBZONXHGGPHHIY",138.12499999998,204.030395507813,"[M - H]-",0.597338940104561
"2.5","cembio","neg","127","N-acetyl-L-valine","IHYJTAOFMMMOPX",139.12099999998,158.082305908203,"[M - H]-",0.822807464989279
"2.5","cembio","neg","130","xanthurenic acid","FBZONXHGGPHHIY",142.82299999998,204.030395507813,"[M - H]-",0.566519243038192
"2.5","cembio","neg","131","N-acetyl-L-valine","IHYJTAOFMMMOPX",143.82,158.082305908203,"[M - H]-",0.763400956713624
"2.5","cembio","neg","133","3-hydroxybenzoic acid","IJFXRHURBJZNAO",146.52499999998,137.024398803711,"[M - H]-",0.433684672065329
"2.5","cembio","neg","134","xanthurenic acid","FBZONXHGGPHHIY",147.522,204.030395507813,"[M - H]-",0.52671930466397
"2.5","cembio","neg","137","3-hydroxybenzoic acid","IJFXRHURBJZNAO",151.224,137.024398803711,"[M - H]-",0.0886323941797887
"2.5","cembio","neg","138","xanthurenic acid","FBZONXHGGPHHIY",152.22,204.030395507813,"[M - H]-",0.654547995854181
"2.5","cembio","neg","139","N-acetyl-L-valine","IHYJTAOFMMMOPX",153.21700000002,158.082305908203,"[M - H]-",0.795144871972337
"2.5","cembio","neg","141","3-hydroxybenzoic acid","IJFXRHURBJZNAO",155.922,137.024398803711,"[M - H]-",0.522063708452364
"2.5","cembio","neg","142","xanthurenic acid","FBZONXHGGPHHIY",156.918,204.030395507813,"[M - H]-",0.433268928793451
"2.5","cembio","neg","143","N-acetyl-L-valine","IHYJTAOFMMMOPX",157.91500000002,158.082305908203,"[M - H]-",0.327285499161895
"2.5","cembio","neg","145","3-hydroxybenzoic acid","IJFXRHURBJZNAO",160.62100000002,137.024398803711,"[M - H]-",0.0499114707331793
"2.5","cembio","neg","146","xanthurenic acid","FBZONXHGGPHHIY",161.61700000002,204.030395507813,"[M - H]-",0.397193249838531
"2.5","cembio","neg","147","N-acetyl-L-valine","IHYJTAOFMMMOPX",162.61300000002,158.082305908203,"[M - H]-",0.5609884378478
"2.5","cembio","neg","150","xanthurenic acid","FBZONXHGGPHHIY",166.31500000002,204.030395507813,"[M - H]-",0.561789540150962
"2.5","cembio","neg","153","3-hydroxybenzoic acid","IJFXRHURBJZNAO",170.01799999998,137.024398803711,"[M - H]-",0.397680623192374
"2.5","cembio","neg","154","xanthurenic acid","FBZONXHGGPHHIY",171.01399999998,204.030395507813,"[M - H]-",0.41931343826319
"2.5","cembio","neg","155","N-acetyl-L-valine","IHYJTAOFMMMOPX",172.00999999998,158.082305908203,"[M - H]-",0.555792102212772
"2.5","cembio","neg","161","3-hydroxybenzoic acid","IJFXRHURBJZNAO",179.41399999998,137.024398803711,"[M - H]-",0.483632059769554
"2.5","cembio","neg","162","xanthurenic acid","FBZONXHGGPHHIY",180.411,204.030395507813,"[M - H]-",0.362791962913978
"2.5","cembio","neg","165","3-hydroxybenzoic acid","IJFXRHURBJZNAO",184.113,137.024398803711,"[M - H]-",0.479357544740955
"2.5","cembio","neg","171","3-hydroxybenzoic acid","IJFXRHURBJZNAO",191.51800000002,137.024398803711,"[M - H]-",0.44050904484452
"2.5","cembio","neg","172","xanthurenic acid","FBZONXHGGPHHIY",192.51400000002,204.030395507813,"[M - H]-",0.472397407343395
"2.5","cembio","neg","174","3-hydroxybenzoic acid","IJFXRHURBJZNAO",195.22000000002,137.024398803711,"[M - H]-",0.432481255075114
"2.5","cembio","neg","177","3-hydroxybenzoic acid","IJFXRHURBJZNAO",198.92299999998,137.024398803711,"[M - H]-",0.462668744634153
"2.5","cembio","neg","178","xanthurenic acid","FBZONXHGGPHHIY",199.91899999998,204.030395507813,"[M - H]-",0.605648209666391
"2.5","cembio","neg","180","3-hydroxybenzoic acid","IJFXRHURBJZNAO",202.62499999998,137.024398803711,"[M - H]-",0.33533656796643
"2.5","cembio","neg","182","3-hydroxybenzoic acid","IJFXRHURBJZNAO",205.33099999998,137.024398803711,"[M - H]-",0.350326188076866
"2.5","cembio","neg","186","3-hydroxybenzoic acid","IJFXRHURBJZNAO",210.744,137.024398803711,"[M - H]-",0.591544867681156
"2.5","cembio","neg","192","3-hydroxybenzoic acid","IJFXRHURBJZNAO",218.86099999998,137.024398803711,"[M - H]-",0.30945095100506
"2.5","cembio","neg","202","3-hydroxybenzoic acid","IJFXRHURBJZNAO",232.39099999998,137.024398803711,"[M - H]-",0.298120407313416
"2.5","cembio","neg","206","3-hydroxybenzoic acid","IJFXRHURBJZNAO",237.80200000002,137.024398803711,"[M - H]-",0.569166344896111
"2.5","cembio","neg","208","3-hydroxybenzoic acid","IJFXRHURBJZNAO",240.50800000002,137.024398803711,"[M - H]-",0.397765848160314
"2.5","hmgu","pos","65","pyridin-2-ol","UBQKCCHYAOITMY",29.54350000002,96.044091942967,"[M + H]+",0.355796336776373
"2.5","hmgu","pos","66","pyridin-2-ol","UBQKCCHYAOITMY",30.204,96.043884963273,"[M + H]+",0.0702395533086593
"2.5","hmgu","pos","98","N-carbamoyl-beta-alanine","JSJWCHRYRHKBBW",52.78299999999,155.044110108524,"[M + Na]+",0.0263038096166326
"2.5","hmgu","pos","260","picolinic acid","SIOXPEMLGUPBBT",158.77099999998,124.037034598854,"[M + H]+",0.389879622989195
"2.5","hmgu","pos","342","picolinic acid","SIOXPEMLGUPBBT",215.61049999998,124.037545847384,"[M + H]+",0.366044143154652
"2.5","hmgu","pos","357","Phenylglyoxal","OJUGVDODNPJEEC",226.0605,135.043082783424,"[M + H]+",0.0486354290196032
"2.5","hmgu","pos","597","picolinic acid","SIOXPEMLGUPBBT",394.96699999998,124.037456121931,"[M + H]+",0.442109731680111
"2.5","hmgu","pos","626","trans-cinnamic acid","WBYWAXJHAXSJNI",415.55499999999,149.058708019386,"[M + H]+",0.0864552133880528
"2.5","hmgu","pos","958","trans-cinnamic acid","WBYWAXJHAXSJNI",641.394,149.059118088462,"[M + H]+",0.107247940733753
"2.5","hmgu","pos","1051","picolinic acid","SIOXPEMLGUPBBT",697.86700000002,124.038013801871,"[M + H]+",0.321804338807216
"2.5","hmgu","neg","1136","picolinic acid","SIOXPEMLGUPBBT",27.91249999998,122.024347110863,"[M - H]-",0.316548365945573
"2.5","hmgu","neg","1137","picolinic acid","SIOXPEMLGUPBBT",28.59999999999,122.024276657796,"[M - H]-",0.202134084940873
"2.5","hmgu","neg","1139","picolinic acid","SIOXPEMLGUPBBT",30.11149999998,122.024294636474,"[M - H]-",0.31678897116495
"2.5","hmgu","neg","1140","picolinic acid","SIOXPEMLGUPBBT",30.86199999999,122.024450683367,"[M - H]-",0.138736845841903
"2.5","hmgu","neg","1141","picolinic acid","SIOXPEMLGUPBBT",31.548,122.023994554311,"[M - H]-",0.0387989965985651
"2.5","hmgu","neg","1142","picolinic acid","SIOXPEMLGUPBBT",32.26750000002,122.024358300311,"[M - H]-",0.381337823826945
"2.5","hmgu","neg","1143","picolinic acid","SIOXPEMLGUPBBT",32.96749999998,122.024248123007,"[M - H]-",0.273132204931112
"2.5","hmgu","neg","1144","picolinic acid","SIOXPEMLGUPBBT",33.65950000002,122.024268964216,"[M - H]-",0.287039419741696
"2.5","hmgu","neg","1145","picolinic acid","SIOXPEMLGUPBBT",34.36750000002,122.024379035209,"[M - H]-",0.328947206409235
"2.5","hmgu","neg","1147","picolinic acid","SIOXPEMLGUPBBT",35.7825,122.024218054071,"[M - H]-",0.287880623050017
"2.5","hmgu","neg","1200","N-acetyl-L-valine","IHYJTAOFMMMOPX",71.19199999998,158.080514941433,"[M - H]-",0.673718295960328
"2.5","hmgu","neg","1268","N-acetyl-L-valine","IHYJTAOFMMMOPX",114.876,158.081658604274,"[M - H]-",0.441478859177679
"2.5","hmgu","neg","1347","3-hydroxybenzoic acid","IJFXRHURBJZNAO",162.74499999999,137.022698444514,"[M - H]-",0.101699210577094
"2.5","hmgu","neg","1353","Phenylglyoxal","OJUGVDODNPJEEC",166.99150000002,133.027729811538,"[M - H]-",0.0685862747487188
"2.6","afekta","pos","12","5-aminopentanoic acid","JJMDCOVWQOJGCB",26.724,118.085570229424,"[M + H]+",0.504821410422496
"2.6","afekta","pos","81","3-methyladipic acid","SYEOWUNSTUDKGM",175.90399999998,161.079956054688,"[M + H]+",0.76002371569358
"2.6","afekta","pos","116","lipoamide","FCCDDURTIIUXBY",268.92349999998,228.047294616699,"[M + Na]+",0.759997054190434
"2.6","afekta","neg","399","2-oxoglutaric acid","KPGXRSRHYNQIFN",30.354,145.013000488281,"[M - H]-",0.527749403859826
"2.6","afekta","neg","414","4-hydroxyphenylpyruvic acid","KKADPXVIOXHVKN",66.95799999999,179.032979329427,"[M - H]-",0.481190470452526
"2.6","afekta","neg","451","3-methyladipic acid","SYEOWUNSTUDKGM",168.97900000002,159.064865112305,"[M - H]-",0.650118655050293
"2.6","afekta","neg","452","3-methyladipic acid","SYEOWUNSTUDKGM",169.89549999999,159.064865112305,"[M - H]-",0.542111946520168
"2.6","afekta","neg","461","phenylacetylglycine","UTYVDVLMYQPLQB",190.446,192.064987182617,"[M - H]-",0.793813375627532
"2.6","afekta","neg","503","indole-3-butyric acid","JTEDVYBZBROSJT",304.58199999999,202.085121154785,"[M - H]-",0.352611778213262
"2.6","afekta","neg","505","indole-3-butyric acid","JTEDVYBZBROSJT",306.94250000001,202.085121154785,"[M - H]-",0.487744690488787
"2.6","cembio","pos","306","isonicotinic acid","TWBYWOBDOCUKOW",5.682,124.039497375488,"[M + H]+",0.596931804713365
"2.6","cembio","pos","309","4-hydroxy-4-methyloxan-2-one","JYVXNLLUYHCIIH",8.67100000002,131.070297241211,"[M + H]+",0.00746491959731153
"2.6","cembio","pos","310","xanthosine","UBORTCNDUKBEOP",9.66700000002,285.082885742188,"[M + Na]+",0.0542830887137607
"2.6","cembio","pos","311","5-hydroxymethyluracil","JDBGXEHEIRGOBU",10.66300000002,165.028900146484,"[M + H]+",0.0191305472335734
"2.6","cembio","pos","323","5-hydroxymethyluracil","JDBGXEHEIRGOBU",23.33200000002,165.028900146484,"[M + Na]+",0.120857082287175
"2.6","cembio","pos","330","isonicotinic acid","TWBYWOBDOCUKOW",31.02,124.039497375488,"[M + H]+",0.543393528005357
"2.6","cembio","pos","331","5-hydroxymethyluracil","JDBGXEHEIRGOBU",32.01599804688,143.04460144043,"[M + H]+",0.755655698380053
"2.6","cembio","pos","332","guanine","UYTPUPDQBNUYGX",33.01300000002,152.056900024414,"[M + H]+",0.598950799449738
"2.6","cembio","pos","341","pyrrolidin-2-one","HNJBEVLQSNELDL",42.693,86.059700012207,"[M + H]+",0.0251900846882619
"2.6","cembio","pos","342","isonicotinic acid","TWBYWOBDOCUKOW",43.689,124.039497375488,"[M + H]+",0.678634041315799
"2.6","cembio","pos","343","5-hydroxymethyluracil","JDBGXEHEIRGOBU",44.68600000002,143.04460144043,"[M + H]+",0.759013824013404
"2.6","cembio","pos","345","4-hydroxy-4-methyloxan-2-one","JYVXNLLUYHCIIH",46.67800000002,131.070297241211,"[M + H]+",0.268722288734444
"2.6","cembio","pos","348","xanthosine","UBORTCNDUKBEOP",49.66699999998,307.067413330078,"[M + H]+",0.201420413771692
"2.6","cembio","pos","354","isonicotinic acid","TWBYWOBDOCUKOW",56.35900000002,124.039497375488,"[M + H]+",0.620789693383078
"2.6","cembio","pos","357","4-hydroxy-4-methyloxan-2-one","JYVXNLLUYHCIIH",59.34799999998,131.070297241211,"[M + H]+",0.115887892225955
"2.6","cembio","pos","358","xanthosine","UBORTCNDUKBEOP",60.34399999998,285.082885742188,"[M + H]+",0.69535755038948
"2.6","cembio","pos","359","5-hydroxymethyluracil","JDBGXEHEIRGOBU",61.33999999998,165.028900146484,"[M + Na]+",0.00987692077376347
"2.6","cembio","pos","365","pyrrolidin-2-one","HNJBEVLQSNELDL",68.03200000002,86.059700012207,"[M + H]+",0.604038441667356
"2.6","cembio","pos","366","isonicotinic acid","TWBYWOBDOCUKOW",69.02899999998,124.039497375488,"[M + H]+",0.620339964522055
"2.6","cembio","pos","378","isonicotinic acid","TWBYWOBDOCUKOW",81.69799999998,124.039497375488,"[M + H]+",0.505230516608363
"2.6","cembio","pos","381","4-hydroxy-4-methyloxan-2-one","JYVXNLLUYHCIIH",84.687,131.070297241211,"[M + H]+",0.0134908181860674
"2.6","cembio","pos","382","xanthosine","UBORTCNDUKBEOP",85.68400000002,285.082885742188,"[M + K]+",0.0899150850161196
"2.6","cembio","pos","389","pyrrolidin-2-one","HNJBEVLQSNELDL",93.37099999998,86.059700012207,"[M + H]+",0.278638641454538
"2.6","cembio","pos","391","4-hydroxy-4-methyloxan-2-one","JYVXNLLUYHCIIH",95.364,131.070297241211,"[M + H]+",0.0125499493229858
"2.6","cembio","pos","392","xanthosine","UBORTCNDUKBEOP",96.36,285.082885742188,"[M + H]+",0.111691696443643
"2.6","cembio","pos","393","5-hydroxymethyluracil","JDBGXEHEIRGOBU",97.35700000002,165.028900146484,"[M + Na]+",0.269227677682008
"2.6","cembio","pos","398","4-hydroxy-4-methyloxan-2-one","JYVXNLLUYHCIIH",103.05199999998,131.070297241211,"[M + H]+",0.0107128120875161
"2.6","cembio","pos","399","xanthosine","UBORTCNDUKBEOP",104.049,285.082885742188,"[M + H]+",0.420433285250312
"2.6","cembio","pos","420","3-methyladipic acid","SYEOWUNSTUDKGM",129.9640078125,161.080902099609,"[M + H]+",0.286267382253984
"2.6","cembio","pos","424","3-methyladipic acid","SYEOWUNSTUDKGM",134.66299999998,161.080902099609,"[M + H]+",0.146867286135885
"2.6","cembio","pos","426","esculin","XHCADAYNFIFUHF",136.65499999998,363.068695068359,"[M + Na]+",0.313595879988641
"2.6","cembio","pos","430","phenylacetylglycine","UTYVDVLMYQPLQB",141.354,194.081695556641,"[M + H]+",0.35415222609041
"2.6","cembio","pos","438","phenylacetylglycine","UTYVDVLMYQPLQB",150.03799999998,194.081695556641,"[M + H]+",0.395604139775415
"2.6","cembio","pos","439","esculin","XHCADAYNFIFUHF",151.03399999998,341.08740234375,"[M + H]+",0.793165415817199
"2.6","cembio","pos","446","phenylacetylglycine","UTYVDVLMYQPLQB",158.721,194.081695556641,"[M + H]+",0.458245734278626
"2.6","cembio","pos","447","esculin","XHCADAYNFIFUHF",159.71800000002,341.08740234375,"[M + H]+",0.830647307684998
"2.6","cembio","pos","449","5-aminopentanoic acid","JJMDCOVWQOJGCB",161.71000000002,140.068405151367,"[M + Na]+",0.312664787418957
"2.6","cembio","pos","453","3-methyladipic acid","SYEOWUNSTUDKGM",166.40899999998,161.080902099609,"[M + H]+",0.0103292649043775
"2.6","cembio","pos","454","phenylacetylglycine","UTYVDVLMYQPLQB",167.40499999998,194.081695556641,"[M + H]+",0.377623594510909
"2.6","cembio","pos","455","esculin","XHCADAYNFIFUHF",168.40099999998,341.08740234375,"[M + H]+",0.782794053755116
"2.6","cembio","pos","461","3-methyladipic acid","SYEOWUNSTUDKGM",175.092,161.080902099609,"[M + H]+",0.229883092074394
"2.6","cembio","pos","462","phenylacetylglycine","UTYVDVLMYQPLQB",176.08900000002,194.081695556641,"[M + H]+",0.230505749775212
"2.6","cembio","pos","469","3-methyladipic acid","SYEOWUNSTUDKGM",183.777,161.080902099609,"[M + H]+",0.280182103149463
"2.6","cembio","pos","478","phenylacetylglycine","UTYVDVLMYQPLQB",193.45699999998,194.081695556641,"[M + H]+",0.94190528668084
"2.6","cembio","pos","480","phenylacetylglycine","UTYVDVLMYQPLQB",195.45,216.063201904297,"[M + Na]+",0.0521885414171285
"2.6","cembio","pos","482","esculin","XHCADAYNFIFUHF",197.442,363.068695068359,"[M + K]+",0.132626340609862
"2.6","cembio","pos","486","phenylacetylglycine","UTYVDVLMYQPLQB",202.14100000002,194.081695556641,"[M + H]+",0.521438622681293
"2.6","cembio","pos","491","3-methyladipic acid","SYEOWUNSTUDKGM",207.123,183.062805175781,"[M + Na]+",0.320324245303492
"2.6","cembio","pos","494","phenylacetylglycine","UTYVDVLMYQPLQB",210.82600000002,194.081695556641,"[M + H]+",0.0347677943544815
"2.6","cembio","pos","502","phenylacetylglycine","UTYVDVLMYQPLQB",219.51,194.081695556641,"[M + H]+",0.113018044758294
"2.6","cembio","pos","508","3-methyladipic acid","SYEOWUNSTUDKGM",225.48700000002,183.062805175781,"[M + Na]+",0.148526895824267
"2.6","cembio","pos","509","lipoamide","FCCDDURTIIUXBY",226.48399999998,228.049102783203,"[M + Na]+",0.222629971271736
"2.6","cembio","pos","511","3-methyladipic acid","SYEOWUNSTUDKGM",229.18999999998,161.080902099609,"[M + H]+",0.489396080986251
"2.6","cembio","pos","512","phenylacetylglycine","UTYVDVLMYQPLQB",230.187,194.081695556641,"[M + H]+",0.10435418947668
"2.6","cembio","pos","517","lipoamide","FCCDDURTIIUXBY",235.16800000002,228.049102783203,"[M + Na]+",0.290544497557225
"2.6","cembio","pos","520","phenylacetylglycine","UTYVDVLMYQPLQB",238.87099999998,194.081695556641,"[M + H]+",0.313560861212201
"2.6","cembio","pos","522","phenylacetylglycine","UTYVDVLMYQPLQB",240.86299999998,216.063201904297,"[M + Na]+",0.0930509872865277
"2.6","cembio","pos","525","lipoamide","FCCDDURTIIUXBY",243.852,228.049102783203,"[M + Na]+",0.213625434363184
"2.6","cembio","pos","527","phenylacetylglycine","UTYVDVLMYQPLQB",246.55900000002,194.081695556641,"[M + H]+",0.378938845469251
"2.6","cembio","pos","528","lipoamide","FCCDDURTIIUXBY",247.55500000002,206.06689453125,"[M + H]+",0.0405857652434892
"2.6","cembio","pos","531","lipoamide","FCCDDURTIIUXBY",250.54399999998,228.049102783203,"[M + Na]+",0.285058418902429
"2.6","cembio","pos","533","phenylacetylglycine","UTYVDVLMYQPLQB",253.24999999998,194.081695556641,"[M + H]+",0.129410178654613
"2.6","cembio","pos","535","phenylacetylglycine","UTYVDVLMYQPLQB",255.243,216.063201904297,"[M + Na]+",0.0360791701114664
"2.6","cembio","pos","537","lipoamide","FCCDDURTIIUXBY",257.23498437498,228.049102783203,"[M + Na]+",0.212503333243255
"2.6","cembio","pos","539","lipoamide","FCCDDURTIIUXBY",259.94299999998,206.06689453125,"[M + H]+",0.368778992447929
"2.6","cembio","pos","541","lipoamide","FCCDDURTIIUXBY",261.936,228.049102783203,"[M + Na]+",0.075283459010486
"2.6","cembio","pos","545","lipoamide","FCCDDURTIIUXBY",266.634,228.049102783203,"[M + Na]+",0.249044509278514
"2.6","cembio","pos","547","lipoamide","FCCDDURTIIUXBY",269.34,206.06689453125,"[M + H]+",0.82831410524054
"2.6","cembio","pos","549","lipoamide","FCCDDURTIIUXBY",271.33300000002,228.049102783203,"[M + Na]+",0.139282349079072
"2.6","cembio","pos","551","lipoamide","FCCDDURTIIUXBY",274.03900000002,206.06689453125,"[M + H]+",0.801936159925706
"2.6","cembio","pos","553","lipoamide","FCCDDURTIIUXBY",276.03100000002,228.049102783203,"[M + Na]+",0.147110287367944
"2.6","cembio","pos","555","lipoamide","FCCDDURTIIUXBY",278.73700000002,206.06689453125,"[M + H]+",0.812165322915119
"2.6","cembio","pos","557","lipoamide","FCCDDURTIIUXBY",280.72999999998,228.049102783203,"[M + Na]+",0.473912198628101
"2.6","cembio","pos","559","lipoamide","FCCDDURTIIUXBY",283.43500000002,206.06689453125,"[M + H]+",0.757516450915833
"2.6","cembio","pos","561","lipoamide","FCCDDURTIIUXBY",285.42799999998,228.049102783203,"[M + Na]+",0.303992729039306
"2.6","cembio","pos","563","lipoamide","FCCDDURTIIUXBY",288.13399999998,206.06689453125,"[M + H]+",0.646725770189539
"2.6","cembio","pos","565","lipoamide","FCCDDURTIIUXBY",290.12599999998,228.049102783203,"[M + Na]+",0.292458542853393
"2.6","cembio","pos","567","lipoamide","FCCDDURTIIUXBY",292.83199999998,206.06689453125,"[M + H]+",0.636214558065299
"2.6","cembio","pos","569","lipoamide","FCCDDURTIIUXBY",294.82399999998,228.049102783203,"[M + Na]+",0.224144014216751
"2.6","cembio","pos","570","indole-3-butyric acid","JTEDVYBZBROSJT",296.53399999998,204.102203369141,"[M + H]+",0.564811260211527
"2.6","cembio","pos","571","lipoamide","FCCDDURTIIUXBY",297.52999999998,206.06689453125,"[M + H]+",0.331829440069458
"2.6","cembio","pos","573","lipoamide","FCCDDURTIIUXBY",299.523,228.049102783203,"[M + Na]+",0.172308265001364
"2.6","cembio","pos","574","indole-3-butyric acid","JTEDVYBZBROSJT",301.23199999998,204.102203369141,"[M + K]+",0.0114153538757845
"2.6","cembio","pos","577","lipoamide","FCCDDURTIIUXBY",304.221,228.049102783203,"[M + Na]+",0.27672519202985
"2.6","cembio","pos","578","indole-3-butyric acid","JTEDVYBZBROSJT",305.931,204.102203369141,"[M + H]+",0.907688231525044
"2.6","cembio","pos","582","indole-3-butyric acid","JTEDVYBZBROSJT",310.629,204.102203369141,"[M + H]+",0.984701555238647
"2.6","cembio","pos","585","lipoamide","FCCDDURTIIUXBY",313.61800000002,228.049102783203,"[M + Na]+",0.11806471903602
"2.6","cembio","pos","587","lipoamide","FCCDDURTIIUXBY",316.32400000002,206.06689453125,"[M + H]+",0.121270190346217
"2.6","cembio","pos","589","lipoamide","FCCDDURTIIUXBY",318.31699999998,228.049102783203,"[M + Na]+",0.112474766453579
"2.6","cembio","pos","591","lipoamide","FCCDDURTIIUXBY",321.02299999998,206.06689453125,"[M + H]+",0.148863364336012
"2.6","cembio","pos","593","lipoamide","FCCDDURTIIUXBY",323.01499999998,228.049102783203,"[M + Na]+",0.245312161515011
"2.6","cembio","pos","594","indole-3-butyric acid","JTEDVYBZBROSJT",324.72499999998,204.102203369141,"[M + H]+",0.864473812126012
"2.6","cembio","pos","597","lipoamide","FCCDDURTIIUXBY",327.714,228.049102783203,"[M + Na]+",0.076566930608947
"2.6","cembio","pos","602","indole-3-butyric acid","JTEDVYBZBROSJT",334.12099999998,204.102203369141,"[M + H]+",0.641418611383722
"2.6","cembio","pos","618","indole-3-butyric acid","JTEDVYBZBROSJT",355.767,204.102203369141,"[M + K]+",0.0202368302089896
"2.6","cembio","neg","7","guanine","UYTPUPDQBNUYGX",9.74200000002,150.042007446289,"[M - H]-",0.0650208187454403
"2.6","cembio","neg","26","2-oxoglutaric acid","KPGXRSRHYNQIFN",30.10000000002,145.014297485352,"[M - H]-",0.594603403727397
"2.6","cembio","neg","27","isonicotinic acid","TWBYWOBDOCUKOW",31.09600000002,122.024803161621,"[M - H]-",0.292965601517551
"2.6","cembio","neg","28","5-hydroxymethyluracil","JDBGXEHEIRGOBU",32.09200000002,141.03059387207,"[M - H]-",0.547371416470409
"2.6","cembio","neg","38","2-oxoglutaric acid","KPGXRSRHYNQIFN",42.76900000002,145.014297485352,"[M - H]-",0.513766760365296
"2.6","cembio","neg","39","isonicotinic acid","TWBYWOBDOCUKOW",43.76500000002,122.024803161621,"[M - H]-",0.286076955830564
"2.6","cembio","neg","40","5-hydroxymethyluracil","JDBGXEHEIRGOBU",44.76100000002,141.03059387207,"[M - H]-",0.378463562044312
"2.6","cembio","neg","41","xanthosine","UBORTCNDUKBEOP",45.75799999998,283.068695068359,"[M - H]-",0.465853911548902
"2.6","cembio","neg","42","(S)-2-hydroxybutyric acid","AFENDNXGAFYKQO",46.75399999998,103.040000915527,"[M - H]-",0.708915910005806
"2.6","cembio","neg","44","glyceraldehyde","MNQZXJOMYWMBOU",48.747,89.024398803711,"[M - H]-",0.099139108311762
"2.6","cembio","neg","50","2-oxoglutaric acid","KPGXRSRHYNQIFN",55.43800000002,145.014297485352,"[M - H]-",0.352661872242632
"2.6","cembio","neg","53","xanthosine","UBORTCNDUKBEOP",58.42699999998,283.068695068359,"[M - H]-",0.0846296713455606
"2.6","cembio","neg","54","(S)-2-hydroxybutyric acid","AFENDNXGAFYKQO",59.42299999998,103.040000915527,"[M - H]-",0.315069273908254
"2.6","cembio","neg","64","5-hydroxymethyluracil","JDBGXEHEIRGOBU",70.09999999998,141.03059387207,"[M - H]-",0.538322839208507
"2.6","cembio","neg","65","xanthosine","UBORTCNDUKBEOP",71.09599999998,283.068695068359,"[M - H]-",0.0629984295605065
"2.6","cembio","neg","67","(S)-2-hydroxybutyric acid","AFENDNXGAFYKQO",73.089,103.040000915527,"[M - H]-",0.749851995486422
"2.6","cembio","neg","75","2-oxoglutaric acid","KPGXRSRHYNQIFN",81.77299999998,145.014297485352,"[M - H]-",0.348554122153042
"2.6","cembio","neg","76","isonicotinic acid","TWBYWOBDOCUKOW",82.76899999998,122.024803161621,"[M - H]-",0.296182473577549
"2.6","cembio","neg","80","(S)-2-hydroxybutyric acid","AFENDNXGAFYKQO",86.75500000002,103.040000915527,"[M - H]-",0.108622328473374
"2.6","cembio","neg","81","guanine","UYTPUPDQBNUYGX",87.75100000002,150.042007446289,"[M - H]-",0.498582811183227
"2.6","cembio","neg","89","3-methyl-2-oxovaleric acid","JVQYSWDUAOAHFM",96.43600000002,129.055692611202,"[M - H]-",0.238528722796424
"2.6","cembio","neg","90","(S)-2-hydroxybutyric acid","AFENDNXGAFYKQO",97.43200000002,103.040000915527,"[M - H]-",0.460536535810423
"2.6","cembio","neg","98","(S)-2-hydroxybutyric acid","AFENDNXGAFYKQO",107.112,103.040000915527,"[M - H]-",0.304821756655935
"2.6","cembio","neg","99","glyceraldehyde","MNQZXJOMYWMBOU",108.10900000002,89.024398803711,"[M - H]-",0.0622643942798484
"2.6","cembio","neg","104","3-methyl-2-oxovaleric acid","JVQYSWDUAOAHFM",114.30200000001,129.055692611202,"[M - H]-",0.242068655979456
"2.6","cembio","neg","110","3-methyl-2-oxovaleric acid","JVQYSWDUAOAHFM",121.98949999998,129.055692611202,"[M - H]-",0.17655738928886
"2.6","cembio","neg","111","3-methyladipic acid","SYEOWUNSTUDKGM",123.48400000002,159.066299438477,"[M - H]-",0.269681157361549
"2.6","cembio","neg","125","phenylacetylglycine","UTYVDVLMYQPLQB",141.567,192.066604614258,"[M - H]-",0.203814789524393
"2.6","cembio","neg","131","esculin","XHCADAYNFIFUHF",149.25499999998,339.072113037109,"[M - H]-",0.421338199379214
"2.6","cembio","neg","132","4-hydroxy-4-methyloxan-2-one","JYVXNLLUYHCIIH",150.74900000001,129.055692611202,"[M - H]-",0.0227619376635138
"2.6","cembio","neg","136","esculin","XHCADAYNFIFUHF",155.946,339.072113037109,"[M - H]-",0.382270628639029
"2.6","cembio","neg","137","3-methyl-2-oxovaleric acid","JVQYSWDUAOAHFM",157.44,129.055692611202,"[M - H]-",0.0685644852752904
"2.6","cembio","neg","138","3-methyladipic acid","SYEOWUNSTUDKGM",158.93500000002,159.066299438477,"[M - H]-",0.343063189525506
"2.6","cembio","neg","141","esculin","XHCADAYNFIFUHF",162.63700000002,339.072113037109,"[M - H]-",0.426992149674581
"2.6","cembio","neg","142","4-hydroxy-4-methyloxan-2-one","JYVXNLLUYHCIIH",164.13099999999,129.055692611202,"[M - H]-",0.00633289401390532
"2.6","cembio","neg","143","3-methyladipic acid","SYEOWUNSTUDKGM",165.62599999998,159.066299438477,"[M - H]-",0.359214406185787
"2.6","cembio","neg","146","esculin","XHCADAYNFIFUHF",169.329,339.072113037109,"[M - H]-",0.364321038280499
"2.6","cembio","neg","147","4-hydroxy-4-methyloxan-2-one","JYVXNLLUYHCIIH",170.823,129.055692611202,"[M - H]-",0.0239776347489405
"2.6","cembio","neg","148","3-methyladipic acid","SYEOWUNSTUDKGM",172.31800000002,159.066299438477,"[M - H]-",0.601958245539233
"2.6","cembio","neg","153","3-methyladipic acid","SYEOWUNSTUDKGM",179.00899999998,159.066299438477,"[M - H]-",0.561332158431214
"2.6","cembio","neg","158","3-methyladipic acid","SYEOWUNSTUDKGM",184.70299999998,159.066299438477,"[M - H]-",0.520889302720692
"2.6","cembio","neg","160","phenylacetylglycine","UTYVDVLMYQPLQB",187.40899999998,192.066604614258,"[M - H]-",0.898912870247653
"2.6","cembio","neg","165","phenylacetylglycine","UTYVDVLMYQPLQB",193.104,192.066604614258,"[M - H]-",0.899299678344512
"2.6","cembio","neg","168","3-methyladipic acid","SYEOWUNSTUDKGM",196.09300000002,159.066299438477,"[M - H]-",0.593787347693931
"2.6","cembio","neg","170","phenylacetylglycine","UTYVDVLMYQPLQB",198.79900000002,192.066604614258,"[M - H]-",0.863829544339354
"2.6","cembio","neg","177","3-methyl-2-oxovaleric acid","JVQYSWDUAOAHFM",206.48599999998,129.055692611202,"[M - H]-",0.0314576369118275
"2.6","cembio","neg","178","3-methyladipic acid","SYEOWUNSTUDKGM",207.483,159.066299438477,"[M - H]-",0.317838365483352
"2.6","cembio","neg","183","3-methyladipic acid","SYEOWUNSTUDKGM",213.17800000002,159.066299438477,"[M - H]-",0.175101476990181
"2.6","cembio","neg","185","phenylacetylglycine","UTYVDVLMYQPLQB",215.88400000002,192.066604614258,"[M - H]-",0.802545316681573
"2.6","cembio","neg","187","3-methyladipic acid","SYEOWUNSTUDKGM",217.87600000002,159.066299438477,"[M - H]-",0.274895868517439
"2.6","cembio","neg","193","phenylacetylglycine","UTYVDVLMYQPLQB",225.28099999998,192.066604614258,"[M - H]-",0.679049427003027
"2.6","cembio","neg","195","3-methyladipic acid","SYEOWUNSTUDKGM",227.274,159.066299438477,"[M - H]-",0.26784087306782
"2.6","cembio","neg","197","phenylacetylglycine","UTYVDVLMYQPLQB",229.97899999998,192.066604614258,"[M - H]-",0.616309291489871
"2.6","cembio","neg","199","3-methyladipic acid","SYEOWUNSTUDKGM",231.97099999998,159.066299438477,"[M - H]-",0.368569591505034
"2.6","cembio","neg","210","phenylacetylglycine","UTYVDVLMYQPLQB",245.78500000002,192.066604614258,"[M - H]-",0.543933457720387
"2.6","cembio","neg","216","indole-3-butyric acid","JTEDVYBZBROSJT",253.188,202.087493896484,"[M - H]-",0.287343962755395
"2.6","cembio","neg","256","indole-3-butyric acid","JTEDVYBZBROSJT",305.16700000002,202.087493896484,"[M - H]-",0.768161089398746
"2.6","cembio","neg","258","indole-3-butyric acid","JTEDVYBZBROSJT",307.87300000002,202.087493896484,"[M - H]-",0.778875334189879
"2.6","cembio","neg","260","indole-3-butyric acid","JTEDVYBZBROSJT",310.57999999998,202.087493896484,"[M - H]-",0.522092624864129
"2.6","cembio","neg","262","indole-3-butyric acid","JTEDVYBZBROSJT",313.28599999998,202.087493896484,"[M - H]-",0.732336210966903
"2.6","cembio","neg","264","indole-3-butyric acid","JTEDVYBZBROSJT",315.99199999998,202.087493896484,"[M - H]-",0.249632207747272
"2.6","cembio","neg","266","indole-3-butyric acid","JTEDVYBZBROSJT",318.69700000002,202.087493896484,"[M - H]-",0.524815939271453
"2.6","cembio","neg","268","indole-3-butyric acid","JTEDVYBZBROSJT",321.40300000002,202.087493896484,"[M - H]-",0.133550063293191
"2.6","cembio","neg","272","indole-3-butyric acid","JTEDVYBZBROSJT",326.81500000002,202.087493896484,"[M - H]-",0.428047517155162
"2.6","cembio","neg","298","indole-3-butyric acid","JTEDVYBZBROSJT",361.99000000002,202.087493896484,"[M - H]-",0.319548788948712
"2.6","hmgu","pos","120","esculin","XHCADAYNFIFUHF",68.49,363.069190740952,"[M + H]+",0.513485313409975
"2.6","hmgu","pos","367","pyrimidine","CZPWVGJYEJSRLH",217.53049999998,81.045165988286,"[M + H]+",0.176220559690623
"2.6","hmgu","pos","473","5-aminopentanoic acid","JJMDCOVWQOJGCB",289.92199999998,118.083883787537,"[M + H]+",0.406204977522792
"2.6","hmgu","pos","787","5-aminopentanoic acid","JJMDCOVWQOJGCB",506.17999999998,118.084248523908,"[M + H]+",0.380994755740999
"2.6","hmgu","pos","984","pyrimidine","CZPWVGJYEJSRLH",640.96900000002,81.044644744886,"[M + H]+",0.284822077892754
"2.6","hmgu","pos","1090","pyrimidine","CZPWVGJYEJSRLH",705.4695,81.044202587922,"[M + H]+",0.302812392712293
"2.6","hmgu","neg","1380","5-aminopentanoic acid","JJMDCOVWQOJGCB",136.23799999998,116.070117412539,"[M - H]-",0.228765384096867
"2.6","hmgu","neg","1480","3-methyladipic acid","SYEOWUNSTUDKGM",190.32649999998,159.066160131334,"[M - H]-",0.321901970089786
"2.7","afekta","pos","13","N-acetyl-beta-D-mannosamine","OVRNDRQMDRJTHS",27.62450000001,244.077972412109,"[M + Na]+",0.807891670578464
"2.7","afekta","pos","15","Methyl 3-aminopropanoate","UZCXPYDBYUEZCV",30.09200000001,104.069915771484,"[M + H]+",0.0686915831527455
"2.7","afekta","pos","22","4-acetamidobutanoic acid","UZTFMUBKZQVKLK",43.17199999998,146.080619812012,"[M + H]+",0.765068170177667
"2.7","afekta","pos","96","melatonin","DRLFMBDRBRZALE",252.16699999998,255.109191894531,"[M + Na]+",0.974265336516334
"2.7","afekta","pos","97","melatonin","DRLFMBDRBRZALE",253.43300000001,255.109191894531,"[M + Na]+",0.751786372327903
"2.7","cembio","pos","303","ethanolamine","HZAXFHJVJLSVMW",3.46300000002,62.060298919678,"[M + H]+",0.0282639898546847
"2.7","cembio","pos","311","N-acetyl-beta-D-mannosamine","OVRNDRQMDRJTHS",11.43400000002,222.098098754883,"[M + H]+",0.158152731644531
"2.7","cembio","pos","316","ethanolamine","HZAXFHJVJLSVMW",17.12899999998,62.060298919678,"[M + H]+",0.0138502263604168
"2.7","cembio","pos","318","Methyl 3-aminopropanoate","UZCXPYDBYUEZCV",19.122,104.07080078125,"[M + H]+",0.311725058083946
"2.7","cembio","pos","322","4-pyridoxic acid","HXACOUQIXZGNBF",23.10700000002,184.060699462891,"[M + H]+",0.374030688710094
"2.7","cembio","pos","324","N-acetyl-beta-D-mannosamine","OVRNDRQMDRJTHS",25.09999999998,222.098098754883,"[M + H]+",0.878430724320442
"2.7","cembio","pos","329","ethanolamine","HZAXFHJVJLSVMW",30.795,62.060298919678,"[M + H]+",0.041723506552959
"2.7","cembio","pos","330","beta-alanine","UCMIRNVEIXFBKS",31.791,90.055000305176,"[M + H]+",0.917413463629343
"2.7","cembio","pos","331","Methyl 3-aminopropanoate","UZCXPYDBYUEZCV",32.78800000002,104.07080078125,"[M + H]+",0.86575454393462
"2.7","cembio","pos","332","6-methyladenine","CKOMXBHMKXXTNW",33.78400000002,150.077606201172,"[M + H]+",0.69697356714946
"2.7","cembio","pos","334","4-acetamidobutanoic acid","UZTFMUBKZQVKLK",35.77699999998,146.081497192383,"[M + H]+",0.455747041479897
"2.7","cembio","pos","336","O-propanoyl-L-carnitine","UFAHZIUFPNSHSL",37.76899999998,218.139099121094,"[M + H]+",0.986219690245164
"2.7","cembio","pos","342","ethanolamine","HZAXFHJVJLSVMW",44.46100000002,62.060298919678,"[M + H]+",0.0344460891434333
"2.7","cembio","pos","344","Methyl 3-aminopropanoate","UZCXPYDBYUEZCV",46.45399999998,104.07080078125,"[M + H]+",0.812967071760803
"2.7","cembio","pos","345","6-methyladenine","CKOMXBHMKXXTNW",47.44999999998,150.077606201172,"[M + H]+",0.6208523210188
"2.7","cembio","pos","346","N(4)-acetylcytosine","IJCKBIINTQEGLY",48.44599999998,154.061401367188,"[M + H]+",0.633470069327537
"2.7","cembio","pos","347","4-acetamidobutanoic acid","UZTFMUBKZQVKLK",49.443,146.081497192383,"[M + H]+",0.926840022843358
"2.7","cembio","pos","348","4-pyridoxic acid","HXACOUQIXZGNBF",50.439,184.060699462891,"[M + H]+",0.893495850955328
"2.7","cembio","pos","349","O-propanoyl-L-carnitine","UFAHZIUFPNSHSL",51.435,218.139099121094,"[M + H]+",0.986602619090549
"2.7","cembio","pos","350","N-acetyl-beta-D-mannosamine","OVRNDRQMDRJTHS",52.43200000002,222.098098754883,"[M + H]+",0.152796705500356
"2.7","cembio","pos","353","4-acetamidobutanoic acid","UZTFMUBKZQVKLK",55.42000000002,168.063400268555,"[M + Na]+",0.0356101937661892
"2.7","cembio","pos","355","ethanolamine","HZAXFHJVJLSVMW",58.12600000002,62.060298919678,"[M + H]+",0.0515373079462772
"2.7","cembio","pos","357","Methyl 3-aminopropanoate","UZCXPYDBYUEZCV",60.11899999998,104.07080078125,"[M + H]+",0.872552845474548
"2.7","cembio","pos","358","6-methyladenine","CKOMXBHMKXXTNW",61.11499999998,150.077606201172,"[M + H]+",0.225210788366924
"2.7","cembio","pos","360","4-acetamidobutanoic acid","UZTFMUBKZQVKLK",63.108,146.081497192383,"[M + H]+",0.34698520227169
"2.7","cembio","pos","361","4-pyridoxic acid","HXACOUQIXZGNBF",64.10399609376,184.060699462891,"[M + H]+",0.886644305925562
"2.7","cembio","pos","362","O-propanoyl-L-carnitine","UFAHZIUFPNSHSL",65.10099609378,218.139099121094,"[M + H]+",0.986360147920675
"2.7","cembio","pos","363","N-acetyl-beta-D-mannosamine","OVRNDRQMDRJTHS",66.09700000002,222.098098754883,"[M + H]+",0.246347029278463
"2.7","cembio","pos","368","ethanolamine","HZAXFHJVJLSVMW",71.79199999998,62.060298919678,"[M + H]+",0.0214109408628562
"2.7","cembio","pos","370","Methyl 3-aminopropanoate","UZCXPYDBYUEZCV",73.78399999998,104.07080078125,"[M + H]+",0.319259678017185
"2.7","cembio","pos","371","6-methyladenine","CKOMXBHMKXXTNW",74.781,150.077606201172,"[M + H]+",0.515493048605447
"2.7","cembio","pos","372","N(4)-acetylcytosine","IJCKBIINTQEGLY",75.777,154.061401367188,"[M + H]+",0.520158800126731
"2.7","cembio","pos","373","4-acetamidobutanoic acid","UZTFMUBKZQVKLK",76.773,146.081497192383,"[M + H]+",0.850716887319375
"2.7","cembio","pos","375","O-propanoyl-L-carnitine","UFAHZIUFPNSHSL",78.76600000002,218.139099121094,"[M + H]+",0.975372767062583
"2.7","cembio","pos","383","Methyl 3-aminopropanoate","UZCXPYDBYUEZCV",87.45,104.07080078125,"[M + H]+",0.818175328126273
"2.7","cembio","pos","384","6-methyladenine","CKOMXBHMKXXTNW",88.44700000002,150.077606201172,"[M + H]+",0.278281766207147
"2.7","cembio","pos","385","N(4)-acetylcytosine","IJCKBIINTQEGLY",89.44300000002,154.061401367188,"[M + Na]+",0.167881170328711
"2.7","cembio","pos","386","4-acetamidobutanoic acid","UZTFMUBKZQVKLK",90.43900000002,146.081497192383,"[M + H]+",0.0703349935153185
"2.7","cembio","pos","387","4-pyridoxic acid","HXACOUQIXZGNBF",91.43500000002,184.060699462891,"[M + H]+",0.268207517105546
"2.7","cembio","pos","388","O-propanoyl-L-carnitine","UFAHZIUFPNSHSL",92.43199999998,218.139099121094,"[M + H]+",0.971867888821062
"2.7","cembio","pos","396","6-methyladenine","CKOMXBHMKXXTNW",101.11600000002,150.077606201172,"[M + H]+",0.243186041138959
"2.7","cembio","pos","397","4-acetamidobutanoic acid","UZTFMUBKZQVKLK",102.11200000002,146.081497192383,"[M + H]+",0.124436395496581
"2.7","cembio","pos","399","O-propanoyl-L-carnitine","UFAHZIUFPNSHSL",104.10499999998,218.139099121094,"[M + H]+",0.942523420122555
"2.7","cembio","pos","400","4-acetamidobutanoic acid","UZTFMUBKZQVKLK",105.10099999998,168.063400268555,"[M + Na]+",0.247304832895747
"2.7","cembio","pos","401","4-pyridoxic acid","HXACOUQIXZGNBF",106.09699999998,206.042602539063,"[M + Na]+",0.139263075720789
"2.7","cembio","pos","404","6-methyladenine","CKOMXBHMKXXTNW",109.8,150.077606201172,"[M + H]+",0.518111786441993
"2.7","cembio","pos","405","O-propanoyl-L-carnitine","UFAHZIUFPNSHSL",110.796,218.139099121094,"[M + H]+",0.958275182950095
"2.7","cembio","pos","408","6-methyladenine","CKOMXBHMKXXTNW",114.498,150.077606201172,"[M + H]+",0.649652704506992
"2.7","cembio","pos","409","O-propanoyl-L-carnitine","UFAHZIUFPNSHSL",115.494,218.139099121094,"[M + H]+",0.9622286841926
"2.7","cembio","pos","412","6-methyladenine","CKOMXBHMKXXTNW",119.19700000002,150.077606201172,"[M + H]+",0.0563814648553083
"2.7","cembio","pos","413","O-propanoyl-L-carnitine","UFAHZIUFPNSHSL",120.19300000002,218.139099121094,"[M + H]+",0.935743592037991
"2.7","cembio","pos","415","3,3-dimethylglutaric acid","DUHQIGLHYXLKAE",122.89900000002,161.080993652344,"[M + H]+",0.0624613716977814
"2.7","cembio","pos","416","O-propanoyl-L-carnitine","UFAHZIUFPNSHSL",123.89599999998,218.139099121094,"[M + H]+",0.785662377330902
"2.7","cembio","pos","420","O-propanoyl-L-carnitine","UFAHZIUFPNSHSL",128.595,218.139099121094,"[M + H]+",0.959797891553227
"2.7","cembio","pos","429","3,3-dimethylglutaric acid","DUHQIGLHYXLKAE",138.987,161.080993652344,"[M + H]+",0.0475680010423093
"2.7","cembio","pos","438","N-acetyl-L-isoleucine","JDTWZSUNGHMMJM",148.668,196.094696044922,"[M + Na]+",0.0304584869450313
"2.7","cembio","pos","441","3,3-dimethylglutaric acid","DUHQIGLHYXLKAE",152.37,161.080993652344,"[M + H]+",0.242388137109425
"2.7","cembio","pos","452","N-acetyl-L-isoleucine","JDTWZSUNGHMMJM",164.04400000002,196.094696044922,"[M + Na]+",0.0241787846653962
"2.7","cembio","pos","454","3-hydroxyphenylacetic acid","FVMDYYGIDFPZAX",166.75000000002,153.054397583008,"[M + H]+",0.118947892621641
"2.7","cembio","pos","456","N-acetyl-L-isoleucine","JDTWZSUNGHMMJM",168.74299999998,174.112899780273,"[M + H]+",0.0200992722511886
"2.7","cembio","pos","457","3,3-dimethylglutaric acid","DUHQIGLHYXLKAE",169.73899999998,183.062805175781,"[M + Na]+",0.474437532000543
"2.7","cembio","pos","461","3-hydroxyphenylacetic acid","FVMDYYGIDFPZAX",174.438,153.054397583008,"[M + H]+",0.0431440215135278
"2.7","cembio","pos","462","3,3-dimethylglutaric acid","DUHQIGLHYXLKAE",175.434,161.080993652344,"[M + H]+",0.86141257178491
"2.7","cembio","pos","463","N-acetyl-L-isoleucine","JDTWZSUNGHMMJM",176.43100000002,174.112899780273,"[M + H]+",0.0412240006657687
"2.7","cembio","pos","464","3,3-dimethylglutaric acid","DUHQIGLHYXLKAE",177.42700000002,183.062805175781,"[M + H]+",0.249950594855943
"2.7","cembio","pos","468","3-hydroxyphenylacetic acid","FVMDYYGIDFPZAX",182.12500000002,153.054397583008,"[M + H]+",0.613192747108636
"2.7","cembio","pos","469","3,3-dimethylglutaric acid","DUHQIGLHYXLKAE",183.12100000002,161.080993652344,"[M + H]+",0.774915620994293
"2.7","cembio","pos","471","3,3-dimethylglutaric acid","DUHQIGLHYXLKAE",185.11399999998,183.062805175781,"[M + Na]+",0.339039557762678
"2.7","cembio","pos","476","3,3-dimethylglutaric acid","DUHQIGLHYXLKAE",190.809,161.080993652344,"[M + H]+",0.411316891005985
"2.7","cembio","pos","480","N-acetyl-L-isoleucine","JDTWZSUNGHMMJM",194.79499999998,196.094696044922,"[M + H]+",0.128292280410124
"2.7","cembio","pos","483","3,3-dimethylglutaric acid","DUHQIGLHYXLKAE",198.49699999998,161.080993652344,"[M + H]+",0.242627664244891
"2.7","cembio","pos","484","N-acetyl-L-isoleucine","JDTWZSUNGHMMJM",199.49299999998,174.112899780273,"[M + H]+",0.748598385637538
"2.7","cembio","pos","485","melatonin","DRLFMBDRBRZALE",200.49,233.128692626953,"[M + H]+",0.100054280273395
"2.7","cembio","pos","492","3,3-dimethylglutaric acid","DUHQIGLHYXLKAE",208.17799999998,161.080993652344,"[M + H]+",0.104112097842053
"2.7","cembio","pos","500","3-hydroxyphenylacetic acid","FVMDYYGIDFPZAX",216.86200000002,153.054397583008,"[M + H]+",0.0177667319167688
"2.7","cembio","pos","502","N-acetyl-L-isoleucine","JDTWZSUNGHMMJM",218.85499999998,174.112899780273,"[M + H]+",0.826634461591914
"2.7","cembio","pos","510","3,3-dimethylglutaric acid","DUHQIGLHYXLKAE",227.538,161.080993652344,"[M + H]+",0.0409011754116094
"2.7","cembio","pos","511","N-acetyl-L-isoleucine","JDTWZSUNGHMMJM",228.53500000002,174.112899780273,"[M + H]+",0.417854488456428
"2.7","cembio","pos","512","melatonin","DRLFMBDRBRZALE",229.53100000002,233.128692626953,"[M + K]+",0.131411442398878
"2.7","cembio","pos","513","3,3-dimethylglutaric acid","DUHQIGLHYXLKAE",230.52700000002,183.062805175781,"[M + Na]+",0.0961563820473275
"2.7","cembio","pos","514","3-hydroxyphenylacetic acid","FVMDYYGIDFPZAX",231.52399999998,175.03630065918,"[M + Na]+",0.071213847797004
"2.7","cembio","pos","520","N-acetyl-L-isoleucine","JDTWZSUNGHMMJM",238.215,174.112899780273,"[M + H]+",0.684432371416226
"2.7","cembio","pos","523","3,3-dimethylglutaric acid","DUHQIGLHYXLKAE",241.20400000002,183.062805175781,"[M + Na]+",0.399095556075572
"2.7","cembio","pos","524","3-hydroxyphenylacetic acid","FVMDYYGIDFPZAX",242.20000000002,175.03630065918,"[M + Na]+",0.0808484843423725
"2.7","cembio","pos","527","N-acetyl-L-isoleucine","JDTWZSUNGHMMJM",245.18899999998,196.094696044922,"[M + Na]+",0.0250846253459445
"2.7","cembio","pos","529","3-hydroxyphenylacetic acid","FVMDYYGIDFPZAX",247.89499999998,153.054397583008,"[M + H]+",0.0510740662012612
"2.7","cembio","pos","531","melatonin","DRLFMBDRBRZALE",249.888,233.128692626953,"[M + H]+",0.997493774804768
"2.7","cembio","pos","533","3-hydroxyphenylacetic acid","FVMDYYGIDFPZAX",251.88,175.03630065918,"[M + Na]+",0.095418720700774
"2.7","cembio","pos","534","melatonin","DRLFMBDRBRZALE",252.87700000002,255.110595703125,"[M + Na]+",0.207710617979713
"2.7","cembio","pos","536","N-acetyl-L-isoleucine","JDTWZSUNGHMMJM",254.86900000002,196.094696044922,"[M + Na]+",0.216870335339012
"2.7","cembio","pos","539","melatonin","DRLFMBDRBRZALE",258.57198437502,233.128692626953,"[M + H]+",0.997591361629326
"2.7","cembio","pos","549","melatonin","DRLFMBDRBRZALE",269.96200000002,233.128692626953,"[M + H]+",0.997896274394698
"2.7","cembio","pos","553","melatonin","DRLFMBDRBRZALE",274.66099999998,233.128692626953,"[M + H]+",0.997028943521224
"2.7","cembio","pos","554","3,4,5-Trimethoxycinnamic acid","YTFVRYKNXDADBI",275.65699999998,239.091796875,"[M + H]+",0.324263650442138
"2.7","cembio","pos","559","melatonin","DRLFMBDRBRZALE",281.352,255.110595703125,"[M + Na]+",0.477603292844197
"2.7","cembio","pos","561","melatonin","DRLFMBDRBRZALE",284.058,233.128692626953,"[M + H]+",0.997234900747355
"2.7","cembio","pos","562","3,4,5-Trimethoxycinnamic acid","YTFVRYKNXDADBI",285.054,239.091796875,"[M + H]+",0.946334973790081
"2.7","cembio","pos","565","melatonin","DRLFMBDRBRZALE",288.756,233.128692626953,"[M + H]+",0.995791728768326
"2.7","cembio","pos","566","3,4,5-Trimethoxycinnamic acid","YTFVRYKNXDADBI",289.752,239.091796875,"[M + H]+",0.60686723487223
"2.7","cembio","pos","567","melatonin","DRLFMBDRBRZALE",290.74900000002,255.110595703125,"[M + Na]+",0.016948317413327
"2.7","cembio","pos","569","melatonin","DRLFMBDRBRZALE",293.45500000002,233.128692626953,"[M + H]+",0.993559519541008
"2.7","cembio","pos","570","3,4,5-Trimethoxycinnamic acid","YTFVRYKNXDADBI",294.45100000002,239.091796875,"[M + H]+",0.516329446134583
"2.7","cembio","pos","573","melatonin","DRLFMBDRBRZALE",298.15300000002,233.128692626953,"[M + H]+",0.997030834596801
"2.7","cembio","pos","577","melatonin","DRLFMBDRBRZALE",302.85199999998,233.128692626953,"[M + H]+",0.995341674186737
"2.7","cembio","pos","581","melatonin","DRLFMBDRBRZALE",307.551,233.128692626953,"[M + H]+",0.995276489837231
"2.7","cembio","pos","583","melatonin","DRLFMBDRBRZALE",309.543,255.110595703125,"[M + Na]+",0.0999143648967127
"2.7","cembio","pos","585","melatonin","DRLFMBDRBRZALE",312.249,233.128692626953,"[M + H]+",0.959083706901124
"2.7","cembio","neg","2","3-hydroxypropionic acid","ALRHLSYJTWAHJZ",4.71199999998,89.024398803711,"[M - H]-",0.388471904706471
"2.7","cembio","neg","7","O-propanoyl-L-carnitine","UFAHZIUFPNSHSL",9.69400000002,216.124099731445,"[M - H]-",0.0425157646932743
"2.7","cembio","neg","10","4-pyridoxic acid","HXACOUQIXZGNBF",12.68299999998,182.046005249023,"[M - H]-",0.161620379722878
"2.7","cembio","neg","22","O-propanoyl-L-carnitine","UFAHZIUFPNSHSL",25.35100000002,216.124099731445,"[M - H]-",0.202042693797025
"2.7","cembio","neg","25","4-pyridoxic acid","HXACOUQIXZGNBF",28.33999999998,182.046005249023,"[M - H]-",0.464659511044434
"2.7","cembio","neg","26","6-methyladenine","CKOMXBHMKXXTNW",29.337,148.062848772321,"[M - H]-",0.181366103166837
"2.7","cembio","neg","31","Methyl 3-aminopropanoate","UZCXPYDBYUEZCV",35.03200000002,102.05590057373,"[M - H]-",0.217147999478042
"2.7","cembio","neg","34","N(4)-acetylcytosine","IJCKBIINTQEGLY",38.02099999998,152.046600341797,"[M - H]-",0.353369168862266
"2.7","cembio","neg","35","4-acetamidobutanoic acid","UZTFMUBKZQVKLK",39.01699999998,144.066696166992,"[M - H]-",0.899813724155034
"2.7","cembio","neg","37","O-propanoyl-L-carnitine","UFAHZIUFPNSHSL",41.01,216.124099731445,"[M - H]-",0.944949625454029
"2.7","cembio","neg","38","6-methyladenine","CKOMXBHMKXXTNW",42.006,148.062848772321,"[M - H]-",0.180911907673714
"2.7","cembio","neg","39","LMFA01170001","KDYFGRWQOYBRFD",43.002,117.019302368164,"[M - H]-",0.445258275687419
"2.7","cembio","neg","40","4-pyridoxic acid","HXACOUQIXZGNBF",43.99900000002,182.046005249023,"[M - H]-",0.507191224120811
"2.7","cembio","neg","41","6-methyladenine","CKOMXBHMKXXTNW",44.99500000002,148.062848772321,"[M - H]-",0.14002607503487
"2.7","cembio","neg","49","N(4)-acetylcytosine","IJCKBIINTQEGLY",53.679,152.046600341797,"[M - H]-",0.458443959218185
"2.7","cembio","neg","50","4-acetamidobutanoic acid","UZTFMUBKZQVKLK",54.675,144.066696166992,"[M - H]-",0.879127970326913
"2.7","cembio","neg","52","O-propanoyl-L-carnitine","UFAHZIUFPNSHSL",56.66800000002,216.124099731445,"[M - H]-",0.193878888051123
"2.7","cembio","neg","53","6-methyladenine","CKOMXBHMKXXTNW",57.66400000002,148.062848772321,"[M - H]-",0.268671130670564
"2.7","cembio","neg","54","LMFA01170001","KDYFGRWQOYBRFD",58.66000000002,117.019302368164,"[M - H]-",0.752758282416049
"2.7","cembio","neg","55","4-pyridoxic acid","HXACOUQIXZGNBF",59.65699999998,182.046005249023,"[M - H]-",0.45461778989042
"2.7","cembio","neg","65","4-acetamidobutanoic acid","UZTFMUBKZQVKLK",70.33399999998,144.066696166992,"[M - H]-",0.820855455507547
"2.7","cembio","neg","67","O-propanoyl-L-carnitine","UFAHZIUFPNSHSL",72.32599999998,216.124099731445,"[M - H]-",0.0837910591111434
"2.7","cembio","neg","68","6-methyladenine","CKOMXBHMKXXTNW",73.32199999998,148.062848772321,"[M - H]-",0.267052319768142
"2.7","cembio","neg","69","LMFA01170001","KDYFGRWQOYBRFD",74.319,117.019302368164,"[M - H]-",0.342216783705482
"2.7","cembio","neg","70","4-pyridoxic acid","HXACOUQIXZGNBF",75.315,182.046005249023,"[M - H]-",0.415404708228377
"2.7","cembio","neg","71","6-methyladenine","CKOMXBHMKXXTNW",76.311,148.062848772321,"[M - H]-",0.147326992209793
"2.7","cembio","neg","76","Methyl 3-aminopropanoate","UZCXPYDBYUEZCV",82.00699999998,102.05590057373,"[M - H]-",0.385962049430746
"2.7","cembio","neg","78","N-acetyl-beta-D-mannosamine","OVRNDRQMDRJTHS",83.99899999998,220.082504272461,"[M - H]-",0.482483134530564
"2.7","cembio","neg","80","4-acetamidobutanoic acid","UZTFMUBKZQVKLK",85.992,144.066696166992,"[M - H]-",0.538627937176519
"2.7","cembio","neg","82","O-propanoyl-L-carnitine","UFAHZIUFPNSHSL",87.98500000002,216.124099731445,"[M - H]-",0.153892957558218
"2.7","cembio","neg","84","LMFA01170001","KDYFGRWQOYBRFD",89.97700000002,117.019302368164,"[M - H]-",0.121596098271505
"2.7","cembio","neg","85","4-pyridoxic acid","HXACOUQIXZGNBF",90.97399999998,182.046005249023,"[M - H]-",0.368791221215957
"2.7","cembio","neg","86","6-methyladenine","CKOMXBHMKXXTNW",91.96999999998,148.062848772321,"[M - H]-",0.205200883147398
"2.7","cembio","neg","99","O-propanoyl-L-carnitine","UFAHZIUFPNSHSL",107.346,216.124099731445,"[M - H]-",0.167262831542839
"2.7","cembio","neg","100","6-methyladenine","CKOMXBHMKXXTNW",108.84,148.062848772321,"[M - H]-",0.164323318440905
"2.7","cembio","neg","104","O-propanoyl-L-carnitine","UFAHZIUFPNSHSL",114.03700000002,216.124099731445,"[M - H]-",0.322931959086036
"2.7","cembio","neg","109","Methyl 3-aminopropanoate","UZCXPYDBYUEZCV",120.729,102.05590057373,"[M - H]-",0.155527517114726
"2.7","cembio","neg","110","O-propanoyl-L-carnitine","UFAHZIUFPNSHSL",121.725,216.124099731445,"[M - H]-",0.191947042195994
"2.7","cembio","neg","111","6-methyladenine","CKOMXBHMKXXTNW",122.72200000002,148.062848772321,"[M - H]-",0.271128183953217
"2.7","cembio","neg","112","3,3-dimethylglutaric acid","DUHQIGLHYXLKAE",123.71800000002,159.066192626953,"[M - H]-",0.283583954710102
"2.7","cembio","neg","113","6-methyladenine","CKOMXBHMKXXTNW",124.71400000002,148.062848772321,"[M - H]-",0.191431730493488
"2.7","cembio","neg","122","3,3-dimethylglutaric acid","DUHQIGLHYXLKAE",135.108,159.066192626953,"[M - H]-",0.348455474139236
"2.7","cembio","neg","137","3,3-dimethylglutaric acid","DUHQIGLHYXLKAE",152.19400000002,159.066192626953,"[M - H]-",0.307788522453501
"2.7","cembio","neg","150","3,3-dimethylglutaric acid","DUHQIGLHYXLKAE",166.57300000002,159.066192626953,"[M - H]-",0.246615970854005
"2.7","cembio","neg","152","3,3-dimethylglutaric acid","DUHQIGLHYXLKAE",169.27900000002,159.066192626953,"[M - H]-",0.532550864138156
"2.7","cembio","neg","155","3,3-dimethylglutaric acid","DUHQIGLHYXLKAE",172.26799999998,159.066192626953,"[M - H]-",0.53056047955999
"2.7","cembio","neg","157","3,3-dimethylglutaric acid","DUHQIGLHYXLKAE",174.97399999998,159.066192626953,"[M - H]-",0.423228816662849
"2.7","cembio","neg","163","3-hydroxyphenylacetic acid","FVMDYYGIDFPZAX",181.665,151.039993286133,"[M - H]-",0.234194049363583
"2.7","cembio","neg","165","3,3-dimethylglutaric acid","DUHQIGLHYXLKAE",183.657,159.066192626953,"[M - H]-",0.440600428951553
"2.7","cembio","neg","167","3,3-dimethylglutaric acid","DUHQIGLHYXLKAE",186.36400000002,159.066192626953,"[M - H]-",0.432794903222418
"2.7","cembio","neg","168","3-hydroxyphenylacetic acid","FVMDYYGIDFPZAX",187.36000000002,151.039993286133,"[M - H]-",0.0584659604941737
"2.7","cembio","neg","170","3,3-dimethylglutaric acid","DUHQIGLHYXLKAE",189.35299999998,159.066192626953,"[M - H]-",0.451669184999328
"2.7","cembio","neg","172","3,3-dimethylglutaric acid","DUHQIGLHYXLKAE",192.05899999998,159.066192626953,"[M - H]-",0.500943598280222
"2.7","cembio","neg","173","3-hydroxyphenylacetic acid","FVMDYYGIDFPZAX",193.056,151.039993286133,"[M - H]-",0.0806538389509059
"2.7","cembio","neg","175","N-acetyl-L-isoleucine","JDTWZSUNGHMMJM",195.048,172.098007202148,"[M - H]-",0.732344546234905
"2.7","cembio","neg","176","3,3-dimethylglutaric acid","DUHQIGLHYXLKAE",196.04500000002,159.066192626953,"[M - H]-",0.48358533581691
"2.7","cembio","neg","179","3,3-dimethylglutaric acid","DUHQIGLHYXLKAE",199.74700000002,159.066192626953,"[M - H]-",0.306021902201184
"2.7","cembio","neg","180","3-hydroxyphenylacetic acid","FVMDYYGIDFPZAX",200.74300000002,151.039993286133,"[M - H]-",0.15103410577961
"2.7","cembio","neg","182","N-acetyl-L-isoleucine","JDTWZSUNGHMMJM",202.73599999998,172.098007202148,"[M - H]-",0.661867226008964
"2.7","cembio","neg","189","N-acetyl-L-isoleucine","JDTWZSUNGHMMJM",210.423,172.098007202148,"[M - H]-",0.469619068663535
"2.7","cembio","neg","190","3,3-dimethylglutaric acid","DUHQIGLHYXLKAE",211.42000000002,159.066192626953,"[M - H]-",0.39464086787208
"2.7","cembio","neg","195","melatonin","DRLFMBDRBRZALE",217.11799999998,231.114105224609,"[M - H]-",0.0672190611940517
"2.7","cembio","neg","196","N-acetyl-L-isoleucine","JDTWZSUNGHMMJM",218.11399999998,172.098007202148,"[M - H]-",0.39771514593519
"2.7","cembio","neg","197","3,3-dimethylglutaric acid","DUHQIGLHYXLKAE",219.10999999998,159.066192626953,"[M - H]-",0.0867469678179813
"2.7","cembio","neg","201","3-hydroxyphenylacetic acid","FVMDYYGIDFPZAX",223.809,151.039993286133,"[M - H]-",0.0890598417388052
"2.7","cembio","neg","203","N-acetyl-L-isoleucine","JDTWZSUNGHMMJM",225.80200000002,172.098007202148,"[M - H]-",0.466183093151082
"2.7","cembio","neg","212","3,3-dimethylglutaric acid","DUHQIGLHYXLKAE",235.482,159.066192626953,"[M - H]-",0.264052796178101
"2.7","cembio","neg","219","N-acetyl-L-isoleucine","JDTWZSUNGHMMJM",243.16900000002,172.098007202148,"[M - H]-",0.41720298611539
"2.7","cembio","neg","225","N-acetyl-L-isoleucine","JDTWZSUNGHMMJM",249.85999999998,172.098007202148,"[M - H]-",0.270394768216728
"2.7","cembio","neg","228","melatonin","DRLFMBDRBRZALE",253.563,231.114105224609,"[M - H]-",0.364761924981141
"2.7","cembio","neg","230","N-acetyl-L-isoleucine","JDTWZSUNGHMMJM",255.55600000002,172.098007202148,"[M - H]-",0.362160463613448
"2.7","cembio","neg","254","3,4,5-Trimethoxycinnamic acid","YTFVRYKNXDADBI",283.749,237.076995849609,"[M - H]-",0.729446378594603
"2.7","hmgu","neg","1205","3-hydroxypropionic acid","ALRHLSYJTWAHJZ",36.909,89.023837447643,"[M - H]-",0.353328868863479
"2.7","hmgu","neg","1217","methyl (R)-lactate","LPEKGGXMPWTOCB",45.22700000001,103.039370975044,"[M - H]-",0.188452621217296
"2.8","afekta","pos","13","2'-deoxycytidine","CKTSBUTUHBMZGZ",28.068,228.096961975098,"[M + H]+",0.966972241810885
"2.8","afekta","pos","16","3-amino-3-(4-hydroxyphenyl)propanoic acid","JYPHNHPXFNEZBR",32.36049999999,182.080474853516,"[M + H]+",0.513261697621175
"2.8","afekta","pos","17","3-amino-3-(4-hydroxyphenyl)propanoic acid","JYPHNHPXFNEZBR",33.756,182.080474853516,"[M + H]+",0.242919126076466
"2.8","afekta","neg","380","2'-deoxycytidine","CKTSBUTUHBMZGZ",30.2175,226.081298828125,"[M - H]-",0.229580374794347
"2.8","afekta","neg","399","thymidine","IQFYYKKMVGJFEH",58.16650000002,241.080871582031,"[M - H]-",0.0666058025968862
"2.8","hmgu","pos","123","cytosine","OPTASPLRGRRNAP",70.81450000002,134.029860619121,"[M + Na]+",0.0287415436285965
"2.8","hmgu","pos","312","phenyl acetate","IPBVNPXQWQGGJP",182.976,137.059169052867,"[M + H]+",0.274937437043176
"2.8","hmgu","pos","319","phenyl acetate","IPBVNPXQWQGGJP",187.90150000002,137.059144565525,"[M + H]+",0.12287003261378
"2.8","hmgu","pos","479","L-isoleucine","AGPKZVBTJJNPAG",298.464,132.101651574426,"[M + H]+",0.324062568612943
"2.8","hmgu","pos","941","phenyl acetate","IPBVNPXQWQGGJP",613.068,175.014629773766,"[M + H]+",0.0857638982383993
"2.8","hmgu","neg","1278","3-hydroxyisovaleric acid","AXFYFNCPONWUHW",95.706,117.056734470443,"[M - H]-",0.128408469179267
"2.8","hmgu","neg","1314","itaconic acid","LVHBHZANLOWSRM",116.44750000002,129.018363562319,"[M - H]-",0.279678490029803
"2.8","hmgu","neg","1478","L-isoleucine","AGPKZVBTJJNPAG",218.8845,130.086761559389,"[M - H]-",0.203244654112601
"2.8","hmgu","neg","1479","L-isoleucine","AGPKZVBTJJNPAG",219.56749999998,130.086817720367,"[M - H]-",0.241967714194542
"2.8","hmgu","neg","1480","L-isoleucine","AGPKZVBTJJNPAG",220.26500000001,130.086664169427,"[M - H]-",0.302282272240468
"2.8","hmgu","neg","1481","L-isoleucine","AGPKZVBTJJNPAG",220.956,130.086613531571,"[M - H]-",0.274115039654471
"2.9","afekta","pos","19","Gly-Pro","KZNQNBZMBZJQJO",28.45599999999,173.091720581055,"[M + H]+",0.994517028818399
"2.9","afekta","pos","22","nicotinamide","DFPAKSUCGFBDDF",31.34300000001,123.054904937744,"[M + H]+",0.808866088960709
"2.9","afekta","pos","61","N-acetyl-L-methionine","XUYPXLNMDZIRQH",132.9525,214.050201416016,"[M + Na]+",0.329595315649038
"2.9","afekta","neg","382","Gly-Pro","KZNQNBZMBZJQJO",28.5045,171.076110839844,"[M - H]-",0.746107839739899
"2.9","afekta","neg","383","Gly-Pro","KZNQNBZMBZJQJO",29.72799999999,171.076110839844,"[M - H]-",0.31795939152492
"2.9","afekta","neg","404","homogentisic acid","IGMNYECMUMZDDF",67.77399999999,167.033828735352,"[M - H]-",0.259160793220867
"2.9","afekta","neg","453","vanillin","MWOOGOJBHIARFG",212.98549999998,151.038642883301,"[M - H]-",0.0678674602727752
"2.9","afekta","neg","644","propynoic acid","UORVCLMRJXCDCP",710.0985,68.99517771403,"[M - H]-",0.146374822013175
"2.9","cembio","pos","260","agmatine","QYPPJABKJHAVHS",9.59200000002,131.129302978516,"[M + H]+",0.0296489372031123
"2.9","cembio","pos","264","thymine","RWQNBRDOKXIBIV",13.578,149.03190612793,"[M + Na]+",0.0421197883399752
"2.9","cembio","pos","268","taurine","XOAAWQZATWQOTB",17.56300000002,148.003799438477,"[M + Na]+",0.241336112161393
"2.9","cembio","pos","269","D-proline","ONIBWKKTOPOVIA",19.27300000002,116.070503234863,"[M + H]+",0.572400113385398
"2.9","cembio","pos","272","nicotinic acid","PVNIIMVLHYAWGP",22.26100000002,124.03980255127,"[M + H]+",0.541263598282262
"2.9","cembio","pos","275","agmatine","QYPPJABKJHAVHS",25.24999999998,131.129302978516,"[M + H]+",0.990498264211707
"2.9","cembio","pos","276","D-leucine","ROHFNLRQFUQHCH",26.247,132.102005004883,"[M + H]+",0.140759238959316
"2.9","cembio","pos","277","homogentisic acid","IGMNYECMUMZDDF",27.243,169.049301147461,"[M + H]+",0.185122238342198
"2.9","cembio","pos","278","(R)-noradrenaline","SFLSHLFXELFNJZ",28.239,170.080993652344,"[M + H]+",0.959896951299989
"2.9","cembio","pos","279","Gly-Pro","KZNQNBZMBZJQJO",29.23600000002,173.091995239258,"[M + H]+",0.996381763672568
"2.9","cembio","pos","287","fumaric acid","VZCYOOQTPOCHFL",37.91899999998,117.017997741699,"[M + H]+",0.838335560316448
"2.9","cembio","pos","288","nicotinamide","DFPAKSUCGFBDDF",38.916,123.055198669434,"[M + H]+",0.772639951320135
"2.9","cembio","pos","289","nicotinic acid","PVNIIMVLHYAWGP",39.912,124.03980255127,"[M + H]+",0.247023563551275
"2.9","cembio","pos","291","thymine","RWQNBRDOKXIBIV",41.90500000002,127.050300598145,"[M + H]+",0.901510157543563
"2.9","cembio","pos","292","agmatine","QYPPJABKJHAVHS",42.90100000002,131.129302978516,"[M + H]+",0.522158828400894
"2.9","cembio","pos","293","D-leucine","ROHFNLRQFUQHCH",43.89700000002,132.102005004883,"[M + H]+",0.679077170461828
"2.9","cembio","pos","296","Gly-Pro","KZNQNBZMBZJQJO",46.88599999998,173.091995239258,"[M + H]+",0.964084067776138
"2.9","cembio","pos","303","D-proline","ONIBWKKTOPOVIA",54.57400000002,116.070503234863,"[M + H]+",0.764773621739678
"2.9","cembio","pos","305","nicotinamide","DFPAKSUCGFBDDF",56.56600000002,123.055198669434,"[M + H]+",0.63138626426092
"2.9","cembio","pos","306","nicotinic acid","PVNIIMVLHYAWGP",57.56299999998,124.03980255127,"[M + H]+",0.490437579281089
"2.9","cembio","pos","308","thymine","RWQNBRDOKXIBIV",59.55499999998,127.050300598145,"[M + H]+",0.757571278744271
"2.9","cembio","pos","309","agmatine","QYPPJABKJHAVHS",60.552,131.129302978516,"[M + H]+",0.616310664400967
"2.9","cembio","pos","310","D-leucine","ROHFNLRQFUQHCH",61.548,132.102005004883,"[M + H]+",0.31827642040825
"2.9","cembio","pos","311","homogentisic acid","IGMNYECMUMZDDF",62.544,169.049301147461,"[M + H]+",0.630434812294346
"2.9","cembio","pos","312","(R)-noradrenaline","SFLSHLFXELFNJZ",63.54,170.080993652344,"[M + H]+",0.526288012207279
"2.9","cembio","pos","315","agmatine","QYPPJABKJHAVHS",66.52900000002,153.110900878906,"[M + Na]+",0.0177372499266326
"2.9","cembio","pos","320","D-proline","ONIBWKKTOPOVIA",72.22399999998,116.070503234863,"[M + H]+",0.656280774438754
"2.9","cembio","pos","322","nicotinamide","DFPAKSUCGFBDDF",74.217,123.055198669434,"[M + H]+",0.704025411148524
"2.9","cembio","pos","323","nicotinic acid","PVNIIMVLHYAWGP",75.213,124.03980255127,"[M + H]+",0.390523003597407
"2.9","cembio","pos","326","agmatine","QYPPJABKJHAVHS",78.20200000002,131.129302978516,"[M + H]+",0.885289916253077
"2.9","cembio","pos","327","D-leucine","ROHFNLRQFUQHCH",79.19899999998,132.102005004883,"[M + H]+",0.301503156661117
"2.9","cembio","pos","330","Gly-Pro","KZNQNBZMBZJQJO",82.188,173.091995239258,"[M + H]+",0.896279138264565
"2.9","cembio","pos","338","nicotinamide","DFPAKSUCGFBDDF",90.87100000002,123.055198669434,"[M + H]+",0.708996822394386
"2.9","cembio","pos","339","nicotinic acid","PVNIIMVLHYAWGP",91.86799999998,124.03980255127,"[M + H]+",0.327710551838935
"2.9","cembio","pos","340","thymine","RWQNBRDOKXIBIV",92.86399999998,127.050300598145,"[M + Na]+",0.0836325424589801
"2.9","cembio","pos","343","N-acetyl-L-methionine","XUYPXLNMDZIRQH",95.853,192.069107055664,"[M + H]+",0.0462499502947714
"2.9","cembio","pos","344","N-acetyl-L-methionine","XUYPXLNMDZIRQH",96.849,214.050903320313,"[M + H]+",0.0253302219968331
"2.9","cembio","pos","345","thymine","RWQNBRDOKXIBIV",97.84600000002,149.03190612793,"[M + Na]+",0.0812313880363018
"2.9","cembio","pos","352","N-acetyl-L-methionine","XUYPXLNMDZIRQH",105.53800000002,214.050903320313,"[M + Na]+",0.418997249098813
"2.9","cembio","pos","353","thymine","RWQNBRDOKXIBIV",106.53400000002,149.03190612793,"[M + Na]+",0.10881346503968
"2.9","cembio","pos","359","N-acetyl-L-methionine","XUYPXLNMDZIRQH",113.226,214.050903320313,"[M + Na]+",0.0371774739948061
"2.9","cembio","pos","371","N-acetyl-L-methionine","XUYPXLNMDZIRQH",126.60799999998,192.069107055664,"[M + H]+",0.980918966526459
"2.9","cembio","pos","372","N-acetyl-L-methionine","XUYPXLNMDZIRQH",127.60399999998,214.050903320313,"[M + Na]+",0.0709948533128449
"2.9","cembio","pos","378","N-acetyl-L-methionine","XUYPXLNMDZIRQH",134.295,214.050903320313,"[M + Na]+",0.177801933418715
"2.9","cembio","pos","381","N-acetyl-L-methionine","XUYPXLNMDZIRQH",137.997,192.069107055664,"[M + H]+",0.953802926093804
"2.9","cembio","pos","382","N-acetyl-L-methionine","XUYPXLNMDZIRQH",138.993,214.050903320313,"[M + Na]+",0.163339249916895
"2.9","cembio","pos","384","N-acetyl-L-methionine","XUYPXLNMDZIRQH",141.70000000002,192.069107055664,"[M + H]+",0.944816386137595
"2.9","cembio","pos","388","N-acetyl-L-methionine","XUYPXLNMDZIRQH",146.39899999998,192.069107055664,"[M + H]+",0.919890445219743
"2.9","cembio","pos","389","ritalinic acid","INGSNVSERUZOAK",147.39499999998,220.133499145508,"[M + H]+",0.132029783912475
"2.9","cembio","pos","392","N-acetyl-L-methionine","XUYPXLNMDZIRQH",151.09699999998,192.069107055664,"[M + H]+",0.835516454953543
"2.9","cembio","pos","394","N-acetyl-L-methionine","XUYPXLNMDZIRQH",153.09,214.050903320313,"[M + Na]+",0.159397043606759
"2.9","cembio","pos","399","N-acetyl-L-methionine","XUYPXLNMDZIRQH",158.784,214.050903320313,"[M + Na]+",0.0215525875304589
"2.9","cembio","pos","402","N-acetyl-L-methionine","XUYPXLNMDZIRQH",162.486,192.069107055664,"[M + H]+",0.0650142901456819
"2.9","cembio","pos","407","N-acetyl-L-methionine","XUYPXLNMDZIRQH",168.18199999998,192.069107055664,"[M + H]+",0.0336043256463959
"2.9","cembio","pos","409","N-acetyl-L-methionine","XUYPXLNMDZIRQH",170.17399999998,214.050903320313,"[M + Na]+",0.0329362574083553
"2.9","cembio","pos","413","ritalinic acid","INGSNVSERUZOAK",174.873,220.133499145508,"[M + Na]+",0.0126214950301497
"2.9","cembio","pos","419","N-acetyl-L-methionine","XUYPXLNMDZIRQH",181.56499999998,192.069107055664,"[M + H]+",0.00582043714006166
"2.9","cembio","pos","426","N-acetyl-L-methionine","XUYPXLNMDZIRQH",189.252,192.069107055664,"[M + H]+",0.0927228692457265
"2.9","cembio","pos","429","N-acetyl-L-methionine","XUYPXLNMDZIRQH",192.24100000002,214.050903320313,"[M + Na]+",0.00954325774181341
"2.9","cembio","pos","434","ritalinic acid","INGSNVSERUZOAK",197.93500000002,220.133499145508,"[M + H]+",0.997140639675949
"2.9","cembio","pos","436","N-acetyl-L-methionine","XUYPXLNMDZIRQH",199.92799999998,214.050903320313,"[M + Na]+",0.0667981608910219
"2.9","cembio","pos","440","ritalinic acid","INGSNVSERUZOAK",204.62599999998,220.133499145508,"[M + H]+",0.996711677111567
"2.9","cembio","pos","443","vanillin","MWOOGOJBHIARFG",208.32799999998,153.054794311523,"[M + H]+",0.853021473168494
"2.9","cembio","pos","445","ritalinic acid","INGSNVSERUZOAK",210.321,220.133499145508,"[M + H]+",0.997382555713307
"2.9","cembio","pos","448","vanillin","MWOOGOJBHIARFG",214.02199999998,153.054794311523,"[M + H]+",0.39568367471404
"2.9","cembio","pos","450","ritalinic acid","INGSNVSERUZOAK",216.015,220.133499145508,"[M + H]+",0.997385966777997
"2.9","cembio","pos","451","diethyl 2-methyl-3-oxosuccinate","OQOCQBJWOCRPQY",217.011,203.091506958008,"[M + H]+",0.0832058897599519
"2.9","cembio","pos","453","vanillin","MWOOGOJBHIARFG",219.717,153.054794311523,"[M + H]+",0.367175353636353
"2.9","cembio","pos","455","ritalinic acid","INGSNVSERUZOAK",221.71000000002,220.133499145508,"[M + H]+",0.884151190941596
"2.9","cembio","pos","458","vanillin","MWOOGOJBHIARFG",225.41200000002,153.054794311523,"[M + H]+",0.0531004119337758
"2.9","cembio","pos","460","ritalinic acid","INGSNVSERUZOAK",227.40400000002,220.133499145508,"[M + H]+",0.966359750522341
"2.9","cembio","pos","461","diethyl 2-methyl-3-oxosuccinate","OQOCQBJWOCRPQY",228.40099999998,203.091506958008,"[M + H]+",0.383137313416408
"2.9","cembio","pos","463","vanillin","MWOOGOJBHIARFG",231.10699999998,153.054794311523,"[M + Na]+",0.0247986111367629
"2.9","cembio","pos","465","ritalinic acid","INGSNVSERUZOAK",233.09899999998,220.133499145508,"[M + H]+",0.989318202235637
"2.9","cembio","pos","470","ritalinic acid","INGSNVSERUZOAK",238.79500000002,220.133499145508,"[M + H]+",0.892706347103136
"2.9","cembio","pos","473","vanillin","MWOOGOJBHIARFG",242.49700000002,153.054794311523,"[M + H]+",0.246294377444282
"2.9","cembio","pos","475","diethyl 2-methyl-3-oxosuccinate","OQOCQBJWOCRPQY",244.48999999998,203.091506958008,"[M + H]+",0.258017796236495
"2.9","cembio","pos","478","ritalinic acid","INGSNVSERUZOAK",248.19199999998,220.133499145508,"[M + H]+",0.95947485220162
"2.9","cembio","pos","479","diethyl 2-methyl-3-oxosuccinate","OQOCQBJWOCRPQY",249.18799999998,203.091506958008,"[M + H]+",0.130651466651233
"2.9","cembio","pos","480","diethyl 2-methyl-3-oxosuccinate","OQOCQBJWOCRPQY",250.185,225.073394775391,"[M + Na]+",0.0236326032962784
"2.9","cembio","pos","482","ritalinic acid","INGSNVSERUZOAK",252.88999999998,220.133499145508,"[M + H]+",0.945123280935708
"2.9","cembio","pos","485","vanillin","MWOOGOJBHIARFG",256.592015625,153.054794311523,"[M + Na]+",0.0194619865218982
"2.9","cembio","pos","486","ritalinic acid","INGSNVSERUZOAK",257.58898437498,220.133499145508,"[M + H]+",0.873855716871263
"2.9","cembio","pos","493","diethyl 2-methyl-3-oxosuccinate","OQOCQBJWOCRPQY",265.99000000002,203.091506958008,"[M + H]+",0.147449414082555
"2.9","cembio","pos","496","diethyl 2-methyl-3-oxosuccinate","OQOCQBJWOCRPQY",269.69200000002,203.091506958008,"[M + H]+",0.141408939317758
"2.9","cembio","pos","501","diethyl 2-methyl-3-oxosuccinate","OQOCQBJWOCRPQY",276.10000000002,203.091506958008,"[M + H]+",0.156143422902537
"2.9","cembio","pos","503","diethyl 2-methyl-3-oxosuccinate","OQOCQBJWOCRPQY",278.80699999998,203.091506958008,"[M + H]+",0.110091240646047
"2.9","cembio","pos","507","diethyl 2-methyl-3-oxosuccinate","OQOCQBJWOCRPQY",284.21800000002,203.091506958008,"[M + H]+",0.241205499881657
"2.9","cembio","neg","8","(R)-noradrenaline","SFLSHLFXELFNJZ",10.488,168.066802978516,"[M - H]-",0.115461357775493
"2.9","cembio","neg","19","thymine","RWQNBRDOKXIBIV",22.16200000002,125.035697937012,"[M - H]-",0.0183705432964359
"2.9","cembio","neg","22","Gly-Pro","KZNQNBZMBZJQJO",25.15099999998,171.077606201172,"[M - H]-",0.0867161383137397
"2.9","cembio","neg","23","homogentisic acid","IGMNYECMUMZDDF",26.14699999998,167.035003662109,"[M - H]-",0.336333727424022
"2.9","cembio","neg","24","dihydroorotic acid","UFIVEPVSAGBUSI",27.144,157.025497436523,"[M - H]-",0.807083865941389
"2.9","cembio","neg","25","D-proline","ONIBWKKTOPOVIA",28.14,114.05549621582,"[M - H]-",0.138441805681786
"2.9","cembio","neg","26","(R)-noradrenaline","SFLSHLFXELFNJZ",29.136,168.066802978516,"[M - H]-",0.162219514005585
"2.9","cembio","neg","27","fumaric acid","VZCYOOQTPOCHFL",30.13300000002,115.003700256348,"[M - H]-",0.186858247707168
"2.9","cembio","neg","29","nicotinic acid","PVNIIMVLHYAWGP",32.12500000002,122.024696350098,"[M - H]-",0.332516014269812
"2.9","cembio","neg","30","(S)-lactic acid","JVTAAEKCZFNVCJ",33.12100000002,89.02449798584,"[M - H]-",0.499007156839664
"2.9","cembio","neg","38","thymine","RWQNBRDOKXIBIV",41.80600000002,125.035697937012,"[M - H]-",0.243440168654687
"2.9","cembio","neg","41","Gly-Pro","KZNQNBZMBZJQJO",44.79499999998,171.077606201172,"[M - H]-",0.226561166356257
"2.9","cembio","neg","43","dihydroorotic acid","UFIVEPVSAGBUSI",46.788,157.025497436523,"[M - H]-",0.533606872412095
"2.9","cembio","neg","46","fumaric acid","VZCYOOQTPOCHFL",49.77700000002,115.003700256348,"[M - H]-",0.0986755272448011
"2.9","cembio","neg","48","nicotinic acid","PVNIIMVLHYAWGP",51.76900000002,122.024696350098,"[M - H]-",0.257382519294669
"2.9","cembio","neg","60","Gly-Pro","KZNQNBZMBZJQJO",64.43900390628,171.077606201172,"[M - H]-",0.136932463615859
"2.9","cembio","neg","61","homogentisic acid","IGMNYECMUMZDDF",65.43499609374,167.035003662109,"[M - H]-",0.407784144715061
"2.9","cembio","neg","64","(R)-noradrenaline","SFLSHLFXELFNJZ",68.424,168.066802978516,"[M - H]-",0.459886183840837
"2.9","cembio","neg","65","fumaric acid","VZCYOOQTPOCHFL",69.42,115.003700256348,"[M - H]-",0.242474635085236
"2.9","cembio","neg","67","nicotinic acid","PVNIIMVLHYAWGP",71.41300000002,122.024696350098,"[M - H]-",0.129680915604955
"2.9","cembio","neg","68","(S)-lactic acid","JVTAAEKCZFNVCJ",72.40900000002,89.02449798584,"[M - H]-",0.705861078181318
"2.9","cembio","neg","76","N-acetyl-L-methionine","XUYPXLNMDZIRQH",81.09400000002,190.054397583008,"[M - H]-",0.204389805771241
"2.9","cembio","neg","80","Gly-Pro","KZNQNBZMBZJQJO",85.07899999998,171.077606201172,"[M - H]-",0.0687123047653527
"2.9","cembio","neg","85","fumaric acid","VZCYOOQTPOCHFL",90.06,115.003700256348,"[M - H]-",0.0638494824643251
"2.9","cembio","neg","96","fumaric acid","VZCYOOQTPOCHFL",101.02000000002,115.003700256348,"[M - H]-",0.234129294318548
"2.9","cembio","neg","97","N-acetyl-L-methionine","XUYPXLNMDZIRQH",102.73000000002,190.054397583008,"[M - H]-",0.102300794970088
"2.9","cembio","neg","99","homogentisic acid","IGMNYECMUMZDDF",104.72200000002,167.035003662109,"[M - H]-",0.383102325224882
"2.9","cembio","neg","104","N-acetyl-L-methionine","XUYPXLNMDZIRQH",110.41699999998,190.054397583008,"[M - H]-",0.188282398502724
"2.9","cembio","neg","106","homogentisic acid","IGMNYECMUMZDDF",112.41,167.035003662109,"[M - H]-",0.325352871571792
"2.9","cembio","neg","112","N-acetyl-L-methionine","XUYPXLNMDZIRQH",119.10100000002,190.054397583008,"[M - H]-",0.912256654887467
"2.9","cembio","neg","114","homogentisic acid","IGMNYECMUMZDDF",121.09399999998,167.035003662109,"[M - H]-",0.503998496749674
"2.9","cembio","neg","122","N-acetyl-L-methionine","XUYPXLNMDZIRQH",129.77800000002,190.054397583008,"[M - H]-",0.887803244515307
"2.9","cembio","neg","124","D-leucine","ROHFNLRQFUQHCH",131.77099999998,130.087005615234,"[M - H]-",0.285410251904797
"2.9","cembio","neg","129","N-acetyl-L-methionine","XUYPXLNMDZIRQH",137.466,190.054397583008,"[M - H]-",0.835932465055971
"2.9","cembio","neg","138","N-acetyl-L-methionine","XUYPXLNMDZIRQH",147.14599999998,190.054397583008,"[M - H]-",0.829319228420214
"2.9","cembio","neg","147","N-acetyl-L-methionine","XUYPXLNMDZIRQH",156.82600000002,190.054397583008,"[M - H]-",0.721684513579412
"2.9","cembio","neg","149","D-leucine","ROHFNLRQFUQHCH",158.81899999998,130.087005615234,"[M - H]-",0.374473130297386
"2.9","cembio","neg","156","N-acetyl-L-methionine","XUYPXLNMDZIRQH",166.506,190.054397583008,"[M - H]-",0.787548384001658
"2.9","cembio","neg","164","N-acetyl-L-methionine","XUYPXLNMDZIRQH",175.18999999998,190.054397583008,"[M - H]-",0.419330021073547
"2.9","cembio","neg","165","D-leucine","ROHFNLRQFUQHCH",176.187,130.087005615234,"[M - H]-",0.381526399969545
"2.9","cembio","neg","172","N-acetyl-L-methionine","XUYPXLNMDZIRQH",183.87400000002,190.054397583008,"[M - H]-",0.793326640962345
"2.9","cembio","neg","174","ritalinic acid","INGSNVSERUZOAK",185.86600000002,218.118804931641,"[M - H]-",0.0192593866077413
"2.9","cembio","neg","180","D-leucine","ROHFNLRQFUQHCH",192.558,130.087005615234,"[M - H]-",0.28837859090783
"2.9","cembio","neg","181","ritalinic acid","INGSNVSERUZOAK",193.554,218.118804931641,"[M - H]-",0.972518902216714
"2.9","cembio","neg","192","D-leucine","ROHFNLRQFUQHCH",205.93999999998,130.087005615234,"[M - H]-",0.185882333812708
"2.9","cembio","neg","198","D-leucine","ROHFNLRQFUQHCH",212.631,130.087005615234,"[M - H]-",0.150969533328494
"2.9","cembio","neg","229","D-leucine","ROHFNLRQFUQHCH",247.79599999998,130.087005615234,"[M - H]-",0.231316750360543
"2.9","cembio","neg","233","D-leucine","ROHFNLRQFUQHCH",252.49399999998,130.087005615234,"[M - H]-",0.35428351217375
"2.9","cembio","neg","237","D-leucine","ROHFNLRQFUQHCH",257.193,130.087005615234,"[M - H]-",0.276782348037207
"2.9","cembio","neg","241","D-leucine","ROHFNLRQFUQHCH",262.605,130.087005615234,"[M - H]-",0.276012231156857
"2.9","cembio","neg","243","D-leucine","ROHFNLRQFUQHCH",265.31200000002,130.087005615234,"[M - H]-",0.29290211706999
"2.9","cembio","neg","247","D-leucine","ROHFNLRQFUQHCH",270.723,130.087005615234,"[M - H]-",0.232918782700473
"2.9","cembio","neg","253","D-leucine","ROHFNLRQFUQHCH",284.82399999999,130.087005615234,"[M - H]-",0.19960609607106
"2.9","hmgu","pos","164","nicotinamide","DFPAKSUCGFBDDF",93.105,145.036915148243,"[M + Na]+",0.258958989170085
"2.9","hmgu","pos","1001","ritalinic acid","INGSNVSERUZOAK",655.716,220.131270563807,"[M + H]+",0.588276892812781
"2.9","hmgu","neg","1172","nicotinic acid","PVNIIMVLHYAWGP",43.59,122.024208239845,"[M - H]-",0.273180324591526
"2.9","hmgu","neg","1436","3-methylbutanal","YGHRJJRRZDOVPD",200.904,85.065676846606,"[M - H]-",0.0176794964346406
"2.9","hmgu","neg","1437","3-methylbutanal","YGHRJJRRZDOVPD",201.5685,85.065740565194,"[M - H]-",0.0376834090220103
"2.9","hmgu","neg","1438","3-methylbutanal","YGHRJJRRZDOVPD",202.23800000001,85.065795001878,"[M - H]-",0.0159224483918268
"2.9","hmgu","neg","1439","3-methylbutanal","YGHRJJRRZDOVPD",202.90450000002,85.065697123749,"[M - H]-",0.0235350846849439
"2.9","hmgu","neg","1440","3-methylbutanal","YGHRJJRRZDOVPD",203.574,85.065731251124,"[M - H]-",0.0275122502761313
"2.9","hmgu","neg","1441","3-methylbutanal","YGHRJJRRZDOVPD",204.31899999999,85.06564753074,"[M - H]-",0.0225534917179024
"2.9","icl","pos","459","N-acetyl-L-methionine","XUYPXLNMDZIRQH",706.71798706056,192.066925048828,"[M + H]+",0.220712735981699
"2.10","afekta","pos","12","4-hydroxy-L-proline","PMMYEEVYMWASQN",26.87450000001,154.046600341797,"[M + Na]+",0.87574146704117
"2.10","afekta","pos","22","L-pipecolic acid","HXEACLLIILLPRG",31.86,130.085746765137,"[M + H]+",0.980209129510331
"2.10","afekta","pos","23","trans-urocanic acid","LOIYMIARKYCTBW",32.5880019531,139.049687703451,"[M + H]+",0.11029776545613
"2.10","afekta","pos","25","quinolinic acid","GJAWHXHKYYXBSV",35.26250000001,168.027839660645,"[M + H]+",0.636603912897464
"2.10","afekta","pos","34","quinolinic acid","GJAWHXHKYYXBSV",55.6185,168.027839660645,"[M + H]+",0.279797852268546
"2.10","afekta","neg","375","trans-urocanic acid","LOIYMIARKYCTBW",30.74000000001,137.034820556641,"[M - H]-",0.124737809241534
"2.10","afekta","neg","457","2-hydroxy-2-methylbutyric acid","MBIQENSCDNJOIY",272.74549999998,117.05489730835,"[M - H]-",0.26064493461322
"2.10","cembio","pos","209","uracil","ISAKRJDGNUQOIC",4.344,113.034599304199,"[M + H]+",0.326859537336321
"2.10","cembio","pos","215","7,9-dihydro-1H-purine-2,6,8(3H)-trione","LEHOTFFKMJEONL",10.32199999998,169.035903930664,"[M + H]+",0.323271945265458
"2.10","cembio","pos","220","uracil","ISAKRJDGNUQOIC",16.017,113.034599304199,"[M + H]+",0.242169087583115
"2.10","cembio","pos","221","L-pipecolic acid","HXEACLLIILLPRG",17.013,130.086303710938,"[M + H]+",0.187105915551901
"2.10","cembio","pos","230","glycinamide","BEBCJVAWIBVWNZ",26.69299999998,75.055397033691,"[M + H]+",0.15882116871926
"2.10","cembio","pos","232","L-pipecolic acid","HXEACLLIILLPRG",28.686,130.086303710938,"[M + H]+",0.986112981520961
"2.10","cembio","pos","233","4-hydroxy-L-proline","PMMYEEVYMWASQN",29.682,132.065994262695,"[M + H]+",0.858004389298785
"2.10","cembio","pos","234","trans-urocanic acid","LOIYMIARKYCTBW",30.67900000002,139.05029296875,"[M + H]+",0.897845522454516
"2.10","cembio","pos","236","quinolinic acid","GJAWHXHKYYXBSV",32.67100195314,168.029403686523,"[M + H]+",0.696926796833528
"2.10","cembio","pos","238","7,9-dihydro-1H-purine-2,6,8(3H)-trione","LEHOTFFKMJEONL",34.66399999998,169.035903930664,"[M + H]+",0.418305048311552
"2.10","cembio","pos","241","glycinamide","BEBCJVAWIBVWNZ",37.653,97.037300109863,"[M + Na]+",0.379967431415768
"2.10","cembio","pos","243","uracil","ISAKRJDGNUQOIC",40.359,113.034599304199,"[M + H]+",0.840878010445204
"2.10","cembio","pos","244","L-pipecolic acid","HXEACLLIILLPRG",41.355,130.086303710938,"[M + H]+",0.981426768552882
"2.10","cembio","pos","245","4-hydroxy-L-proline","PMMYEEVYMWASQN",42.35200000002,132.065994262695,"[M + H]+",0.707311134950825
"2.10","cembio","pos","246","trans-urocanic acid","LOIYMIARKYCTBW",43.34800000002,139.05029296875,"[M + H]+",0.834976349298631
"2.10","cembio","pos","248","quinolinic acid","GJAWHXHKYYXBSV",45.34000000002,168.029403686523,"[M + H]+",0.31059091693967
"2.10","cembio","pos","249","3-methoxytyramine","DIVQKHQLANKJQO",46.33699999998,168.101699829102,"[M + H]+",0.660123047882388
"2.10","cembio","pos","253","glycinamide","BEBCJVAWIBVWNZ",50.322,97.037300109863,"[M + Na]+",0.0613328805121617
"2.10","cembio","pos","256","L-pipecolic acid","HXEACLLIILLPRG",54.024,130.086303710938,"[M + H]+",0.847852473384857
"2.10","cembio","pos","257","4-hydroxy-L-proline","PMMYEEVYMWASQN",55.02,132.065994262695,"[M + H]+",0.40256573900811
"2.10","cembio","pos","258","trans-urocanic acid","LOIYMIARKYCTBW",56.01700000002,139.05029296875,"[M + H]+",0.811862157473549
"2.10","cembio","pos","259","2-hydroxy-2-methylbutyric acid","MBIQENSCDNJOIY",57.01300000002,141.052505493164,"[M + Na]+",0.00744114425711651
"2.10","cembio","pos","260","quinolinic acid","GJAWHXHKYYXBSV",58.00900000002,168.029403686523,"[M + H]+",0.49206713952997
"2.10","cembio","pos","262","7,9-dihydro-1H-purine-2,6,8(3H)-trione","LEHOTFFKMJEONL",60.00199999998,169.035903930664,"[M + H]+",0.120141132769071
"2.10","cembio","pos","267","uracil","ISAKRJDGNUQOIC",65.69800000002,113.034599304199,"[M + H]+",0.347107686452839
"2.10","cembio","pos","268","L-pipecolic acid","HXEACLLIILLPRG",66.69400000002,130.086303710938,"[M + H]+",0.703537726461878
"2.10","cembio","pos","269","4-hydroxy-L-proline","PMMYEEVYMWASQN",67.69099999998,132.065994262695,"[M + H]+",0.206201814054479
"2.10","cembio","pos","270","trans-urocanic acid","LOIYMIARKYCTBW",68.68699999998,139.05029296875,"[M + H]+",0.569417644982319
"2.10","cembio","pos","272","quinolinic acid","GJAWHXHKYYXBSV",70.68,168.029403686523,"[M + H]+",0.549108660018027
"2.10","cembio","pos","273","3-methoxytyramine","DIVQKHQLANKJQO",71.676,168.101699829102,"[M + H]+",0.182488429268278
"2.10","cembio","pos","277","glycinamide","BEBCJVAWIBVWNZ",75.66100000002,97.037300109863,"[M + Na]+",0.170848927035525
"2.10","cembio","pos","280","L-pipecolic acid","HXEACLLIILLPRG",79.36399999998,130.086303710938,"[M + H]+",0.416522194903269
"2.10","cembio","pos","281","4-hydroxy-L-proline","PMMYEEVYMWASQN",80.35999999998,132.065994262695,"[M + H]+",0.147109171057715
"2.10","cembio","pos","282","trans-urocanic acid","LOIYMIARKYCTBW",81.357,139.05029296875,"[M + H]+",0.322316636080119
"2.10","cembio","pos","284","quinolinic acid","GJAWHXHKYYXBSV",83.349,168.029403686523,"[M + H]+",0.583494495285652
"2.10","cembio","pos","288","alpha-D-mannose","WQZGKKKJIJFFOK",87.33400000002,203.052307128906,"[M + Na]+",0.37268081552233
"2.10","cembio","pos","291","N-isovalerylglycine","ZRQXMKMBBMNNQC",90.32299999998,182.078796386719,"[M + Na]+",0.11544151635078
"2.10","cembio","pos","297","N-isovalerylglycine","ZRQXMKMBBMNNQC",97.014,182.078796386719,"[M + Na]+",0.111741510472013
"2.10","cembio","pos","300","N-isovalerylglycine","ZRQXMKMBBMNNQC",100.71700000002,160.09700012207,"[M + H]+",0.10788385519403
"2.10","cembio","pos","306","N-isovalerylglycine","ZRQXMKMBBMNNQC",108.12100000002,160.09700012207,"[M + H]+",0.143860701219396
"2.10","cembio","pos","307","N-isovalerylglycine","ZRQXMKMBBMNNQC",109.11700000002,182.078796386719,"[M + Na]+",0.220553126744122
"2.10","cembio","pos","308","2-hydroxy-2-methylbutyric acid","MBIQENSCDNJOIY",110.826,141.052505493164,"[M + Na]+",0.00401561639812381
"2.10","cembio","pos","309","N-isovalerylglycine","ZRQXMKMBBMNNQC",111.82300000002,160.09700012207,"[M + H]+",0.669503599195808
"2.10","cembio","pos","312","N-isovalerylglycine","ZRQXMKMBBMNNQC",115.52500000002,160.09700012207,"[M + H]+",0.181708500082663
"2.10","cembio","pos","316","2-hydroxy-2-methylbutyric acid","MBIQENSCDNJOIY",120.22399999998,141.052505493164,"[M + Na]+",0.105026640087728
"2.10","cembio","pos","317","N-isovalerylglycine","ZRQXMKMBBMNNQC",121.221,160.09700012207,"[M + H]+",0.827212380026709
"2.10","cembio","pos","322","N-isovalerylglycine","ZRQXMKMBBMNNQC",126.915,160.09700012207,"[M + H]+",0.840445117549378
"2.10","cembio","pos","323","(5-hydroxyindol-3-yl)acetic acid","DUUGKQCEGZLZNO",127.911,192.065994262695,"[M + H]+",0.103719013587306
"2.10","cembio","pos","328","N-isovalerylglycine","ZRQXMKMBBMNNQC",133.60600000002,160.09700012207,"[M + H]+",0.743507074311822
"2.10","cembio","pos","330","(5-hydroxyindol-3-yl)acetic acid","DUUGKQCEGZLZNO",135.59899999998,214.047698974609,"[M + K]+",0.041391571757075
"2.10","cembio","pos","332","N-isovalerylglycine","ZRQXMKMBBMNNQC",137.592,182.078796386719,"[M + Na]+",0.35183990958826
"2.10","cembio","pos","334","N-isovalerylglycine","ZRQXMKMBBMNNQC",140.29699999998,160.09700012207,"[M + H]+",0.665640899251871
"2.10","cembio","pos","338","N-isovalerylglycine","ZRQXMKMBBMNNQC",144.28300000002,182.078796386719,"[M + Na]+",0.750174654720068
"2.10","cembio","pos","340","N-isovalerylglycine","ZRQXMKMBBMNNQC",146.98900000002,160.09700012207,"[M + H]+",0.742029436167562
"2.10","cembio","pos","346","N-isovalerylglycine","ZRQXMKMBBMNNQC",153.67999999998,160.09700012207,"[M + H]+",0.360241864786542
"2.10","cembio","pos","352","N-isovalerylglycine","ZRQXMKMBBMNNQC",160.37200000002,160.09700012207,"[M + H]+",0.409963001165733
"2.10","cembio","pos","358","N-isovalerylglycine","ZRQXMKMBBMNNQC",167.064,160.09700012207,"[M + H]+",0.300437954563531
"2.10","cembio","pos","359","(5-hydroxyindol-3-yl)acetic acid","DUUGKQCEGZLZNO",168.06100000002,192.065994262695,"[M + H]+",0.872138694597488
"2.10","cembio","pos","362","N-isovalerylglycine","ZRQXMKMBBMNNQC",171.04999999998,182.078796386719,"[M + Na]+",0.174037183465283
"2.10","cembio","pos","363","(S)-2-hydroxy-4-methylpentanoic acid","LVRFTAZAXQPQHI",172.75900000002,133.085998535156,"[M + H]+",0.170080922299795
"2.10","cembio","pos","364","N-isovalerylglycine","ZRQXMKMBBMNNQC",173.75599999998,160.09700012207,"[M + H]+",0.426474384015467
"2.10","cembio","pos","365","(5-hydroxyindol-3-yl)acetic acid","DUUGKQCEGZLZNO",174.75199999998,192.065994262695,"[M + H]+",0.227348741938729
"2.10","cembio","pos","368","N-isovalerylglycine","ZRQXMKMBBMNNQC",177.741,182.078796386719,"[M + Na]+",0.23109153361941
"2.10","cembio","pos","375","(S)-2-hydroxy-4-methylpentanoic acid","LVRFTAZAXQPQHI",186.14200000002,133.085998535156,"[M + H]+",0.300837954943821
"2.10","cembio","pos","376","N-isovalerylglycine","ZRQXMKMBBMNNQC",187.13899999998,160.09700012207,"[M + H]+",0.461721737513033
"2.10","cembio","pos","377","(5-hydroxyindol-3-yl)acetic acid","DUUGKQCEGZLZNO",188.13499999998,192.065994262695,"[M + H]+",0.479093962779379
"2.10","cembio","pos","390","(5-hydroxyindol-3-yl)acetic acid","DUUGKQCEGZLZNO",203.22700000002,192.065994262695,"[M + H]+",0.158263922065363
"2.10","cembio","pos","410","(5-hydroxyindol-3-yl)acetic acid","DUUGKQCEGZLZNO",226.719,192.065994262695,"[M + H]+",0.0302971901104373
"2.10","cembio","neg","20","uracil","ISAKRJDGNUQOIC",23.109,111.020202636719,"[M - H]-",0.334481428277097
"2.10","cembio","neg","26","L-pipecolic acid","HXEACLLIILLPRG",29.80099999998,128.071594238281,"[M - H]-",0.0590312766316855
"2.10","cembio","neg","27","alpha-D-glucuronic acid","AEMOLEFTQBMNLQ",30.79699999998,193.035598754883,"[M - H]-",0.269517017320349
"2.10","cembio","neg","28","4-hydroxy-L-proline","PMMYEEVYMWASQN",31.794,130.050994873047,"[M - H]-",0.659012910389195
"2.10","cembio","neg","29","7,9-dihydro-1H-purine-2,6,8(3H)-trione","LEHOTFFKMJEONL",32.79,167.021102905273,"[M - H]-",0.340261179011094
"2.10","cembio","neg","30","trans-urocanic acid","LOIYMIARKYCTBW",33.786,137.035797119141,"[M - H]-",0.336803595762325
"2.10","cembio","neg","32","N-isovalerylglycine","ZRQXMKMBBMNNQC",35.77900000002,158.082305908203,"[M - H]-",0.073921899630221
"2.10","cembio","neg","33","uracil","ISAKRJDGNUQOIC",36.77500000002,111.020202636719,"[M - H]-",0.079940363934699
"2.10","cembio","neg","41","4-hydroxy-L-proline","PMMYEEVYMWASQN",45.459,130.050994873047,"[M - H]-",0.476122801817748
"2.10","cembio","neg","42","7,9-dihydro-1H-purine-2,6,8(3H)-trione","LEHOTFFKMJEONL",46.455,167.021102905273,"[M - H]-",0.512388328739467
"2.10","cembio","neg","54","4-hydroxy-L-proline","PMMYEEVYMWASQN",59.12500000002,130.050994873047,"[M - H]-",0.146759945851206
"2.10","cembio","neg","55","7,9-dihydro-1H-purine-2,6,8(3H)-trione","LEHOTFFKMJEONL",60.12100000002,167.021102905273,"[M - H]-",0.112631345089092
"2.10","cembio","neg","56","trans-urocanic acid","LOIYMIARKYCTBW",61.11700000002,137.035797119141,"[M - H]-",0.437814025522238
"2.10","cembio","neg","59","uracil","ISAKRJDGNUQOIC",64.10600390628,111.020202636719,"[M - H]-",0.600368479510748
"2.10","cembio","neg","71","N-isovalerylglycine","ZRQXMKMBBMNNQC",76.776,158.082305908203,"[M - H]-",0.298940341101161
"2.10","cembio","neg","82","trans-urocanic acid","LOIYMIARKYCTBW",88.449,137.035797119141,"[M - H]-",0.0893549763075597
"2.10","cembio","neg","90","N-isovalerylglycine","ZRQXMKMBBMNNQC",102.25999999998,158.082305908203,"[M - H]-",0.267955452463134
"2.10","cembio","neg","91","(5-hydroxyindol-3-yl)acetic acid","DUUGKQCEGZLZNO",109.101,190.05110168457,"[M - H]-",0.0459980253392502
"2.10","cembio","neg","92","N-isovalerylglycine","ZRQXMKMBBMNNQC",110.097,158.082305908203,"[M - H]-",0.303189408658
"2.10","cembio","neg","95","N-isovalerylglycine","ZRQXMKMBBMNNQC",113.799,158.082305908203,"[M - H]-",0.371667035015364
"2.10","cembio","neg","98","N-isovalerylglycine","ZRQXMKMBBMNNQC",117.501,158.082305908203,"[M - H]-",0.590891532508435
"2.10","cembio","neg","100","(5-hydroxyindol-3-yl)acetic acid","DUUGKQCEGZLZNO",120.20599999998,190.05110168457,"[M - H]-",0.06647148498482
"2.10","cembio","neg","101","N-isovalerylglycine","ZRQXMKMBBMNNQC",121.203,158.082305908203,"[M - H]-",0.540239136649752
"2.10","cembio","neg","104","N-isovalerylglycine","ZRQXMKMBBMNNQC",124.905,158.082305908203,"[M - H]-",0.537190806968421
"2.10","cembio","neg","107","(S)-2-hydroxy-4-methylpentanoic acid","LVRFTAZAXQPQHI",128.60599999998,131.071304321289,"[M - H]-",0.173727456005419
"2.10","cembio","neg","108","N-isovalerylglycine","ZRQXMKMBBMNNQC",129.603,158.082305908203,"[M - H]-",0.501832583146591
"2.10","cembio","neg","112","N-isovalerylglycine","ZRQXMKMBBMNNQC",134.301,158.082305908203,"[M - H]-",0.364781832085255
"2.10","cembio","neg","115","(S)-2-hydroxy-4-methylpentanoic acid","LVRFTAZAXQPQHI",138.003,131.071304321289,"[M - H]-",0.4006012448675
"2.10","cembio","neg","116","N-isovalerylglycine","ZRQXMKMBBMNNQC",139.00000000002,158.082305908203,"[M - H]-",0.531221620224639
"2.10","cembio","neg","120","N-isovalerylglycine","ZRQXMKMBBMNNQC",143.69800000002,158.082305908203,"[M - H]-",0.529323475776699
"2.10","cembio","neg","124","N-isovalerylglycine","ZRQXMKMBBMNNQC",148.39699999998,158.082305908203,"[M - H]-",0.495869622868489
"2.10","cembio","neg","128","N-isovalerylglycine","ZRQXMKMBBMNNQC",153.096,158.082305908203,"[M - H]-",0.366820251718275
"2.10","cembio","neg","132","N-isovalerylglycine","ZRQXMKMBBMNNQC",157.794,158.082305908203,"[M - H]-",0.501135468199329
"2.10","cembio","neg","134","(5-hydroxyindol-3-yl)acetic acid","DUUGKQCEGZLZNO",160.5,190.05110168457,"[M - H]-",0.769356735712133
"2.10","cembio","neg","135","(S)-2-hydroxy-4-methylpentanoic acid","LVRFTAZAXQPQHI",161.496,131.071304321289,"[M - H]-",0.292332361421429
"2.10","cembio","neg","136","N-isovalerylglycine","ZRQXMKMBBMNNQC",162.492,158.082305908203,"[M - H]-",0.338434015116947
"2.10","cembio","neg","138","(5-hydroxyindol-3-yl)acetic acid","DUUGKQCEGZLZNO",165.198,190.05110168457,"[M - H]-",0.760934931743916
"2.10","cembio","neg","139","(S)-2-hydroxy-4-methylpentanoic acid","LVRFTAZAXQPQHI",166.19500000002,131.071304321289,"[M - H]-",0.23102290029703
"2.10","cembio","neg","140","N-isovalerylglycine","ZRQXMKMBBMNNQC",167.19100000002,158.082305908203,"[M - H]-",0.362418084823877
"2.10","cembio","neg","142","(5-hydroxyindol-3-yl)acetic acid","DUUGKQCEGZLZNO",169.896,190.05110168457,"[M - H]-",0.763957634519884
"2.10","cembio","neg","144","N-isovalerylglycine","ZRQXMKMBBMNNQC",171.88900000002,158.082305908203,"[M - H]-",0.289378402104934
"2.10","cembio","neg","146","(5-hydroxyindol-3-yl)acetic acid","DUUGKQCEGZLZNO",174.594,190.05110168457,"[M - H]-",0.723429695690581
"2.10","cembio","neg","147","(S)-2-hydroxy-4-methylpentanoic acid","LVRFTAZAXQPQHI",175.59100000002,131.071304321289,"[M - H]-",0.145059801455751
"2.10","cembio","neg","148","N-isovalerylglycine","ZRQXMKMBBMNNQC",176.58700000002,158.082305908203,"[M - H]-",0.373645831702288
"2.10","cembio","neg","150","(5-hydroxyindol-3-yl)acetic acid","DUUGKQCEGZLZNO",179.29300000002,190.05110168457,"[M - H]-",0.752399804113791
"2.10","cembio","neg","151","(S)-2-hydroxy-4-methylpentanoic acid","LVRFTAZAXQPQHI",180.28900000002,131.071304321289,"[M - H]-",0.540150502122284
"2.10","cembio","neg","152","2-hydroxy-2-methylbutyric acid","MBIQENSCDNJOIY",181.28599999998,117.055702209473,"[M - H]-",0.409445338850741
"2.10","cembio","neg","153","N-isovalerylglycine","ZRQXMKMBBMNNQC",182.28199999998,158.082305908203,"[M - H]-",0.313231737688097
"2.10","cembio","neg","155","(5-hydroxyindol-3-yl)acetic acid","DUUGKQCEGZLZNO",184.98799999998,190.05110168457,"[M - H]-",0.194912544352835
"2.10","cembio","neg","156","(S)-2-hydroxy-4-methylpentanoic acid","LVRFTAZAXQPQHI",185.98399999998,131.071304321289,"[M - H]-",0.450534667027906
"2.10","cembio","neg","157","2-hydroxy-2-methylbutyric acid","MBIQENSCDNJOIY",186.97999999998,117.055702209473,"[M - H]-",0.272747964406172
"2.10","cembio","neg","158","N-isovalerylglycine","ZRQXMKMBBMNNQC",187.977,158.082305908203,"[M - H]-",0.193495952178351
"2.10","cembio","neg","161","(S)-2-hydroxy-4-methylpentanoic acid","LVRFTAZAXQPQHI",191.679,131.071304321289,"[M - H]-",0.467425327324542
"2.10","cembio","neg","162","2-hydroxy-2-methylbutyric acid","MBIQENSCDNJOIY",192.675,117.055702209473,"[M - H]-",0.274970923971722
"2.10","cembio","neg","165","(5-hydroxyindol-3-yl)acetic acid","DUUGKQCEGZLZNO",196.377,190.05110168457,"[M - H]-",0.045955759926396
"2.10","cembio","neg","166","(S)-2-hydroxy-4-methylpentanoic acid","LVRFTAZAXQPQHI",197.373,131.071304321289,"[M - H]-",0.498963184021449
"2.10","cembio","neg","167","2-hydroxy-2-methylbutyric acid","MBIQENSCDNJOIY",198.37000000002,117.055702209473,"[M - H]-",0.399461518786857
"2.10","cembio","neg","168","N-isovalerylglycine","ZRQXMKMBBMNNQC",199.36600000002,158.082305908203,"[M - H]-",0.361186655450921
"2.10","cembio","neg","171","(S)-2-hydroxy-4-methylpentanoic acid","LVRFTAZAXQPQHI",203.06800000002,131.071304321289,"[M - H]-",0.501620470703522
"2.10","cembio","neg","172","2-hydroxy-2-methylbutyric acid","MBIQENSCDNJOIY",204.06499999998,117.055702209473,"[M - H]-",0.279901879459986
"2.10","cembio","neg","175","(S)-2-hydroxy-4-methylpentanoic acid","LVRFTAZAXQPQHI",207.76699999998,131.071304321289,"[M - H]-",0.543056642522416
"2.10","cembio","neg","176","2-hydroxy-2-methylbutyric acid","MBIQENSCDNJOIY",208.76299999998,117.055702209473,"[M - H]-",0.295841673064559
"2.10","cembio","neg","179","(S)-2-hydroxy-4-methylpentanoic acid","LVRFTAZAXQPQHI",212.46499999998,131.071304321289,"[M - H]-",0.468623130630528
"2.10","cembio","neg","180","2-hydroxy-2-methylbutyric acid","MBIQENSCDNJOIY",213.462,117.055702209473,"[M - H]-",0.309756616633666
"2.10","cembio","neg","183","(S)-2-hydroxy-4-methylpentanoic acid","LVRFTAZAXQPQHI",217.164,131.071304321289,"[M - H]-",0.551360815861644
"2.10","cembio","neg","187","(S)-2-hydroxy-4-methylpentanoic acid","LVRFTAZAXQPQHI",221.86300000002,131.071304321289,"[M - H]-",0.278816013986331
"2.10","cembio","neg","191","(S)-2-hydroxy-4-methylpentanoic acid","LVRFTAZAXQPQHI",226.56100000002,131.071304321289,"[M - H]-",0.531528398363124
"2.10","cembio","neg","192","2-hydroxy-2-methylbutyric acid","MBIQENSCDNJOIY",227.55799999998,117.055702209473,"[M - H]-",0.284723393184978
"2.10","cembio","neg","194","(S)-2-hydroxy-4-methylpentanoic acid","LVRFTAZAXQPQHI",230.26300000002,131.071304321289,"[M - H]-",0.2365804180077
"2.10","cembio","neg","195","2-hydroxy-2-methylbutyric acid","MBIQENSCDNJOIY",231.25999999998,117.055702209473,"[M - H]-",0.254264916217618
"2.10","cembio","neg","196","(S)-2-hydroxy-4-methylpentanoic acid","LVRFTAZAXQPQHI",232.96900000002,131.071304321289,"[M - H]-",0.398419301056605
"2.10","cembio","neg","197","2-hydroxy-2-methylbutyric acid","MBIQENSCDNJOIY",233.96599999998,117.055702209473,"[M - H]-",0.238158558238997
"2.10","cembio","neg","198","(S)-2-hydroxy-4-methylpentanoic acid","LVRFTAZAXQPQHI",235.67500000002,131.071304321289,"[M - H]-",0.449739464983455
"2.10","cembio","neg","199","2-hydroxy-2-methylbutyric acid","MBIQENSCDNJOIY",236.67100000002,117.055702209473,"[M - H]-",0.285580948692995
"2.10","cembio","neg","200","(S)-2-hydroxy-4-methylpentanoic acid","LVRFTAZAXQPQHI",238.38100000002,131.071304321289,"[M - H]-",0.455038982077694
"2.10","cembio","neg","202","(S)-2-hydroxy-4-methylpentanoic acid","LVRFTAZAXQPQHI",241.08700000002,131.071304321289,"[M - H]-",0.325275900816035
"2.10","cembio","neg","203","2-hydroxy-2-methylbutyric acid","MBIQENSCDNJOIY",242.08300000002,117.055702209473,"[M - H]-",0.250089321939735
"2.10","cembio","neg","204","(S)-2-hydroxy-4-methylpentanoic acid","LVRFTAZAXQPQHI",243.79300000002,131.071304321289,"[M - H]-",0.308092595037614
"2.10","cembio","neg","205","2-hydroxy-2-methylbutyric acid","MBIQENSCDNJOIY",244.78999999998,117.055702209473,"[M - H]-",0.386584427361509
"2.10","cembio","neg","206","(S)-2-hydroxy-4-methylpentanoic acid","LVRFTAZAXQPQHI",246.49900000002,131.071304321289,"[M - H]-",0.20369888406834
"2.10","cembio","neg","207","2-hydroxy-2-methylbutyric acid","MBIQENSCDNJOIY",303.06500000001,117.055702209473,"[M - H]-",0.309121715360347
"2.10","hmgu","pos","1095","glycinamide","BEBCJVAWIBVWNZ",710.823,75.053492044754,"[M + H]+",0.25851350053087
"3.1","afekta","pos","154","(3S,5R)-fluvastatin","FJLGEFLZQAZZCD",401.51799999999,434.171447753906,"[M + Na]+",0.0669743898597327
"3.1","cembio","pos","247","undecanedioic acid","LWBHHRRTOZQPDM",254.367,239.125503540039,"[M + Na]+",0.0469941820802736
"3.1","cembio","pos","251","taurochenodeoxycholic acid","BHTRKEVKTKCXOH",259.065,522.286193847656,"[M + K]+",0.151076571537083
"3.1","cembio","pos","251","taurodeoxycholic acid","AWDRATDZQPNJFN",259.065,522.286193847656,"[M + K]+",0.151076571537083
"3.1","cembio","pos","276","undecanedioic acid","LWBHHRRTOZQPDM",288.25399999998,239.125503540039,"[M + Na]+",0.180988543524887
"3.1","cembio","pos","289","taurochenodeoxycholic acid","BHTRKEVKTKCXOH",302.63200000002,500.305206298828,"[M + H]+",0.868494357762042
"3.1","cembio","pos","289","taurodeoxycholic acid","AWDRATDZQPNJFN",302.63200000002,500.305206298828,"[M + H]+",0.868494357762042
"3.1","cembio","pos","300","taurochenodeoxycholic acid","BHTRKEVKTKCXOH",315.01900000002,500.305206298828,"[M + Na]+",0.0796361308123576
"3.1","cembio","pos","305","L-thyroxine","XUIIKFGFIJCVMT",320.71399999998,777.695373535156,"[M + H]+",0.669225937134627
"3.1","cembio","pos","311","L-thyroxine","XUIIKFGFIJCVMT",327.405,777.695373535156,"[M + H]+",0.610746729047949
"3.1","cembio","pos","317","L-thyroxine","XUIIKFGFIJCVMT",334.09600000002,777.695373535156,"[M + H]+",0.512989500062941
"3.1","cembio","pos","318","taurochenodeoxycholic acid","BHTRKEVKTKCXOH",335.09299999998,500.305206298828,"[M + H]+",0.911114863519593
"3.1","cembio","pos","318","taurodeoxycholic acid","AWDRATDZQPNJFN",335.09299999998,500.305206298828,"[M + H]+",0.911114863519593
"3.1","cembio","pos","324","taurochenodeoxycholic acid","BHTRKEVKTKCXOH",341.784,500.305206298828,"[M + H]+",0.802007089695703
"3.1","cembio","pos","324","taurodeoxycholic acid","AWDRATDZQPNJFN",341.784,500.305206298828,"[M + H]+",0.802007089695703
"3.1","cembio","pos","330","taurochenodeoxycholic acid","BHTRKEVKTKCXOH",348.47500000002,500.305206298828,"[M + H]+",0.870585765934907
"3.1","cembio","pos","330","taurodeoxycholic acid","AWDRATDZQPNJFN",348.47500000002,500.305206298828,"[M + H]+",0.870585765934907
"3.1","cembio","pos","337","taurochenodeoxycholic acid","BHTRKEVKTKCXOH",356.163,500.305206298828,"[M + H]+",0.635619117815956
"3.1","cembio","pos","337","taurodeoxycholic acid","AWDRATDZQPNJFN",356.163,500.305206298828,"[M + H]+",0.635619117815956
"3.1","cembio","pos","356","L-thyroxine","XUIIKFGFIJCVMT",377.23300000002,777.695373535156,"[M + H]+",0.485731198857032
"3.1","cembio","neg","5","undecanedioic acid","LWBHHRRTOZQPDM",251.748,215.128997802734,"[M - H]-",0.0528552228616778
"3.1","cembio","neg","8","undecanedioic acid","LWBHHRRTOZQPDM",255.45,215.128997802734,"[M - H]-",0.0954327715224568
"3.1","cembio","neg","18","undecanedioic acid","LWBHHRRTOZQPDM",266.83900000002,215.128997802734,"[M - H]-",0.154042532014372
"3.1","cembio","neg","48","undecanedioic acid","LWBHHRRTOZQPDM",303.285,215.128997802734,"[M - H]-",0.655604660266021
"3.1","cembio","neg","49","2-Methylheptanoic acid","NKBWMBRPILTCRD",304.281,143.107604980469,"[M - H]-",0.31735949331147
"3.1","cembio","neg","53","taurochenodeoxycholic acid","BHTRKEVKTKCXOH",309.47799999999,498.289588479435,"[M - H]-",0.268927919512702
"3.1","cembio","neg","53","taurodeoxycholic acid","AWDRATDZQPNJFN",309.47799999999,498.289588479435,"[M - H]-",0.268927919512702
"3.1","cembio","neg","55","undecanedioic acid","LWBHHRRTOZQPDM",311.96800000002,215.128997802734,"[M - H]-",0.58444330648349
"3.1","cembio","neg","61","L-thyroxine","XUIIKFGFIJCVMT",319.65499999998,775.679321289063,"[M - H]-",0.439006048864255
"3.1","cembio","neg","62","undecanedioic acid","LWBHHRRTOZQPDM",320.652,215.128997802734,"[M - H]-",0.828757655594533
"3.1","cembio","neg","63","2-Methylheptanoic acid","NKBWMBRPILTCRD",321.648,143.107604980469,"[M - H]-",0.178977465816663
"3.1","cembio","neg","68","L-thyroxine","XUIIKFGFIJCVMT",328.341,775.679321289063,"[M - H]-",0.386453148001438
"3.1","cembio","neg","84","undecanedioic acid","LWBHHRRTOZQPDM",347.70199999998,215.128997802734,"[M - H]-",0.22719523253735
"3.1","cembio","neg","99","taurochenodeoxycholic acid","BHTRKEVKTKCXOH",365.06899999998,498.289588479435,"[M - H]-",0.346213643381075
"3.1","cembio","neg","99","taurodeoxycholic acid","AWDRATDZQPNJFN",365.06899999998,498.289588479435,"[M - H]-",0.346213643381075
"3.1","cembio","neg","111","2-Methylheptanoic acid","NKBWMBRPILTCRD",377.73799999998,143.107604980469,"[M - H]-",0.299779877929229
"3.1","cembio","neg","123","(3S,5R)-fluvastatin","FJLGEFLZQAZZCD",391.83400000002,410.177703857422,"[M - H]-",0.997604852147884
"3.1","cembio","neg","127","(3S,5R)-fluvastatin","FJLGEFLZQAZZCD",396.53200000002,410.177703857422,"[M - H]-",0.683565014239612
"3.1","cembio","neg","131","(3S,5R)-fluvastatin","FJLGEFLZQAZZCD",401.23099999998,410.177703857422,"[M - H]-",0.997729471466339
"3.1","cembio","neg","134","(3S,5R)-fluvastatin","FJLGEFLZQAZZCD",404.93299999998,410.177703857422,"[M - H]-",0.666685814684276
"3.1","cembio","neg","137","(3S,5R)-fluvastatin","FJLGEFLZQAZZCD",408.63499999998,410.177703857422,"[M - H]-",0.657162152360414
"3.1","cembio","neg","143","(3S,5R)-fluvastatin","FJLGEFLZQAZZCD",416.03899999998,410.177703857422,"[M - H]-",0.997023070065518
"3.1","cembio","neg","210","lithocholic acid","SMEROWZSTRWXGI",501.34000000002,375.291198730469,"[M - H]-",0.30443601686201
"3.1","cembio","neg","230","lithocholic acid","SMEROWZSTRWXGI",528.399,375.291198730469,"[M - H]-",0.237133201633061
"3.1","hmgu","neg","1720","undecanedioic acid","LWBHHRRTOZQPDM",314.31800000001,215.128869109537,"[M - H]-",0.241186848501836
"3.1","hmgu","neg","1737","4-phenylbutyric acid","OBKXEAXTFZPCHS",326.12000000001,163.075641700631,"[M - H]-",0.583911424821407
"3.1","hmgu","neg","1781","taurochenodeoxycholic acid","BHTRKEVKTKCXOH",356.97949999998,498.289720368996,"[M - H]-",0.385932815169999
"3.1","hmgu","neg","1781","taurodeoxycholic acid","AWDRATDZQPNJFN",356.97949999998,498.289720368996,"[M - H]-",0.385932815169999
"3.1","hmgu","neg","1844","(3S,5R)-fluvastatin","FJLGEFLZQAZZCD",401.02450000002,410.177693848414,"[M - H]-",0.429399662462913
"3.1","icl","pos","198","L-thyroxine","XUIIKFGFIJCVMT",302.43398666382,777.690490722656,"[M + H]+",0.629745497371106
"3.1","icl","pos","303","1,2-di-O-myristoyl-sn-glycero-3-phosphocholine","CITHEXJVPOWHKC",462.23699569704,678.503784179688,"[M + H]+",0.0740663360556185
"3.1","icl","pos","359","1,2-di-O-myristoyl-sn-glycero-3-phosphocholine","CITHEXJVPOWHKC",548.7840270996,678.506958007813,"[M + H]+",0.12755127192339
"3.2","cembio","pos","293","tauroursodeoxycholic acid","BHTRKEVKTKCXOH",286.923,500.303192138672,"[M + H]+",0.0191215083407022
"3.2","cembio","pos","297","tauroursodeoxycholic acid","BHTRKEVKTKCXOH",290.90899999998,522.285705566406,"[M + Na]+",0.0329259363308583
"3.2","cembio","pos","305","tauroursodeoxycholic acid","BHTRKEVKTKCXOH",300.306,500.303192138672,"[M + H]+",0.928413827682537
"3.2","cembio","pos","310","taurocholic acid","WBWWGRHZICKQGZ",305.28799999998,516.2998046875,"[M + H]+",0.940964454743657
"3.2","cembio","pos","331","Leucomalachite green","WZKXBGJNNCGHIC",328.35100000002,331.217498779297,"[M + H]+",0.80067502468663
"3.2","cembio","pos","342","Leucomalachite green","WZKXBGJNNCGHIC",340.02400000002,331.217498779297,"[M + H]+",0.834153448865085
"3.2","cembio","pos","358","tauroursodeoxycholic acid","BHTRKEVKTKCXOH",356.67799999998,522.285705566406,"[M + Na]+",0.0757334195699022
"3.2","cembio","pos","364","Leucomalachite green","WZKXBGJNNCGHIC",363.37000000002,331.217498779297,"[M + H]+",0.679656435102264
"3.2","cembio","pos","375","cholic acid","BHQCQFFYRZLCQQ",375.04300000002,431.276794433594,"[M + Na]+",0.0911311469700509
"3.2","cembio","pos","385","1,2-dioleoyl-sn-glycero-3-phosphocholine","SNKAWJBJQDLSFF",385.719,786.597229003906,"[M + H]+",0.146229784630383
"3.2","cembio","pos","407","hexadecanedioic acid","QQHJDPROMQRDLA",409.065,309.204315185547,"[M + Na]+",0.0382716897613346
"3.2","cembio","pos","408","cholic acid","BHQCQFFYRZLCQQ",410.775,431.276794433594,"[M + Na]+",0.0511612692691464
"3.2","cembio","pos","411","hexadecanedioic acid","QQHJDPROMQRDLA",413.76400000002,287.221801757813,"[M + H]+",0.0228613113311493
"3.2","cembio","pos","442","hexadecanedioic acid","QQHJDPROMQRDLA",448.929,309.204315185547,"[M + Na]+",0.0187785303079075
"3.2","cembio","pos","445","hexadecanedioic acid","QQHJDPROMQRDLA",452.631,309.204315185547,"[M + Na]+",0.0740100222188058
"3.2","cembio","pos","451","hexadecanedioic acid","QQHJDPROMQRDLA",460.035,309.204315185547,"[M + Na]+",0.017798586826337
"3.2","cembio","pos","466","hexadecanedioic acid","QQHJDPROMQRDLA",478.54600000002,309.204315185547,"[M + Na]+",0.0224242323616034
"3.2","cembio","pos","467","hexadecanedioic acid","QQHJDPROMQRDLA",480.25600000002,287.221801757813,"[M + H]+",0.0660611055327149
"3.2","cembio","pos","478","gamma-terpinene","YKFLAYDHMOASIY",516.47303125002,137.131607055664,"[M + H]+",0.0246065731374165
"3.2","cembio","pos","498","all-trans-retinal","NCYCYZXNIZJOKI",541.39099999998,285.221405029297,"[M + H]+",0.0505810566841799
"3.2","cembio","pos","513","all-trans-retinal","NCYCYZXNIZJOKI",558.47599999998,285.221405029297,"[M + H]+",0.277144255824311
"3.2","cembio","pos","515","1-stearoyl-sn-glycerol","VBICKXHEKHSIBG",560.469,381.298004150391,"[M + Na]+",0.144074740111311
"3.2","cembio","pos","523","all-trans-retinal","NCYCYZXNIZJOKI",569.86699999998,285.221405029297,"[M + H]+",0.80289393396737
"3.2","cembio","pos","524","gamma-terpinene","YKFLAYDHMOASIY",570.86299999998,137.131607055664,"[M + Na]+",0.324604812100442
"3.2","cembio","pos","530","all-trans-retinal","NCYCYZXNIZJOKI",577.55500000002,285.221405029297,"[M + H]+",0.597287592509271
"3.2","cembio","pos","531","gamma-terpinene","YKFLAYDHMOASIY",578.55100000002,137.131607055664,"[M + H]+",0.0698280314633081
"3.2","cembio","pos","537","all-trans-retinal","NCYCYZXNIZJOKI",585.24199999998,285.221405029297,"[M + H]+",0.248789934027456
"3.2","cembio","pos","544","all-trans-retinal","NCYCYZXNIZJOKI",592.93000000002,285.221405029297,"[M + H]+",0.267404170894517
"3.2","cembio","pos","545","gamma-terpinene","YKFLAYDHMOASIY",593.92699999998,137.131607055664,"[M + Na]+",0.32350507265107
"3.2","cembio","pos","549","1-stearoyl-sn-glycerol","VBICKXHEKHSIBG",597.912,359.315704345703,"[M + H]+",0.0480645336030559
"3.2","cembio","pos","553","1-stearoyl-sn-glycerol","VBICKXHEKHSIBG",602.61100000002,381.298004150391,"[M + Na]+",0.263785423515968
"3.2","cembio","pos","559","gamma-terpinene","YKFLAYDHMOASIY",609.30199999998,137.131607055664,"[M + H]+",0.0242299290999968
"3.2","cembio","pos","575","hyodeoxycholic acid","DGABKXLVXPYZII",626.67,393.298309326172,"[M + H]+",0.181594684673141
"3.2","cembio","pos","581","1-stearoyl-sn-glycerol","VBICKXHEKHSIBG",633.36199999998,381.298004150391,"[M + Na]+",0.23007995230352
"3.2","cembio","pos","582","hyodeoxycholic acid","DGABKXLVXPYZII",634.35799999998,393.298309326172,"[M + H]+",0.184313593111978
"3.2","cembio","pos","584","1-stearoyl-sn-glycerol","VBICKXHEKHSIBG",636.351,359.315704345703,"[M + H]+",0.120130754479066
"3.2","cembio","pos","591","hyodeoxycholic acid","DGABKXLVXPYZII",644.74999999998,393.298309326172,"[M + Na]+",0.12492699207499
"3.2","cembio","pos","599","hyodeoxycholic acid","DGABKXLVXPYZII",654.15,393.298309326172,"[M + Na]+",0.15290965125285
"3.2","cembio","pos","604","hyodeoxycholic acid","DGABKXLVXPYZII",659.84500000002,393.298309326172,"[M + Na]+",0.268372704448786
"3.2","cembio","pos","620","hyodeoxycholic acid","DGABKXLVXPYZII",678.63799999998,393.298309326172,"[M + H]+",0.0618959711299927
"3.2","cembio","pos","634","cholest-4-en-3-one","NYOXRYYXRWJDKP",696.153,385.346893310547,"[M + H]+",0.929834091820978
"3.2","cembio","pos","636","cholest-4-en-3-one","NYOXRYYXRWJDKP",698.859,385.346893310547,"[M + H]+",0.884433218112023
"3.2","cembio","pos","642","cholest-4-en-3-one","NYOXRYYXRWJDKP",706.97800000002,385.346893310547,"[M + H]+",0.0490227027508515
"3.2","cembio","neg","33","taurocholic acid","WBWWGRHZICKQGZ",301.704,514.284729003906,"[M - H]-",0.442465705667967
"3.2","cembio","neg","34","tauroursodeoxycholic acid","BHTRKEVKTKCXOH",302.70100000002,498.289703369141,"[M - H]-",0.467198367254305
"3.2","cembio","neg","57","taurocholic acid","WBWWGRHZICKQGZ",327.756,514.284729003906,"[M - H]-",0.0554664151349608
"3.2","cembio","neg","84","cholic acid","BHQCQFFYRZLCQQ",356.08399999998,407.279907226563,"[M - H]-",0.823406755873655
"3.2","cembio","neg","104","cholic acid","BHQCQFFYRZLCQQ",377.43799999998,407.279907226563,"[M - H]-",0.013290370951739
"3.2","cembio","neg","136","hexadecanedioic acid","QQHJDPROMQRDLA",412.88599999998,285.207397460938,"[M - H]-",0.0498140765040086
"3.2","cembio","neg","140","hexadecanedioic acid","QQHJDPROMQRDLA",417.585,285.207397460938,"[M - H]-",0.0313301934775238
"3.2","cembio","neg","144","hexadecanedioic acid","QQHJDPROMQRDLA",422.283,285.207397460938,"[M - H]-",0.429303436733593
"3.2","cembio","neg","148","hexadecanedioic acid","QQHJDPROMQRDLA",426.98200000002,285.207397460938,"[M - H]-",0.398231055248628
"3.2","cembio","neg","152","hexadecanedioic acid","QQHJDPROMQRDLA",431.68099999998,285.207397460938,"[M - H]-",0.312850187024687
"3.2","cembio","neg","156","hexadecanedioic acid","QQHJDPROMQRDLA",461.169,285.207397460938,"[M - H]-",0.270219284753224
"3.2","cembio","neg","159","hexadecanoic acid","IPCSVZSSVZVIGE",523.93296874998,255.232604980469,"[M - H]-",0.0788411519392627
"3.2","cembio","neg","163","hexadecanoic acid","IPCSVZSSVZVIGE",529.34500000002,255.232604980469,"[M - H]-",0.0368178746899844
"3.2","cembio","neg","165","hexadecanoic acid","IPCSVZSSVZVIGE",532.05100000002,255.232604980469,"[M - H]-",0.012617241050618
"3.2","cembio","neg","167","hexadecanoic acid","IPCSVZSSVZVIGE",534.75700000002,255.232604980469,"[M - H]-",0.0262260456385661
"3.2","cembio","neg","170","hexadecanoic acid","IPCSVZSSVZVIGE",538.45900000002,255.232604980469,"[M - H]-",0.0939446239729023
"3.2","cembio","neg","173","hexadecanoic acid","IPCSVZSSVZVIGE",542.16100000002,255.232604980469,"[M - H]-",0.11621202572208
"3.2","cembio","neg","176","hexadecanoic acid","IPCSVZSSVZVIGE",545.86300000002,255.232604980469,"[M - H]-",0.109888860520845
"3.2","cembio","neg","179","hexadecanoic acid","IPCSVZSSVZVIGE",549.56500000002,255.232604980469,"[M - H]-",0.159353267904293
"3.2","cembio","neg","185","hexadecanoic acid","IPCSVZSSVZVIGE",556.96999999998,255.232604980469,"[M - H]-",0.0308231268995059
"3.2","cembio","neg","188","hexadecanoic acid","IPCSVZSSVZVIGE",560.67199999998,255.232604980469,"[M - H]-",0.0662004223734911
"3.2","cembio","neg","197","hexadecanoic acid","IPCSVZSSVZVIGE",571.77799999998,255.232604980469,"[M - H]-",0.118237284328331
"3.2","cembio","neg","200","hexadecanoic acid","IPCSVZSSVZVIGE",575.47999999998,255.232604980469,"[M - H]-",0.0583784623132883
"3.2","cembio","neg","209","hexadecanoic acid","IPCSVZSSVZVIGE",586.587,255.232604980469,"[M - H]-",0.025504958045246
"3.2","cembio","neg","212","hexadecanoic acid","IPCSVZSSVZVIGE",590.289,255.232604980469,"[M - H]-",0.128831778836656
"3.2","cembio","neg","215","hexadecanoic acid","IPCSVZSSVZVIGE",593.991,255.232604980469,"[M - H]-",0.0224600836723011
"3.2","cembio","neg","218","hexadecanoic acid","IPCSVZSSVZVIGE",597.693,255.232604980469,"[M - H]-",0.0286670663548562
"3.2","cembio","neg","221","hexadecanoic acid","IPCSVZSSVZVIGE",601.39600000002,255.232604980469,"[M - H]-",0.0803439571539533
"3.2","cembio","neg","224","hexadecanoic acid","IPCSVZSSVZVIGE",605.09800000002,255.232604980469,"[M - H]-",0.185432941526005
"3.2","cembio","neg","230","hexadecanoic acid","IPCSVZSSVZVIGE",612.50200000002,255.232604980469,"[M - H]-",0.124529709594283
"3.2","cembio","neg","236","hexadecanoic acid","IPCSVZSSVZVIGE",619.908,255.232604980469,"[M - H]-",0.13564617187463
"3.2","cembio","neg","245","hexadecanoic acid","IPCSVZSSVZVIGE",631.01299999998,255.232604980469,"[M - H]-",0.205975178306192
"3.2","cembio","neg","248","hexadecanoic acid","IPCSVZSSVZVIGE",634.71499999998,255.232604980469,"[M - H]-",0.0315006730413921
"3.2","cembio","neg","251","hexadecanoic acid","IPCSVZSSVZVIGE",638.41699999998,255.232604980469,"[M - H]-",0.215610862962904
"3.2","cembio","neg","254","hexadecanoic acid","IPCSVZSSVZVIGE",642.11899999998,255.232604980469,"[M - H]-",0.186120252610907
"3.2","hmgu","pos","141","hexanal","JARKCYVAAOWBJS",76.632,123.079422074416,"[M + Na]+",0.0393077106815862
"3.2","hmgu","neg","1738","tauroursodeoxycholic acid","BHTRKEVKTKCXOH",321.9255,498.290116758319,"[M - H]-",0.407166056744409
"3.2","hmgu","neg","1739","tauroursodeoxycholic acid","BHTRKEVKTKCXOH",322.60700000001,498.289978190611,"[M - H]-",0.373173799391683
"3.2","hmgu","neg","1791","cholic acid","BHQCQFFYRZLCQQ",358.5195,407.280685698212,"[M - H]-",0.380326218313748
"3.2","hmgu","neg","1802","cholic acid","BHQCQFFYRZLCQQ",366.03399999999,407.279879017558,"[M - H]-",0.576104595391918
"3.2","hmgu","neg","1804","cholic acid","BHQCQFFYRZLCQQ",367.4685,407.280601256473,"[M - H]-",0.813448182226595
"3.2","hmgu","neg","1894","hexadecanedioic acid","QQHJDPROMQRDLA",428.10700000002,285.205358643289,"[M - H]-",0.0966720011381759
"3.2","hmgu","neg","1899","hexadecanedioic acid","QQHJDPROMQRDLA",431.40200000001,285.207151389297,"[M - H]-",0.126776172250225
"3.2","hmgu","neg","1905","hexadecanedioic acid","QQHJDPROMQRDLA",435.47650000002,285.207054560826,"[M - H]-",0.225054180593937
"3.2","hmgu","neg","2105","cholic acid","BHQCQFFYRZLCQQ",573.28550000001,407.282057953777,"[M - H]-",0.0574436641661953
"3.2","hmgu","neg","2131","hexadecanoic acid","IPCSVZSSVZVIGE",591.37450000002,255.232702815919,"[M - H]-",0.0532984959127981
"3.3","cembio","pos","284","2-hydroxyoctanoic acid","JKRDADVRIYVCCY",238.42399999998,183.098907470703,"[M + Na]+",0.35294894257411
"3.3","cembio","pos","286","2-hydroxyoctanoic acid","JKRDADVRIYVCCY",240.417,161.117004394531,"[M + H]+",0.0446970106730062
"3.3","cembio","pos","314","2-hydroxyoctanoic acid","JKRDADVRIYVCCY",272.59399999998,161.117004394531,"[M + H]+",0.00324043183067933
"3.3","cembio","pos","321","2-hydroxyoctanoic acid","JKRDADVRIYVCCY",280.28200000002,161.117004394531,"[M + H]+",0.206542831122455
"3.3","cembio","pos","324","2-hydroxyoctanoic acid","JKRDADVRIYVCCY",283.98400000002,183.098907470703,"[M + Na]+",0.0310113101204084
"3.3","cembio","pos","345","2-hydroxyoctanoic acid","JKRDADVRIYVCCY",307.04899999998,183.098907470703,"[M + Na]+",0.00339269959460381
"3.3","cembio","pos","346","bilirubin IXalpha","BPYKTIZUTYGOLE",308.04499999998,585.269775390625,"[M + H]+",0.0397339555563989
"3.3","cembio","pos","353","bilirubin IXalpha","BPYKTIZUTYGOLE",315.73300000002,585.269775390625,"[M + H]+",0.22741575131125
"3.3","cembio","pos","360","bilirubin IXalpha","BPYKTIZUTYGOLE",323.424,585.269775390625,"[M + H]+",0.030999587458813
"3.3","cembio","pos","374","2-hydroxyoctanoic acid","JKRDADVRIYVCCY",338.80000000002,183.098907470703,"[M + Na]+",0.0291252725201383
"3.3","cembio","pos","376","(S)-lipoic acid","AGBQKNBQESQNJD",340.79200000002,229.032501220703,"[M + Na]+",0.0856094282429803
"3.3","cembio","pos","393","(S)-lipoic acid","AGBQKNBQESQNJD",359.86900000002,229.032501220703,"[M + Na]+",0.0431305135364446
"3.3","cembio","pos","407","(S)-lipoic acid","AGBQKNBQESQNJD",375.95800000002,229.032501220703,"[M + Na]+",0.180269991723587
"3.3","cembio","pos","415","progesterone","RJKFOVLPORLFTN",384.64099999998,315.232788085938,"[M + H]+",0.0977991100478874
"3.3","cembio","pos","448","Dipropyl hexanedioate","NKOUWLLFHNBUDW",421.8,231.159393310547,"[M + H]+",0.703858715789535
"3.3","cembio","pos","452","Dipropyl hexanedioate","NKOUWLLFHNBUDW",425.78500000002,253.1416015625,"[M + Na]+",0.0566071723035463
"3.3","cembio","pos","454","Dipropyl hexanedioate","NKOUWLLFHNBUDW",428.49100000002,231.159393310547,"[M + H]+",0.702368227027308
"3.3","cembio","pos","455","progesterone","RJKFOVLPORLFTN",429.48700000002,315.232788085938,"[M + H]+",0.884953871221732
"3.3","cembio","pos","460","Dipropyl hexanedioate","NKOUWLLFHNBUDW",435.18199999998,231.159393310547,"[M + H]+",0.557903172084098
"3.3","cembio","pos","461","progesterone","RJKFOVLPORLFTN",436.17799999998,315.232788085938,"[M + H]+",0.907968839340249
"3.3","cembio","pos","465","Dipropyl hexanedioate","NKOUWLLFHNBUDW",440.877,231.159393310547,"[M + H]+",0.447199791507452
"3.3","cembio","pos","470","Dipropyl hexanedioate","NKOUWLLFHNBUDW",446.57200000002,231.159393310547,"[M + H]+",0.350631191431344
"3.3","cembio","pos","471","progesterone","RJKFOVLPORLFTN",447.56800000002,315.232788085938,"[M + H]+",0.727543603188943
"3.3","cembio","pos","475","Dipropyl hexanedioate","NKOUWLLFHNBUDW",452.26699999998,231.159393310547,"[M + H]+",0.330300798721536
"3.3","cembio","pos","480","Dipropyl hexanedioate","NKOUWLLFHNBUDW",457.96099999998,231.159393310547,"[M + H]+",0.379574931854053
"3.3","cembio","pos","481","progesterone","RJKFOVLPORLFTN",458.95699999998,315.232788085938,"[M + H]+",0.726200338750271
"3.3","cembio","pos","485","Dipropyl hexanedioate","NKOUWLLFHNBUDW",463.656,231.159393310547,"[M + H]+",0.463159468115739
"3.3","cembio","pos","486","progesterone","RJKFOVLPORLFTN",464.652,315.232788085938,"[M + H]+",0.252712182797742
"3.3","cembio","pos","494","Dipropyl hexanedioate","NKOUWLLFHNBUDW",473.33599999998,253.1416015625,"[M + H]+",0.0116123189377188
"3.3","cembio","pos","495","Dipropyl hexanedioate","NKOUWLLFHNBUDW",475.04599999998,231.159393310547,"[M + H]+",0.415983671728184
"3.3","cembio","pos","501","progesterone","RJKFOVLPORLFTN",481.73599999998,315.232788085938,"[M + H]+",0.734458926320724
"3.3","cembio","pos","508","progesterone","RJKFOVLPORLFTN",490.137,315.232788085938,"[M + H]+",0.838170155150587
"3.3","cembio","neg","45","estriol","PROQIPRRNZUXQM",270.534,287.165405273438,"[M - H]-",0.865189738795851
"3.3","cembio","neg","67","(S)-lipoic acid","AGBQKNBQESQNJD",295.30600000002,205.036407470703,"[M - H]-",0.170915137247378
"3.3","cembio","neg","94","(S)-lipoic acid","AGBQKNBQESQNJD",324.34600000002,205.036407470703,"[M - H]-",0.716770075196868
"3.3","cembio","neg","112","5-phenylpentanoic acid","BYHDDXPKOZIZRV",343.70599999998,177.092102050781,"[M - H]-",0.573807587087059
"3.3","cembio","neg","135","2-hydroxyoctanoic acid","JKRDADVRIYVCCY",368.76199999998,159.102401733398,"[M - H]-",0.409309975183749
"3.3","cembio","neg","144","2-hydroxyoctanoic acid","JKRDADVRIYVCCY",378.447,159.102401733398,"[M - H]-",0.295514615182804
"3.3","cembio","neg","153","2-hydroxyoctanoic acid","JKRDADVRIYVCCY",388.128,159.102401733398,"[M - H]-",0.360653296677233
"3.3","cembio","neg","154","5-phenylpentanoic acid","BYHDDXPKOZIZRV",389.124,177.092102050781,"[M - H]-",0.0446440330050786
"3.3","cembio","neg","167","2-hydroxyoctanoic acid","JKRDADVRIYVCCY",403.50400000002,159.102401733398,"[M - H]-",0.57469706695001
"3.3","cembio","neg","169","undecanoic acid","ZDPHROOEEOARMN",405.49600000002,185.154602050781,"[M - H]-",0.206973924245558
"3.3","cembio","neg","176","2-hydroxyoctanoic acid","JKRDADVRIYVCCY",413.184,159.102401733398,"[M - H]-",0.324304405449349
"3.3","cembio","neg","183","2-hydroxyoctanoic acid","JKRDADVRIYVCCY",420.87199999998,159.102401733398,"[M - H]-",0.671790391092678
"3.3","cembio","neg","184","undecanoic acid","ZDPHROOEEOARMN",421.86799999998,185.154602050781,"[M - H]-",0.0990413469210541
"3.3","cembio","neg","190","2-hydroxyoctanoic acid","JKRDADVRIYVCCY",428.56000000002,159.102401733398,"[M - H]-",0.245064861815129
"3.3","cembio","neg","191","undecanoic acid","ZDPHROOEEOARMN",429.55600000002,185.154602050781,"[M - H]-",0.0461810816507332
"3.3","cembio","neg","200","2-hydroxyoctanoic acid","JKRDADVRIYVCCY",439.95,159.102401733398,"[M - H]-",0.260352211891966
"3.3","cembio","neg","205","2-hydroxyoctanoic acid","JKRDADVRIYVCCY",445.644,159.102401733398,"[M - H]-",0.335444038888589
"3.3","cembio","neg","206","undecanoic acid","ZDPHROOEEOARMN",446.64,185.154602050781,"[M - H]-",0.0658772436067622
"3.3","cembio","neg","210","2-hydroxyoctanoic acid","JKRDADVRIYVCCY",451.33900000002,159.102401733398,"[M - H]-",0.321780813991831
"3.3","cembio","neg","211","undecanoic acid","ZDPHROOEEOARMN",452.33500000002,185.154602050781,"[M - H]-",0.132417678088359
"3.3","cembio","neg","215","2-hydroxyoctanoic acid","JKRDADVRIYVCCY",457.03399999998,159.102401733398,"[M - H]-",0.206288932616464
"3.3","cembio","neg","219","2-hydroxyoctanoic acid","JKRDADVRIYVCCY",461.73199999998,159.102401733398,"[M - H]-",0.539626579215175
"3.3","cembio","neg","223","2-hydroxyoctanoic acid","JKRDADVRIYVCCY",466.431,159.102401733398,"[M - H]-",0.119349044247727
"3.3","cembio","neg","224","undecanoic acid","ZDPHROOEEOARMN",467.427,185.154602050781,"[M - H]-",0.187394098700688
"3.3","cembio","neg","226","2-hydroxyoctanoic acid","JKRDADVRIYVCCY",470.133,159.102401733398,"[M - H]-",0.55392743335635
"3.3","cembio","neg","232","2-hydroxyoctanoic acid","JKRDADVRIYVCCY",477.53899999998,159.102401733398,"[M - H]-",0.320923424375933
"3.3","cembio","neg","235","2-hydroxyoctanoic acid","JKRDADVRIYVCCY",481.24099999998,159.102401733398,"[M - H]-",0.341696159247285
"3.3","cembio","neg","238","2-hydroxyoctanoic acid","JKRDADVRIYVCCY",484.94299999998,159.102401733398,"[M - H]-",0.406048869973762
"3.3","cembio","neg","239","undecanoic acid","ZDPHROOEEOARMN",485.94,185.154602050781,"[M - H]-",0.207819445365786
"3.3","cembio","neg","241","2-hydroxyoctanoic acid","JKRDADVRIYVCCY",488.646,159.102401733398,"[M - H]-",0.312626091308748
"3.3","cembio","neg","242","undecanoic acid","ZDPHROOEEOARMN",489.642,185.154602050781,"[M - H]-",0.0952718752972684
"3.3","cembio","neg","245","undecanoic acid","ZDPHROOEEOARMN",493.34500000002,185.154602050781,"[M - H]-",0.0327496484412009
"3.3","cembio","neg","247","2-hydroxyoctanoic acid","JKRDADVRIYVCCY",496.05100000002,159.102401733398,"[M - H]-",0.342294287975981
"3.3","cembio","neg","248","undecanoic acid","ZDPHROOEEOARMN",497.04700000002,185.154602050781,"[M - H]-",0.122299307617936
"3.3","cembio","neg","250","2-hydroxyoctanoic acid","JKRDADVRIYVCCY",499.755,159.102401733398,"[M - H]-",0.506306625776395
"3.3","cembio","neg","251","undecanoic acid","ZDPHROOEEOARMN",500.751,185.154602050781,"[M - H]-",0.153249347346874
"3.3","cembio","neg","253","2-hydroxyoctanoic acid","JKRDADVRIYVCCY",503.45599999998,159.102401733398,"[M - H]-",0.631623392835232
"3.3","cembio","neg","254","undecanoic acid","ZDPHROOEEOARMN",504.453,185.154602050781,"[M - H]-",0.0880022684044613
"3.3","cembio","neg","259","2-hydroxyoctanoic acid","JKRDADVRIYVCCY",510.861,159.102401733398,"[M - H]-",0.111791302401458
"3.3","cembio","neg","260","undecanoic acid","ZDPHROOEEOARMN",511.857,185.154602050781,"[M - H]-",0.107382095376941
"3.3","cembio","neg","265","2-hydroxyoctanoic acid","JKRDADVRIYVCCY",530.23000000002,159.102401733398,"[M - H]-",0.184312611116751
"3.3","hmgu","pos","666","2-hydroxyoctanoic acid","JKRDADVRIYVCCY",409.116,183.098871007438,"[M + Na]+",0.0104017920817929
"3.3","hmgu","pos","743","undecanoic acid","ZDPHROOEEOARMN",463.086,187.168564238271,"[M + H]+",0.369404170195615
"3.3","hmgu","pos","747","undecanoic acid","ZDPHROOEEOARMN",465.987,187.168479566793,"[M + H]+",0.438032074343141
"3.3","hmgu","neg","1699","2-hydroxyoctanoic acid","JKRDADVRIYVCCY",302.883,159.102114330632,"[M - H]-",0.648453765734683
"3.3","hmgu","neg","1702","2-hydroxyoctanoic acid","JKRDADVRIYVCCY",304.98800000001,159.102975627743,"[M - H]-",0.717913254522333
"3.3","hmgu","neg","1705","2-hydroxyoctanoic acid","JKRDADVRIYVCCY",307.01199999999,159.102911556237,"[M - H]-",0.514678675099655
"3.3","hmgu","neg","1708","2-hydroxyoctanoic acid","JKRDADVRIYVCCY",309.1335,159.10256936018,"[M - H]-",0.545758054610204
"3.3","hmgu","neg","1926","2-hydroxyoctanoic acid","JKRDADVRIYVCCY",459.654,159.10194843126,"[M - H]-",0.541343942230565
"3.3","hmgu","neg","1931","undecanoic acid","ZDPHROOEEOARMN",463.20800000001,185.154361651293,"[M - H]-",0.132317077091855
"3.3","hmgu","neg","1932","2-hydroxyoctanoic acid","JKRDADVRIYVCCY",463.899,159.102029669109,"[M - H]-",0.092003112486021
"3.3","hmgu","neg","1934","undecanoic acid","ZDPHROOEEOARMN",465.30999999999,185.154614198783,"[M - H]-",0.191807123205149
"3.3","hmgu","neg","1988","2-hydroxyoctanoic acid","JKRDADVRIYVCCY",502.5945,159.102542889726,"[M - H]-",0.231098128361004
"3.3","hmgu","neg","2080","2-hydroxyoctanoic acid","JKRDADVRIYVCCY",566.45899999998,159.101539752862,"[M - H]-",0.447709772195492
