"lab","polarity","rt_local","rt_aligned"
"afekta","neg",26.499,26.208499999995
"afekta","neg",27.0403133133133,26.7765436475072
"afekta","neg",27.5816266266266,27.3076090330989
"afekta","neg",28.1229399399399,27.8035308326158
"afekta","neg",28.6642532532532,28.2668022612654
"afekta","neg",29.2055665665665,28.7015121169741
"afekta","neg",29.7468798798798,29.1119861261778
"afekta","neg",30.2881931931931,29.5025500153122
"afekta","neg",30.8295065065064,29.8775295108131
"afekta","neg",31.3708198198197,30.2412503391161
"afekta","neg",31.912133133133,30.598038226657
"afekta","neg",32.4534464464463,30.9522188998717
"afekta","neg",32.9947597597596,31.3081180851958
"afekta","neg",33.5360730730729,31.67001311088
"afekta","neg",34.0773863863863,32.0403008059143
"afekta","neg",34.6186996996995,32.4189357311345
"afekta","neg",35.1600130130129,32.8057092834979
"afekta","neg",35.7013263263262,33.2004128599616
"afekta","neg",36.2426396396395,33.6028378574829
"afekta","neg",36.7839529529528,34.0127756730187
"afekta","neg",37.3252662662661,34.4300177035264
"afekta","neg",37.8665795795794,34.8543553459631
"afekta","neg",38.4078928928927,35.2855799972859
"afekta","neg",38.949206206206,35.7234830544519
"afekta","neg",39.4905195195193,36.1678559144184
"afekta","neg",40.0318328328326,36.6184899741426
"afekta","neg",40.5731461461459,37.0751766305814
"afekta","neg",41.1144594594592,37.5377072806922
"afekta","neg",41.6557727727725,38.0058733214321
"afekta","neg",42.1970860860858,38.4794661497582
"afekta","neg",42.7383993993991,38.9582771626277
"afekta","neg",43.2797127127124,39.4420977569978
"afekta","neg",43.8210260260257,39.9307193298256
"afekta","neg",44.362339339339,40.4239332780682
"afekta","neg",44.9036526526523,40.9215309986829
"afekta","neg",45.4449659659656,41.4233038886268
"afekta","neg",45.9862792792789,41.929043344857
"afekta","neg",46.5275925925922,42.4385407643308
"afekta","neg",47.0689059059055,42.9515875440052
"afekta","neg",47.6102192192188,43.4679750808374
"afekta","neg",48.1515325325321,43.9874947717846
"afekta","neg",48.6928458458454,44.509938013804
"afekta","neg",49.2341591591587,45.0350962038526
"afekta","neg",49.775472472472,45.5627607388878
"afekta","neg",50.3167857857853,46.0927235881993
"afekta","neg",50.8580990990987,46.6248358346192
"afekta","neg",51.3994124124119,47.1590582829909
"afekta","neg",51.9407257257253,47.6953636626483
"afekta","neg",52.4820390390386,48.2337247029255
"afekta","neg",53.0233523523519,48.7741141331564
"afekta","neg",53.5646656656652,49.3165046826752
"afekta","neg",54.1059789789785,49.8608690808157
"afekta","neg",54.6472922922918,50.407180056912
"afekta","neg",55.1886056056051,50.9554103402982
"afekta","neg",55.7299189189184,51.5055326603081
"afekta","neg",56.2712322322317,52.0575197462758
"afekta","neg",56.812545545545,52.6113443275354
"afekta","neg",57.3538588588583,53.1669791334207
"afekta","neg",57.8951721721716,53.7243968932659
"afekta","neg",58.4364854854849,54.2835703364049
"afekta","neg",58.9777987987982,54.8444721921718
"afekta","neg",59.5191121121115,55.4070751899005
"afekta","neg",60.0604254254248,55.971352058925
"afekta","neg",60.6017387387381,56.5372755285794
"afekta","neg",61.1430520520514,57.1048183281977
"afekta","neg",61.6843653653647,57.6739531871138
"afekta","neg",62.225678678678,58.2446528346618
"afekta","neg",62.7669919919913,58.8168900001756
"afekta","neg",63.3083053053046,59.3906374129894
"afekta","neg",63.8496186186179,59.965867802437
"afekta","neg",64.3909319319312,60.5425538978525
"afekta","neg",64.9322452452445,61.1206684285699
"afekta","neg",65.4735585585578,61.7001841239232
"afekta","neg",66.0148718718711,62.2810737132464
"afekta","neg",66.5561851851844,62.8633099258735
"afekta","neg",67.0974984984977,63.4468654911386
"afekta","neg",67.6388118118111,64.0317131383755
"afekta","neg",68.1801251251243,64.6178255969184
"afekta","neg",68.7214384384376,65.2051755961012
"afekta","neg",69.262751751751,65.793735865258
"afekta","neg",69.8040650650643,66.3834791337227
"afekta","neg",70.3453783783776,66.9743781308294
"afekta","neg",70.8866916916909,67.566405585912
"afekta","neg",71.4280050050042,68.1595342283045
"afekta","neg",71.9693183183175,68.7537367873411
"afekta","neg",72.5106316316308,69.3489859923556
"afekta","neg",73.0519449449441,69.945254572682
"afekta","neg",73.5932582582574,70.5425152576545
"afekta","neg",74.1345715715707,71.140740776607
"afekta","neg",74.675884884884,71.7399038588734
"afekta","neg",75.2171981981973,72.3399772337879
"afekta","neg",75.7585115115106,72.9409336306843
"afekta","neg",76.2998248248239,73.5427457788968
"afekta","neg",76.8411381381372,74.1453864077593
"afekta","neg",77.3824514514505,74.7488282466058
"afekta","neg",77.9237647647638,75.3530440247703
"afekta","neg",78.4650780780771,75.9580064715869
"afekta","neg",79.0063913913904,76.5636883163895
"afekta","neg",79.5477047047037,77.1700622885121
"afekta","neg",80.089018018017,77.7771011172888
"afekta","neg",80.6303313313303,78.3847775320535
"afekta","neg",81.1716446446436,78.9930642621403
"afekta","neg",81.7129579579569,79.6019340368832
"afekta","neg",82.2542712712702,80.2113595856161
"afekta","neg",82.7955845845835,80.8213136376731
"afekta","neg",83.3368978978968,81.4317689223882
"afekta","neg",83.8782112112101,82.0426981690954
"afekta","neg",84.4195245245234,82.6540741071286
"afekta","neg",84.9608378378367,83.265869465822
"afekta","neg",85.5021511511501,83.8780569745095
"afekta","neg",86.0434644644634,84.490609362525
"afekta","neg",86.5847777777767,85.1034993592027
"afekta","neg",87.12609109109,85.7166996938765
"afekta","neg",87.6674044044033,86.3301830958805
"afekta","neg",88.2087177177166,86.9439222945485
"afekta","neg",88.7500310310299,87.5578900192147
"afekta","neg",89.2913443443432,88.1720589992131
"afekta","neg",89.8326576576565,88.7864019638776
"afekta","neg",90.3739709709698,89.4008916425422
"afekta","neg",90.9152842842831,90.015500764541
"afekta","neg",91.4565975975964,90.6302020592079
"afekta","neg",91.9979109109097,91.2449682558771
"afekta","neg",92.539224224223,91.8597720838824
"afekta","neg",93.0805375375363,92.4745862725578
"afekta","neg",93.6218508508496,93.0893835512375
"afekta","neg",94.1631641641629,93.7041366492554
"afekta","neg",94.7044774774762,94.3188182959454
"afekta","neg",95.2457907907895,94.9334012206416
"afekta","neg",95.7871041041028,95.5478581526781
"afekta","neg",96.3284174174161,96.1621618213888
"afekta","neg",96.8697307307294,96.7762849561077
"afekta","neg",97.4110440440427,97.3902002861688
"afekta","neg",97.952357357356,98.0038805409061
"afekta","neg",98.4936706706693,98.6172984496537
"afekta","neg",99.0349839839826,99.2304267417455
"afekta","neg",99.576297297296,99.8432381465156
"afekta","neg",100.117610610609,100.455705393298
"afekta","neg",100.658923923923,101.067801211426
"afekta","neg",101.200237237236,101.679498330235
"afekta","neg",101.741550550549,102.290769479058
"afekta","neg",102.282863863862,102.90158738723
"afekta","neg",102.824177177176,103.511924784083
"afekta","neg",103.365490490489,104.121754398953
"afekta","neg",103.906803803802,104.731048961173
"afekta","neg",104.448117117116,105.339781200078
"afekta","neg",104.989430430429,105.947923845001
"afekta","neg",105.530743743742,106.555449625276
"afekta","neg",106.072057057056,107.162331270237
"afekta","neg",106.613370370369,107.768541509219
"afekta","neg",107.154683683682,108.374053071555
"afekta","neg",107.695996996995,108.978838686579
"afekta","neg",108.237310310309,109.582871083626
"afekta","neg",108.778623623622,110.186122992029
"afekta","neg",109.319936936935,110.788567141123
"afekta","neg",109.861250250249,111.39017626024
"afekta","neg",110.402563563562,111.990923078716
"afekta","neg",110.943876876875,112.590780325885
"afekta","neg",111.485190190189,113.18972073108
"afekta","neg",112.026503503502,113.787717023635
"afekta","neg",112.567816816815,114.384741932884
"afekta","neg",113.109130130129,114.980768188162
"afekta","neg",113.650443443442,115.575768518803
"afekta","neg",114.191756756755,116.169715654139
"afekta","neg",114.733070070068,116.762582323507
"afekta","neg",115.274383383382,117.354341256238
"afekta","neg",115.815696696695,117.944965181668
"afekta","neg",116.357010010008,118.53442682913
"afekta","neg",116.898323323322,119.122698927959
"afekta","neg",117.439636636635,119.709754207488
"afekta","neg",117.980949949948,120.295565397052
"afekta","neg",118.522263263262,120.880108788221
"afekta","neg",119.063576576575,121.463385388979
"afekta","neg",119.604889889888,122.045406684959
"afekta","neg",120.146203203201,122.626184199631
"afekta","neg",120.687516516515,123.205729456466
"afekta","neg",121.228829829828,123.784053978937
"afekta","neg",121.770143143141,124.361169290514
"afekta","neg",122.311456456455,124.937086914668
"afekta","neg",122.852769769768,125.511818374871
"afekta","neg",123.394083083081,126.085375194594
"afekta","neg",123.935396396395,126.657768897308
"afekta","neg",124.476709709708,127.229011006485
"afekta","neg",125.018023023021,127.799113045596
"afekta","neg",125.559336336334,128.368086538112
"afekta","neg",126.100649649648,128.935943007504
"afekta","neg",126.641962962961,129.502693977245
"afekta","neg",127.183276276274,130.068350970804
"afekta","neg",127.724589589588,130.632925511653
"afekta","neg",128.265902902901,131.196429123264
"afekta","neg",128.807216216214,131.758873329108
"afekta","neg",129.348529529528,132.320269652655
"afekta","neg",129.889842842841,132.880629617379
"afekta","neg",130.431156156154,133.439964746748
"afekta","neg",130.972469469468,133.998286564236
"afekta","neg",131.513782782781,134.555606593313
"afekta","neg",132.055096096094,135.11193635745
"afekta","neg",132.596409409407,135.667287380119
"afekta","neg",133.137722722721,136.221671184792
"afekta","neg",133.679036036034,136.775099294938
"afekta","neg",134.220349349347,137.32758323403
"afekta","neg",134.761662662661,137.879134525539
"afekta","neg",135.302975975974,138.429764692936
"afekta","neg",135.844289289287,138.979485259693
"afekta","neg",136.385602602601,139.52830774928
"afekta","neg",136.926915915914,140.076243685169
"afekta","neg",137.468229229227,140.623304590832
"afekta","neg",138.00954254254,141.169501989738
"afekta","neg",138.550855855854,141.714847405361
"afekta","neg",139.092169169167,142.259352361171
"afekta","neg",139.63348248248,142.803028380639
"afekta","neg",140.174795795794,143.345886987237
"afekta","neg",140.716109109107,143.887939704436
"afekta","neg",141.25742242242,144.429198055707
"afekta","neg",141.798735735734,144.969673564521
"afekta","neg",142.340049049047,145.50937775435
"afekta","neg",142.88136236236,146.048322148665
"afekta","neg",143.422675675674,146.586518270938
"afekta","neg",143.963988988987,147.123977644639
"afekta","neg",144.5053023023,147.66071179324
"afekta","neg",145.046615615613,148.196732240212
"afekta","neg",145.587928928927,148.732050509026
"afekta","neg",146.12924224224,149.266678123154
"afekta","neg",146.670555555553,149.800626606067
"afekta","neg",147.211868868867,150.333907481237
"afekta","neg",147.75318218218,150.866532272133
"afekta","neg",148.294495495493,151.398512502229
"afekta","neg",148.835808808807,151.929859694995
"afekta","neg",149.37712212212,152.460585373902
"afekta","neg",149.918435435433,152.990701062421
"afekta","neg",150.459748748746,153.520218284025
"afekta","neg",151.00106206206,154.049148562184
"afekta","neg",151.542375375373,154.577503420369
"afekta","neg",152.083688688686,155.105294382052
"afekta","neg",152.625002002,155.632532970704
"afekta","neg",153.166315315313,156.159230709796
"afekta","neg",153.707628628626,156.6853991228
"afekta","neg",154.24894194194,157.211049733186
"afekta","neg",154.790255255253,157.736194064427
"afekta","neg",155.331568568566,158.260843639993
"afekta","neg",155.872881881879,158.785009983356
"afekta","neg",156.414195195193,159.308704617987
"afekta","neg",156.955508508506,159.831939067357
"afekta","neg",157.496821821819,160.354724854938
"afekta","neg",158.038135135133,160.8770735042
"afekta","neg",158.579448448446,161.398996538615
"afekta","neg",159.120761761759,161.920505481655
"afekta","neg",159.662075075073,162.44161185679
"afekta","neg",160.203388388386,162.962327187493
"afekta","neg",160.744701701699,163.482662997233
"afekta","neg",161.286015015013,164.002630809483
"afekta","neg",161.827328328326,164.522242147713
"afekta","neg",162.368641641639,165.041508535396
"afekta","neg",162.909954954952,165.560441496002
"afekta","neg",163.451268268266,166.079052553002
"afekta","neg",163.992581581579,166.597353229869
"afekta","neg",164.533894894892,167.115355050072
"afekta","neg",165.075208208206,167.633069537084
"afekta","neg",165.616521521519,168.150508214375
"afekta","neg",166.157834834832,168.667682605417
"afekta","neg",166.699148148146,169.184604233682
"afekta","neg",167.240461461459,169.70128462264
"afekta","neg",167.781774774772,170.217735295763
"afekta","neg",168.323088088085,170.733967776522
"afekta","neg",168.864401401399,171.249993588388
"afekta","neg",169.405714714712,171.765824254833
"afekta","neg",169.947028028025,172.281471299328
"afekta","neg",170.488341341339,172.796946245344
"afekta","neg",171.029654654652,173.312260616352
"afekta","neg",171.570967967965,173.827425935824
"afekta","neg",172.112281281279,174.342453727231
"afekta","neg",172.653594594592,174.857355514044
"afekta","neg",173.194907907905,175.372142819735
"afekta","neg",173.736221221218,175.886827167775
"afekta","neg",174.277534534532,176.401420081635
"afekta","neg",174.818847847845,176.915933084786
"afekta","neg",175.360161161158,177.4303777007
"afekta","neg",175.901474474472,177.944765452848
"afekta","neg",176.442787787785,178.459107864701
"afekta","neg",176.984101101098,178.97341645973
"afekta","neg",177.525414414412,179.487702761407
"afekta","neg",178.066727727725,180.001978293204
"afekta","neg",178.608041041038,180.51625457859
"afekta","neg",179.149354354352,181.030543141038
"afekta","neg",179.690667667665,181.544855504019
"afekta","neg",180.231980980978,182.059203191005
"afekta","neg",180.773294294291,182.573597725465
"afekta","neg",181.314607607605,183.088050630873
"afekta","neg",181.855920920918,183.602573430698
"afekta","neg",182.397234234231,184.117177648413
"afekta","neg",182.938547547545,184.631874807488
"afekta","neg",183.479860860858,185.146676431395
"afekta","neg",184.021174174171,185.661594043605
"afekta","neg",184.562487487485,186.176639167589
"afekta","neg",185.103800800798,186.691823326819
"afekta","neg",185.645114114111,187.207158044766
"afekta","neg",186.186427427424,187.722654844902
"afekta","neg",186.727740740738,188.238325250696
"afekta","neg",187.269054054051,188.754180785622
"afekta","neg",187.810367367364,189.270232973149
"afekta","neg",188.351680680678,189.78649333675
"afekta","neg",188.892993993991,190.302973399895
"afekta","neg",189.434307307304,190.819684686057
"afekta","neg",189.975620620618,191.336638718705
"afekta","neg",190.516933933931,191.853847021312
"afekta","neg",191.058247247244,192.371321117348
"afekta","neg",191.599560560557,192.889072530286
"afekta","neg",192.140873873871,193.407112783595
"afekta","neg",192.682187187184,193.925453400749
"afekta","neg",193.223500500497,194.444105905217
"afekta","neg",193.764813813811,194.963081820471
"afekta","neg",194.306127127124,195.482392669982
"afekta","neg",194.847440440437,196.002049977223
"afekta","neg",195.388753753751,196.522065265663
"afekta","neg",195.930067067064,197.042450058774
"afekta","neg",196.471380380377,197.563215880028
"afekta","neg",197.012693693691,198.084374252895
"afekta","neg",197.554007007004,198.605936700848
"afekta","neg",198.095320320317,199.127914747356
"afekta","neg",198.63663363363,199.650319915893
"afekta","neg",199.177946946944,200.173163729928
"afekta","neg",199.719260260257,200.696457712934
"afekta","neg",200.26057357357,201.22021338838
"afekta","neg",200.801886886884,201.74444227974
"afekta","neg",201.343200200197,202.269155910483
"afekta","neg",201.88451351351,202.794365600683
"afekta","neg",202.425826826824,203.320075487081
"afekta","neg",202.967140140137,203.846280773411
"afekta","neg",203.50845345345,204.37297610485
"afekta","neg",204.049766766763,204.900156126574
"afekta","neg",204.591080080077,205.427815483761
"afekta","neg",205.13239339339,205.955948821587
"afekta","neg",205.673706706703,206.48455078523
"afekta","neg",206.215020020017,207.013616019866
"afekta","neg",206.75633333333,207.543139170673
"afekta","neg",207.297646646643,208.073114882827
"afekta","neg",207.838959959957,208.603537801505
"afekta","neg",208.38027327327,209.134402571885
"afekta","neg",208.921586586583,209.665703839143
"afekta","neg",209.462899899896,210.197436248456
"afekta","neg",210.00421321321,210.729594445002
"afekta","neg",210.545526526523,211.262173073957
"afekta","neg",211.086839839836,211.795166780498
"afekta","neg",211.62815315315,212.328570209802
"afekta","neg",212.169466466463,212.862378007047
"afekta","neg",212.710779779776,213.396584817408
"afekta","neg",213.25209309309,213.931185286064
"afekta","neg",213.793406406403,214.46617405819
"afekta","neg",214.334719719716,215.001545778965
"afekta","neg",214.87603303303,215.537295093564
"afekta","neg",215.417346346343,216.073416647166
"afekta","neg",215.958659659656,216.609905084946
"afekta","neg",216.499972972969,217.146755052083
"afekta","neg",217.041286286283,217.683961193752
"afekta","neg",217.582599599596,218.221518155131
"afekta","neg",218.123912912909,218.759420581397
"afekta","neg",218.665226226223,219.297663117726
"afekta","neg",219.206539539536,219.836240409297
"afekta","neg",219.747852852849,220.375147101285
"afekta","neg",220.289166166163,220.914377838868
"afekta","neg",220.830479479476,221.453927267222
"afekta","neg",221.371792792789,221.993790031525
"afekta","neg",221.913106106102,222.533960776954
"afekta","neg",222.454419419416,223.074434148685
"afekta","neg",222.995732732729,223.615204791895
"afekta","neg",223.537046046042,224.156267351763
"afekta","neg",224.078359359356,224.697616473463
"afekta","neg",224.619672672669,225.239246802174
"afekta","neg",225.160985985982,225.781152983073
"afekta","neg",225.702299299296,226.323329661336
"afekta","neg",226.243612612609,226.86577148214
"afekta","neg",226.784925925922,227.408473090662
"afekta","neg",227.326239239235,227.95142913208
"afekta","neg",227.867552552549,228.49463425157
"afekta","neg",228.408865865862,229.038083094309
"afekta","neg",228.950179179175,229.581770305475
"afekta","neg",229.491492492489,230.125690530243
"afekta","neg",230.032805805802,230.669838413792
"afekta","neg",230.574119119115,231.214208601298
"afekta","neg",231.115432432429,231.758795737938
"afekta","neg",231.656745745742,232.303594468889
"afekta","neg",232.198059059055,232.848599439328
"afekta","neg",232.739372372369,233.393805294432
"afekta","neg",233.280685685682,233.939206679378
"afekta","neg",233.821998998995,234.484798239343
"afekta","neg",234.363312312308,235.030574619504
"afekta","neg",234.904625625622,235.576530465037
"afekta","neg",235.445938938935,236.122660421121
"afekta","neg",235.987252252248,236.668959132931
"afekta","neg",236.528565565562,237.215421245645
"afekta","neg",237.069878878875,237.762041404439
"afekta","neg",237.611192192188,238.308814254492
"afekta","neg",238.152505505502,238.855734440979
"afekta","neg",238.693818818815,239.402796609078
"afekta","neg",239.235132132128,239.949995403965
"afekta","neg",239.776445445441,240.497325470818
"afekta","neg",240.317758758755,241.044781454814
"afekta","neg",240.859072072068,241.592358001129
"afekta","neg",241.400385385381,242.14004975494
"afekta","neg",241.941698698695,242.687851361425
"afekta","neg",242.483012012008,243.235757465761
"afekta","neg",243.024325325321,243.783762713124
"afekta","neg",243.565638638635,244.331861748691
"afekta","neg",244.106951951948,244.880049217639
"afekta","neg",244.648265265261,245.428319765146
"afekta","neg",245.189578578574,245.976668036389
"afekta","neg",245.730891891888,246.525088676543
"afekta","neg",246.272205205201,247.073576448422
"afekta","neg",246.813518518514,247.622127034102
"afekta","neg",247.354831831828,248.170736548031
"afekta","neg",247.896145145141,248.71940110717
"afekta","neg",248.437458458454,249.268116828483
"afekta","neg",248.978771771768,249.816879828932
"afekta","neg",249.520085085081,250.36568622548
"afekta","neg",250.061398398394,250.91453213509
"afekta","neg",250.602711711708,251.463413674725
"afekta","neg",251.144025025021,252.012326961347
"afekta","neg",251.685338338334,252.561268111919
"afekta","neg",252.226651651647,253.110233243405
"afekta","neg",252.767964964961,253.659218472765
"afekta","neg",253.309278278274,254.208219916965
"afekta","neg",253.850591591587,254.757233692965
"afekta","neg",254.391904904901,255.306255917729
"afekta","neg",254.933218218214,255.85528270822
"afekta","neg",255.474531531527,256.404310181401
"afekta","neg",256.015844844841,256.953334454233
"afekta","neg",256.557158158154,257.502351643681
"afekta","neg",257.098471471467,258.051357866706
"afekta","neg",257.63978478478,258.600349240271
"afekta","neg",258.181098098094,259.14932188134
"afekta","neg",258.722411411407,259.698271906875
"afekta","neg",259.26372472472,260.247195433839
"afekta","neg",259.805038038034,260.796088579194
"afekta","neg",260.346351351347,261.344947459903
"afekta","neg",260.88766466466,261.893768192929
"afekta","neg",261.428977977974,262.442546895235
"afekta","neg",261.970291291287,262.991279683783
"afekta","neg",262.5116046046,263.539962675537
"afekta","neg",263.052917917914,264.088591987459
"afekta","neg",263.594231231227,264.637163736511
"afekta","neg",264.13554454454,265.185674039657
"afekta","neg",264.676857857853,265.734119013859
"afekta","neg",265.218171171167,266.282494776081
"afekta","neg",265.75948448448,266.830797443284
"afekta","neg",266.300797797793,267.379023132431
"afekta","neg",266.842111111107,267.927167960486
"afekta","neg",267.38342442442,268.475228044411
"afekta","neg",267.924737737733,269.023199501169
"afekta","neg",268.466051051047,269.571078447722
"afekta","neg",269.00736436436,270.118861001034
"afekta","neg",269.548677677673,270.666543278066
"afekta","neg",270.089990990986,271.214121395783
"afekta","neg",270.6313043043,271.761591471146
"afekta","neg",271.172617617613,272.308949621118
"afekta","neg",271.713930930926,272.856191962663
"afekta","neg",272.25524424424,273.403314612742
"afekta","neg",272.796557557553,273.950313688319
"afekta","neg",273.337870870866,274.497185306357
"afekta","neg",273.87918418418,275.043925583817
"afekta","neg",274.420497497493,275.590530637663
"afekta","neg",274.961810810806,276.136996584858
"afekta","neg",275.503124124119,276.683319542365
"afekta","neg",276.044437437433,277.229495627145
"afekta","neg",276.585750750746,277.775520956162
"afekta","neg",277.127064064059,278.32139164638
"afekta","neg",277.668377377373,278.867103814759
"afekta","neg",278.209690690686,279.412653578264
"afekta","neg",278.751004003999,279.958037053856
"afekta","neg",279.292317317313,280.503250358499
"afekta","neg",279.833630630626,281.048289609156
"afekta","neg",280.374943943939,281.593151342991
"afekta","neg",280.916257257253,282.137835548835
"afekta","neg",281.457570570566,282.682343909199
"afekta","neg",281.998883883879,283.226678118278
"afekta","neg",282.540197197192,283.770839870272
"afekta","neg",283.081510510506,284.314830859377
"afekta","neg",283.622823823819,284.858652779791
"afekta","neg",284.164137137132,285.40230732571
"afekta","neg",284.705450450446,285.945796191333
"afekta","neg",285.246763763759,286.489121070856
"afekta","neg",285.788077077072,287.032283658477
"afekta","neg",286.329390390386,287.575285648394
"afekta","neg",286.870703703699,288.118128734803
"afekta","neg",287.412017017012,288.660814611901
"afekta","neg",287.953330330326,289.203344973887
"afekta","neg",288.494643643639,289.745721514957
"afekta","neg",289.035956956952,290.287945929309
"afekta","neg",289.577270270265,290.83001991114
"afekta","neg",290.118583583579,291.371945154648
"afekta","neg",290.659896896892,291.913723354029
"afekta","neg",291.201210210205,292.455356203481
"afekta","neg",291.742523523519,292.996845397202
"afekta","neg",292.283836836832,293.538192629388
"afekta","neg",292.825150150145,294.079399594238
"afekta","neg",293.366463463459,294.620467985947
"afekta","neg",293.907776776772,295.161399498715
"afekta","neg",294.449090090085,295.702195826737
"afekta","neg",294.990403403398,296.242858664212
"afekta","neg",295.531716716712,296.783389705336
"afekta","neg",296.073030030025,297.323790644307
"afekta","neg",296.614343343338,297.864063175323
"afekta","neg",297.155656656652,298.40420899258
"afekta","neg",297.696969969965,298.944229790275
"afekta","neg",298.238283283278,299.484127262608
"afekta","neg",298.779596596592,300.023903103773
"afekta","neg",299.320909909905,300.56355900797
"afekta","neg",299.862223223218,301.103096669395
"afekta","neg",300.403536536531,301.642517782245
"afekta","neg",300.944849849845,302.181824040718
"afekta","neg",301.486163163158,302.721017139011
"afekta","neg",302.027476476471,303.260098771321
"afekta","neg",302.568789789785,303.799070631847
"afekta","neg",303.110103103098,304.337934414784
"afekta","neg",303.651416416411,304.876691814331
"afekta","neg",304.192729729725,305.415344524685
"afekta","neg",304.734043043038,305.953894240043
"afekta","neg",305.275356356351,306.492342654602
"afekta","neg",305.816669669665,307.030691462559
"afekta","neg",306.357982982978,307.568942358113
"afekta","neg",306.899296296291,308.10709703546
"afekta","neg",307.440609609604,308.645157188798
"afekta","neg",307.981922922918,309.183124512324
"afekta","neg",308.523236236231,309.721000700235
"afekta","neg",309.064549549544,310.258787446728
"afekta","neg",309.605862862858,310.796486446002
"afekta","neg",310.147176176171,311.334099412698
"afekta","neg",310.688489489484,311.87162855266
"afekta","neg",311.229802802798,312.409076574863
"afekta","neg",311.771116116111,312.946446211117
"afekta","neg",312.312429429424,313.483740193229
"afekta","neg",312.853742742737,314.020961253008
"afekta","neg",313.395056056051,314.558112122261
"afekta","neg",313.936369369364,315.095195532799
"afekta","neg",314.477682682677,315.632214216428
"afekta","neg",315.018995995991,316.169170904957
"afekta","neg",315.560309309304,316.706068330194
"afekta","neg",316.101622622617,317.242909223949
"afekta","neg",316.642935935931,317.779696318029
"afekta","neg",317.184249249244,318.316432344242
"afekta","neg",317.725562562557,318.853120034397
"afekta","neg",318.26687587587,319.389762120303
"afekta","neg",318.808189189184,319.926361333767
"afekta","neg",319.349502502497,320.462920406598
"afekta","neg",319.89081581581,320.999442070605
"afekta","neg",320.432129129124,321.535929057595
"afekta","neg",320.973442442437,322.072384099377
"afekta","neg",321.51475575575,322.60880992776
"afekta","neg",322.056069069064,323.145209274552
"afekta","neg",322.597382382377,323.681584871561
"afekta","neg",323.13869569569,324.217939450595
"afekta","neg",323.680009009004,324.754275743463
"afekta","neg",324.221322322317,325.290596481973
"afekta","neg",324.76263563563,325.826904397934
"afekta","neg",325.303948948943,326.363202223154
"afekta","neg",325.845262262257,326.899492689441
"afekta","neg",326.38657557557,327.435778528604
"afekta","neg",326.927888888883,327.97206247245
"afekta","neg",327.469202202197,328.508347252789
"afekta","neg",328.01051551551,329.044635601429
"afekta","neg",328.551828828823,329.580930250178
"afekta","neg",329.093142142137,330.117233930844
"afekta","neg",329.63445545545,330.653549375236
"afekta","neg",330.175768768763,331.189879315162
"afekta","neg",330.717082082076,331.726226482431
"afekta","neg",331.25839539539,332.26259360885
"afekta","neg",331.799708708703,332.798983426229
"afekta","neg",332.341022022016,333.335398666375
"afekta","neg",332.88233533533,333.871842061097
"afekta","neg",333.423648648643,334.408316342204
"afekta","neg",333.964961961956,334.944824241503
"afekta","neg",334.50627527527,335.481368490803
"afekta","neg",335.047588588583,336.017951821912
"afekta","neg",335.588901901896,336.554576966639
"afekta","neg",336.130215215209,337.091246656792
"afekta","neg",336.671528528523,337.62796362418
"afekta","neg",337.212841841836,338.16473060061
"afekta","neg",337.754155155149,338.70155024544
"afekta","neg",338.295468468463,339.238424277144
"afekta","neg",338.836781781776,339.775353756804
"afekta","neg",339.378095095089,340.312339732039
"afekta","neg",339.919408408403,340.849383250472
"afekta","neg",340.460721721716,341.386485359721
"afekta","neg",341.002035035029,341.923647107409
"afekta","neg",341.543348348343,342.460869541156
"afekta","neg",342.084661661656,342.998153708583
"afekta","neg",342.625974974969,343.53550065731
"afekta","neg",343.167288288282,344.07291143496
"afekta","neg",343.708601601596,344.610387089151
"afekta","neg",344.249914914909,345.147928667505
"afekta","neg",344.791228228222,345.685537217644
"afekta","neg",345.332541541536,346.223213787187
"afekta","neg",345.873854854849,346.760959423756
"afekta","neg",346.415168168162,347.29877517497
"afekta","neg",346.956481481476,347.836662088452
"afekta","neg",347.497794794789,348.374621211823
"afekta","neg",348.039108108102,348.912653592701
"afekta","neg",348.580421421415,349.45076027871
"afekta","neg",349.121734734729,349.988942317468
"afekta","neg",349.663048048042,350.527200756598
"afekta","neg",350.204361361355,351.06553664372
"afekta","neg",350.745674674669,351.603951026455
"afekta","neg",351.286987987982,352.142444952423
"afekta","neg",351.828301301295,352.681019469246
"afekta","neg",352.369614614609,353.219675624543
"afekta","neg",352.910927927922,353.758414465937
"afekta","neg",353.452241241235,354.297237041048
"afekta","neg",353.993554554548,354.836144397496
"afekta","neg",354.534867867862,355.375137582903
"afekta","neg",355.076181181175,355.914217644888
"afekta","neg",355.617494494488,356.453385631074
"afekta","neg",356.158807807802,356.992642589081
"afekta","neg",356.700121121115,357.531989566529
"afekta","neg",357.241434434428,358.07142761104
"afekta","neg",357.782747747742,358.610957770234
"afekta","neg",358.324061061055,359.150581091732
"afekta","neg",358.865374374368,359.690298623155
"afekta","neg",359.406687687682,360.230111412124
"afekta","neg",359.948001000995,360.770020506259
"afekta","neg",360.489314314308,361.310026953181
"afekta","neg",361.030627627621,361.850131800512
"afekta","neg",361.571940940935,362.390336095871
"afekta","neg",362.113254254248,362.93064088688
"afekta","neg",362.654567567561,363.47104722116
"afekta","neg",363.195880880875,364.011556145268
"afekta","neg",363.737194194188,364.552167240334
"afekta","neg",364.278507507501,365.092875715461
"afekta","neg",364.819820820815,365.633675968003
"afekta","neg",365.361134134128,366.174562395316
"afekta","neg",365.902447447441,366.715529394755
"afekta","neg",366.443760760754,367.256571363676
"afekta","neg",366.985074074068,367.797682699433
"afekta","neg",367.526387387381,368.338857799382
"afekta","neg",368.067700700694,368.880091060878
"afekta","neg",368.609014014008,369.421376881277
"afekta","neg",369.150327327321,369.962709657932
"afekta","neg",369.691640640634,370.504083788201
"afekta","neg",370.232953953948,371.045493669438
"afekta","neg",370.774267267261,371.586933698998
"afekta","neg",371.315580580574,372.128398274236
"afekta","neg",371.856893893888,372.669881792509
"afekta","neg",372.398207207201,373.21137865117
"afekta","neg",372.939520520514,373.752883247575
"afekta","neg",373.480833833827,374.29438997908
"afekta","neg",374.022147147141,374.835893243039
"afekta","neg",374.563460460454,375.377387436809
"afekta","neg",375.104773773767,375.918866957743
"afekta","neg",375.646087087081,376.460326203199
"afekta","neg",376.187400400394,377.001759570529
"afekta","neg",376.728713713707,377.543161457091
"afekta","neg",377.270027027021,378.084526260238
"afekta","neg",377.811340340334,378.625848377327
"afekta","neg",378.352653653647,379.167122205713
"afekta","neg",378.89396696696,379.70834214275
"afekta","neg",379.435280280274,380.249502585795
"afekta","neg",379.976593593587,380.790597932201
"afekta","neg",380.5179069069,381.331622579326
"afekta","neg",381.059220220214,381.872570924523
"afekta","neg",381.600533533527,382.413437365148
"afekta","neg",382.14184684684,382.954216298556
"afekta","neg",382.683160160154,383.494902122103
"afekta","neg",383.224473473467,384.035489233143
"afekta","neg",383.76578678678,384.575972029033
"afekta","neg",384.307100100093,385.116344907127
"afekta","neg",384.848413413407,385.65660226478
"afekta","neg",385.38972672672,386.196738499348
"afekta","neg",385.931040040033,386.736748008185
"afekta","neg",386.472353353347,387.276625188648
"afekta","neg",387.01366666666,387.816364438091
"afekta","neg",387.554979979973,388.35596015387
"afekta","neg",388.096293293287,388.895407753979
"afekta","neg",388.6376066066,389.434712002874
"afekta","neg",389.178919919913,389.973882681079
"afekta","neg",389.720233233227,390.512929617053
"afekta","neg",390.26154654654,391.05186263925
"afekta","neg",390.802859859853,391.59069157613
"afekta","neg",391.344173173166,392.129426256147
"afekta","neg",391.88548648648,392.66807650776
"afekta","neg",392.426799799793,393.206652159425
"afekta","neg",392.968113113106,393.7451630396
"afekta","neg",393.50942642642,394.283618976741
"afekta","neg",394.050739739733,394.822029799305
"afekta","neg",394.592053053046,395.360405335749
"afekta","neg",395.13336636636,395.89875541453
"afekta","neg",395.674679679673,396.437089864106
"afekta","neg",396.215992992986,396.975418512932
"afekta","neg",396.757306306299,397.513751189467
"afekta","neg",397.298619619613,398.052097722166
"afekta","neg",397.839932932926,398.590467939487
"afekta","neg",398.381246246239,399.128871669888
"afekta","neg",398.922559559553,399.667318741824
"afekta","neg",399.463872872866,400.205818983752
"afekta","neg",400.005186186179,400.744382224131
"afekta","neg",400.546499499493,401.283018291416
"afekta","neg",401.087812812806,401.821737014065
"afekta","neg",401.629126126119,402.360548220535
"afekta","neg",402.170439439432,402.899461739282
"afekta","neg",402.711752752746,403.438487398764
"afekta","neg",403.253066066059,403.977635027438
"afekta","neg",403.794379379372,404.516914453759
"afekta","neg",404.335692692686,405.056335506187
"afekta","neg",404.877006005999,405.595908013176
"afekta","neg",405.418319319312,406.135641803185
"afekta","neg",405.959632632626,406.675546704671
"afekta","neg",406.500945945939,407.215632546089
"afekta","neg",407.042259259252,407.755909155898
"afekta","neg",407.583572572566,408.296386362554
"afekta","neg",408.124885885879,408.837073994514
"afekta","neg",408.666199199192,409.377981880236
"afekta","neg",409.207512512505,409.919119848175
"afekta","neg",409.748825825819,410.460497726789
"afekta","neg",410.290139139132,411.002125344536
"afekta","neg",410.831452452445,411.544012529871
"afekta","neg",411.372765765759,412.086169111253
"afekta","neg",411.914079079072,412.628604917114
"afekta","neg",412.455392392385,413.171327017912
"afekta","neg",412.996705705699,413.714332108868
"afekta","neg",413.538019019012,414.257614445904
"afekta","neg",414.079332332325,414.801168284941
"afekta","neg",414.620645645638,415.344987881902
"afekta","neg",415.161958958952,415.889067492708
"afekta","neg",415.703272272265,416.43340137328
"afekta","neg",416.244585585578,416.977983779542
"afekta","neg",416.785898898892,417.522808967413
"afekta","neg",417.327212212205,418.067871192817
"afekta","neg",417.868525525518,418.613164711675
"afekta","neg",418.409838838832,419.158683779909
"afekta","neg",418.951152152145,419.704422653441
"afekta","neg",419.492465465458,420.250375588192
"afekta","neg",420.033778778771,420.796536840084
"afekta","neg",420.575092092085,421.342900665039
"afekta","neg",421.116405405398,421.889461318979
"afekta","neg",421.657718718711,422.436213057826
"afekta","neg",422.199032032025,422.9831501375
"afekta","neg",422.740345345338,423.530266813925
"afekta","neg",423.281658658651,424.077557343022
"afekta","neg",423.822971971965,424.625015980713
"afekta","neg",424.364285285278,425.172636982919
"afekta","neg",424.905598598591,425.720414605562
"afekta","neg",425.446911911905,426.268343104564
"afekta","neg",425.988225225218,426.816416735847
"afekta","neg",426.529538538531,427.364629755333
"afekta","neg",427.070851851844,427.912976418943
"afekta","neg",427.612165165158,428.461450982599
"afekta","neg",428.153478478471,429.010047702224
"afekta","neg",428.694791791784,429.558760833738
"afekta","neg",429.236105105098,430.107584633063
"afekta","neg",429.777418418411,430.656513356122
"afekta","neg",430.318731731724,431.205541258836
"afekta","neg",430.860045045038,431.754662597127
"afekta","neg",431.401358358351,432.303871626917
"afekta","neg",431.942671671664,432.853162604127
"afekta","neg",432.483984984977,433.402529784679
"afekta","neg",433.025298298291,433.951967424496
"afekta","neg",433.566611611604,434.501469779498
"afekta","neg",434.107924924917,435.051031105608
"afekta","neg",434.649238238231,435.600645658747
"afekta","neg",435.190551551544,436.150307694838
"afekta","neg",435.731864864857,436.700011484452
"afekta","neg",436.273178178171,437.249752580583
"afekta","neg",436.814491491484,437.799528798995
"afekta","neg",437.355804804797,438.349338186215
"afekta","neg",437.89711811811,438.899178788773
"afekta","neg",438.438431431424,439.449048653196
"afekta","neg",438.979744744737,439.998945826014
"afekta","neg",439.52105805805,440.548868353754
"afekta","neg",440.062371371364,441.098814282945
"afekta","neg",440.603684684677,441.648781660116
"afekta","neg",441.14499799799,442.198768531794
"afekta","neg",441.686311311304,442.748772944509
"afekta","neg",442.227624624617,443.298792944788
"afekta","neg",442.76893793793,443.848826579161
"afekta","neg",443.310251251244,444.398871894155
"afekta","neg",443.851564564557,444.9489269363
"afekta","neg",444.39287787787,445.498989752123
"afekta","neg",444.934191191183,446.049058388153
"afekta","neg",445.475504504497,446.599130890919
"afekta","neg",446.01681781781,447.149205306948
"afekta","neg",446.558131131123,447.69927968277
"afekta","neg",447.099444444437,448.249352064912
"afekta","neg",447.64075775775,448.799420499904
"afekta","neg",448.182071071063,449.349483034274
"afekta","neg",448.723384384377,449.899537714549
"afekta","neg",449.26469769769,450.44958258726
"afekta","neg",449.806011011003,450.999615698933
"afekta","neg",450.347324324316,451.549635096098
"afekta","neg",450.88863763763,452.099638825282
"afekta","neg",451.429950950943,452.649624933015
"afekta","neg",451.971264264256,453.199591465825
"afekta","neg",452.51257757757,453.74953647024
"afekta","neg",453.053890890883,454.299457992789
"afekta","neg",453.595204204196,454.849354079999
"afekta","neg",454.13651751751,455.399222778401
"afekta","neg",454.677830830823,455.949062134521
"afekta","neg",455.219144144136,456.498870194889
"afekta","neg",455.760457457449,457.048645006033
"afekta","neg",456.301770770763,457.598384614481
"afekta","neg",456.843084084076,458.148087066762
"afekta","neg",457.384397397389,458.697750409404
"afekta","neg",457.925710710703,459.247372688936
"afekta","neg",458.467024024016,459.796951951886
"afekta","neg",459.008337337329,460.346486244083
"afekta","neg",459.549650650643,460.895972888338
"afekta","neg",460.090963963956,461.445407118625
"afekta","neg",460.632277277269,461.994783793912
"afekta","neg",461.173590590583,462.544097773169
"afekta","neg",461.714903903896,463.093343915365
"afekta","neg",462.256217217209,463.642517079468
"afekta","neg",462.797530530522,464.191612124446
"afekta","neg",463.338843843836,464.74062390927
"afekta","neg",463.880157157149,465.289547292907
"afekta","neg",464.421470470462,465.838377134326
"afekta","neg",464.962783783776,466.387108292497
"afekta","neg",465.504097097089,466.935735626387
"afekta","neg",466.045410410402,467.484253994966
"afekta","neg",466.586723723716,468.032658257203
"afekta","neg",467.128037037029,468.580943272066
"afekta","neg",467.669350350342,469.129103898525
"afekta","neg",468.210663663655,469.677134995547
"afekta","neg",468.751976976969,470.225031422102
"afekta","neg",469.293290290282,470.772788037159
"afekta","neg",469.834603603595,471.320399699686
"afekta","neg",470.375916916909,471.867861268653
"afekta","neg",470.917230230222,472.415167603027
"afekta","neg",471.458543543535,472.962313561778
"afekta","neg",471.999856856849,473.509294003875
"afekta","neg",472.541170170162,474.056103788286
"afekta","neg",473.082483483475,474.60273777398
"afekta","neg",473.623796796788,475.149190819926
"afekta","neg",474.165110110102,475.695457785093
"afekta","neg",474.706423423415,476.24153352845
"afekta","neg",475.247736736728,476.787412908965
"afekta","neg",475.789050050042,477.333090785607
"afekta","neg",476.330363363355,477.878562017345
"afekta","neg",476.871676676668,478.423821463148
"afekta","neg",477.412989989982,478.968863981985
"afekta","neg",477.954303303295,479.513684432824
"afekta","neg",478.495616616608,480.058277674634
"afekta","neg",479.036929929922,480.602638566385
"afekta","neg",479.578243243235,481.146761967044
"afekta","neg",480.119556556548,481.690642735581
"afekta","neg",480.660869869861,482.234275730964
"afekta","neg",481.202183183175,482.777655812162
"afekta","neg",481.743496496488,483.320777838144
"afekta","neg",482.284809809801,483.863636668912
"afekta","neg",482.826123123115,484.406234777658
"afekta","neg",483.367436436428,484.948600537481
"afekta","neg",483.908749749741,485.490767824142
"afekta","neg",484.450063063055,486.032770513404
"afekta","neg",484.991376376368,486.574642481028
"afekta","neg",485.532689689681,487.116417602777
"afekta","neg",486.074003002994,487.658129754411
"afekta","neg",486.615316316308,488.199812811694
"afekta","neg",487.156629629621,488.741500650386
"afekta","neg",487.697942942934,489.28322714625
"afekta","neg",488.239256256248,489.825026175048
"afekta","neg",488.780569569561,490.366931612542
"afekta","neg",489.321882882874,490.908977334493
"afekta","neg",489.863196196188,491.451197216663
"afekta","neg",490.404509509501,491.993625134815
"afekta","neg",490.945822822814,492.53629496471
"afekta","neg",491.487136136128,493.079240582109
"afekta","neg",492.028449449441,493.622495862776
"afekta","neg",492.569762762754,494.166094682472
"afekta","neg",493.111076076067,494.710070916958
"afekta","neg",493.652389389381,495.254458441997
"afekta","neg",494.193702702694,495.799291133351
"afekta","neg",494.735016016007,496.344602866781
"afekta","neg",495.276329329321,496.890427518049
"afekta","neg",495.817642642634,497.436798962918
"afekta","neg",496.358955955947,497.983751077148
"afekta","neg",496.900269269261,498.531317736503
"afekta","neg",497.441582582574,499.079532816744
"afekta","neg",497.982895895887,499.628430193632
"afekta","neg",498.5242092092,500.17804374293
"afekta","neg",499.065522522514,500.728407340399
"afekta","neg",499.606835835827,501.279554861803
"afekta","neg",500.14814914914,501.831520182901
"afekta","neg",500.689462462454,502.384337179457
"afekta","neg",501.230775775767,502.938039727232
"afekta","neg",501.77208908908,503.492661701987
"afekta","neg",502.313402402394,504.048236979486
"afekta","neg",502.854715715707,504.60479943549
"afekta","neg",503.39602902902,505.16238294576
"afekta","neg",503.937342342333,505.721021386059
"afekta","neg",504.478655655647,506.280748632149
"afekta","neg",505.01996896896,506.841598551342
"afekta","neg",505.561282282273,507.403585115746
"afekta","neg",506.102595595587,507.966659830227
"afekta","neg",506.6439089089,508.530761971494
"afekta","neg",507.185222222213,509.095830816258
"afekta","neg",507.726535535527,509.661805641228
"afekta","neg",508.26784884884,510.228625723113
"afekta","neg",508.809162162153,510.796230338623
"afekta","neg",509.350475475467,511.364558764467
"afekta","neg",509.89178878878,511.933550277356
"afekta","neg",510.433102102093,512.503144153999
"afekta","neg",510.974415415406,513.073279671105
"afekta","neg",511.51572872872,513.643896105384
"afekta","neg",512.057042042033,514.214932733546
"afekta","neg",512.598355355346,514.786328832299
"afekta","neg",513.13966866866,515.358023678355
"afekta","neg",513.680981981973,515.929956548423
"afekta","neg",514.222295295286,516.502066719211
"afekta","neg",514.763608608599,517.07429346743
"afekta","neg",515.304921921913,517.646576069789
"afekta","neg",515.846235235226,518.218853802999
"afekta","neg",516.387548548539,518.791065943767
"afekta","neg",516.928861861853,519.363151768805
"afekta","neg",517.470175175166,519.935050554822
"afekta","neg",518.011488488479,520.506701578527
"afekta","neg",518.552801801793,521.07804411663
"afekta","neg",519.094115115106,521.649017445841
"afekta","neg",519.635428428419,522.219560842868
"afekta","neg",520.176741741733,522.789613584423
"afekta","neg",520.718055055046,523.359114947214
"afekta","neg",521.259368368359,523.92800420795
"afekta","neg",521.800681681672,524.496220643343
"afekta","neg",522.341994994986,525.063703530101
"afekta","neg",522.883308308299,525.630392144933
"afekta","neg",523.424621621612,526.19622576455
"afekta","neg",523.965934934926,526.761143665661
"afekta","neg",524.507248248239,527.325085124976
"afekta","neg",525.048561561552,527.887989419204
"afekta","neg",525.589874874866,528.449795825055
"afekta","neg",526.131188188179,529.010443619238
"afekta","neg",526.672501501492,529.569872092274
"afekta","neg",527.213814814805,530.128043320396
"afekta","neg",527.755128128119,530.684988615506
"afekta","neg",528.296441441432,531.240752391262
"afekta","neg",528.837754754745,531.795379061324
"afekta","neg",529.379068068059,532.348913039351
"afekta","neg",529.920381381372,532.901398739003
"afekta","neg",530.461694694685,533.45288057394
"afekta","neg",531.003008007999,534.003402957819
"afekta","neg",531.544321321312,534.553010304302
"afekta","neg",532.085634634625,535.101747027047
"afekta","neg",532.626947947939,535.649657539713
"afekta","neg",533.168261261252,536.196786255961
"afekta","neg",533.709574574565,536.743177589449
"afekta","neg",534.250887887878,537.288875953837
"afekta","neg",534.792201201192,537.833925762785
"afekta","neg",535.333514514505,538.378371429951
"afekta","neg",535.874827827818,538.922257368996
"afekta","neg",536.416141141132,539.465627993578
"afekta","neg",536.957454454445,540.008527717357
"afekta","neg",537.498767767758,540.551000953993
"afekta","neg",538.040081081072,541.093092117144
"afekta","neg",538.581394394385,541.634845620471
"afekta","neg",539.122707707698,542.176305877632
"afekta","neg",539.664021021012,542.717517302288
"afekta","neg",540.205334334325,543.258524308096
"afekta","neg",540.746647647638,543.799371308718
"afekta","neg",541.287960960951,544.340102717812
"afekta","neg",541.829274274265,544.880762949038
"afekta","neg",542.370587587578,545.421396416054
"afekta","neg",542.911900900891,545.962047532522
"afekta","neg",543.453214214205,546.502760712099
"afekta","neg",543.994527527518,547.043580368445
"afekta","neg",544.535840840831,547.58455091522
"afekta","neg",545.077154154145,548.125716766084
"afekta","neg",545.618467467458,548.667122334694
"afekta","neg",546.159780780771,549.208812034712
"afekta","neg",546.701094094084,549.750830279796
"afekta","neg",547.242407407398,550.293221483606
"afekta","neg",547.783720720711,550.836030059801
"afekta","neg",548.325034034024,551.37929957435
"afekta","neg",548.866347347338,551.923061771439
"afekta","neg",549.407660660651,552.467339716563
"afekta","neg",549.948973973964,553.012156275033
"afekta","neg",550.490287287278,553.557534312157
"afekta","neg",551.031600600591,554.103496693243
"afekta","neg",551.572913913904,554.6500662836
"afekta","neg",552.114227227217,555.197265948538
"afekta","neg",552.655540540531,555.745118553365
"afekta","neg",553.196853853844,556.29364696339
"afekta","neg",553.738167167157,556.842874043921
"afekta","neg",554.279480480471,557.392822660267
"afekta","neg",554.820793793784,557.943515677738
"afekta","neg",555.362107107097,558.494975961641
"afekta","neg",555.903420420411,559.047226377286
"afekta","neg",556.444733733724,559.600289789981
"afekta","neg",556.986047047037,560.154189065036
"afekta","neg",557.52736036035,560.708947067758
"afekta","neg",558.068673673664,561.264586663458
"afekta","neg",558.609986986977,561.821130717442
"afekta","neg",559.15130030029,562.378602095021
"afekta","neg",559.692613613604,562.937023661504
"afekta","neg",560.233926926917,563.496418282198
"afekta","neg",560.77524024023,564.056808822412
"afekta","neg",561.316553553544,564.618218147457
"afekta","neg",561.857866866857,565.180669122639
"afekta","neg",562.39918018017,565.744184613268
"afekta","neg",562.940493493483,566.308787484653
"afekta","neg",563.481806806797,566.874500602103
"afekta","neg",564.02312012011,567.441346830926
"afekta","neg",564.564433433423,568.009349036431
"afekta","neg",565.105746746737,568.578530083927
"afekta","neg",565.64706006005,569.148912838722
"afekta","neg",566.188373373363,569.720520166126
"afekta","neg",566.729686686677,570.293374931448
"afekta","neg",567.27099999999,570.867499999995
"afekta","pos",26.82500000001,26.914750000005
"afekta","pos",27.3673048048148,27.0591345365436
"afekta","pos",27.9096096096196,27.4595763914324
"afekta","pos",28.4519144144243,28.0670075689004
"afekta","pos",28.9942192192291,28.8100982299748
"afekta","pos",29.5365240240339,29.5373107022766
"afekta","pos",30.0788288288386,30.1146813274929
"afekta","pos",30.6211336336434,30.5477767100686
"afekta","pos",31.1634384384482,30.8763725639966
"afekta","pos",31.705743243253,31.1402446032699
"afekta","pos",32.2480480480577,31.3791685418817
"afekta","pos",32.7903528528625,31.6329200938248
"afekta","pos",33.3326576576673,31.9412749730923
"afekta","pos",33.8749624624721,32.3439411985113
"afekta","pos",34.4172672672768,32.8638196520122
"afekta","pos",34.9595720720816,33.4850278538391
"afekta","pos",35.5018768768864,34.1862306687789
"afekta","pos",36.0441816816912,34.9460929616183
"afekta","pos",36.5864864864959,35.7432795971443
"afekta","pos",37.1287912913007,36.5564554401438
"afekta","pos",37.6710960961055,37.3642853554035
"afekta","pos",38.2134009009103,38.1454342077104
"afekta","pos",38.755705705715,38.8790666599236
"afekta","pos",39.2980105105198,39.5561932048252
"afekta","pos",39.8403153153246,40.1798682078462
"afekta","pos",40.3826201201294,40.7536854444488
"afekta","pos",40.9249249249341,41.2812386900952
"afekta","pos",41.4672297297389,41.7661217202474
"afekta","pos",42.0095345345437,42.2119283103678
"afekta","pos",42.5518393393485,42.6222522359184
"afekta","pos",43.0941441441532,43.0006872723614
"afekta","pos",43.636448948958,43.350827195159
"afekta","pos",44.1787537537628,43.6762657797733
"afekta","pos",44.7210585585676,43.9805968016665
"afekta","pos",45.2633633633723,44.2674140363008
"afekta","pos",45.8056681681771,44.5403112591384
"afekta","pos",46.3479729729819,44.8028822456413
"afekta","pos",46.8902777777867,45.0587207712718
"afekta","pos",47.4325825825914,45.311420611492
"afekta","pos",47.9748873873962,45.5645755417641
"afekta","pos",48.517192192201,45.8217793375503
"afekta","pos",49.0594969970058,46.0866257743127
"afekta","pos",49.6018018018105,46.3627086275135
"afekta","pos",50.1441066066153,46.6536216726148
"afekta","pos",50.6864114114201,46.9629586850788
"afekta","pos",51.2287162162249,47.2943134403678
"afekta","pos",51.7710210210296,47.6512797139437
"afekta","pos",52.3133258258344,48.0372228779013
"afekta","pos",52.8556306306392,48.4527112858324
"afekta","pos",53.397935435444,48.8964390512521
"afekta","pos",53.9402402402487,49.3670657635506
"afekta","pos",54.4825450450535,49.8632510121181
"afekta","pos",55.0248498498583,50.383654386345
"afekta","pos",55.5671546546631,50.9269354756216
"afekta","pos",56.1094594594678,51.491753869338
"afekta","pos",56.6517642642726,52.0767691568847
"afekta","pos",57.1940690690774,52.6806409276518
"afekta","pos",57.7363738738822,53.3020287710297
"afekta","pos",58.2786786786869,53.9395922764086
"afekta","pos",58.8209834834917,54.5919910331788
"afekta","pos",59.3632882882965,55.2578846307305
"afekta","pos",59.9055930931013,55.9359326584541
"afekta","pos",60.447897897906,56.6247947057399
"afekta","pos",60.9902027027108,57.323130361978
"afekta","pos",61.5325075075156,58.0295992165588
"afekta","pos",62.0748123123204,58.7428608588726
"afekta","pos",62.6171171171251,59.4615748783096
"afekta","pos",63.1594219219299,60.1844008642601
"afekta","pos",63.7017267267347,60.9099984061145
"afekta","pos",64.2440315315395,61.6370335695482
"afekta","pos",64.7863363363442,62.3646226939288
"afekta","pos",65.328641141149,63.0926180392413
"afekta","pos",65.8709459459538,63.8209398295673
"afekta","pos",66.4132507507586,64.5495082889886
"afekta","pos",66.9555555555633,65.278243641587
"afekta","pos",67.4978603603681,66.007066111444
"afekta","pos",68.0401651651729,66.7358959226416
"afekta","pos",68.5824699699777,67.4646532992614
"afekta","pos",69.1247747747824,68.1932584653852
"afekta","pos",69.6670795795872,68.9216316450947
"afekta","pos",70.209384384392,69.6496930624716
"afekta","pos",70.7516891891968,70.3773629415977
"afekta","pos",71.2939939940015,71.1045615065547
"afekta","pos",71.8362987988063,71.8312089814243
"afekta","pos",72.3786036036111,72.5572255902884
"afekta","pos",72.9209084084159,73.2825315572285
"afekta","pos",73.4632132132206,74.0070471063265
"afekta","pos",74.0055180180254,74.730692461664
"afekta","pos",74.5478228228302,75.4533878473228
"afekta","pos",75.090127627635,76.1750534873848
"afekta","pos",75.6324324324397,76.8956096059315
"afekta","pos",76.1747372372445,77.6149764270447
"afekta","pos",76.7170420420493,78.3330741748061
"afekta","pos",77.259346846854,79.0498230732976
"afekta","pos",77.8016516516588,79.7651433466008
"afekta","pos",78.3439564564636,80.4789552187974
"afekta","pos",78.8862612612684,81.1911789139693
"afekta","pos",79.4285660660731,81.901734656198
"afekta","pos",79.9708708708779,82.6105426695654
"afekta","pos",80.5131756756827,83.3175231781533
"afekta","pos",81.0554804804875,84.0225964060432
"afekta","pos",81.5977852852922,84.725682577317
"afekta","pos",82.140090090097,85.4267019160564
"afekta","pos",82.6823948949018,86.1255746463432
"afekta","pos",83.2246996997066,86.822220992259
"afekta","pos",83.7670045045113,87.5165611778857
"afekta","pos",84.3093093093161,88.2085154273049
"afekta","pos",84.8516141141209,88.8980039645983
"afekta","pos",85.3939189189257,89.5849470138478
"afekta","pos",85.9362237237304,90.269264799135
"afekta","pos",86.4785285285352,90.9508775445417
"afekta","pos",87.02083333334,91.6297054741496
"afekta","pos",87.5631381381448,92.3056688120405
"afekta","pos",88.1054429429495,92.978687782296
"afekta","pos",88.6477477477543,93.648682608998
"afekta","pos",89.1900525525591,94.3155735162281
"afekta","pos",89.7323573573639,94.9792807280681
"afekta","pos",90.2746621621687,95.6397244685998
"afekta","pos",90.8169669669734,96.2968249619047
"afekta","pos",91.3592717717782,96.9505024320649
"afekta","pos",91.901576576583,97.6006771031618
"afekta","pos",92.4438813813877,98.2472691992773
"afekta","pos",92.9861861861925,98.8901989444931
"afekta","pos",93.5284909909973,99.5293865628909
"afekta","pos",94.0707957958021,100.164752278552
"afekta","pos",94.6131006006068,100.79621631556
"afekta","pos",95.1554054054116,101.423698897994
"afekta","pos",95.6977102102164,102.047120249937
"afekta","pos",96.2400150150212,102.666400595471
"afekta","pos",96.7823198198259,103.281460158678
"afekta","pos",97.3246246246307,103.892219163638
"afekta","pos",97.8669294294355,104.498597834435
"afekta","pos",98.4092342342403,105.100516395149
"afekta","pos",98.951539039045,105.697895069863
"afekta","pos",99.4938438438498,106.290654082657
"afekta","pos",100.036148648655,106.878713657615
"afekta","pos",100.578453453459,107.461994018817
"afekta","pos",101.120758258264,108.040415390345
"afekta","pos",101.663063063069,108.613897996282
"afekta","pos",102.205367867874,109.182362060708
"afekta","pos",102.747672672678,109.745727807706
"afekta","pos",103.289977477483,110.303915461357
"afekta","pos",103.832282282288,110.856845245743
"afekta","pos",104.374587087093,111.404437384946
"afekta","pos",104.916891891898,111.946612103047
"afekta","pos",105.459196696702,112.483289624129
"afekta","pos",106.001501501507,113.014390172272
"afekta","pos",106.543806306312,113.539833971559
"afekta","pos",107.086111111117,114.059541246072
"afekta","pos",107.628415915921,114.573432219891
"afekta","pos",108.170720720726,115.0814271171
"afekta","pos",108.713025525531,115.583446161779
"afekta","pos",109.255330330336,116.079409578011
"afekta","pos",109.797635135141,116.569237589876
"afekta","pos",110.339939939945,117.052850421457
"afekta","pos",110.88224474475,117.530168296836
"afekta","pos",111.424549549555,118.001111440094
"afekta","pos",111.96685435436,118.465600075314
"afekta","pos",112.509159159164,118.923554426576
"afekta","pos",113.051463963969,119.374894717962
"afekta","pos",113.593768768774,119.819541173555
"afekta","pos",114.136073573579,120.257414017435
"afekta","pos",114.678378378384,120.688433473686
"afekta","pos",115.220683183188,121.112519766387
"afekta","pos",115.762987987993,121.529593119622
"afekta","pos",116.305292792798,121.939573757472
"afekta","pos",116.847597597603,122.342381904019
"afekta","pos",117.389902402407,122.737937783343
"afekta","pos",117.932207207212,123.126161619528
"afekta","pos",118.474512012017,123.506973636655
"afekta","pos",119.016816816822,123.880294058805
"afekta","pos",119.559121621626,124.246043110061
"afekta","pos",120.101426426431,124.604141014504
"afekta","pos",120.643731231236,124.954507996215
"afekta","pos",121.186036036041,125.297064279277
"afekta","pos",121.728340840846,125.631730087771
"afekta","pos",122.27064564565,125.958425645779
"afekta","pos",122.812950450455,126.277071177383
"afekta","pos",123.35525525526,126.587586906665
"afekta","pos",123.897560060065,126.889893057705
"afekta","pos",124.439864864869,127.183909854587
"afekta","pos",124.982169669674,127.469562725439
"afekta","pos",125.524474474479,127.747341921678
"afekta","pos",126.066779279284,128.01880140038
"afekta","pos",126.609084084089,128.285612813549
"afekta","pos",127.151388888893,128.549447813193
"afekta","pos",127.693693693698,128.811978051319
"afekta","pos",128.235998498503,129.074875179932
"afekta","pos",128.778303303308,129.33981085104
"afekta","pos",129.320608108112,129.608456716649
"afekta","pos",129.862912912917,129.882484428765
"afekta","pos",130.405217717722,130.163335104396
"afekta","pos",130.947522522527,130.451297974502
"afekta","pos",131.489827327332,130.74630323251
"afekta","pos",132.032132132136,131.048280954605
"afekta","pos",132.574436936941,131.357161216975
"afekta","pos",133.116741741746,131.672874095806
"afekta","pos",133.659046546551,131.995349667284
"afekta","pos",134.201351351355,132.324518007595
"afekta","pos",134.74365615616,132.660309192926
"afekta","pos",135.285960960965,133.002653299463
"afekta","pos",135.82826576577,133.351480403394
"afekta","pos",136.370570570575,133.706720580903
"afekta","pos",136.912875375379,134.068303908177
"afekta","pos",137.455180180184,134.436160461404
"afekta","pos",137.997484984989,134.810220316769
"afekta","pos",138.539789789794,135.190413550459
"afekta","pos",139.082094594598,135.576670238659
"afekta","pos",139.624399399403,135.968920457557
"afekta","pos",140.166704204208,136.367094283339
"afekta","pos",140.709009009013,136.771121792192
"afekta","pos",141.251313813817,137.180933060301
"afekta","pos",141.793618618622,137.596458163853
"afekta","pos",142.335923423427,138.017627179034
"afekta","pos",142.878228228232,138.444370182032
"afekta","pos",143.420533033037,138.876617249031
"afekta","pos",143.962837837841,139.31429845622
"afekta","pos",144.505142642646,139.757343879783
"afekta","pos",145.047447447451,140.205683595908
"afekta","pos",145.589752252256,140.659247680781
"afekta","pos",146.13205705706,141.117966210587
"afekta","pos",146.674361861865,141.581769261515
"afekta","pos",147.21666666667,142.05058690975
"afekta","pos",147.758971471475,142.524349231478
"afekta","pos",148.30127627628,143.002986302886
"afekta","pos",148.843581081084,143.48642820016
"afekta","pos",149.385885885889,143.974604999487
"afekta","pos",149.928190690694,144.467446777053
"afekta","pos",150.470495495499,144.964883609044
"afekta","pos",151.012800300303,145.466845571647
"afekta","pos",151.555105105108,145.973262741048
"afekta","pos",152.097409909913,146.484065193434
"afekta","pos",152.639714714718,146.999183004991
"afekta","pos",153.182019519522,147.518546251906
"afekta","pos",153.724324324327,148.042085010364
"afekta","pos",154.266629129132,148.569729356552
"afekta","pos",154.808933933937,149.101409366657
"afekta","pos",155.351238738742,149.637055116865
"afekta","pos",155.893543543546,150.176596683363
"afekta","pos",156.435848348351,150.719964142336
"afekta","pos",156.978153153156,151.267087569972
"afekta","pos",157.520457957961,151.817897042456
"afekta","pos",158.062762762765,152.372322635975
"afekta","pos",158.60506756757,152.930294426716
"afekta","pos",159.147372372375,153.491742490864
"afekta","pos",159.68967717718,154.056596904606
"afekta","pos",160.231981981985,154.624787744129
"afekta","pos",160.774286786789,155.19624508562
"afekta","pos",161.316591591594,155.770899005263
"afekta","pos",161.858896396399,156.348679579246
"afekta","pos",162.401201201204,156.929516883756
"afekta","pos",162.943506006008,157.513340994978
"afekta","pos",163.485810810813,158.100081989099
"afekta","pos",164.028115615618,158.689669942305
"afekta","pos",164.570420420423,159.282034930783
"afekta","pos",165.112725225228,159.87710703072
"afekta","pos",165.655030030032,160.4748163183
"afekta","pos",166.197334834837,161.075092869712
"afekta","pos",166.739639639642,161.677866761142
"afekta","pos",167.281944444447,162.283068068775
"afekta","pos",167.824249249251,162.890626868798
"afekta","pos",168.366554054056,163.500473237397
"afekta","pos",168.908858858861,164.11253725076
"afekta","pos",169.451163663666,164.726748985072
"afekta","pos",169.993468468471,165.34303851652
"afekta","pos",170.535773273275,165.96133592129
"afekta","pos",171.07807807808,166.581571275568
"afekta","pos",171.620382882885,167.203674655542
"afekta","pos",172.16268768769,167.827576137396
"afekta","pos",172.704992492494,168.453205797319
"afekta","pos",173.247297297299,169.080493711495
"afekta","pos",173.789602102104,169.709369956113
"afekta","pos",174.331906906909,170.339764607357
"afekta","pos",174.874211711713,170.971607741414
"afekta","pos",175.416516516518,171.604829434471
"afekta","pos",175.958821321323,172.239359762714
"afekta","pos",176.501126126128,172.87512880233
"afekta","pos",177.043430930933,173.512066629505
"afekta","pos",177.585735735737,174.150103320425
"afekta","pos",178.128040540542,174.789168951277
"afekta","pos",178.670345345347,175.429193598246
"afekta","pos",179.212650150152,176.070107337521
"afekta","pos",179.754954954956,176.711840245286
"afekta","pos",180.297259759761,177.354322397729
"afekta","pos",180.839564564566,177.997483871035
"afekta","pos",181.381869369371,178.641254741391
"afekta","pos",181.924174174176,179.285565084984
"afekta","pos",182.46647897898,179.930344978
"afekta","pos",183.008783783785,180.575524496625
"afekta","pos",183.55108858859,181.221033717046
"afekta","pos",184.093393393395,181.866802715449
"afekta","pos",184.635698198199,182.51276156802
"afekta","pos",185.178003003004,183.158840350946
"afekta","pos",185.720307807809,183.804969140414
"afekta","pos",186.262612612614,184.451078012609
"afekta","pos",186.804917417419,185.097097043718
"afekta","pos",187.347222222223,185.742956309928
"afekta","pos",187.889527027028,186.388585887425
"afekta","pos",188.431831831833,187.033915852394
"afekta","pos",188.974136636638,187.678876281024
"afekta","pos",189.516441441442,188.3233972495
"afekta","pos",190.058746246247,188.967408834008
"afekta","pos",190.601051051052,189.610841110735
"afekta","pos",191.143355855857,190.253624155867
"afekta","pos",191.685660660662,190.895688045591
"afekta","pos",192.227965465466,191.536962856092
"afekta","pos",192.770270270271,192.177378663559
"afekta","pos",193.312575075076,192.816865544176
"afekta","pos",193.854879879881,193.455353574131
"afekta","pos",194.397184684685,194.092772829609
"afekta","pos",194.93948948949,194.729053386797
"afekta","pos",195.481794294295,195.364125321881
"afekta","pos",196.0240990991,195.997918711049
"afekta","pos",196.566403903904,196.630363630485
"afekta","pos",197.108708708709,197.261390156378
"afekta","pos",197.651013513514,197.890928364912
"afekta","pos",198.193318318319,198.518908332275
"afekta","pos",198.735623123124,199.145260134652
"afekta","pos",199.277927927928,199.769913848231
"afekta","pos",199.820232732733,200.392799549198
"afekta","pos",200.362537537538,201.013847313738
"afekta","pos",200.904842342343,201.632987218039
"afekta","pos",201.447147147147,202.250149338287
"afekta","pos",201.989451951952,202.865263750668
"afekta","pos",202.531756756757,203.478260531368
"afekta","pos",203.074061561562,204.089069756575
"afekta","pos",203.616366366367,204.697621502473
"afekta","pos",204.158671171171,205.303845845251
"afekta","pos",204.700975975976,205.907673145862
"afekta","pos",205.243280780781,206.509067971545
"afekta","pos",205.785585585586,207.108061188891
"afekta","pos",206.32789039039,207.704691263143
"afekta","pos",206.870195195195,208.298996659546
"afekta","pos",207.4125,208.891015843343
"afekta","pos",207.954804804805,209.48078727978
"afekta","pos",208.49710960961,210.068349434099
"afekta","pos",209.039414414414,210.653740771545
"afekta","pos",209.581719219219,211.236999757363
"afekta","pos",210.124024024024,211.818164856797
"afekta","pos",210.666328828829,212.39727453509
"afekta","pos",211.208633633633,212.974367257487
"afekta","pos",211.750938438438,213.549481489232
"afekta","pos",212.293243243243,214.12265569557
"afekta","pos",212.835548048048,214.693928341744
"afekta","pos",213.377852852852,215.263337892998
"afekta","pos",213.920157657657,215.830922814577
"afekta","pos",214.462462462462,216.396721571726
"afekta","pos",215.004767267267,216.960772629687
"afekta","pos",215.547072072072,217.523114453706
"afekta","pos",216.089376876876,218.083785509026
"afekta","pos",216.631681681681,218.642824260892
"afekta","pos",217.173986486486,219.200269174547
"afekta","pos",217.716291291291,219.756158715237
"afekta","pos",218.258596096095,220.310531348205
"afekta","pos",218.8009009009,220.863425538695
"afekta","pos",219.343205705705,221.414879751952
"afekta","pos",219.88551051051,221.964932453219
"afekta","pos",220.427815315315,222.513622107742
"afekta","pos",220.970120120119,223.060987180763
"afekta","pos",221.512424924924,223.607066137528
"afekta","pos",222.054729729729,224.15189744328
"afekta","pos",222.597034534534,224.695519563263
"afekta","pos",223.139339339338,225.237970962722
"afekta","pos",223.681644144143,225.779290106902
"afekta","pos",224.223948948948,226.319515461045
"afekta","pos",224.766253753753,226.858685490397
"afekta","pos",225.308558558558,227.396838660201
"afekta","pos",225.850863363362,227.934013435701
"afekta","pos",226.393168168167,228.470248282143
"afekta","pos",226.935472972972,229.005581664769
"afekta","pos",227.477777777777,229.540052048825
"afekta","pos",228.020082582581,230.073697899554
"afekta","pos",228.562387387386,230.6065576822
"afekta","pos",229.104692192191,231.138669862008
"afekta","pos",229.646996996996,231.670072904222
"afekta","pos",230.189301801801,232.200805274086
"afekta","pos",230.731606606605,232.730905436844
"afekta","pos",231.27391141141,233.260411857741
"afekta","pos",231.816216216215,233.78936300202
"afekta","pos",232.35852102102,234.317797334925
"afekta","pos",232.900825825824,234.845753321702
"afekta","pos",233.443130630629,235.373269427594
"afekta","pos",233.985435435434,235.900384117845
"afekta","pos",234.527740240239,236.427135857699
"afekta","pos",235.070045045043,236.953563112401
"afekta","pos",235.612349849848,237.479704347194
"afekta","pos",236.154654654653,238.005598027324
"afekta","pos",236.696959459458,238.531282618034
"afekta","pos",237.239264264263,239.056796584568
"afekta","pos",237.781569069067,239.58217839217
"afekta","pos",238.323873873872,240.107466506085
"afekta","pos",238.866178678677,240.632699391557
"afekta","pos",239.408483483482,241.15791551383
"afekta","pos",239.950788288286,241.683153338148
"afekta","pos",240.493093093091,242.208451329756
"afekta","pos",241.035397897896,242.733847953896
"afekta","pos",241.577702702701,243.259381675815
"afekta","pos",242.120007507506,243.785090960755
"afekta","pos",242.66231231231,244.311014273962
"afekta","pos",243.204617117115,244.837190080678
"afekta","pos",243.74692192192,245.363656846149
"afekta","pos",244.289226726725,245.890453035619
"afekta","pos",244.831531531529,246.417617114331
"afekta","pos",245.373836336334,246.94518754753
"afekta","pos",245.916141141139,247.473202800461
"afekta","pos",246.458445945944,248.001701338366
"afekta","pos",247.000750750749,248.530721626491
"afekta","pos",247.543055555553,249.06030213008
"afekta","pos",248.085360360358,249.590477270648
"afekta","pos",248.627665165163,250.121251409397
"afekta","pos",249.169969969968,250.652615365763
"afekta","pos",249.712274774772,251.184559893819
"afekta","pos",250.254579579577,251.717075747642
"afekta","pos",250.796884384382,252.250153681304
"afekta","pos",251.339189189187,252.783784448882
"afekta","pos",251.881493993992,253.317958804449
"afekta","pos",252.423798798796,253.852667502081
"afekta","pos",252.966103603601,254.387901295851
"afekta","pos",253.508408408406,254.923650939835
"afekta","pos",254.050713213211,255.459907188108
"afekta","pos",254.593018018015,255.996660794743
"afekta","pos",255.13532282282,256.533902513816
"afekta","pos",255.677627627625,257.071623099401
"afekta","pos",256.21993243243,257.609813305573
"afekta","pos",256.762237237235,258.148463886406
"afekta","pos",257.304542042039,258.687565595976
"afekta","pos",257.846846846844,259.227109188356
"afekta","pos",258.389151651649,259.767085417622
"afekta","pos",258.931456456454,260.307485037847
"afekta","pos",259.473761261258,260.848298803108
"afekta","pos",260.016066066063,261.389517467478
"afekta","pos",260.558370870868,261.931131785032
"afekta","pos",261.100675675673,262.473132509845
"afekta","pos",261.642980480477,263.015510395991
"afekta","pos",262.185285285282,263.558256197545
"afekta","pos",262.727590090087,264.101360668582
"afekta","pos",263.269894894892,264.644814563176
"afekta","pos",263.812199699697,265.188608635403
"afekta","pos",264.354504504501,265.732733639335
"afekta","pos",264.896809309306,266.277180329049
"afekta","pos",265.439114114111,266.821939458619
"afekta","pos",265.981418918916,267.36700178212
"afekta","pos",266.52372372372,267.912358053625
"afekta","pos",267.066028528525,268.457999027211
"afekta","pos",267.60833333333,269.003915456951
"afekta","pos",268.150638138135,269.55009809692
"afekta","pos",268.69294294294,270.096537701193
"afekta","pos",269.235247747744,270.643225023845
"afekta","pos",269.777552552549,271.19015081895
"afekta","pos",270.319857357354,271.737305840582
"afekta","pos",270.862162162159,272.284680842817
"afekta","pos",271.404466966963,272.832266579729
"afekta","pos",271.946771771768,273.380053805393
"afekta","pos",272.489076576573,273.928033273883
"afekta","pos",273.031381381378,274.476195739274
"afekta","pos",273.573686186182,275.024531955641
"afekta","pos",274.115990990987,275.573032677058
"afekta","pos",274.658295795792,276.1216886576
"afekta","pos",275.200600600597,276.670490651342
"afekta","pos",275.742905405402,277.219429412358
"afekta","pos",276.285210210206,277.768495694723
"afekta","pos",276.827515015011,278.317680252511
"afekta","pos",277.369819819816,278.866973839798
"afekta","pos",277.912124624621,279.416367210658
"afekta","pos",278.454429429425,279.965851119165
"afekta","pos",278.99673423423,280.515416319394
"afekta","pos",279.539039039035,281.065053565421
"afekta","pos",280.08134384384,281.614753611318
"afekta","pos",280.623648648645,282.164507211162
"afekta","pos",281.165953453449,282.714305119027
"afekta","pos",281.708258258254,283.264138088987
"afekta","pos",282.250563063059,283.813996887878
"afekta","pos",282.792867867864,284.363873115258
"afekta","pos",283.335172672668,284.913759701529
"afekta","pos",283.877477477473,285.463649696394
"afekta","pos",284.419782282278,286.013536149555
"afekta","pos",284.962087087083,286.563412110717
"afekta","pos",285.504391891888,287.113270629583
"afekta","pos",286.046696696692,287.663104755855
"afekta","pos",286.589001501497,288.212907539238
"afekta","pos",287.131306306302,288.762672029435
"afekta","pos",287.673611111107,289.312391276148
"afekta","pos",288.215915915911,289.862058329082
"afekta","pos",288.758220720716,290.41166623794
"afekta","pos",289.300525525521,290.961208052425
"afekta","pos",289.842830330326,291.510676822239
"afekta","pos",290.38513513513,292.060065597088
"afekta","pos",290.927439939935,292.609367426673
"afekta","pos",291.46974474474,293.158575360699
"afekta","pos",292.012049549545,293.707682448869
"afekta","pos",292.55435435435,294.256681740885
"afekta","pos",293.096659159154,294.805566286451
"afekta","pos",293.638963963959,295.354329135271
"afekta","pos",294.181268768764,295.902963337049
"afekta","pos",294.723573573569,296.451461941486
"afekta","pos",295.265878378373,296.999817998287
"afekta","pos",295.808183183178,297.548024557154
"afekta","pos",296.350487987983,298.096074667792
"afekta","pos",296.892792792788,298.643961379904
"afekta","pos",297.435097597593,299.191677743192
"afekta","pos",297.977402402397,299.73921680736
"afekta","pos",298.519707207202,300.286571622112
"afekta","pos",299.062012012007,300.833735237151
"afekta","pos",299.604316816812,301.38070070218
"afekta","pos",300.146621621616,301.927461066902
"afekta","pos",300.688926426421,302.474009381022
"afekta","pos",301.231231231226,303.020338694241
"afekta","pos",301.773536036031,303.566442056264
"afekta","pos",302.315840840836,304.112312516793
"afekta","pos",302.85814564564,304.657943125533
"afekta","pos",303.400450450445,305.203326932186
"afekta","pos",303.94275525525,305.748456986456
"afekta","pos",304.485060060055,306.293326338046
"afekta","pos",305.027364864859,306.83792803666
"afekta","pos",305.569669669664,307.382255132
"afekta","pos",306.111974474469,307.92630067377
"afekta","pos",306.654279279274,308.470057711674
"afekta","pos",307.196584084079,309.013519295414
"afekta","pos",307.738888888883,309.556678474694
"afekta","pos",308.281193693688,310.099528299218
"afekta","pos",308.823498498493,310.642061818689
"afekta","pos",309.365803303298,311.184272082809
"afekta","pos",309.908108108102,311.726152141283
"afekta","pos",310.450412912907,312.267695043813
"afekta","pos",310.992717717712,312.808893840104
"afekta","pos",311.535022522517,313.349741579857
"afekta","pos",312.077327327321,313.890232440772
"afekta","pos",312.619632132126,314.430371406982
"afekta","pos",313.161936936931,314.970169475667
"afekta","pos",313.704241741736,315.509637708781
"afekta","pos",314.246546546541,316.048787168284
"afekta","pos",314.788851351345,316.58762891613
"afekta","pos",315.33115615615,317.126174014275
"afekta","pos",315.873460960955,317.664433524678
"afekta","pos",316.41576576576,318.202418509294
"afekta","pos",316.958070570564,318.740140030079
"afekta","pos",317.500375375369,319.277609148989
"afekta","pos",318.042680180174,319.814836927983
"afekta","pos",318.584984984979,320.351834429015
"afekta","pos",319.127289789784,320.888612714043
"afekta","pos",319.669594594588,321.425182845022
"afekta","pos",320.211899399393,321.96155588391
"afekta","pos",320.754204204198,322.497742892662
"afekta","pos",321.296509009003,323.033754933236
"afekta","pos",321.838813813807,323.569603067587
"afekta","pos",322.381118618612,324.105298357672
"afekta","pos",322.923423423417,324.640851865448
"afekta","pos",323.465728228222,325.17627465287
"afekta","pos",324.008033033027,325.711577781896
"afekta","pos",324.550337837831,326.246772314483
"afekta","pos",325.092642642636,326.781869312585
"afekta","pos",325.634947447441,327.316879838161
"afekta","pos",326.177252252246,327.851814953165
"afekta","pos",326.71955705705,328.386685719555
"afekta","pos",327.261861861855,328.921503199288
"afekta","pos",327.80416666666,329.456278454319
"afekta","pos",328.346471471465,329.991022546606
"afekta","pos",328.88877627627,330.525746538104
"afekta","pos",329.431081081074,331.06046149077
"afekta","pos",329.973385885879,331.595178466561
"afekta","pos",330.515690690684,332.129908527432
"afekta","pos",331.057995495489,332.664662735341
"afekta","pos",331.600300300293,333.199452152244
"afekta","pos",332.142605105098,333.734287840097
"afekta","pos",332.684909909903,334.269180860857
"afekta","pos",333.227214714708,334.804142276481
"afekta","pos",333.769519519512,335.339183148924
"afekta","pos",334.311824324317,335.874314540143
"afekta","pos",334.854129129122,336.409547512095
"afekta","pos",335.396433933927,336.944893126736
"afekta","pos",335.938738738732,337.480362446023
"afekta","pos",336.481043543536,338.015966531911
"afekta","pos",337.023348348341,338.551716446359
"afekta","pos",337.565653153146,339.087623251321
"afekta","pos",338.107957957951,339.623698008754
"afekta","pos",338.650262762755,340.159951780615
"afekta","pos",339.19256756756,340.696395562323
"afekta","pos",339.734872372365,341.23303469771
"afekta","pos",340.27717717717,341.769864653867
"afekta","pos",340.819481981975,342.306879902854
"afekta","pos",341.361786786779,342.84407491673
"afekta","pos",341.904091591584,343.381444167556
"afekta","pos",342.446396396389,343.918982127392
"afekta","pos",342.988701201194,344.456683268297
"afekta","pos",343.531006005998,344.994542062332
"afekta","pos",344.073310810803,345.532552981556
"afekta","pos",344.615615615608,346.07071049803
"afekta","pos",345.157920420413,346.609009083813
"afekta","pos",345.700225225218,347.147443210964
"afekta","pos",346.242530030022,347.686007351545
"afekta","pos",346.784834834827,348.224695977615
"afekta","pos",347.327139639632,348.763503561234
"afekta","pos",347.869444444437,349.302424574461
"afekta","pos",348.411749249241,349.841453489357
"afekta","pos",348.954054054046,350.380584777982
"afekta","pos",349.496358858851,350.919812912395
"afekta","pos",350.038663663656,351.459132364656
"afekta","pos",350.580968468461,351.998537606826
"afekta","pos",351.123273273265,352.538023110964
"afekta","pos",351.66557807807,353.07758334913
"afekta","pos",352.207882882875,353.617212793385
"afekta","pos",352.75018768768,354.156905915787
"afekta","pos",353.292492492484,354.696657188397
"afekta","pos",353.834797297289,355.236461083275
"afekta","pos",354.377102102094,355.776312072481
"afekta","pos",354.919406906899,356.316204628074
"afekta","pos",355.461711711703,356.856133222115
"afekta","pos",356.004016516508,357.396092326663
"afekta","pos",356.546321321313,357.936076413779
"afekta","pos",357.088626126118,358.476079955522
"afekta","pos",357.630930930923,359.016097423952
"afekta","pos",358.173235735727,359.556123291129
"afekta","pos",358.715540540532,360.096152029114
"afekta","pos",359.257845345337,360.636178109965
"afekta","pos",359.800150150142,361.176196005743
"afekta","pos",360.342454954946,361.716200188508
"afekta","pos",360.884759759751,362.256185130319
"afekta","pos",361.427064564556,362.796145303237
"afekta","pos",361.969369369361,363.336075179322
"afekta","pos",362.511674174166,363.875969230633
"afekta","pos",363.05397897897,364.41582192923
"afekta","pos",363.596283783775,364.955627747173
"afekta","pos",364.13858858858,365.495381156523
"afekta","pos",364.680893393385,366.035076629339
"afekta","pos",365.223198198189,366.574710009748
"afekta","pos",365.765503002994,367.114283903272
"afekta","pos",366.307807807799,367.653802994605
"afekta","pos",366.850112612604,368.193271969013
"afekta","pos",367.392417417409,368.732695511758
"afekta","pos",367.934722222213,369.272078308106
"afekta","pos",368.477027027018,369.811425043319
"afekta","pos",369.019331831823,370.350740402661
"afekta","pos",369.561636636628,370.890029071397
"afekta","pos",370.103941441432,371.42929573479
"afekta","pos",370.646246246237,371.968545078105
"afekta","pos",371.188551051042,372.507781786605
"afekta","pos",371.730855855847,373.047010545554
"afekta","pos",372.273160660652,373.586236040215
"afekta","pos",372.815465465456,374.125462955854
"afekta","pos",373.357770270261,374.664695977733
"afekta","pos",373.900075075066,375.203939791117
"afekta","pos",374.442379879871,375.74319908127
"afekta","pos",374.984684684675,376.282478533455
"afekta","pos",375.52698948948,376.821782832936
"afekta","pos",376.069294294285,377.361116664977
"afekta","pos",376.61159909909,377.900484714843
"afekta","pos",377.153903903894,378.439891667797
"afekta","pos",377.696208708699,378.979342209102
"afekta","pos",378.238513513504,379.518841024023
"afekta","pos",378.780818318309,380.058392797824
"afekta","pos",379.323123123114,380.598002215769
"afekta","pos",379.865427927918,381.137673963121
"afekta","pos",380.407732732723,381.677412725145
"afekta","pos",380.950037537528,382.217223187104
"afekta","pos",381.492342342333,382.757110034262
"afekta","pos",382.034647147137,383.297077951883
"afekta","pos",382.576951951942,383.837131625231
"afekta","pos",383.119256756747,384.37727573957
"afekta","pos",383.661561561552,384.917514980163
"afekta","pos",384.203866366357,385.457854032276
"afekta","pos",384.746171171161,385.998297581171
"afekta","pos",385.288475975966,386.538850312112
"afekta","pos",385.830780780771,387.079516910364
"afekta","pos",386.373085585576,387.62030206119
"afekta","pos",386.91539039038,388.161210449854
"afekta","pos",387.457695195185,388.70224676162
"afekta","pos",387.99999999999,389.243415681752
"afekta","pos",388.542304804795,389.784721895514
"afekta","pos",389.0846096096,390.32617008817
"afekta","pos",389.626914414404,390.867764805156
"afekta","pos",390.169219219209,391.40950839756
"afekta","pos",390.711524024014,391.951401473452
"afekta","pos",391.253828828819,392.493444592845
"afekta","pos",391.796133633623,393.035638315751
"afekta","pos",392.338438438428,393.577983202182
"afekta","pos",392.880743243233,394.120479812151
"afekta","pos",393.423048048038,394.663128705671
"afekta","pos",393.965352852842,395.205930442754
"afekta","pos",394.507657657647,395.748885583411
"afekta","pos",395.049962462452,396.291994687657
"afekta","pos",395.592267267257,396.835258315503
"afekta","pos",396.134572072062,397.378677026962
"afekta","pos",396.676876876866,397.922251382046
"afekta","pos",397.219181681671,398.465981940768
"afekta","pos",397.761486486476,399.009869263139
"afekta","pos",398.303791291281,399.553913909174
"afekta","pos",398.846096096085,400.098116438884
"afekta","pos",399.38840090089,400.642477412281
"afekta","pos",399.930705705695,401.186997389379
"afekta","pos",400.4730105105,401.731676930189
"afekta","pos",401.015315315305,402.276516594724
"afekta","pos",401.557620120109,402.821516942996
"afekta","pos",402.099924924914,403.366678535019
"afekta","pos",402.642229729719,403.912001930804
"afekta","pos",403.184534534524,404.457487690364
"afekta","pos",403.726839339328,405.003136373711
"afekta","pos",404.269144144133,405.548948540858
"afekta","pos",404.811448948938,406.094924751817
"afekta","pos",405.353753753743,406.641065566602
"afekta","pos",405.896058558548,407.187371545223
"afekta","pos",406.438363363352,407.733843247695
"afekta","pos",406.980668168157,408.280481234028
"afekta","pos",407.522972972962,408.827286064236
"afekta","pos",408.065277777767,409.374258298332
"afekta","pos",408.607582582571,409.921398496327
"afekta","pos",409.149887387376,410.468707218234
"afekta","pos",409.692192192181,411.016185024066
"afekta","pos",410.234496996986,411.563832473835
"afekta","pos",410.77680180179,412.111650127553
"afekta","pos",411.319106606595,412.659638545233
"afekta","pos",411.8614114114,413.207798286888
"afekta","pos",412.403716216205,413.75612991253
"afekta","pos",412.94602102101,414.304633982171
"afekta","pos",413.488325825814,414.853311053111
"afekta","pos",414.030630630619,415.402159162264
"afekta","pos",414.572935435424,415.951169157482
"afekta","pos",415.115240240229,416.500330613222
"afekta","pos",415.657545045033,417.049633103942
"afekta","pos",416.199849849838,417.599066204098
"afekta","pos",416.742154654643,418.148619488146
"afekta","pos",417.284459459448,418.698282530545
"afekta","pos",417.826764264253,419.24804490575
"afekta","pos",418.369069069057,419.797896188218
"afekta","pos",418.911373873862,420.347825952407
"afekta","pos",419.453678678667,420.897823772773
"afekta","pos",419.995983483472,421.447879223773
"afekta","pos",420.538288288276,421.997981879863
"afekta","pos",421.080593093081,422.548121315502
"afekta","pos",421.622897897886,423.098287105145
"afekta","pos",422.165202702691,423.648468823249
"afekta","pos",422.707507507496,424.198656044272
"afekta","pos",423.2498123123,424.74883834267
"afekta","pos",423.792117117105,425.2990052929
"afekta","pos",424.33442192191,425.849146469418
"afekta","pos",424.876726726715,426.399251446683
"afekta","pos",425.419031531519,426.949309799149
"afekta","pos",425.961336336324,427.499311101275
"afekta","pos",426.503641141129,428.049244927517
"afekta","pos",427.045945945934,428.599100852333
"afekta","pos",427.588250750738,429.148868450178
"afekta","pos",428.130555555543,429.69853729551
"afekta","pos",428.672860360348,430.248096962785
"afekta","pos",429.215165165153,430.797537026461
"afekta","pos",429.757469969958,431.346847060994
"afekta","pos",430.299774774762,431.896016640842
"afekta","pos",430.842079579567,432.44503534046
"afekta","pos",431.384384384372,432.993892734306
"afekta","pos",431.926689189177,433.542578396837
"afekta","pos",432.468993993981,434.091081902509
"afekta","pos",433.011298798786,434.63939282578
"afekta","pos",433.553603603591,435.187500741106
"afekta","pos",434.095908408396,435.735395222944
"afekta","pos",434.638213213201,436.283065845751
"afekta","pos",435.180518018005,436.830502183984
"afekta","pos",435.72282282281,437.377693812099
"afekta","pos",436.265127627615,437.924630304554
"afekta","pos",436.80743243242,438.471301235805
"afekta","pos",437.349737237224,439.017696320106
"afekta","pos",437.892042042029,439.563815842552
"afekta","pos",438.434346846834,440.109677869344
"afekta","pos",438.976651651639,440.655302171944
"afekta","pos",439.518956456444,441.200708521811
"afekta","pos",440.061261261248,441.745916690408
"afekta","pos",440.603566066053,442.290946449194
"afekta","pos",441.145870870858,442.835817569632
"afekta","pos",441.688175675663,443.380549823181
"afekta","pos",442.230480480467,443.925162981303
"afekta","pos",442.772785285272,444.469676815458
"afekta","pos",443.315090090077,445.014111097108
"afekta","pos",443.857394894882,445.558485597713
"afekta","pos",444.399699699687,446.102820088735
"afekta","pos",444.942004504491,446.647134341634
"afekta","pos",445.484309309296,447.191448127871
"afekta","pos",446.026614114101,447.735781218908
"afekta","pos",446.568918918906,448.280153386204
"afekta","pos",447.11122372371,448.824584401221
"afekta","pos",447.653528528515,449.36909403542
"afekta","pos",448.19583333332,449.913702060262
"afekta","pos",448.738138138125,450.458428247208
"afekta","pos",449.280442942929,451.003292367718
"afekta","pos",449.822747747734,451.548314193254
"afekta","pos",450.365052552539,452.093513495276
"afekta","pos",450.907357357344,452.638910045246
"afekta","pos",451.449662162149,453.184523614624
"afekta","pos",451.991966966953,453.730373974871
"afekta","pos",452.534271771758,454.276480897448
"afekta","pos",453.076576576563,454.822864153817
"afekta","pos",453.618881381368,455.369543515437
"afekta","pos",454.161186186172,455.91653875377
"afekta","pos",454.703490990977,456.463869640277
"afekta","pos",455.245795795782,457.011555946419
"afekta","pos",455.788100600587,457.559617443656
"afekta","pos",456.330405405392,458.10807390345
"afekta","pos",456.872710210196,458.656945097262
"afekta","pos",457.415015015001,459.206250796551
"afekta","pos",457.957319819806,459.75601077278
"afekta","pos",458.499624624611,460.30624479741
"afekta","pos",459.041929429415,460.8569726419
"afekta","pos",459.58423423422,461.408214077713
"afekta","pos",460.126539039025,461.959988876309
"afekta","pos",460.66884384383,462.512316672075
"afekta","pos",461.211148648635,463.06520289194
"afekta","pos",461.753453453439,463.618626564649
"afekta","pos",462.295758258244,464.172563846324
"afekta","pos",462.838063063049,464.726990893085
"afekta","pos",463.380367867854,465.281883861053
"afekta","pos",463.922672672658,465.837218906347
"afekta","pos",464.464977477463,466.392972185088
"afekta","pos",465.007282282268,466.949119853397
"afekta","pos",465.549587087073,467.505638067395
"afekta","pos",466.091891891878,468.062502983202
"afekta","pos",466.634196696682,468.619690756938
"afekta","pos",467.176501501487,469.177177544724
"afekta","pos",467.718806306292,469.73493950268
"afekta","pos",468.261111111097,470.292952786927
"afekta","pos",468.803415915901,470.851193553585
"afekta","pos",469.345720720706,471.409637958776
"afekta","pos",469.888025525511,471.968262158619
"afekta","pos",470.430330330316,472.527042309234
"afekta","pos",470.97263513512,473.085954566743
"afekta","pos",471.514939939925,473.644975087266
"afekta","pos",472.05724474473,474.204080026923
"afekta","pos",472.599549549535,474.763245541836
"afekta","pos",473.14185435434,475.322447788123
"afekta","pos",473.684159159144,475.881662921907
"afekta","pos",474.226463963949,476.440867099307
"afekta","pos",474.768768768754,477.000036476443
"afekta","pos",475.311073573559,477.559147209437
"afekta","pos",475.853378378363,478.118175454409
"afekta","pos",476.395683183168,478.67709736748
"afekta","pos",476.937987987973,479.235889104769
"afekta","pos",477.480292792778,479.794526822398
"afekta","pos",478.022597597583,480.352986676487
"afekta","pos",478.564902402387,480.911244823156
"afekta","pos",479.107207207192,481.469277418526
"afekta","pos",479.649512011997,482.027060618717
"afekta","pos",480.191816816802,482.58457057985
"afekta","pos",480.734121621606,483.141783458046
"afekta","pos",481.276426426411,483.698675409425
"afekta","pos",481.818731231216,484.255222590107
"afekta","pos",482.361036036021,484.811401156213
"afekta","pos",482.903340840826,485.367187263863
"afekta","pos",483.44564564563,485.922557069178
"afekta","pos",483.987950450435,486.477489231647
"afekta","pos",484.53025525524,487.031988281744
"afekta","pos",485.072560060045,487.586074024807
"afekta","pos",485.614864864849,488.139766464085
"afekta","pos",486.157169669654,488.693085602822
"afekta","pos",486.699474474459,489.246051444264
"afekta","pos",487.241779279264,489.798683991658
"afekta","pos",487.784084084069,490.35100324825
"afekta","pos",488.326388888873,490.903029217286
"afekta","pos",488.868693693678,491.45478190201
"afekta","pos",489.410998498483,492.006281305671
"afekta","pos",489.953303303288,492.557547431512
"afekta","pos",490.495608108092,493.108600282781
"afekta","pos",491.037912912897,493.659459862724
"afekta","pos",491.580217717702,494.210146174586
"afekta","pos",492.122522522507,494.760679221613
"afekta","pos",492.664827327311,495.311079007051
"afekta","pos",493.207132132116,495.861365534147
"afekta","pos",493.749436936921,496.411558806146
"afekta","pos",494.291741741726,496.961678826295
"afekta","pos",494.834046546531,497.511745597838
"afekta","pos",495.376351351335,498.061779124023
"afekta","pos",495.91865615614,498.611799408095
"afekta","pos",496.460960960945,499.1618264533
"afekta","pos",497.00326576575,499.711880262884
"afekta","pos",497.545570570554,500.261980840093
"afekta","pos",498.087875375359,500.812148188173
"afekta","pos",498.630180180164,501.36240231037
"afekta","pos",499.172484984969,501.912763209931
"afekta","pos",499.714789789774,502.4632508901
"afekta","pos",500.257094594578,503.013885354124
"afekta","pos",500.799399399383,503.564686605249
"afekta","pos",501.341704204188,504.115674646721
"afekta","pos",501.884009008993,504.666869481786
"afekta","pos",502.426313813797,505.21829111369
"afekta","pos",502.968618618602,505.769959545678
"afekta","pos",503.510923423407,506.321894780998
"afekta","pos",504.053228228212,506.874116822894
"afekta","pos",504.595533033017,507.426645674613
"afekta","pos",505.137837837821,507.9795013394
"afekta","pos",505.680142642626,508.532703820502
"afekta","pos",506.222447447431,509.086273121165
"afekta","pos",506.764752252236,509.64022867293
"afekta","pos",507.30705705704,510.194575937875
"afekta","pos",507.849361861845,510.749305937135
"afekta","pos",508.39166666665,511.30440902581
"afekta","pos",508.933971471455,511.859875559
"afekta","pos",509.47627627626,512.415695891804
"afekta","pos",510.018581081064,512.971860379322
"afekta","pos",510.560885885869,513.528359376653
"afekta","pos",511.103190690674,514.085183238899
"afekta","pos",511.645495495479,514.642322321159
"afekta","pos",512.187800300283,515.199766978532
"afekta","pos",512.730105105088,515.757507566118
"afekta","pos",513.272409909893,516.315534439017
"afekta","pos",513.814714714698,516.873837952329
"afekta","pos",514.357019519503,517.432408461154
"afekta","pos",514.899324324307,517.991236320591
"afekta","pos",515.441629129112,518.550311885741
"afekta","pos",515.983933933917,519.109625511703
"afekta","pos",516.526238738722,519.669167553576
"afekta","pos",517.068543543526,520.228928366462
"afekta","pos",517.610848348331,520.788898305459
"afekta","pos",518.153153153136,521.349067725668
"afekta","pos",518.695457957941,521.909426982187
"afekta","pos",519.237762762745,522.469966430118
"afekta","pos",519.78006756755,523.03067642456
"afekta","pos",520.322372372355,523.591547320612
"afekta","pos",520.86467717716,524.152569473375
"afekta","pos",521.406981981965,524.713733237948
"afekta","pos",521.949286786769,525.275028969431
"afekta","pos",522.491591591574,525.836447022925
"afekta","pos",523.033896396379,526.397977753527
"afekta","pos",523.576201201184,526.95961151634
"afekta","pos",524.118506005988,527.521338666462
"afekta","pos",524.660810810793,528.083149558993
"afekta","pos",525.203115615598,528.645034549033
"afekta","pos",525.745420420403,529.206983991682
"afekta","pos",526.287725225208,529.768988242039
"afekta","pos",526.830030030012,530.331037655205
"afekta","pos",527.372334834817,530.89312258628
"afekta","pos",527.914639639622,531.455233390362
"afekta","pos",528.456944444427,532.017360535366
"afekta","pos",528.999249249231,532.579496449897
"afekta","pos",529.541554054036,533.141635224773
"afekta","pos",530.083858858841,533.703771003416
"afekta","pos",530.626163663646,534.265897929251
"afekta","pos",531.168468468451,534.828010145702
"afekta","pos",531.710773273255,535.390101796192
"afekta","pos",532.25307807806,535.952167024145
"afekta","pos",532.795382882865,536.514199972986
"afekta","pos",533.33768768767,537.076194786138
"afekta","pos",533.879992492474,537.638145607025
"afekta","pos",534.422297297279,538.200046579071
"afekta","pos",534.964602102084,538.7618918457
"afekta","pos",535.506906906889,539.323675550335
"afekta","pos",536.049211711693,539.8853918364
"afekta","pos",536.591516516498,540.44703484732
"afekta","pos",537.133821321303,541.008598726519
"afekta","pos",537.676126126108,541.570077617419
"afekta","pos",538.218430930913,542.131465663445
"afekta","pos",538.760735735717,542.692757008021
"afekta","pos",539.303040540522,543.25394579457
"afekta","pos",539.845345345327,543.815026166517
"afekta","pos",540.387650150132,544.375992267286
"afekta","pos",540.929954954937,544.936838240299
"afekta","pos",541.472259759741,545.497558228982
"afekta","pos",542.014564564546,546.058146376758
"afekta","pos",542.556869369351,546.61859682705
"afekta","pos",543.099174174156,547.178903723284
"afekta","pos",543.64147897896,547.739061208881
"afekta","pos",544.183783783765,548.299063427268
"afekta","pos",544.72608858857,548.858904521866
"afekta","pos",545.268393393375,549.418578636101
"afekta","pos",545.810698198179,549.978079913396
"afekta","pos",546.353003002984,550.537402497174
"afekta","pos",546.895307807789,551.096540530861
"afekta","pos",547.437612612594,551.655488157879
"afekta","pos",547.979917417399,552.214239521652
"afekta","pos",548.522222222203,552.772788765605
"afekta","pos",549.064527027008,553.331130032857
"afekta","pos",549.606831831813,553.889257275683
"afekta","pos",550.149136636618,554.447163929509
"afekta","pos",550.691441441422,555.004843343114
"afekta","pos",551.233746246227,555.56228886528
"afekta","pos",551.776051051032,556.119493844788
"afekta","pos",552.318355855837,556.676451630419
"afekta","pos",552.860660660642,557.233155570953
"afekta","pos",553.402965465446,557.789599015172
"afekta","pos",553.945270270251,558.345775311857
"afekta","pos",554.487575075056,558.901677809789
"afekta","pos",555.029879879861,559.457299857748
"afekta","pos",555.572184684665,560.012634804516
"afekta","pos",556.11448948947,560.567675998873
"afekta","pos",556.656794294275,561.122416789601
"afekta","pos",557.19909909908,561.67685052548
"afekta","pos",557.741403903884,562.230970555292
"afekta","pos",558.283708708689,562.784770227816
"afekta","pos",558.826013513494,563.338242891836
"afekta","pos",559.368318318299,563.89138189613
"afekta","pos",559.910623123104,564.44418058948
"afekta","pos",560.452927927908,564.996632320668
"afekta","pos",560.995232732713,565.548730438474
"afekta","pos",561.537537537518,566.100468291679
"afekta","pos",562.079842342323,566.651839229064
"afekta","pos",562.622147147128,567.202836599409
"afekta","pos",563.164451951932,567.753453751497
"afekta","pos",563.706756756737,568.303684034108
"afekta","pos",564.249061561542,568.853520796022
"afekta","pos",564.791366366347,569.402957386021
"afekta","pos",565.333671171151,569.951987152886
"afekta","pos",565.875975975956,570.500603445398
"afekta","pos",566.418280780761,571.048799612337
"afekta","pos",566.960585585566,571.596569002485
"afekta","pos",567.50289039037,572.143904964623
"afekta","pos",568.045195195175,572.690800847531
"afekta","pos",568.58749999998,573.23724999999
"cembio","neg",25.91799999999,26.208499999995
"cembio","neg",26.4670950950851,27.1610579227393
"cembio","neg",27.0161901901802,28.0291459052932
"cembio","neg",27.5652852852753,28.8226050546501
"cembio","neg",28.1143803803704,29.5568636698008
"cembio","neg",28.6634754754655,30.2477767395385
"cembio","neg",29.2125705705606,30.9111992526565
"cembio","neg",29.7616656656557,31.5629856298145
"cembio","neg",30.3107607607508,32.2157832746522
"cembio","neg",30.859855855846,32.8715012887471
"cembio","neg",31.4089509509411,33.5298038138352
"cembio","neg",31.9580460460362,34.1903549916525
"cembio","neg",32.5071411411313,34.8528189639352
"cembio","neg",33.0562362362264,35.5168598724193
"cembio","neg",33.6053313313215,36.1821418588408
"cembio","neg",34.1544264264166,36.8483290649359
"cembio","neg",34.7035215215117,37.5150856324407
"cembio","neg",35.2526166166068,38.1820757030911
"cembio","neg",35.8017117117019,38.8489634186233
"cembio","neg",36.350806806797,39.5154129207734
"cembio","neg",36.8999019018921,40.1810883512774
"cembio","neg",37.4489969969872,40.8456538518714
"cembio","neg",37.9980920920823,41.5087735642914
"cembio","neg",38.5471871871774,42.1701116302736
"cembio","neg",39.0962822822725,42.8293321915541
"cembio","neg",39.6453773773676,43.4860993898688
"cembio","neg",40.1944724724627,44.1400773669539
"cembio","neg",40.7435675675578,44.7909302645454
"cembio","neg",41.2926626626529,45.4383222243794
"cembio","neg",41.841757757748,46.081917922942
"cembio","neg",42.3908528528432,46.7214904663895
"cembio","neg",42.9399479479383,47.3570525009251
"cembio","neg",43.4890430430334,47.9886487182816
"cembio","neg",44.0381381381285,48.6163238101914
"cembio","neg",44.5872332332236,49.2401224683872
"cembio","neg",45.1363283283187,49.8600893846016
"cembio","neg",45.6854234234138,50.4762692505673
"cembio","neg",46.2345185185089,51.0887067580167
"cembio","neg",46.783613613604,51.6974465986826
"cembio","neg",47.3327087086991,52.3025334642975
"cembio","neg",47.8818038037942,52.904012046594
"cembio","neg",48.4308988988893,53.5019270373048
"cembio","neg",48.9799939939844,54.0963231281625
"cembio","neg",49.5290890890795,54.6872450108996
"cembio","neg",50.0781841841746,55.2747373772487
"cembio","neg",50.6272792792697,55.8588449189425
"cembio","neg",51.1763743743648,56.4396123277136
"cembio","neg",51.7254694694599,57.0170842952946
"cembio","neg",52.274564564555,57.5913055134181
"cembio","neg",52.8236596596502,58.1623206738166
"cembio","neg",53.3727547547453,58.7301744682229
"cembio","neg",53.9218498498404,59.2949115883694
"cembio","neg",54.4709449449355,59.8565767259889
"cembio","neg",55.0200400400306,60.4152145728139
"cembio","neg",55.5691351351257,60.970869820577
"cembio","neg",56.1182302302208,61.5235871610108
"cembio","neg",56.6673253253159,62.073411285848
"cembio","neg",57.216420420411,62.6203868868211
"cembio","neg",57.7655155155061,63.1645586556628
"cembio","neg",58.3146106106012,63.7059712841056
"cembio","neg",58.8637057056963,64.2446694638822
"cembio","neg",59.4128008007914,64.7806978867252
"cembio","neg",59.9618958958865,65.3141012443671
"cembio","neg",60.5109909909816,65.8449242285406
"cembio","neg",61.0600860860767,66.3732115309783
"cembio","neg",61.6091811811718,66.8990078434128
"cembio","neg",62.1582762762669,67.4223578575767
"cembio","neg",62.707371371362,67.9433062652026
"cembio","neg",63.2564664664571,68.4618977580231
"cembio","neg",63.8055615615523,68.9781770277708
"cembio","neg",64.3546566566474,69.4921887661783
"cembio","neg",64.9037517517425,70.0039776649783
"cembio","neg",65.4528468468376,70.5135884159033
"cembio","neg",66.0019419419327,71.021065710686
"cembio","neg",66.5510370370278,71.5264542410589
"cembio","neg",67.1001321321229,72.0297986987546
"cembio","neg",67.649227227218,72.5311437755058
"cembio","neg",68.1983223223131,73.0305341630451
"cembio","neg",68.7474174174082,73.5280145531051
"cembio","neg",69.2965125125033,74.0236296374183
"cembio","neg",69.8456076075984,74.5174241077175
"cembio","neg",70.3947027026935,75.0094426557351
"cembio","neg",70.9437977977886,75.4997299732038
"cembio","neg",71.4928928928837,75.9883307518562
"cembio","neg",72.0419879879788,76.475289683425
"cembio","neg",72.5910830830739,76.9606514596426
"cembio","neg",73.140178178169,77.4444607722418
"cembio","neg",73.6892732732641,77.9267623129551
"cembio","neg",74.2383683683593,78.4076007735152
"cembio","neg",74.7874634634544,78.8870208456545
"cembio","neg",75.3365585585495,79.3650672211059
"cembio","neg",75.8856536536446,79.8417845916018
"cembio","neg",76.4347487487397,80.3172176488748
"cembio","neg",76.9838438438348,80.7914110846577
"cembio","neg",77.5329389389299,81.2644095906828
"cembio","neg",78.082034034025,81.736257858683
"cembio","neg",78.6311291291201,82.2070005803908
"cembio","neg",79.1802242242152,82.6766824475388
"cembio","neg",79.7293193193103,83.1453481518595
"cembio","neg",80.2784144144054,83.6130423850857
"cembio","neg",80.8275095095005,84.0798098389498
"cembio","neg",81.3766046045956,84.5456952051846
"cembio","neg",81.9256996996907,85.0107431755227
"cembio","neg",82.4747947947858,85.4749984416965
"cembio","neg",83.0238898898809,85.9385056954388
"cembio","neg",83.572984984976,86.4013096284821
"cembio","neg",84.1220800800711,86.8634549325591
"cembio","neg",84.6711751751662,87.3249862994023
"cembio","neg",85.2202702702614,87.7859484207444
"cembio","neg",85.7693653653565,88.246385988318
"cembio","neg",86.3184604604516,88.7063436938556
"cembio","neg",86.8675555555467,89.1658662290899
"cembio","neg",87.4166506506418,89.6249982857535
"cembio","neg",87.9657457457369,90.083784555579
"cembio","neg",88.514840840832,90.542269730299
"cembio","neg",89.0639359359271,91.0004985016461
"cembio","neg",89.6130310310222,91.4585155613529
"cembio","neg",90.1621261261173,91.916365601152
"cembio","neg",90.7112212212124,92.3740933127761
"cembio","neg",91.2603163163075,92.8317433879577
"cembio","neg",91.8094114114026,93.2893605184294
"cembio","neg",92.3585065064977,93.7469893959239
"cembio","neg",92.9076016015928,94.2046747121737
"cembio","neg",93.4566966966879,94.6624611589114
"cembio","neg",94.005791791783,95.1203934278698
"cembio","neg",94.5548868868781,95.5785162107813
"cembio","neg",95.1039819819732,96.0368741993785
"cembio","neg",95.6530770770683,96.4955120853942
"cembio","neg",96.2021721721635,96.9544745605608
"cembio","neg",96.7512672672586,97.4138063166111
"cembio","neg",97.3003623623537,97.8735520452775
"cembio","neg",97.8494574574488,98.3337564382927
"cembio","neg",98.3985525525439,98.7944641873894
"cembio","neg",98.947647647639,99.2557199843
"cembio","neg",99.4967427427341,99.7175685207573
"cembio","neg",100.045837837829,100.180054488494
"cembio","neg",100.594932932924,100.643222579242
"cembio","neg",101.144028028019,101.107117484735
"cembio","neg",101.693123123115,101.571783896705
"cembio","neg",102.24221821821,102.037266506884
"cembio","neg",102.791313313305,102.503610007006
"cembio","neg",103.3404084084,102.970859088803
"cembio","neg",103.889503503495,103.439058444007
"cembio","neg",104.43859859859,103.908252764351
"cembio","neg",104.987693693685,104.378486741568
"cembio","neg",105.53678878878,104.84980506739
"cembio","neg",106.085883883875,105.32225243355
"cembio","neg",106.63497897897,105.795873531781
"cembio","neg",107.184074074066,106.270713053814
"cembio","neg",107.733169169161,106.746815691384
"cembio","neg",108.282264264256,107.224226136222
"cembio","neg",108.831359359351,107.70298908006
"cembio","neg",109.380454454446,108.183149214632
"cembio","neg",109.929549549541,108.664751231671
"cembio","neg",110.478644644636,109.147839822908
"cembio","neg",111.027739739731,109.632459680076
"cembio","neg",111.576834834826,110.118655494909
"cembio","neg",112.125929929922,110.606471959138
"cembio","neg",112.675025025017,111.095953764496
"cembio","neg",113.224120120112,111.587145602716
"cembio","neg",113.773215215207,112.08009216553
"cembio","neg",114.322310310302,112.574838144671
"cembio","neg",114.871405405397,113.071428231872
"cembio","neg",115.420500500492,113.569907118865
"cembio","neg",115.969595595587,114.070319497383
"cembio","neg",116.518690690682,114.572710059159
"cembio","neg",117.067785785777,115.077123495924
"cembio","neg",117.616880880873,115.583604499412
"cembio","neg",118.165975975968,116.092197761355
"cembio","neg",118.715071071063,116.602947973486
"cembio","neg",119.264166166158,117.115899827538
"cembio","neg",119.813261261253,117.631098015242
"cembio","neg",120.362356356348,118.148587228333
"cembio","neg",120.911451451443,118.668412158541
"cembio","neg",121.460546546538,119.190617497601
"cembio","neg",122.009641641633,119.715247937243
"cembio","neg",122.558736736729,120.242348169202
"cembio","neg",123.107831831824,120.771957470208
"cembio","neg",123.656926926919,121.304059202228
"cembio","neg",124.206022022014,121.838603734888
"cembio","neg",124.755117117109,122.375541011174
"cembio","neg",125.304212212204,122.914820974074
"cembio","neg",125.853307307299,123.456393566574
"cembio","neg",126.402402402394,124.000208731661
"cembio","neg",126.951497497489,124.546216412322
"cembio","neg",127.500592592584,125.094366551544
"cembio","neg",128.04968768768,125.644609092315
"cembio","neg",128.598782782775,126.196893977619
"cembio","neg",129.14787787787,126.751171150446
"cembio","neg",129.696972972965,127.30739055378
"cembio","neg",130.24606806806,127.86550213061
"cembio","neg",130.795163163155,128.425455823922
"cembio","neg",131.34425825825,128.987201576703
"cembio","neg",131.893353353345,129.55068933194
"cembio","neg",132.44244844844,130.11586903262
"cembio","neg",132.991543543535,130.682690621729
"cembio","neg",133.540638638631,131.251104042255
"cembio","neg",134.089733733726,131.821059237183
"cembio","neg",134.638828828821,132.392506149503
"cembio","neg",135.187923923916,132.965394722199
"cembio","neg",135.737019019011,133.539674898259
"cembio","neg",136.286114114106,134.115296620669
"cembio","neg",136.835209209201,134.692209832418
"cembio","neg",137.384304304296,135.27036447649
"cembio","neg",137.933399399391,135.849710495874
"cembio","neg",138.482494494487,136.430197833557
"cembio","neg",139.031589589582,137.011776432524
"cembio","neg",139.580684684677,137.594396235763
"cembio","neg",140.129779779772,138.178007186262
"cembio","neg",140.678874874867,138.762559227005
"cembio","neg",141.227969969962,139.348002300982
"cembio","neg",141.777065065057,139.934286351177
"cembio","neg",142.326160160152,140.521361320579
"cembio","neg",142.875255255247,141.109177152174
"cembio","neg",143.424350350342,141.697683788949
"cembio","neg",143.973445445438,142.286831173891
"cembio","neg",144.522540540533,142.876569249986
"cembio","neg",145.071635635628,143.466847960222
"cembio","neg",145.620730730723,144.057617247585
"cembio","neg",146.169825825818,144.648827055063
"cembio","neg",146.718920920913,145.240427325642
"cembio","neg",147.268016016008,145.832368002308
"cembio","neg",147.817111111103,146.42459902805
"cembio","neg",148.366206206198,147.017070345853
"cembio","neg",148.915301301294,147.609731898705
"cembio","neg",149.464396396389,148.202533629592
"cembio","neg",150.013491491484,148.795425481502
"cembio","neg",150.562586586579,149.388357397421
"cembio","neg",151.111681681674,149.981279320336
"cembio","neg",151.660776776769,150.574141193234
"cembio","neg",152.209871871864,151.166892959101
"cembio","neg",152.758966966959,151.759484560925
"cembio","neg",153.308062062054,152.351865941693
"cembio","neg",153.85715715715,152.943987044391
"cembio","neg",154.406252252245,153.535797812006
"cembio","neg",154.95534734734,154.127248187525
"cembio","neg",155.504442442435,154.718288113936
"cembio","neg",156.05353753753,155.308867534223
"cembio","neg",156.602632632625,155.898936391376
"cembio","neg",157.15172772772,156.48844462838
"cembio","neg",157.700822822815,157.077342188223
"cembio","neg",158.24991791791,157.665579013891
"cembio","neg",158.799013013005,158.253105048371
"cembio","neg",159.348108108101,158.839870234649
"cembio","neg",159.897203203196,159.425824515714
"cembio","neg",160.446298298291,160.010917834552
"cembio","neg",160.995393393386,160.595100134148
"cembio","neg",161.544488488481,161.178321357492
"cembio","neg",162.093583583576,161.760531447569
"cembio","neg",162.642678678671,162.341680347365
"cembio","neg",163.191773773766,162.921717999869
"cembio","neg",163.740868868861,163.500594348067
"cembio","neg",164.289963963956,164.078259334945
"cembio","neg",164.839059059052,164.654662903491
"cembio","neg",165.388154154147,165.229754996692
"cembio","neg",165.937249249242,165.803485557534
"cembio","neg",166.486344344337,166.375804529004
"cembio","neg",167.035439439432,166.946661854089
"cembio","neg",167.584534534527,167.516007475776
"cembio","neg",168.133629629622,168.083791337051
"cembio","neg",168.682724724717,168.649963380903
"cembio","neg",169.231819819812,169.214473550316
"cembio","neg",169.780914914908,169.77727178828
"cembio","neg",170.330010010003,170.33831361454
"cembio","neg",170.879105105098,170.897610098754
"cembio","neg",171.428200200193,171.455204184322
"cembio","neg",171.977295295288,172.01113919313
"cembio","neg",172.526390390383,172.565458447059
"cembio","neg",173.075485485478,173.118205267993
"cembio","neg",173.624580580573,173.669422977815
"cembio","neg",174.173675675668,174.219154898409
"cembio","neg",174.722770770764,174.767444351657
"cembio","neg",175.271865865859,175.314334659443
"cembio","neg",175.820960960954,175.85986914365
"cembio","neg",176.370056056049,176.404091126161
"cembio","neg",176.919151151144,176.94704392886
"cembio","neg",177.468246246239,177.488770873629
"cembio","neg",178.017341341334,178.029315282351
"cembio","neg",178.566436436429,178.56872047691
"cembio","neg",179.115531531524,179.10702977919
"cembio","neg",179.664626626619,179.644286511072
"cembio","neg",180.213721721715,180.180533994441
"cembio","neg",180.76281681681,180.71581555118
"cembio","neg",181.311911911905,181.250174503171
"cembio","neg",181.861007007,181.783654172298
"cembio","neg",182.410102102095,182.316297880444
"cembio","neg",182.95919719719,182.848148949493
"cembio","neg",183.508292292285,183.379250701327
"cembio","neg",184.05738738738,183.909646457829
"cembio","neg",184.606482482475,184.439379540884
"cembio","neg",185.15557757757,184.968493272373
"cembio","neg",185.704672672666,185.497030974181
"cembio","neg",186.253767767761,186.02503596819
"cembio","neg",186.802862862856,186.552551576283
"cembio","neg",187.351957957951,187.079621120345
"cembio","neg",187.901053053046,187.606287922257
"cembio","neg",188.450148148141,188.132595303903
"cembio","neg",188.999243243236,188.658586587167
"cembio","neg",189.548338338331,189.184305093931
"cembio","neg",190.097433433426,189.709794146079
"cembio","neg",190.646528528522,190.235097065493
"cembio","neg",191.195623623617,190.760257174058
"cembio","neg",191.744718718712,191.285317793656
"cembio","neg",192.293813813807,191.81032224617
"cembio","neg",192.842908908902,192.335313853484
"cembio","neg",193.392004003997,192.86033593748
"cembio","neg",193.941099099092,193.385431820043
"cembio","neg",194.490194194187,193.910644823054
"cembio","neg",195.039289289282,194.436018268398
"cembio","neg",195.588384384377,194.961595477957
"cembio","neg",196.137479479473,195.487419773615
"cembio","neg",196.686574574568,196.013534477255
"cembio","neg",197.235669669663,196.53998291076
"cembio","neg",197.784764764758,197.066808396013
"cembio","neg",198.333859859853,197.594054254897
"cembio","neg",198.882954954948,198.121763809296
"cembio","neg",199.432050050043,198.649980381092
"cembio","neg",199.981145145138,199.17874729217
"cembio","neg",200.530240240233,199.708107864412
"cembio","neg",201.079335335329,200.2381054197
"cembio","neg",201.628430430424,200.76878327992
"cembio","neg",202.177525525519,201.300184766953
"cembio","neg",202.726620620614,201.832353202683
"cembio","neg",203.275715715709,202.365331908993
"cembio","neg",203.824810810804,202.899161975218
"cembio","neg",204.373905905899,203.433851880055
"cembio","neg",204.923001000994,203.969385398895
"cembio","neg",205.472096096089,204.505745694377
"cembio","neg",206.021191191184,205.042915929143
"cembio","neg",206.57028628628,205.580879265833
"cembio","neg",207.119381381375,206.119618867089
"cembio","neg",207.66847647647,206.659117895551
"cembio","neg",208.217571571565,207.19935951386
"cembio","neg",208.76666666666,207.740326884657
"cembio","neg",209.315761761755,208.282003170582
"cembio","neg",209.86485685685,208.824371534277
"cembio","neg",210.413951951945,209.367415138382
"cembio","neg",210.96304704704,209.911117145538
"cembio","neg",211.512142142136,210.455460718386
"cembio","neg",212.061237237231,211.000429019567
"cembio","neg",212.610332332326,211.546005211721
"cembio","neg",213.159427427421,212.092172457489
"cembio","neg",213.708522522516,212.638913919513
"cembio","neg",214.257617617611,213.186212760432
"cembio","neg",214.806712712706,213.734052142888
"cembio","neg",215.355807807801,214.282415229521
"cembio","neg",215.904902902896,214.831285182973
"cembio","neg",216.453997997991,215.380645165884
"cembio","neg",217.003093093087,215.930478340895
"cembio","neg",217.552188188182,216.480767870646
"cembio","neg",218.101283283277,217.031496917779
"cembio","neg",218.650378378372,217.582648644934
"cembio","neg",219.199473473467,218.134206214753
"cembio","neg",219.748568568562,218.686152789875
"cembio","neg",220.297663663657,219.238471532942
"cembio","neg",220.846758758752,219.791145606595
"cembio","neg",221.395853853847,220.344158173474
"cembio","neg",221.944948948943,220.89749239622
"cembio","neg",222.494044044038,221.451131437474
"cembio","neg",223.043139139133,222.005058459877
"cembio","neg",223.592234234228,222.559256626069
"cembio","neg",224.141329329323,223.113709098692
"cembio","neg",224.690424424418,223.668399040387
"cembio","neg",225.239519519513,224.223309613793
"cembio","neg",225.788614614608,224.778423981552
"cembio","neg",226.337709709703,225.333725306304
"cembio","neg",226.886804804798,225.889196750691
"cembio","neg",227.435899899894,226.444821477354
"cembio","neg",227.984994994989,227.000582648932
"cembio","neg",228.534090090084,227.556463428067
"cembio","neg",229.083185185179,228.1124469774
"cembio","neg",229.632280280274,228.668516459571
"cembio","neg",230.181375375369,229.224655037222
"cembio","neg",230.730470470464,229.780845872992
"cembio","neg",231.279565565559,230.337072129524
"cembio","neg",231.828660660654,230.893316969457
"cembio","neg",232.37775575575,231.449563555433
"cembio","neg",232.926850850845,232.005795050092
"cembio","neg",233.47594594594,232.561994616075
"cembio","neg",234.025041041035,233.118145416023
"cembio","neg",234.57413613613,233.674230612577
"cembio","neg",235.123231231225,234.230233368377
"cembio","neg",235.67232632632,234.786136846065
"cembio","neg",236.221421421415,235.341924208281
"cembio","neg",236.77051651651,235.897578617666
"cembio","neg",237.319611611605,236.45308323686
"cembio","neg",237.868706706701,237.008421228506
"cembio","neg",238.417801801796,237.563575755242
"cembio","neg",238.966896896891,238.118529979711
"cembio","neg",239.515991991986,238.673267064553
"cembio","neg",240.065087087081,239.227770172408
"cembio","neg",240.614182182176,239.782022465918
"cembio","neg",241.163277277271,240.336007107724
"cembio","neg",241.712372372366,240.889707260466
"cembio","neg",242.261467467461,241.443106086784
"cembio","neg",242.810562562557,241.996186749321
"cembio","neg",243.359657657652,242.548932410716
"cembio","neg",243.908752752747,243.101326233611
"cembio","neg",244.457847847842,243.653351380646
"cembio","neg",245.006942942937,244.204991014462
"cembio","neg",245.556038038032,244.7562282977
"cembio","neg",246.105133133127,245.307046393001
"cembio","neg",246.654228228222,245.857428463005
"cembio","neg",247.203323323317,246.407357670353
"cembio","neg",247.752418418412,246.956818066763
"cembio","neg",248.301513513508,247.505808790626
"cembio","neg",248.850608608603,248.054341579672
"cembio","neg",249.399703703698,248.602428558171
"cembio","neg",249.948798798793,249.150081850393
"cembio","neg",250.497893893888,249.697313580609
"cembio","neg",251.046988988983,250.244135873088
"cembio","neg",251.596084084078,250.7905608521
"cembio","neg",252.145179179173,251.336600641916
"cembio","neg",252.694274274268,251.882267366807
"cembio","neg",253.243369369364,252.427573151041
"cembio","neg",253.792464464459,252.972530118889
"cembio","neg",254.341559559554,253.517150394623
"cembio","neg",254.890654654649,254.06144610251
"cembio","neg",255.439749749744,254.605429366822
"cembio","neg",255.988844844839,255.14911231183
"cembio","neg",256.537939939934,255.692507061802
"cembio","neg",257.087035035029,256.235625741009
"cembio","neg",257.636130130124,256.778480473722
"cembio","neg",258.185225225219,257.321083384211
"cembio","neg",258.734320320315,257.863446596745
"cembio","neg",259.28341541541,258.405582235595
"cembio","neg",259.832510510505,258.947502425031
"cembio","neg",260.3816056056,259.489219289323
"cembio","neg",260.930700700695,260.030744952741
"cembio","neg",261.47979579579,260.572091539556
"cembio","neg",262.028890890885,261.113271174038
"cembio","neg",262.57798598598,261.654295980456
"cembio","neg",263.127081081075,262.195178083082
"cembio","neg",263.676176176171,262.735929606184
"cembio","neg",264.225271271266,263.276562674034
"cembio","neg",264.774366366361,263.817089410901
"cembio","neg",265.323461461456,264.357521941056
"cembio","neg",265.872556556551,264.897872388769
"cembio","neg",266.421651651646,265.438152878309
"cembio","neg",266.970746746741,265.978375533948
"cembio","neg",267.519841841836,266.518552479954
"cembio","neg",268.068936936931,267.0586958406
"cembio","neg",268.618032032026,267.598817740153
"cembio","neg",269.167127127122,268.138930302886
"cembio","neg",269.716222222217,268.679045653067
"cembio","neg",270.265317317312,269.219175914967
"cembio","neg",270.814412412407,269.759333212857
"cembio","neg",271.363507507502,270.299529671006
"cembio","neg",271.912602602597,270.839777413684
"cembio","neg",272.461697697692,271.380088565163
"cembio","neg",273.010792792787,271.92047524971
"cembio","neg",273.559887887882,272.460949591598
"cembio","neg",274.108982982978,273.001523715096
"cembio","neg",274.658078078073,273.542209744475
"cembio","neg",275.207173173168,274.083019804003
"cembio","neg",275.756268268263,274.623966017953
"cembio","neg",276.305363363358,275.165060510593
"cembio","neg",276.854458458453,275.706315406194
"cembio","neg",277.403553553548,276.247742829026
"cembio","neg",277.952648648643,276.78935490336
"cembio","neg",278.501743743738,277.331163753465
"cembio","neg",279.050838838833,277.873181503611
"cembio","neg",279.599933933929,278.41542027807
"cembio","neg",280.149029029024,278.95789220111
"cembio","neg",280.698124124119,279.500609397002
"cembio","neg",281.247219219214,280.043583990016
"cembio","neg",281.796314314309,280.586828104423
"cembio","neg",282.345409409404,281.130353864492
"cembio","neg",282.894504504499,281.674171276471
"cembio","neg",283.443599599594,282.218279497424
"cembio","neg",283.992694694689,282.762674219967
"cembio","neg",284.541789789785,283.307351135198
"cembio","neg",285.09088488488,283.852305934217
"cembio","neg",285.639979979975,284.397534308123
"cembio","neg",286.18907507507,284.943031948014
"cembio","neg",286.738170170165,285.488794544989
"cembio","neg",287.28726526526,286.034817790147
"cembio","neg",287.836360360355,286.581097374588
"cembio","neg",288.38545545545,287.12762898941
"cembio","neg",288.934550550545,287.674408325712
"cembio","neg",289.48364564564,288.221431074594
"cembio","neg",290.032740740736,288.768692927153
"cembio","neg",290.581835835831,289.316189574489
"cembio","neg",291.130930930926,289.863916707701
"cembio","neg",291.680026026021,290.411870017888
"cembio","neg",292.229121121116,290.960045196148
"cembio","neg",292.778216216211,291.508437933581
"cembio","neg",293.327311311306,292.057043921286
"cembio","neg",293.876406406401,292.605858850362
"cembio","neg",294.425501501496,293.154878411907
"cembio","neg",294.974596596592,293.70409829702
"cembio","neg",295.523691691687,294.2535141968
"cembio","neg",296.072786786782,294.803121802347
"cembio","neg",296.621881881877,295.352916804759
"cembio","neg",297.170976976972,295.902894895136
"cembio","neg",297.720072072067,296.453051764575
"cembio","neg",298.269167167162,297.003383104176
"cembio","neg",298.818262262257,297.553884605039
"cembio","neg",299.367357357352,298.104551958261
"cembio","neg",299.916452452447,298.655380854942
"cembio","neg",300.465547547543,299.206366986181
"cembio","neg",301.014642642638,299.757506043077
"cembio","neg",301.563737737733,300.308793716728
"cembio","neg",302.112832832828,300.860225698234
"cembio","neg",302.661927927923,301.411797678693
"cembio","neg",303.211023023018,301.963505349205
"cembio","neg",303.760118118113,302.515344400868
"cembio","neg",304.309213213208,303.067310524781
"cembio","neg",304.858308308303,303.619399412044
"cembio","neg",305.407403403399,304.171606753755
"cembio","neg",305.956498498494,304.723928241013
"cembio","neg",306.505593593589,305.276359564917
"cembio","neg",307.054688688684,305.828896416566
"cembio","neg",307.603783783779,306.381534487059
"cembio","neg",308.152878878874,306.934269467495
"cembio","neg",308.701973973969,307.487097048973
"cembio","neg",309.251069069064,308.040012922592
"cembio","neg",309.800164164159,308.59301277945
"cembio","neg",310.349259259254,309.146092310647
"cembio","neg",310.89835435435,309.699247207281
"cembio","neg",311.447449449445,310.252473160452
"cembio","neg",311.99654454454,310.805765861258
"cembio","neg",312.545639639635,311.359121049915
"cembio","neg",313.09473473473,311.912535487544
"cembio","neg",313.643829829825,312.466006899169
"cembio","neg",314.19292492492,313.019533047517
"cembio","neg",314.742020020015,313.573111695315
"cembio","neg",315.29111511511,314.126740605289
"cembio","neg",315.840210210205,314.680417540168
"cembio","neg",316.389305305301,315.234140262679
"cembio","neg",316.938400400396,315.787906535548
"cembio","neg",317.487495495491,316.341714121503
"cembio","neg",318.036590590586,316.895560783271
"cembio","neg",318.585685685681,317.449444283578
"cembio","neg",319.134780780776,318.003362385153
"cembio","neg",319.683875875871,318.557312850722
"cembio","neg",320.232970970966,319.111293443013
"cembio","neg",320.782066066061,319.665301924753
"cembio","neg",321.331161161157,320.219336058668
"cembio","neg",321.880256256252,320.773393607486
"cembio","neg",322.429351351347,321.327472333934
"cembio","neg",322.978446446442,321.88157000074
"cembio","neg",323.527541541537,322.43568437063
"cembio","neg",324.076636636632,322.989813206331
"cembio","neg",324.625731731727,323.543954270572
"cembio","neg",325.174826826822,324.098105326078
"cembio","neg",325.723921921917,324.652264135577
"cembio","neg",326.273017017012,325.206428461797
"cembio","neg",326.822112112108,325.760596067463
"cembio","neg",327.371207207203,326.314764715305
"cembio","neg",327.920302302298,326.868932168048
"cembio","neg",328.469397397393,327.423096188419
"cembio","neg",329.018492492488,327.977254539147
"cembio","neg",329.567587587583,328.531404982958
"cembio","neg",330.116682682678,329.085545282579
"cembio","neg",330.665777777773,329.639673200738
"cembio","neg",331.214872872868,330.193786500161
"cembio","neg",331.763967967964,330.747882943576
"cembio","neg",332.313063063059,331.301960293709
"cembio","neg",332.862158158154,331.856016313289
"cembio","neg",333.411253253249,332.410048765042
"cembio","neg",333.960348348344,332.964055411695
"cembio","neg",334.509443443439,333.518034015976
"cembio","neg",335.058538538534,334.071982340612
"cembio","neg",335.607633633629,334.625898148329
"cembio","neg",336.156728728724,335.179779201855
"cembio","neg",336.70582382382,335.733623263918
"cembio","neg",337.254918918915,336.287428097243
"cembio","neg",337.80401401401,336.84119146456
"cembio","neg",338.353109109105,337.394911128593
"cembio","neg",338.9022042042,337.948584852072
"cembio","neg",339.451299299295,338.502210400411
"cembio","neg",340.00039439439,339.055785841903
"cembio","neg",340.549489489485,339.609309821362
"cembio","neg",341.09858458458,340.162781048235
"cembio","neg",341.647679679675,340.71619823197
"cembio","neg",342.196774774771,341.269560082014
"cembio","neg",342.745869869866,341.822865307815
"cembio","neg",343.294964964961,342.376112618819
"cembio","neg",343.844060060056,342.929300724475
"cembio","neg",344.393155155151,343.482428334229
"cembio","neg",344.942250250246,344.035494157528
"cembio","neg",345.491345345341,344.588496903821
"cembio","neg",346.040440440436,345.141435282554
"cembio","neg",346.589535535531,345.694308003175
"cembio","neg",347.138630630626,346.247113775131
"cembio","neg",347.687725725722,346.79985130787
"cembio","neg",348.236820820817,347.352519310839
"cembio","neg",348.785915915912,347.905116493484
"cembio","neg",349.335011011007,348.457641565255
"cembio","neg",349.884106106102,349.010093235597
"cembio","neg",350.433201201197,349.562470213958
"cembio","neg",350.982296296292,350.114771209786
"cembio","neg",351.531391391387,350.666994932528
"cembio","neg",352.080486486482,351.219140091631
"cembio","neg",352.629581581578,351.771205396542
"cembio","neg",353.178676676673,352.32318955671
"cembio","neg",353.727771771768,352.875091281581
"cembio","neg",354.276866866863,353.426909280602
"cembio","neg",354.825961961958,353.978642263221
"cembio","neg",355.375057057053,354.530288938886
"cembio","neg",355.924152152148,355.081848017044
"cembio","neg",356.473247247243,355.633318207141
"cembio","neg",357.022342342338,356.184698218626
"cembio","neg",357.571437437433,356.735986760945
"cembio","neg",358.120532532529,357.287182543546
"cembio","neg",358.669627627624,357.838284275877
"cembio","neg",359.218722722719,358.389290667385
"cembio","neg",359.767817817814,358.940200427516
"cembio","neg",360.316912912909,359.491012265719
"cembio","neg",360.866008008004,360.041724891441
"cembio","neg",361.415103103099,360.592337014128
"cembio","neg",361.964198198194,361.14284734323
"cembio","neg",362.513293293289,361.693254588192
"cembio","neg",363.062388388385,362.243557458462
"cembio","neg",363.61148348348,362.793754663487
"cembio","neg",364.160578578575,363.343844912715
"cembio","neg",364.70967367367,363.893826915594
"cembio","neg",365.258768768765,364.443700209605
"cembio","neg",365.80786386386,364.993469052302
"cembio","neg",366.356958958955,365.543139371228
"cembio","neg",366.90605405405,366.09271709586
"cembio","neg",367.455149149145,366.642208155677
"cembio","neg",368.004244244241,367.191618480156
"cembio","neg",368.553339339336,367.740953998774
"cembio","neg",369.102434434431,368.29022064101
"cembio","neg",369.651529529526,368.839424336342
"cembio","neg",370.200624624621,369.388571014247
"cembio","neg",370.749719719716,369.937666604203
"cembio","neg",371.298814814811,370.486717035688
"cembio","neg",371.847909909906,371.035728238179
"cembio","neg",372.397005005001,371.584706141156
"cembio","neg",372.946100100096,372.133656674094
"cembio","neg",373.495195195192,372.682585766473
"cembio","neg",374.044290290287,373.231499347769
"cembio","neg",374.593385385382,373.780403347461
"cembio","neg",375.142480480477,374.329303695027
"cembio","neg",375.691575575572,374.878206319944
"cembio","neg",376.240670670667,375.42711715169
"cembio","neg",376.789765765762,375.976042119743
"cembio","neg",377.338860860857,376.524987153581
"cembio","neg",377.887955955952,377.073958182681
"cembio","neg",378.437051051047,377.622961136521
"cembio","neg",378.986146146143,378.17200194458
"cembio","neg",379.535241241238,378.721086536335
"cembio","neg",380.084336336333,379.270220841263
"cembio","neg",380.633431431428,379.819410788843
"cembio","neg",381.182526526523,380.368662308552
"cembio","neg",381.731621621618,380.917981329868
"cembio","neg",382.280716716713,381.467373782269
"cembio","neg",382.829811811808,382.016845595233
"cembio","neg",383.378906906903,382.566402698238
"cembio","neg",383.928002001999,383.116051020761
"cembio","neg",384.477097097094,383.66579649228
"cembio","neg",385.026192192189,384.215645042273
"cembio","neg",385.575287287284,384.765602600217
"cembio","neg",386.124382382379,385.315675095591
"cembio","neg",386.673477477474,385.865868457873
"cembio","neg",387.222572572569,386.416188616539
"cembio","neg",387.771667667664,386.966641501069
"cembio","neg",388.320762762759,387.517233040939
"cembio","neg",388.869857857854,388.067969165628
"cembio","neg",389.41895295295,388.618855776889
"cembio","neg",389.968048048045,389.169894027048
"cembio","neg",390.51714314314,389.721074978551
"cembio","neg",391.066238238235,390.272388403851
"cembio","neg",391.61533333333,390.823824075401
"cembio","neg",392.164428428425,391.375371765654
"cembio","neg",392.71352352352,391.927021247061
"cembio","neg",393.262618618615,392.478762292076
"cembio","neg",393.81171371371,393.030584673151
"cembio","neg",394.360808808806,393.582478162738
"cembio","neg",394.909903903901,394.134432533291
"cembio","neg",395.458998998996,394.686437557261
"cembio","neg",396.008094094091,395.2384830071
"cembio","neg",396.557189189186,395.790558655263
"cembio","neg",397.106284284281,396.3426542742
"cembio","neg",397.655379379376,396.894759636365
"cembio","neg",398.204474474471,397.44686451421
"cembio","neg",398.753569569566,397.998958680187
"cembio","neg",399.302664664662,398.55103190675
"cembio","neg",399.851759759757,399.10307396635
"cembio","neg",400.400854854852,399.65507463144
"cembio","neg",400.949949949947,400.207023674473
"cembio","neg",401.499045045042,400.758910867901
"cembio","neg",402.048140140137,401.310725984177
"cembio","neg",402.597235235232,401.862458795753
"cembio","neg",403.146330330327,402.414099075082
"cembio","neg",403.695425425422,402.965636594616
"cembio","neg",404.244520520517,403.517061126808
"cembio","neg",404.793615615613,404.06836244411
"cembio","neg",405.342710710708,404.619530318975
"cembio","neg",405.891805805803,405.170554523855
"cembio","neg",406.440900900898,405.721424831203
"cembio","neg",406.989995995993,406.272131013471
"cembio","neg",407.539091091088,406.822662843113
"cembio","neg",408.088186186183,407.373010092579
"cembio","neg",408.637281281278,407.923162534324
"cembio","neg",409.186376376373,408.473109940799
"cembio","neg",409.735471471468,409.022842084456
"cembio","neg",410.284566566564,409.57234873775
"cembio","neg",410.833661661659,410.121619673131
"cembio","neg",411.382756756754,410.670644663053
"cembio","neg",411.931851851849,411.219413479967
"cembio","neg",412.480946946944,411.767915896328
"cembio","neg",413.030042042039,412.316141684586
"cembio","neg",413.579137137134,412.86408086211
"cembio","neg",414.128232232229,413.411730657294
"cembio","neg",414.677327327324,413.95909651327
"cembio","neg",415.22642242242,414.506184319892
"cembio","neg",415.775517517515,415.052999967015
"cembio","neg",416.32461261261,415.599549344494
"cembio","neg",416.873707707705,416.145838342184
"cembio","neg",417.4228028028,416.69187284994
"cembio","neg",417.971897897895,417.237658757617
"cembio","neg",418.52099299299,417.783201955071
"cembio","neg",419.070088088085,418.328508332157
"cembio","neg",419.61918318318,418.873583778729
"cembio","neg",420.168278278275,419.418434184642
"cembio","neg",420.717373373371,419.963065439752
"cembio","neg",421.266468468466,420.507483433914
"cembio","neg",421.815563563561,421.051694056983
"cembio","neg",422.364658658656,421.595703198814
"cembio","neg",422.913753753751,422.139516749261
"cembio","neg",423.462848848846,422.68314059818
"cembio","neg",424.011943943941,423.226580635427
"cembio","neg",424.561039039036,423.769842750855
"cembio","neg",425.110134134131,424.312932834321
"cembio","neg",425.659229229227,424.855856775679
"cembio","neg",426.208324324322,425.398620464784
"cembio","neg",426.757419419417,425.941229791492
"cembio","neg",427.306514514512,426.483690645657
"cembio","neg",427.855609609607,427.026008917135
"cembio","neg",428.404704704702,427.56819049578
"cembio","neg",428.953799799797,428.110241271448
"cembio","neg",429.502894894892,428.652167133994
"cembio","neg",430.051989989987,429.193973973272
"cembio","neg",430.601085085083,429.735667679138
"cembio","neg",431.150180180178,430.277254141447
"cembio","neg",431.699275275273,430.818739250054
"cembio","neg",432.248370370368,431.360128894815
"cembio","neg",432.797465465463,431.901428965583
"cembio","neg",433.346560560558,432.442645352214
"cembio","neg",433.895655655653,432.983783944564
"cembio","neg",434.444750750748,433.524850632487
"cembio","neg",434.993845845843,434.065851305839
"cembio","neg",435.542940940938,434.606791854474
"cembio","neg",436.092036036034,435.147678168247
"cembio","neg",436.641131131129,435.688516137014
"cembio","neg",437.190226226224,436.22931165063
"cembio","neg",437.739321321319,436.770070549758
"cembio","neg",438.288416416414,437.310796965528
"cembio","neg",438.837511511509,437.851492918977
"cembio","neg",439.386606606604,438.392160300732
"cembio","neg",439.935701701699,438.932801001415
"cembio","neg",440.484796796794,439.47341691165
"cembio","neg",441.033891891889,440.014009922062
"cembio","neg",441.582986986985,440.554581923274
"cembio","neg",442.13208208208,441.09513480591
"cembio","neg",442.681177177175,441.635670460595
"cembio","neg",443.23027227227,442.176190777951
"cembio","neg",443.779367367365,442.716697648604
"cembio","neg",444.32846246246,443.257192963177
"cembio","neg",444.877557557555,443.797678612294
"cembio","neg",445.42665265265,444.338156486579
"cembio","neg",445.975747747745,444.878628476655
"cembio","neg",446.524842842841,445.419096473148
"cembio","neg",447.073937937936,445.95956236668
"cembio","neg",447.623033033031,446.500028047876
"cembio","neg",448.172128128126,447.040495407359
"cembio","neg",448.721223223221,447.580966335754
"cembio","neg",449.270318318316,448.121442723685
"cembio","neg",449.819413413411,448.661926461775
"cembio","neg",450.368508508506,449.202419440649
"cembio","neg",450.917603603601,449.74292355093
"cembio","neg",451.466698698696,450.283440683242
"cembio","neg",452.015793793792,450.82397272821
"cembio","neg",452.564888888887,451.364521576457
"cembio","neg",453.113983983982,451.905089118607
"cembio","neg",453.663079079077,452.445677245284
"cembio","neg",454.212174174172,452.986287847112
"cembio","neg",454.761269269267,453.526922814715
"cembio","neg",455.310364364362,454.067584038717
"cembio","neg",455.859459459457,454.608273409742
"cembio","neg",456.408554554552,455.148992818414
"cembio","neg",456.957649649648,455.689744155357
"cembio","neg",457.506744744743,456.230529311194
"cembio","neg",458.055839839838,456.77135017655
"cembio","neg",458.604934934933,457.312208642049
"cembio","neg",459.154030030028,457.853106598314
"cembio","neg",459.703125125123,458.394045935969
"cembio","neg",460.252220220218,458.93502854564
"cembio","neg",460.801315315313,459.476056317948
"cembio","neg",461.350410410408,460.017131143519
"cembio","neg",461.899505505503,460.55825496205
"cembio","neg",462.448600600599,461.099430827992
"cembio","neg",462.997695695694,461.640662902856
"cembio","neg",463.546790790789,462.181955395685
"cembio","neg",464.095885885884,462.723312515524
"cembio","neg",464.644980980979,463.264738471418
"cembio","neg",465.194076076074,463.806237472412
"cembio","neg",465.743171171169,464.347813727549
"cembio","neg",466.292266266264,464.889471445875
"cembio","neg",466.841361361359,465.431214836434
"cembio","neg",467.390456456455,465.97304810827
"cembio","neg",467.93955155155,466.514975470429
"cembio","neg",468.488646646645,467.057001131955
"cembio","neg",469.03774174174,467.599129301892
"cembio","neg",469.586836836835,468.141364189285
"cembio","neg",470.13593193193,468.683710003179
"cembio","neg",470.685027027025,469.226170952618
"cembio","neg",471.23412212212,469.768751246646
"cembio","neg",471.783217217215,470.311455094309
"cembio","neg",472.33231231231,470.854286704651
"cembio","neg",472.881407407406,471.397250286717
"cembio","neg",473.430502502501,471.94035004955
"cembio","neg",473.979597597596,472.483590202197
"cembio","neg",474.528692692691,473.0269749537
"cembio","neg",475.077787787786,473.570508513106
"cembio","neg",475.626882882881,474.114195089457
"cembio","neg",476.175977977976,474.6580388918
"cembio","neg",476.725073073071,475.202044129179
"cembio","neg",477.274168168166,475.746215010637
"cembio","neg",477.823263263262,476.290555745221
"cembio","neg",478.372358358357,476.835070541973
"cembio","neg",478.921453453452,477.37976360994
"cembio","neg",479.470548548547,477.924639158165
"cembio","neg",480.019643643642,478.469701395694
"cembio","neg",480.568738738737,479.01495453157
"cembio","neg",481.117833833832,479.560402774838
"cembio","neg",481.666928928927,480.106050334543
"cembio","neg",482.216024024022,480.65190141973
"cembio","neg",482.765119119117,481.197960239443
"cembio","neg",483.314214214213,481.744231002726
"cembio","neg",483.863309309308,482.290717918625
"cembio","neg",484.412404404403,482.837425196183
"cembio","neg",484.961499499498,483.384357044445
"cembio","neg",485.510594594593,483.931517640986
"cembio","neg",486.059689689688,484.47890213282
"cembio","neg",486.608784784783,485.026484214643
"cembio","neg",487.157879879878,485.574234465033
"cembio","neg",487.706974974973,486.122123462567
"cembio","neg",488.256070070069,486.670121785825
"cembio","neg",488.805165165164,487.218200013383
"cembio","neg",489.354260260259,487.766328723821
"cembio","neg",489.903355355354,488.314478495716
"cembio","neg",490.452450450449,488.862619907646
"cembio","neg",491.001545545544,489.41072353819
"cembio","neg",491.550640640639,489.958759965926
"cembio","neg",492.099735735734,490.506699769432
"cembio","neg",492.648830830829,491.054513527286
"cembio","neg",493.197925925924,491.602171818065
"cembio","neg",493.74702102102,492.14964522035
"cembio","neg",494.296116116115,492.696904312716
"cembio","neg",494.84521121121,493.243919673743
"cembio","neg",495.394306306305,493.790661882008
"cembio","neg",495.9434014014,494.337101516091
"cembio","neg",496.492496496495,494.883209154568
"cembio","neg",497.04159159159,495.428955376018
"cembio","neg",497.590686686685,495.974310759019
"cembio","neg",498.13978178178,496.51924588215
"cembio","neg",498.688876876875,497.063731323987
"cembio","neg",499.237971971971,497.607737663111
"cembio","neg",499.787067067066,498.151235478098
"cembio","neg",500.336162162161,498.694195347527
"cembio","neg",500.885257257256,499.236587849976
"cembio","neg",501.434352352351,499.778383564022
"cembio","neg",501.983447447446,500.319553068245
"cembio","neg",502.532542542541,500.860066941223
"cembio","neg",503.081637637636,501.399895761532
"cembio","neg",503.630732732731,501.939010107752
"cembio","neg",504.179827827827,502.477380558461
"cembio","neg",504.728922922922,503.014977692237
"cembio","neg",505.278018018017,503.551772087658
"cembio","neg",505.827113113112,504.087734323301
"cembio","neg",506.376208208207,504.622834977746
"cembio","neg",506.925303303302,505.15704462957
"cembio","neg",507.474398398397,505.690333857352
"cembio","neg",508.023493493492,506.222673239669
"cembio","neg",508.572588588587,506.7540333551
"cembio","neg",509.121683683683,507.284395016872
"cembio","neg",509.670778778778,507.813790979213
"cembio","neg",510.219873873873,508.342270433694
"cembio","neg",510.768968968968,508.869882578366
"cembio","neg",511.318064064063,509.396676611278
"cembio","neg",511.867159159158,509.922701730478
"cembio","neg",512.416254254253,510.448007134016
"cembio","neg",512.965349349348,510.972642019941
"cembio","neg",513.514444444443,511.496655586303
"cembio","neg",514.063539539538,512.020097031149
"cembio","neg",514.612634634634,512.54301555253
"cembio","neg",515.161729729729,513.065460348495
"cembio","neg",515.710824824824,513.587480617092
"cembio","neg",516.259919919919,514.10912555637
"cembio","neg",516.809015015014,514.63044436438
"cembio","neg",517.358110110109,515.151486239169
"cembio","neg",517.907205205204,515.672300378788
"cembio","neg",518.456300300299,516.192935981285
"cembio","neg",519.005395395394,516.713442244709
"cembio","neg",519.55449049049,517.233868367109
"cembio","neg",520.103585585585,517.754263546535
"cembio","neg",520.65268068068,518.274676981036
"cembio","neg",521.201775775775,518.795157868661
"cembio","neg",521.75087087087,519.315755407458
"cembio","neg",522.299965965965,519.836518795477
"cembio","neg",522.84906106106,520.357497230768
"cembio","neg",523.398156156155,520.878739911379
"cembio","neg",523.94725125125,521.400296035359
"cembio","neg",524.496346346345,521.922214800758
"cembio","neg",525.045441441441,522.444545405625
"cembio","neg",525.594536536536,522.967337048008
"cembio","neg",526.143631631631,523.490638925957
"cembio","neg",526.692726726726,524.014500237521
"cembio","neg",527.241821821821,524.53897018075
"cembio","neg",527.790916916916,525.064097953691
"cembio","neg",528.340012012011,525.589932754395
"cembio","neg",528.889107107106,526.11652378091
"cembio","neg",529.438202202201,526.643920231286
"cembio","neg",529.987297297296,527.172171303572
"cembio","neg",530.536392392392,527.701326195817
"cembio","neg",531.085487487487,528.231434106069
"cembio","neg",531.634582582582,528.762544232379
"cembio","neg",532.183677677677,529.294705772795
"cembio","neg",532.732772772772,529.8279650418
"cembio","neg",533.281867867867,530.362321698318
"cembio","neg",533.830962962962,530.897737602027
"cembio","neg",534.380058058057,531.434173524939
"cembio","neg",534.929153153152,531.97159023907
"cembio","neg",535.478248248248,532.509948516433
"cembio","neg",536.027343343343,533.049209129042
"cembio","neg",536.576438438438,533.589332848911
"cembio","neg",537.125533533533,534.130280448056
"cembio","neg",537.674628628628,534.672012698488
"cembio","neg",538.223723723723,535.214490372224
"cembio","neg",538.772818818818,535.757674241276
"cembio","neg",539.321913913913,536.301525077659
"cembio","neg",539.871009009008,536.846003653387
"cembio","neg",540.420104104104,537.391070740474
"cembio","neg",540.969199199199,537.936687110934
"cembio","neg",541.518294294294,538.482813536781
"cembio","neg",542.067389389389,539.029410790029
"cembio","neg",542.616484484484,539.576439642693
"cembio","neg",543.165579579579,540.123860866786
"cembio","neg",543.714674674674,540.671635234323
"cembio","neg",544.263769769769,541.219723517317
"cembio","neg",544.812864864864,541.768086487783
"cembio","neg",545.361959959959,542.316684917735
"cembio","neg",545.911055055055,542.865479579186
"cembio","neg",546.46015015015,543.414431244152
"cembio","neg",547.009245245245,543.963500684645
"cembio","neg",547.55834034034,544.512648672681
"cembio","neg",548.107435435435,545.061835980273
"cembio","neg",548.65653053053,545.611023379435
"cembio","neg",549.205625625625,546.160171642181
"cembio","neg",549.75472072072,546.709241540526
"cembio","neg",550.303815815815,547.258193846483
"cembio","neg",550.852910910911,547.806989332067
"cembio","neg",551.402006006006,548.355588769292
"cembio","neg",551.951101101101,548.903952930171
"cembio","neg",552.500196196196,549.452042586719
"cembio","neg",553.049291291291,549.99981851095
"cembio","neg",553.598386386386,550.547241474879
"cembio","neg",554.147481481481,551.094272253142
"cembio","neg",554.696576576576,551.640875888544
"cembio","neg",555.245671671671,552.187030374859
"cembio","neg",555.794766766766,552.732716153082
"cembio","neg",556.343861861862,553.277913664208
"cembio","neg",556.892956956957,553.822603349231
"cembio","neg",557.442052052052,554.366765649146
"cembio","neg",557.991147147147,554.910381004948
"cembio","neg",558.540242242242,555.453429857631
"cembio","neg",559.089337337337,555.99589264819
"cembio","neg",559.638432432432,556.53774981762
"cembio","neg",560.187527527527,557.078981806915
"cembio","neg",560.736622622622,557.619569057071
"cembio","neg",561.285717717717,558.159492009081
"cembio","neg",561.834812812813,558.698731103941
"cembio","neg",562.383907907908,559.237266782644
"cembio","neg",562.933003003003,559.775079486188
"cembio","neg",563.482098098098,560.312149655564
"cembio","neg",564.031193193193,560.848457731769
"cembio","neg",564.580288288288,561.383984155797
"cembio","neg",565.129383383383,561.918709368643
"cembio","neg",565.678478478478,562.452613811301
"cembio","neg",566.227573573573,562.985677924766
"cembio","neg",566.776668668669,563.517882150033
"cembio","neg",567.325763763764,564.049206928097
"cembio","neg",567.874858858859,564.579632699952
"cembio","neg",568.423953953954,565.109139906592
"cembio","neg",568.973049049049,565.637708989014
"cembio","neg",569.522144144144,566.16532038821
"cembio","neg",570.071239239239,566.691954545177
"cembio","neg",570.620334334334,567.217591900908
"cembio","neg",571.169429429429,567.742212896399
"cembio","neg",571.718524524524,568.265797972644
"cembio","neg",572.26761961962,568.788327570638
"cembio","neg",572.816714714715,569.309782131375
"cembio","neg",573.36580980981,569.83014209585
"cembio","neg",573.914904904905,570.349387905059
"cembio","neg",574.464,570.867499999995
"cembio","pos",27.0045,26.914750000005
"cembio","pos",27.5559339339339,27.8660152856652
"cembio","pos",28.1073678678679,28.65288590883
"cembio","pos",28.6588018018018,29.3733632113039
"cembio","pos",29.2102357357357,30.1303122011382
"cembio","pos",29.7616696696697,30.921870128659
"cembio","pos",30.3131036036036,31.6967630095455
"cembio","pos",30.8645375375375,32.4035402618374
"cembio","pos",31.4159714714715,33.0105377718073
"cembio","pos",31.9674054054054,33.5283231573243
"cembio","pos",32.5188393393393,33.9728928635894
"cembio","pos",33.0702732732733,34.3602433358033
"cembio","pos",33.6217072072072,34.7063710191668
"cembio","pos",34.1731411411411,35.0272723588806
"cembio","pos",34.7245750750751,35.3389438001456
"cembio","pos",35.276009009009,35.6573817881625
"cembio","pos",35.8274429429429,35.9985827681321
"cembio","pos",36.3788768768769,36.3785431852552
"cembio","pos",36.9303108108108,36.8132594847325
"cembio","pos",37.4817447447447,37.3187281117649
"cembio","pos",38.0331786786787,37.9109455115532
"cembio","pos",38.5846126126126,38.6059003213623
"cembio","pos",39.1360465465465,39.4115734371242
"cembio","pos",39.6874804804805,40.3128312237581
"cembio","pos",40.2389144144144,41.2903941590036
"cembio","pos",40.7903483483483,42.3249827206003
"cembio","pos",41.3417822822823,43.3973173862876
"cembio","pos",41.8932162162162,44.4881186338052
"cembio","pos",42.4446501501502,45.5781069408926
"cembio","pos",42.9960840840841,46.6480027852894
"cembio","pos",43.547518018018,47.6785266447351
"cembio","pos",44.098951951952,48.6530183597797
"cembio","pos",44.6503858858859,49.5691303054669
"cembio","pos",45.2018198198198,50.4293788798061
"cembio","pos",45.7532537537538,51.2362844898061
"cembio","pos",46.3046876876877,51.9923675424759
"cembio","pos",46.8561216216216,52.7001484448244
"cembio","pos",47.4075555555556,53.3621476038606
"cembio","pos",47.9589894894895,53.9808854265935
"cembio","pos",48.5104234234234,54.5588823200321
"cembio","pos",49.0618573573574,55.0986586911851
"cembio","pos",49.6132912912913,55.6027349470618
"cembio","pos",50.1647252252252,56.0736314946708
"cembio","pos",50.7161591591592,56.5138687410214
"cembio","pos",51.2675930930931,56.9259670931223
"cembio","pos",51.819027027027,57.3124469579825
"cembio","pos",52.370460960961,57.675828742611
"cembio","pos",52.9218948948949,58.0186328540168
"cembio","pos",53.4733288288288,58.3433796992088
"cembio","pos",54.0247627627628,58.6525896851959
"cembio","pos",54.5761966966967,58.9487832189871
"cembio","pos",55.1276306306306,59.2344807075914
"cembio","pos",55.6790645645646,59.5122025580177
"cembio","pos",56.2304984984985,59.7844691772749
"cembio","pos",56.7819324324324,60.0538009723721
"cembio","pos",57.3333663663664,60.3227183503182
"cembio","pos",57.8848003003003,60.5937417181221
"cembio","pos",58.4362342342342,60.8693914827927
"cembio","pos",58.9876681681682,61.1521880513391
"cembio","pos",59.5391021021021,61.4446510502572
"cembio","pos",60.090536036036,61.7486668411716
"cembio","pos",60.64196996997,62.0643460246067
"cembio","pos",61.1934039039039,62.3914902777908
"cembio","pos",61.7448378378378,62.7299012779523
"cembio","pos",62.2962717717718,63.0793807023195
"cembio","pos",62.8477057057057,63.4397302281208
"cembio","pos",63.3991396396396,63.8107515325844
"cembio","pos",63.9505735735736,64.1922462929387
"cembio","pos",64.5020075075075,64.584016186412
"cembio","pos",65.0534414414414,64.9858628902326
"cembio","pos",65.6048753753754,65.3975880816289
"cembio","pos",66.1563093093093,65.8189934378293
"cembio","pos",66.7077432432432,66.249880636062
"cembio","pos",67.2591771771772,66.6900513535553
"cembio","pos",67.8106111111111,67.1393072675376
"cembio","pos",68.3620450450451,67.5974500552373
"cembio","pos",68.913478978979,68.0642813938826
"cembio","pos",69.4649129129129,68.5396029607019
"cembio","pos",70.0163468468468,69.0232164329235
"cembio","pos",70.5677807807808,69.5149234877758
"cembio","pos",71.1192147147147,70.014525802487
"cembio","pos",71.6706486486486,70.5218250542856
"cembio","pos",72.2220825825826,71.0366229203998
"cembio","pos",72.7735165165165,71.5587210780579
"cembio","pos",73.3249504504504,72.0879212044883
"cembio","pos",73.8763843843844,72.6240249769194
"cembio","pos",74.4278183183183,73.1668340725794
"cembio","pos",74.9792522522523,73.7161501686967
"cembio","pos",75.5306861861862,74.2717749424996
"cembio","pos",76.0821201201201,74.8335100712164
"cembio","pos",76.6335540540541,75.4011572320755
"cembio","pos",77.184987987988,75.9745181023052
"cembio","pos",77.7364219219219,76.5533943591339
"cembio","pos",78.2878558558559,77.1375876797898
"cembio","pos",78.8392897897898,77.7268997415012
"cembio","pos",79.3907237237237,78.3211322214966
"cembio","pos",79.9421576576576,78.9200867970043
"cembio","pos",80.4935915915916,79.5235651452525
"cembio","pos",81.0450255255255,80.1313689434697
"cembio","pos",81.5964594594595,80.743299868884
"cembio","pos",82.1478933933934,81.359159598724
"cembio","pos",82.6993273273273,81.9787498102178
"cembio","pos",83.2507612612613,82.6018721805939
"cembio","pos",83.8021951951952,83.2283283870805
"cembio","pos",84.3536291291291,83.857920106906
"cembio","pos",84.9050630630631,84.4904490172987
"cembio","pos",85.456496996997,85.125716795487
"cembio","pos",86.0079309309309,85.7635251186991
"cembio","pos",86.5593648648649,86.4036756641634
"cembio","pos",87.1107987987988,87.0459701091083
"cembio","pos",87.6622327327327,87.690210130762
"cembio","pos",88.2136666666667,88.336197406353
"cembio","pos",88.7651006006006,88.9837336131094
"cembio","pos",89.3165345345345,89.6326204282597
"cembio","pos",89.8679684684685,90.2826595290322
"cembio","pos",90.4194024024024,90.9336525926552
"cembio","pos",90.9708363363363,91.585401296357
"cembio","pos",91.5222702702703,92.237707317366
"cembio","pos",92.0737042042042,92.8903723329105
"cembio","pos",92.6251381381381,93.5431980202188
"cembio","pos",93.1765720720721,94.1959860565193
"cembio","pos",93.728006006006,94.8485381190403
"cembio","pos",94.2794399399399,95.5006558850101
"cembio","pos",94.8308738738739,96.152141031657
"cembio","pos",95.3823078078078,96.8027952362094
"cembio","pos",95.9337417417417,97.4524201758956
"cembio","pos",96.4851756756757,98.100817527944
"cembio","pos",97.0366096096096,98.7477889695828
"cembio","pos",97.5880435435435,99.3931361780405
"cembio","pos",98.1394774774775,100.036660830545
"cembio","pos",98.6909114114114,100.678164604325
"cembio","pos",99.2423453453453,101.317449176609
"cembio","pos",99.7937792792793,101.954316224626
"cembio","pos",100.345213213213,102.588567425602
"cembio","pos",100.896647147147,103.220004456767
"cembio","pos",101.448081081081,103.84842899535
"cembio","pos",101.999515015015,104.473642718578
"cembio","pos",102.550948948949,105.095447303679
"cembio","pos",103.102382882883,105.713644427883
"cembio","pos",103.653816816817,106.328035768417
"cembio","pos",104.205250750751,106.93842300251
"cembio","pos",104.756684684685,107.54460780739
"cembio","pos",105.308118618619,108.146391860285
"cembio","pos",105.859552552553,108.743576838424
"cembio","pos",106.410986486486,109.335964419036
"cembio","pos",106.96242042042,109.923356279347
"cembio","pos",107.513854354354,110.505554096587
"cembio","pos",108.065288288288,111.082359547985
"cembio","pos",108.616722222222,111.653574310768
"cembio","pos",109.168156156156,112.219000062164
"cembio","pos",109.71959009009,112.778438479403
"cembio","pos",110.271024024024,113.331691239711
"cembio","pos",110.822457957958,113.878560020319
"cembio","pos",111.373891891892,114.418846498454
"cembio","pos",111.925325825826,114.952352351344
"cembio","pos",112.47675975976,115.478879256217
"cembio","pos",113.028193693694,115.998228890303
"cembio","pos",113.579627627628,116.510202930829
"cembio","pos",114.131061561562,117.014603055024
"cembio","pos",114.682495495495,117.511230940116
"cembio","pos",115.233929429429,117.999888263333
"cembio","pos",115.785363363363,118.480376701904
"cembio","pos",116.336797297297,118.952497933056
"cembio","pos",116.888231231231,119.41605363402
"cembio","pos",117.439665165165,119.870845482021
"cembio","pos",117.991099099099,120.31667515429
"cembio","pos",118.542533033033,120.753344328054
"cembio","pos",119.093966966967,121.180654680542
"cembio","pos",119.645400900901,121.598407888982
"cembio","pos",120.196834834835,122.006405630602
"cembio","pos",120.748268768769,122.40444958263
"cembio","pos",121.299702702703,122.792341422296
"cembio","pos",121.851136636637,123.169882826827
"cembio","pos",122.402570570571,123.536875473451
"cembio","pos",122.954004504504,123.893121039398
"cembio","pos",123.505438438438,124.238421201895
"cembio","pos",124.056872372372,124.57257763817
"cembio","pos",124.608306306306,124.895392025453
"cembio","pos",125.15974024024,125.20666604097
"cembio","pos",125.711174174174,125.506201361952
"cembio","pos",126.262608108108,125.793799665625
"cembio","pos",126.814042042042,126.069262629218
"cembio","pos",127.365475975976,126.33239192996
"cembio","pos",127.91690990991,126.582989245079
"cembio","pos",128.468343843844,126.820856251804
"cembio","pos",129.019777777778,127.045794627361
"cembio","pos",129.571211711712,127.257606048981
"cembio","pos",130.122645645646,127.456101557009
"cembio","pos",130.67407957958,127.641754674486
"cembio","pos",131.225513513514,127.816128282999
"cembio","pos",131.776947447447,127.980886679508
"cembio","pos",132.328381381381,128.137694160974
"cembio","pos",132.879815315315,128.288215024357
"cembio","pos",133.431249249249,128.434113566616
"cembio","pos",133.982683183183,128.577054084713
"cembio","pos",134.534117117117,128.718700875607
"cembio","pos",135.085551051051,128.860718236259
"cembio","pos",135.636984984985,129.004770463628
"cembio","pos",136.188418918919,129.152521854675
"cembio","pos",136.739852852853,129.305636706359
"cembio","pos",137.291286786787,129.465779315642
"cembio","pos",137.842720720721,129.634613979482
"cembio","pos",138.394154654655,129.813804994841
"cembio","pos",138.945588588589,130.004972975706
"cembio","pos",139.497022522523,130.208843250833
"cembio","pos",140.048456456456,130.425302739004
"cembio","pos",140.59989039039,130.654206066449
"cembio","pos",141.151324324324,130.895407859395
"cembio","pos",141.702758258258,131.148762744071
"cembio","pos",142.254192192192,131.414125346703
"cembio","pos",142.805626126126,131.691350293521
"cembio","pos",143.35706006006,131.980292210752
"cembio","pos",143.908493993994,132.280805724623
"cembio","pos",144.459927927928,132.592745461364
"cembio","pos",145.011361861862,132.915966047202
"cembio","pos",145.562795795796,133.250322108365
"cembio","pos",146.11422972973,133.595668271081
"cembio","pos",146.665663663664,133.951859161578
"cembio","pos",147.217097597598,134.318749406084
"cembio","pos",147.768531531532,134.696193630827
"cembio","pos",148.319965465465,135.084046462035
"cembio","pos",148.871399399399,135.482162525935
"cembio","pos",149.422833333333,135.890396448756
"cembio","pos",149.974267267267,136.308602856727
"cembio","pos",150.525701201201,136.736636376073
"cembio","pos",151.077135135135,137.174351633025
"cembio","pos",151.628569069069,137.62160325381
"cembio","pos",152.180003003003,138.078245864655
"cembio","pos",152.731436936937,138.544134091788
"cembio","pos",153.282870870871,139.019122561439
"cembio","pos",153.834304804805,139.503065899834
"cembio","pos",154.385738738739,139.995818733201
"cembio","pos",154.937172672673,140.497235687769
"cembio","pos",155.488606606607,141.007171389766
"cembio","pos",156.040040540541,141.525480465419
"cembio","pos",156.591474474474,142.052017540957
"cembio","pos",157.142908408408,142.586637242607
"cembio","pos",157.694342342342,143.129194196598
"cembio","pos",158.245776276276,143.679543029157
"cembio","pos",158.79721021021,144.237538366512
"cembio","pos",159.348644144144,144.803034834892
"cembio","pos",159.900078078078,145.375887060524
"cembio","pos",160.451512012012,145.955949669636
"cembio","pos",161.002945945946,146.543077288457
"cembio","pos",161.55437987988,147.137124543213
"cembio","pos",162.105813813814,147.737946060134
"cembio","pos",162.657247747748,148.345396465448
"cembio","pos",163.208681681682,148.959330385381
"cembio","pos",163.760115615616,149.579602446163
"cembio","pos",164.31154954955,150.20606727402
"cembio","pos",164.862983483483,150.838579495182
"cembio","pos",165.414417417417,151.476993735876
"cembio","pos",165.965851351351,152.121164622329
"cembio","pos",166.517285285285,152.770946780771
"cembio","pos",167.068719219219,153.426194837429
"cembio","pos",167.620153153153,154.086763418531
"cembio","pos",168.171587087087,154.752507150304
"cembio","pos",168.723021021021,155.423280658978
"cembio","pos",169.274454954955,156.098938570779
"cembio","pos",169.825888888889,156.779335511936
"cembio","pos",170.377322822823,157.464326108677
"cembio","pos",170.928756756757,158.15376498723
"cembio","pos",171.480190690691,158.847506773823
"cembio","pos",172.031624624625,159.545406094683
"cembio","pos",172.583058558559,160.247317576039
"cembio","pos",173.134492492492,160.953095844119
"cembio","pos",173.685926426426,161.66259552515
"cembio","pos",174.23736036036,162.375671245361
"cembio","pos",174.788794294294,163.09217763098
"cembio","pos",175.340228228228,163.811969308234
"cembio","pos",175.891662162162,164.534900903352
"cembio","pos",176.443096096096,165.260827042561
"cembio","pos",176.99453003003,165.98960235209
"cembio","pos",177.545963963964,166.721081458166
"cembio","pos",178.097397897898,167.455118987018
"cembio","pos",178.648831831832,168.191569564873
"cembio","pos",179.200265765766,168.930287817959
"cembio","pos",179.7516996997,169.671128372505
"cembio","pos",180.303133633634,170.413945854738
"cembio","pos",180.854567567568,171.158594890886
"cembio","pos",181.406001501501,171.904930107178
"cembio","pos",181.957435435435,172.652806129841
"cembio","pos",182.508869369369,173.402077585103
"cembio","pos",183.060303303303,174.152599099193
"cembio","pos",183.611737237237,174.904225298337
"cembio","pos",184.163171171171,175.656810808765
"cembio","pos",184.714605105105,176.410210256704
"cembio","pos",185.266039039039,177.164278268382
"cembio","pos",185.817472972973,177.918869470027
"cembio","pos",186.368906906907,178.673838487867
"cembio","pos",186.920340840841,179.42903994813
"cembio","pos",187.471774774775,180.184328477044
"cembio","pos",188.023208708709,180.939558700837
"cembio","pos",188.574642642643,181.694585245737
"cembio","pos",189.126076576577,182.449262737972
"cembio","pos",189.677510510511,183.203445803769
"cembio","pos",190.228944444444,183.956989069358
"cembio","pos",190.780378378378,184.709747160965
"cembio","pos",191.331812312312,185.46157470482
"cembio","pos",191.883246246246,186.212326327149
"cembio","pos",192.43468018018,186.96185665418
"cembio","pos",192.986114114114,187.710020312143
"cembio","pos",193.537548048048,188.456671927264
"cembio","pos",194.088981981982,189.201666125772
"cembio","pos",194.640415915916,189.944857533894
"cembio","pos",195.19184984985,190.686100777859
"cembio","pos",195.743283783784,191.425250483895
"cembio","pos",196.294717717718,192.162161278229
"cembio","pos",196.846151651652,192.89668778709
"cembio","pos",197.397585585586,193.628684636705
"cembio","pos",197.94901951952,194.358006453303
"cembio","pos",198.500453453453,195.084507863111
"cembio","pos",199.051887387387,195.808043492358
"cembio","pos",199.603321321321,196.528467967271
"cembio","pos",200.154755255255,197.245635914078
"cembio","pos",200.706189189189,197.959401959008
"cembio","pos",201.257623123123,198.669620728288
"cembio","pos",201.809057057057,199.376146848146
"cembio","pos",202.360490990991,200.078834944811
"cembio","pos",202.911924924925,200.77753964451
"cembio","pos",203.463358858859,201.472115573471
"cembio","pos",204.014792792793,202.162417357922
"cembio","pos",204.566226726727,202.848299624091
"cembio","pos",205.117660660661,203.529616998207
"cembio","pos",205.669094594595,204.206224106497
"cembio","pos",206.220528528529,204.877975575188
"cembio","pos",206.771962462462,205.54472603051
"cembio","pos",207.323396396396,206.206342293386
"cembio","pos",207.87483033033,206.862825933565
"cembio","pos",208.426264264264,207.514262236654
"cembio","pos",208.977698198198,208.160737745788
"cembio","pos",209.529132132132,208.802339004102
"cembio","pos",210.080566066066,209.439152554727
"cembio","pos",210.632,210.071264940799
"cembio","pos",211.183433933934,210.698762705451
"cembio","pos",211.734867867868,211.321732391818
"cembio","pos",212.286301801802,211.940260543031
"cembio","pos",212.837735735736,212.554433702227
"cembio","pos",213.38916966967,213.164338412538
"cembio","pos",213.940603603604,213.770061217098
"cembio","pos",214.492037537538,214.371688659041
"cembio","pos",215.043471471471,214.9693072815
"cembio","pos",215.594905405405,215.563003627611
"cembio","pos",216.146339339339,216.152864240505
"cembio","pos",216.697773273273,216.738975663318
"cembio","pos",217.249207207207,217.321424439183
"cembio","pos",217.800641141141,217.900297111233
"cembio","pos",218.352075075075,218.475680222604
"cembio","pos",218.903509009009,219.047660316427
"cembio","pos",219.454942942943,219.616323935838
"cembio","pos",220.006376876877,220.18175762397
"cembio","pos",220.557810810811,220.744047923956
"cembio","pos",221.109244744745,221.303281378931
"cembio","pos",221.660678678679,221.859544532029
"cembio","pos",222.212112612613,222.412923926383
"cembio","pos",222.763546546547,222.963506105126
"cembio","pos",223.31498048048,223.511377611394
"cembio","pos",223.866414414414,224.056624988319
"cembio","pos",224.417848348348,224.599334779036
"cembio","pos",224.969282282282,225.139593526677
"cembio","pos",225.520716216216,225.677487774378
"cembio","pos",226.07215015015,226.213104065272
"cembio","pos",226.623584084084,226.746528942492
"cembio","pos",227.175018018018,227.277848949173
"cembio","pos",227.726451951952,227.807150628447
"cembio","pos",228.277885885886,228.33452052345
"cembio","pos",228.82931981982,228.860045177315
"cembio","pos",229.380753753754,229.383811133175
"cembio","pos",229.932187687688,229.905904934165
"cembio","pos",230.483621621622,230.426413123418
"cembio","pos",231.035055555556,230.945422244068
"cembio","pos",231.586489489489,231.463018839249
"cembio","pos",232.137923423423,231.979289452095
"cembio","pos",232.689357357357,232.494320625739
"cembio","pos",233.240791291291,233.008198903315
"cembio","pos",233.792225225225,233.521010827958
"cembio","pos",234.343659159159,234.0328429428
"cembio","pos",234.895093093093,234.543781790976
"cembio","pos",235.446527027027,235.053913915619
"cembio","pos",235.997960960961,235.563325859863
"cembio","pos",236.549394894895,236.072104166843
"cembio","pos",237.100828828829,236.580335379692
"cembio","pos",237.652262762763,237.088106041543
"cembio","pos",238.203696696697,237.59550269553
"cembio","pos",238.755130630631,238.102611884788
"cembio","pos",239.306564564565,238.60952015245
"cembio","pos",239.857998498498,239.11631404165
"cembio","pos",240.409432432432,239.623080095522
"cembio","pos",240.960866366366,240.129904857199
"cembio","pos",241.5123003003,240.636874869815
"cembio","pos",242.063734234234,241.144076676504
"cembio","pos",242.615168168168,241.651596820401
"cembio","pos",243.166602102102,242.159521844638
"cembio","pos",243.718036036036,242.667938292349
"cembio","pos",244.26946996997,243.176932706669
"cembio","pos",244.820903903904,243.686591630731
"cembio","pos",245.372337837838,244.197001607669
"cembio","pos",245.923771771772,244.708249180616
"cembio","pos",246.475205705706,245.220420892707
"cembio","pos",247.02663963964,245.733603287076
"cembio","pos",247.578073573574,246.247882906855
"cembio","pos",248.129507507507,246.76334629518
"cembio","pos",248.680941441441,247.280079995183
"cembio","pos",249.232375375375,247.798170549998
"cembio","pos",249.783809309309,248.31770450276
"cembio","pos",250.335243243243,248.838768396602
"cembio","pos",250.886677177177,249.361447717438
"cembio","pos",251.438111111111,249.885778881695
"cembio","pos",251.989545045045,250.41172952561
"cembio","pos",252.540978978979,250.939262144605
"cembio","pos",253.092412912913,251.468339234104
"cembio","pos",253.643846846847,251.99892328953
"cembio","pos",254.195280780781,252.530976806306
"cembio","pos",254.746714714715,253.064462279855
"cembio","pos",255.298148648649,253.599342205601
"cembio","pos",255.849582582583,254.135579078967
"cembio","pos",256.401016516517,254.673135395376
"cembio","pos",256.95245045045,255.211973650251
"cembio","pos",257.503884384384,255.752056339016
"cembio","pos",258.055318318318,256.293345957094
"cembio","pos",258.606752252252,256.835804999907
"cembio","pos",259.158186186186,257.37939596288
"cembio","pos",259.70962012012,257.924081341434
"cembio","pos",260.261054054054,258.469823630995
"cembio","pos",260.812487987988,259.016585326984
"cembio","pos",261.363921921922,259.564328924825
"cembio","pos",261.915355855856,260.113016919941
"cembio","pos",262.46678978979,260.662611807756
"cembio","pos",263.018223723724,261.213076083692
"cembio","pos",263.569657657658,261.764372243173
"cembio","pos",264.121091591592,262.316462781622
"cembio","pos",264.672525525525,262.869310194462
"cembio","pos",265.223959459459,263.422876977116
"cembio","pos",265.775393393393,263.977125625008
"cembio","pos",266.326827327327,264.532018633561
"cembio","pos",266.878261261261,265.087518498198
"cembio","pos",267.429695195195,265.643587714343
"cembio","pos",267.981129129129,266.200188777418
"cembio","pos",268.532563063063,266.757284182846
"cembio","pos",269.083996996997,267.314836426051
"cembio","pos",269.635430930931,267.872808002457
"cembio","pos",270.186864864865,268.431161407485
"cembio","pos",270.738298798799,268.989859136561
"cembio","pos",271.289732732733,269.548863685106
"cembio","pos",271.841166666667,270.108137548543
"cembio","pos",272.392600600601,270.667643222297
"cembio","pos",272.944034534535,271.227343201791
"cembio","pos",273.495468468468,271.787199982447
"cembio","pos",274.046902402402,272.347176059688
"cembio","pos",274.598336336336,272.907233928939
"cembio","pos",275.14977027027,273.467336085622
"cembio","pos",275.701204204204,274.02744502516
"cembio","pos",276.252638138138,274.587523242977
"cembio","pos",276.804072072072,275.147533234496
"cembio","pos",277.355506006006,275.70743749514
"cembio","pos",277.90693993994,276.267198520331
"cembio","pos",278.458373873874,276.826778805495
"cembio","pos",279.009807807808,277.386140846053
"cembio","pos",279.561241741742,277.945247137429
"cembio","pos",280.112675675676,278.504060175046
"cembio","pos",280.66410960961,279.062542454327
"cembio","pos",281.215543543544,279.620656470696
"cembio","pos",281.766977477477,280.178364719575
"cembio","pos",282.318411411411,280.735629696389
"cembio","pos",282.869845345345,281.292413896559
"cembio","pos",283.421279279279,281.84867981551
"cembio","pos",283.972713213213,282.404389948664
"cembio","pos",284.524147147147,282.959506791445
"cembio","pos",285.075581081081,283.513992839276
"cembio","pos",285.627015015015,284.067815309585
"cembio","pos",286.178448948949,284.620978893457
"cembio","pos",286.729882882883,285.173506141148
"cembio","pos",287.281316816817,285.725419712631
"cembio","pos",287.832750750751,286.276742267874
"cembio","pos",288.384184684685,286.827496466849
"cembio","pos",288.935618618619,287.377704969525
"cembio","pos",289.487052552553,287.927390435874
"cembio","pos",290.038486486486,288.476575525865
"cembio","pos",290.58992042042,289.025282899468
"cembio","pos",291.141354354354,289.573535216655
"cembio","pos",291.692788288288,290.121355137395
"cembio","pos",292.244222222222,290.668765321658
"cembio","pos",292.795656156156,291.215788429415
"cembio","pos",293.34709009009,291.762447120636
"cembio","pos",293.898524024024,292.308764055292
"cembio","pos",294.449957957958,292.854761893353
"cembio","pos",295.001391891892,293.400463294789
"cembio","pos",295.552825825826,293.94589091957
"cembio","pos",296.10425975976,294.491067427667
"cembio","pos",296.655693693694,295.03601547905
"cembio","pos",297.207127627628,295.58075773369
"cembio","pos",297.758561561562,296.125316851556
"cembio","pos",298.309995495496,296.66971549262
"cembio","pos",298.861429429429,297.21397631685
"cembio","pos",299.412863363363,297.758121984218
"cembio","pos",299.964297297297,298.302175154695
"cembio","pos",300.515731231231,298.846158488249
"cembio","pos",301.067165165165,299.390094644852
"cembio","pos",301.618599099099,299.934006284474
"cembio","pos",302.170033033033,300.477916067085
"cembio","pos",302.721466966967,301.021846652656
"cembio","pos",303.272900900901,301.565820701156
"cembio","pos",303.824334834835,302.109860872557
"cembio","pos",304.375768768769,302.653989826828
"cembio","pos",304.927202702703,303.19823022394
"cembio","pos",305.478636636637,303.742604723863
"cembio","pos",306.030070570571,304.287135986567
"cembio","pos",306.581504504504,304.831846672024
"cembio","pos",307.132938438438,305.376759440202
"cembio","pos",307.684372372372,305.921896951072
"cembio","pos",308.235806306306,306.467281864605
"cembio","pos",308.78724024024,307.012936840771
"cembio","pos",309.338674174174,307.55888453954
"cembio","pos",309.890108108108,308.105147620883
"cembio","pos",310.441542042042,308.65174874477
"cembio","pos",310.992975975976,309.198710571171
"cembio","pos",311.54440990991,309.746055760057
"cembio","pos",312.095843843844,310.293806971397
"cembio","pos",312.647277777778,310.841986865163
"cembio","pos",313.198711711712,311.390618101324
"cembio","pos",313.750145645646,311.93972333985
"cembio","pos",314.30157957958,312.489325240713
"cembio","pos",314.853013513514,313.039446463883
"cembio","pos",315.404447447447,313.590109640669
"cembio","pos",315.955881381381,314.141327126008
"cembio","pos",316.507315315315,314.693085828159
"cembio","pos",317.058749249249,315.24536878471
"cembio","pos",317.610183183183,315.798159033251
"cembio","pos",318.161617117117,316.351439611372
"cembio","pos",318.713051051051,316.905193556663
"cembio","pos",319.264484984985,317.459403906714
"cembio","pos",319.815918918919,318.014053699114
"cembio","pos",320.367352852853,318.569125971454
"cembio","pos",320.918786786787,319.124603761323
"cembio","pos",321.470220720721,319.680470106311
"cembio","pos",322.021654654655,320.236708044008
"cembio","pos",322.573088588589,320.793300612004
"cembio","pos",323.124522522523,321.350230847889
"cembio","pos",323.675956456456,321.907481789251
"cembio","pos",324.22739039039,322.465036473682
"cembio","pos",324.778824324324,323.022877938771
"cembio","pos",325.330258258258,323.580989222108
"cembio","pos",325.881692192192,324.139353361282
"cembio","pos",326.433126126126,324.697953393884
"cembio","pos",326.98456006006,325.256772357504
"cembio","pos",327.535993993994,325.81579328973
"cembio","pos",328.087427927928,326.374999228154
"cembio","pos",328.638861861862,326.934373210364
"cembio","pos",329.190295795796,327.493898273951
"cembio","pos",329.74172972973,328.053557456505
"cembio","pos",330.293163663664,328.613333795614
"cembio","pos",330.844597597598,329.17321032887
"cembio","pos",331.396031531532,329.733170093862
"cembio","pos",331.947465465465,330.29319612818
"cembio","pos",332.498899399399,330.853271469413
"cembio","pos",333.050333333333,331.413379155152
"cembio","pos",333.601767267267,331.973502222986
"cembio","pos",334.153201201201,332.533623710505
"cembio","pos",334.704635135135,333.093726655299
"cembio","pos",335.256069069069,333.653794094958
"cembio","pos",335.807503003003,334.213809067071
"cembio","pos",336.358936936937,334.773754609229
"cembio","pos",336.910370870871,335.333613759021
"cembio","pos",337.461804804805,335.893369554037
"cembio","pos",338.013238738739,336.453005031867
"cembio","pos",338.564672672673,337.012503230101
"cembio","pos",339.116106606607,337.571847186328
"cembio","pos",339.667540540541,338.131019938139
"cembio","pos",340.218974474474,338.690004523123
"cembio","pos",340.770408408408,339.24878397887
"cembio","pos",341.321842342342,339.807341342969
"cembio","pos",341.873276276276,340.365659653012
"cembio","pos",342.42471021021,340.923723253876
"cembio","pos",342.976144144144,341.481530721378
"cembio","pos",343.527578078078,342.039089373637
"cembio","pos",344.079012012012,342.596406655972
"cembio","pos",344.630445945946,343.153490013702
"cembio","pos",345.18187987988,343.710346892142
"cembio","pos",345.733313813814,344.266984736612
"cembio","pos",346.284747747748,344.823410992428
"cembio","pos",346.836181681682,345.379633104909
"cembio","pos",347.387615615616,345.935658519372
"cembio","pos",347.93904954955,346.491494681135
"cembio","pos",348.490483483484,347.047149035516
"cembio","pos",349.041917417417,347.602629027831
"cembio","pos",349.593351351351,348.1579421034
"cembio","pos",350.144785285285,348.713095707539
"cembio","pos",350.696219219219,349.268097285567
"cembio","pos",351.247653153153,349.8229542828
"cembio","pos",351.799087087087,350.377674144558
"cembio","pos",352.350521021021,350.932264316156
"cembio","pos",352.901954954955,351.486732242914
"cembio","pos",353.453388888889,352.041085370149
"cembio","pos",354.004822822823,352.595331143178
"cembio","pos",354.556256756757,353.149477007319
"cembio","pos",355.107690690691,353.70353040789
"cembio","pos",355.659124624625,354.257498790208
"cembio","pos",356.210558558559,354.811389599592
"cembio","pos",356.761992492492,355.365210281358
"cembio","pos",357.313426426426,355.918968280825
"cembio","pos",357.86486036036,356.472671043311
"cembio","pos",358.416294294294,357.026326014132
"cembio","pos",358.967728228228,357.579940638608
"cembio","pos",359.519162162162,358.133522362054
"cembio","pos",360.070596096096,358.68707862979
"cembio","pos",360.62203003003,359.240616887132
"cembio","pos",361.173463963964,359.794144579399
"cembio","pos",361.724897897898,360.347669151908
"cembio","pos",362.276331831832,360.901198049976
"cembio","pos",362.827765765766,361.454738718923
"cembio","pos",363.3791996997,362.008298604064
"cembio","pos",363.930633633634,362.561885150718
"cembio","pos",364.482067567568,363.115505804203
"cembio","pos",365.033501501502,363.669168009837
"cembio","pos",365.584935435435,364.222879212936
"cembio","pos",366.136369369369,364.776646858819
"cembio","pos",366.687803303303,365.330478392803
"cembio","pos",367.239237237237,365.884381260206
"cembio","pos",367.790671171171,366.438362286514
"cembio","pos",368.342105105105,366.99242092551
"cembio","pos",368.893539039039,367.546551794929
"cembio","pos",369.444972972973,368.10074942823
"cembio","pos",369.996406906907,368.655008358873
"cembio","pos",370.547840840841,369.209323120316
"cembio","pos",371.099274774775,369.763688246018
"cembio","pos",371.650708708709,370.318098269439
"cembio","pos",372.202142642643,370.872547724037
"cembio","pos",372.753576576577,371.427031143271
"cembio","pos",373.30501051051,371.9815430606
"cembio","pos",373.856444444444,372.536078009483
"cembio","pos",374.407878378378,373.090630523379
"cembio","pos",374.959312312312,373.645195135747
"cembio","pos",375.510746246246,374.199766380047
"cembio","pos",376.06218018018,374.754338789735
"cembio","pos",376.613614114114,375.308906898273
"cembio","pos",377.165048048048,375.863465239119
"cembio","pos",377.716481981982,376.418008345731
"cembio","pos",378.267915915916,376.972530751569
"cembio","pos",378.81934984985,377.527026990091
"cembio","pos",379.370783783784,378.081491594757
"cembio","pos",379.922217717718,378.635919099026
"cembio","pos",380.473651651652,379.190304036356
"cembio","pos",381.025085585586,379.744640940206
"cembio","pos",381.57651951952,380.298924344036
"cembio","pos",382.127953453453,380.853148781304
"cembio","pos",382.679387387387,381.40730878547
"cembio","pos",383.230821321321,381.961398889991
"cembio","pos",383.782255255255,382.515413628328
"cembio","pos",384.333689189189,383.069347533939
"cembio","pos",384.885123123123,383.623195140283
"cembio","pos",385.436557057057,384.176950980819
"cembio","pos",385.987990990991,384.730609589006
"cembio","pos",386.539424924925,385.284165498303
"cembio","pos",387.090858858859,385.837613242169
"cembio","pos",387.642292792793,386.390947354063
"cembio","pos",388.193726726727,386.944162367444
"cembio","pos",388.745160660661,387.49725281577
"cembio","pos",389.296594594595,388.050213232501
"cembio","pos",389.848028528529,388.603038151095
"cembio","pos",390.399462462462,389.155722105013
"cembio","pos",390.950896396396,389.708259627711
"cembio","pos",391.50233033033,390.260645252651
"cembio","pos",392.053764264264,390.812873610471
"cembio","pos",392.605198198198,391.364941823132
"cembio","pos",393.156632132132,391.916849655109
"cembio","pos",393.708066066066,392.468596998331
"cembio","pos",394.2595,393.020183744728
"cembio","pos",394.810933933934,393.571609786229
"cembio","pos",395.362367867868,394.122875014764
"cembio","pos",395.913801801802,394.673979322262
"cembio","pos",396.465235735736,395.224922600651
"cembio","pos",397.01666966967,395.775704741863
"cembio","pos",397.568103603604,396.326325637825
"cembio","pos",398.119537537538,396.876785180468
"cembio","pos",398.670971471471,397.427083261721
"cembio","pos",399.222405405405,397.977219773514
"cembio","pos",399.773839339339,398.527194607775
"cembio","pos",400.325273273273,399.077007656434
"cembio","pos",400.876707207207,399.62665881142
"cembio","pos",401.428141141141,400.176147964664
"cembio","pos",401.979575075075,400.725475008094
"cembio","pos",402.531009009009,401.274639833639
"cembio","pos",403.082442942943,401.82364233323
"cembio","pos",403.633876876877,402.372482398795
"cembio","pos",404.185310810811,402.921159922264
"cembio","pos",404.736744744745,403.469674795566
"cembio","pos",405.288178678679,404.018026910631
"cembio","pos",405.839612612613,404.566216159388
"cembio","pos",406.391046546547,405.114242433767
"cembio","pos",406.94248048048,405.662105625697
"cembio","pos",407.493914414414,406.209805627107
"cembio","pos",408.045348348348,406.757342329926
"cembio","pos",408.596782282282,407.304715626085
"cembio","pos",409.148216216216,407.851925407512
"cembio","pos",409.69965015015,408.398971566137
"cembio","pos",410.251084084084,408.94585399389
"cembio","pos",410.802518018018,409.492572582699
"cembio","pos",411.353951951952,410.039127224495
"cembio","pos",411.905385885886,410.585517811205
"cembio","pos",412.45681981982,411.131744234761
"cembio","pos",413.008253753754,411.677806387091
"cembio","pos",413.559687687688,412.223704160125
"cembio","pos",414.111121621622,412.769437445792
"cembio","pos",414.662555555556,413.315006136022
"cembio","pos",415.21398948949,413.860410122743
"cembio","pos",415.765423423423,414.405649297886
"cembio","pos",416.316857357357,414.950723595187
"cembio","pos",416.868291291291,415.49563635932
"cembio","pos",417.419725225225,416.040396818797
"cembio","pos",417.971159159159,416.585014785087
"cembio","pos",418.522593093093,417.129500069663
"cembio","pos",419.074027027027,417.673862483995
"cembio","pos",419.625460960961,418.218111839554
"cembio","pos",420.176894894895,418.762257947811
"cembio","pos",420.728328828829,419.306310620237
"cembio","pos",421.279762762763,419.850279668302
"cembio","pos",421.831196696697,420.394174903478
"cembio","pos",422.382630630631,420.938006137236
"cembio","pos",422.934064564565,421.481783181046
"cembio","pos",423.485498498498,422.02551584638
"cembio","pos",424.036932432432,422.569213944708
"cembio","pos",424.588366366366,423.112887287501
"cembio","pos",425.1398003003,423.656545686231
"cembio","pos",425.691234234234,424.200198952367
"cembio","pos",426.242668168168,424.743856897382
"cembio","pos",426.794102102102,425.287529332745
"cembio","pos",427.345536036036,425.831226069929
"cembio","pos",427.89696996997,426.374956920403
"cembio","pos",428.448403903904,426.918731695639
"cembio","pos",428.999837837838,427.462560207107
"cembio","pos",429.551271771772,428.006452266279
"cembio","pos",430.102705705706,428.550417684626
"cembio","pos",430.65413963964,429.094466273617
"cembio","pos",431.205573573574,429.638607844726
"cembio","pos",431.757007507508,430.182852209421
"cembio","pos",432.308441441441,430.727209179175
"cembio","pos",432.859875375375,431.271688565457
"cembio","pos",433.411309309309,431.81630017974
"cembio","pos",433.962743243243,432.361053833493
"cembio","pos",434.514177177177,432.905959338188
"cembio","pos",435.065611111111,433.451026505296
"cembio","pos",435.617045045045,433.996265146288
"cembio","pos",436.168478978979,434.541685072634
"cembio","pos",436.719912912913,435.087296095806
"cembio","pos",437.271346846847,435.633108027274
"cembio","pos",437.822780780781,436.17913067851
"cembio","pos",438.374214714715,436.725373860983
"cembio","pos",438.925648648649,437.271847386166
"cembio","pos",439.477082582583,437.818561065529
"cembio","pos",440.028516516517,438.365524710543
"cembio","pos",440.57995045045,438.912748126292
"cembio","pos",441.131384384384,439.460234665108
"cembio","pos",441.682818318318,440.007969086535
"cembio","pos",442.234252252252,440.555932821518
"cembio","pos",442.785686186186,441.104107300997
"cembio","pos",443.33712012012,441.652473955916
"cembio","pos",443.888554054054,442.201014217218
"cembio","pos",444.439987987988,442.749709515844
"cembio","pos",444.991421921922,443.298541282737
"cembio","pos",445.542855855856,443.84749094884
"cembio","pos",446.09428978979,444.396539945096
"cembio","pos",446.645723723724,444.945669702447
"cembio","pos",447.197157657658,445.494861651835
"cembio","pos",447.748591591592,446.044097224203
"cembio","pos",448.300025525526,446.593357850494
"cembio","pos",448.851459459459,447.14262496165
"cembio","pos",449.402893393393,447.691879988613
"cembio","pos",449.954327327327,448.241104362327
"cembio","pos",450.505761261261,448.790279513733
"cembio","pos",451.057195195195,449.339386873775
"cembio","pos",451.608629129129,449.888407873395
"cembio","pos",452.160063063063,450.437323943535
"cembio","pos",452.711496996997,450.986116515138
"cembio","pos",453.262930930931,451.534767019147
"cembio","pos",453.814364864865,452.083256886503
"cembio","pos",454.365798798799,452.63156754815
"cembio","pos",454.917232732733,453.179680435031
"cembio","pos",455.468666666667,453.727576978087
"cembio","pos",456.020100600601,454.275238608261
"cembio","pos",456.571534534535,454.822646756496
"cembio","pos",457.122968468468,455.369782853734
"cembio","pos",457.674402402402,455.916628330918
"cembio","pos",458.225836336336,456.463164618991
"cembio","pos",458.77727027027,457.009373148894
"cembio","pos",459.328704204204,457.555235351571
"cembio","pos",459.880138138138,458.100732657964
"cembio","pos",460.431572072072,458.645846499016
"cembio","pos",460.983006006006,459.190558305669
"cembio","pos",461.53443993994,459.734849508865
"cembio","pos",462.085873873874,460.278701539548
"cembio","pos",462.637307807808,460.822095828659
"cembio","pos",463.188741741742,461.365013807142
"cembio","pos",463.740175675676,461.907436905938
"cembio","pos",464.29160960961,462.449346580815
"cembio","pos",464.843043543544,462.990734416579
"cembio","pos",465.394477477477,463.531617649298
"cembio","pos",465.945911411411,464.072017514154
"cembio","pos",466.497345345345,464.611955246332
"cembio","pos",467.048779279279,465.151452081014
"cembio","pos",467.600213213213,465.690529253385
"cembio","pos",468.151647147147,466.229207998627
"cembio","pos",468.703081081081,466.767509551925
"cembio","pos",469.254515015015,467.305455148462
"cembio","pos",469.805948948949,467.843066023421
"cembio","pos",470.357382882883,468.380363411986
"cembio","pos",470.908816816817,468.917368549341
"cembio","pos",471.460250750751,469.454102670669
"cembio","pos",472.011684684685,469.990587011154
"cembio","pos",472.563118618619,470.526842805978
"cembio","pos",473.114552552553,471.062891290326
"cembio","pos",473.665986486486,471.598753699382
"cembio","pos",474.21742042042,472.134451268328
"cembio","pos",474.768854354354,472.670005232349
"cembio","pos",475.320288288288,473.205436826627
"cembio","pos",475.871722222222,473.740767286347
"cembio","pos",476.423156156156,474.276017846691
"cembio","pos",476.97459009009,474.811209742844
"cembio","pos",477.526024024024,475.346364209989
"cembio","pos",478.077457957958,475.881502483309
"cembio","pos",478.628891891892,476.416645797989
"cembio","pos",479.180325825826,476.951815389211
"cembio","pos",479.73175975976,477.487032492159
"cembio","pos",480.283193693694,478.022318342016
"cembio","pos",480.834627627628,478.557694173967
"cembio","pos",481.386061561562,479.093181223194
"cembio","pos",481.937495495496,479.628800724882
"cembio","pos",482.488929429429,480.164573914214
"cembio","pos",483.040363363363,480.700522026372
"cembio","pos",483.591797297297,481.236666296542
"cembio","pos",484.143231231231,481.773027959906
"cembio","pos",484.694665165165,482.309628251648
"cembio","pos",485.246099099099,482.846488406951
"cembio","pos",485.797533033033,483.383629660999
"cembio","pos",486.348966966967,483.921073248976
"cembio","pos",486.900400900901,484.458840406064
"cembio","pos",487.451834834835,484.996952367449
"cembio","pos",488.003268768769,485.535430368312
"cembio","pos",488.554702702703,486.074295643838
"cembio","pos",489.106136636637,486.613563439977
"cembio","pos",489.657570570571,487.153222965703
"cembio","pos",490.209004504504,487.693256356363
"cembio","pos",490.760438438438,488.233645747167
"cembio","pos",491.311872372372,488.774373273325
"cembio","pos",491.863306306306,489.315421070044
"cembio","pos",492.41474024024,489.856771272536
"cembio","pos",492.966174174174,490.398406016008
"cembio","pos",493.517608108108,490.940307435669
"cembio","pos",494.069042042042,491.482457666731
"cembio","pos",494.620475975976,492.0248388444
"cembio","pos",495.17190990991,492.567433103887
"cembio","pos",495.723343843844,493.1102225804
"cembio","pos",496.274777777778,493.65318940915
"cembio","pos",496.826211711712,494.196315725345
"cembio","pos",497.377645645646,494.739583664194
"cembio","pos",497.92907957958,495.282975360907
"cembio","pos",498.480513513514,495.826472950692
"cembio","pos",499.031947447447,496.370058568759
"cembio","pos",499.583381381381,496.913714350318
"cembio","pos",500.134815315315,497.457422430577
"cembio","pos",500.686249249249,498.001164944745
"cembio","pos",501.237683183183,498.544924028032
"cembio","pos",501.789117117117,499.088681815648
"cembio","pos",502.340551051051,499.6324204428
"cembio","pos",502.891984984985,500.176122044699
"cembio","pos",503.443418918919,500.719768756553
"cembio","pos",503.994852852853,501.263342713572
"cembio","pos",504.546286786787,501.806826050965
"cembio","pos",505.097720720721,502.350200903941
"cembio","pos",505.649154654655,502.89344940771
"cembio","pos",506.200588588589,503.43655369748
"cembio","pos",506.752022522523,503.979495908461
"cembio","pos",507.303456456456,504.522258175862
"cembio","pos",507.85489039039,505.064822634892
"cembio","pos",508.406324324324,505.60717142076
"cembio","pos",508.957758258258,506.149286668676
"cembio","pos",509.509192192192,506.691150513849
"cembio","pos",510.060626126126,507.232745091488
"cembio","pos",510.61206006006,507.774052536802
"cembio","pos",511.163493993994,508.315054985
"cembio","pos",511.714927927928,508.855734571292
"cembio","pos",512.266361861862,509.396073431365
"cembio","pos",512.817795795796,509.936058732224
"cembio","pos",513.36922972973,510.475695083363
"cembio","pos",513.920663663664,511.014990871567
"cembio","pos",514.472097597598,511.553954483623
"cembio","pos",515.023531531531,512.092594306313
"cembio","pos",515.574965465465,512.630918726424
"cembio","pos",516.126399399399,513.16893613074
"cembio","pos",516.677833333333,513.706654906047
"cembio","pos",517.229267267267,514.244083439129
"cembio","pos",517.780701201201,514.781230116772
"cembio","pos",518.332135135135,515.31810332576
"cembio","pos",518.883569069069,515.854711452879
"cembio","pos",519.435003003003,516.391062884913
"cembio","pos",519.986436936937,516.927166008648
"cembio","pos",520.537870870871,517.463029210868
"cembio","pos",521.089304804805,517.998660878359
"cembio","pos",521.640738738739,518.534069397905
"cembio","pos",522.192172672673,519.069263156292
"cembio","pos",522.743606606607,519.604250540304
"cembio","pos",523.295040540541,520.139039936727
"cembio","pos",523.846474474474,520.673639732346
"cembio","pos",524.397908408408,521.208058313945
"cembio","pos",524.949342342342,521.74230406831
"cembio","pos",525.500776276276,522.276385382226
"cembio","pos",526.05221021021,522.810310642477
"cembio","pos",526.603644144144,523.344088235849
"cembio","pos",527.155078078078,523.877726549127
"cembio","pos",527.706512012012,524.411233969095
"cembio","pos",528.257945945946,524.944618882539
"cembio","pos",528.80937987988,525.477889676244
"cembio","pos",529.360813813814,526.011054736994
"cembio","pos",529.912247747748,526.544122451575
"cembio","pos",530.463681681682,527.077101206772
"cembio","pos",531.015115615616,527.60999938937
"cembio","pos",531.56654954955,528.142825386153
"cembio","pos",532.117983483483,528.675587583907
"cembio","pos",532.669417417417,529.208294369417
"cembio","pos",533.220851351351,529.740954129468
"cembio","pos",533.772285285285,530.273575250845
"cembio","pos",534.323719219219,530.806166120332
"cembio","pos",534.875153153153,531.338735124716
"cembio","pos",535.426587087087,531.871290631619
"cembio","pos",535.978021021021,532.403839742669
"cembio","pos",536.529454954955,532.93638752718
"cembio","pos",537.080888888889,533.468938871199
"cembio","pos",537.632322822823,534.001498660771
"cembio","pos",538.183756756757,534.534071781942
"cembio","pos",538.735190690691,535.066663120758
"cembio","pos",539.286624624625,535.599277563266
"cembio","pos",539.838058558559,536.131919995511
"cembio","pos",540.389492492493,536.664595303539
"cembio","pos",540.940926426426,537.197308373396
"cembio","pos",541.49236036036,537.730064091128
"cembio","pos",542.043794294294,538.262867342782
"cembio","pos",542.595228228228,538.795723014403
"cembio","pos",543.146662162162,539.328635992037
"cembio","pos",543.698096096096,539.86161116173
"cembio","pos",544.24953003003,540.394653409528
"cembio","pos",544.800963963964,540.927767621477
"cembio","pos",545.352397897898,541.460958683623
"cembio","pos",545.903831831832,541.994231482012
"cembio","pos",546.455265765766,542.527590902691
"cembio","pos",547.0066996997,543.061041831704
"cembio","pos",547.558133633634,543.594589155098
"cembio","pos",548.109567567568,544.12823775892
"cembio","pos",548.661001501501,544.661992529214
"cembio","pos",549.212435435435,545.195858352027
"cembio","pos",549.763869369369,545.729840113405
"cembio","pos",550.315303303303,546.263942699394
"cembio","pos",550.866737237237,546.79817099604
"cembio","pos",551.418171171171,547.332529889389
"cembio","pos",551.969605105105,547.867024265487
"cembio","pos",552.521039039039,548.40165901038
"cembio","pos",553.072472972973,548.936439010113
"cembio","pos",553.623906906907,549.471369150734
"cembio","pos",554.175340840841,550.006454318287
"cembio","pos",554.726774774775,550.541699398819
"cembio","pos",555.278208708709,551.077109278375
"cembio","pos",555.829642642643,551.612688843003
"cembio","pos",556.381076576577,552.148442978747
"cembio","pos",556.93251051051,552.684376571654
"cembio","pos",557.483944444444,553.22049450777
"cembio","pos",558.035378378378,553.756801771582
"cembio","pos",558.586812312312,554.293303832203
"cembio","pos",559.138246246246,554.83000630762
"cembio","pos",559.68968018018,555.366914815862
"cembio","pos",560.241114114114,555.904034974957
"cembio","pos",560.792548048048,556.441372402935
"cembio","pos",561.343981981982,556.978932717823
"cembio","pos",561.895415915916,557.516721537652
"cembio","pos",562.44684984985,558.054744480448
"cembio","pos",562.998283783784,558.59300716424
"cembio","pos",563.549717717718,559.131515207059
"cembio","pos",564.101151651652,559.670274226931
"cembio","pos",564.652585585586,560.209289841885
"cembio","pos",565.20401951952,560.748567669951
"cembio","pos",565.755453453453,561.288113329157
"cembio","pos",566.306887387387,561.827932437531
"cembio","pos",566.858321321321,562.368030613103
"cembio","pos",567.409755255255,562.9084134739
"cembio","pos",567.961189189189,563.449086637951
"cembio","pos",568.512623123123,563.990055723285
"cembio","pos",569.064057057057,564.531326347931
"cembio","pos",569.615490990991,565.072904129917
"cembio","pos",570.166924924925,565.614794687272
"cembio","pos",570.718358858859,566.157003638024
"cembio","pos",571.269792792793,566.699536600202
"cembio","pos",571.821226726727,567.242399191835
"cembio","pos",572.372660660661,567.785597030951
"cembio","pos",572.924094594595,568.329135735579
"cembio","pos",573.475528528529,568.873020923748
"cembio","pos",574.026962462463,569.417258213485
"cembio","pos",574.578396396396,569.961853222821
"cembio","pos",575.12983033033,570.506811569783
"cembio","pos",575.681264264264,571.0521388724
"cembio","pos",576.232698198198,571.5978407487
"cembio","pos",576.784132132132,572.143922816713
"cembio","pos",577.335566066066,572.690390694467
"cembio","pos",577.887,573.23724999999
"hmgu","neg",27.15200000001,26.208499999995
"hmgu","neg",27.7113898898999,28.1454202229774
"hmgu","neg",28.2707797797898,28.851149607443
"hmgu","neg",28.8301696696796,29.4510582343016
"hmgu","neg",29.3895595595695,29.9537416410592
"hmgu","neg",29.9489494494594,30.3677953652216
"hmgu","neg",30.5083393393493,30.7018149442949
"hmgu","neg",31.0677292292392,30.964395915785
"hmgu","neg",31.627119119129,31.1641338171979
"hmgu","neg",32.1865090090189,31.3096241860394
"hmgu","neg",32.7458988989088,31.4094625598155
"hmgu","neg",33.3052887887987,31.4722444760322
"hmgu","neg",33.8646786786886,31.5065654721954
"hmgu","neg",34.4240685685784,31.521021085811
"hmgu","neg",34.9834584584683,31.524206854385
"hmgu","neg",35.5428483483582,31.5287513280544
"hmgu","neg",36.1022382382481,31.551497735608
"hmgu","neg",36.661628128138,31.5938051450527
"hmgu","neg",37.2210180180278,31.6560777958407
"hmgu","neg",37.7804079079177,31.7387199274242
"hmgu","neg",38.3397977978076,31.8421357792555
"hmgu","neg",38.8991876876975,31.9667295907868
"hmgu","neg",39.4585775775874,32.1129056014702
"hmgu","neg",40.0179674674772,32.2810680507581
"hmgu","neg",40.5773573573671,32.4716211781027
"hmgu","neg",41.136747247257,32.6849692229561
"hmgu","neg",41.6961371371469,32.9215164247705
"hmgu","neg",42.2555270270368,33.1816670229983
"hmgu","neg",42.8149169169266,33.4658252570916
"hmgu","neg",43.3743068068165,33.7743953665026
"hmgu","neg",43.9336966967064,34.1077815906836
"hmgu","neg",44.4930865865963,34.4663881690868
"hmgu","neg",45.0524764764862,34.8506193411643
"hmgu","neg",45.611866366376,35.2608793463685
"hmgu","neg",46.1712562562659,35.6975724241515
"hmgu","neg",46.7306461461558,36.1611028139656
"hmgu","neg",47.2900360360457,36.651874755263
"hmgu","neg",47.8494259259356,37.1702924874958
"hmgu","neg",48.4088158158254,37.7167602501164
"hmgu","neg",48.9682057057153,38.2916822825769
"hmgu","neg",49.5275955956052,38.8954628243295
"hmgu","neg",50.0869854854951,39.5285061148266
"hmgu","neg",50.646375375385,40.1912163935202
"hmgu","neg",51.2057652652748,40.8839978998626
"hmgu","neg",51.7651551551647,41.6072548733061
"hmgu","neg",52.3245450450546,42.3613915533028
"hmgu","neg",52.8839349349445,43.146812179305
"hmgu","neg",53.4433248248344,43.9639209907649
"hmgu","neg",54.0027147147242,44.8131222271347
"hmgu","neg",54.5621046046141,45.6948201278667
"hmgu","neg",55.121494494504,46.5981428210169
"hmgu","neg",55.6808843843939,47.4924031895436
"hmgu","neg",56.2402742742838,48.3759386457047
"hmgu","neg",56.7996641641736,49.2488575846564
"hmgu","neg",57.3590540540635,50.1112684015551
"hmgu","neg",57.9184439439534,50.9632794915569
"hmgu","neg",58.4778338338433,51.8049992498183
"hmgu","neg",59.0372237237331,52.6365360714954
"hmgu","neg",59.596613613623,53.4579983517446
"hmgu","neg",60.1560035035129,54.2694944857221
"hmgu","neg",60.7153933934028,55.0711328685843
"hmgu","neg",61.2747832832927,55.8630218954873
"hmgu","neg",61.8341731731826,56.6452699615876
"hmgu","neg",62.3935630630724,57.4179854620414
"hmgu","neg",62.9529529529623,58.1812767920049
"hmgu","neg",63.5123428428522,58.9352523466344
"hmgu","neg",64.0717327327421,59.6800205210863
"hmgu","neg",64.6311226226319,60.4156897105168
"hmgu","neg",65.1905125125218,61.1423683100822
"hmgu","neg",65.7499024024117,61.8601647149388
"hmgu","neg",66.3092922923016,62.5691873202429
"hmgu","neg",66.8686821821915,63.2695445211507
"hmgu","neg",67.4280720720814,63.9613447128185
"hmgu","neg",67.9874619619712,64.6446962904027
"hmgu","neg",68.5468518518611,65.3197076490594
"hmgu","neg",69.106241741751,65.9864871839451
"hmgu","neg",69.6656316316409,66.6451432902159
"hmgu","neg",70.2250215215307,67.2957843630282
"hmgu","neg",70.7844114114206,67.9385187975382
"hmgu","neg",71.3438013013105,68.5734549889023
"hmgu","neg",71.9031911912004,69.2007013322766
"hmgu","neg",72.4625810810903,69.8203662228175
"hmgu","neg",73.0219709709801,70.4325580556814
"hmgu","neg",73.58136086087,71.0373852260243
"hmgu","neg",74.1407507507599,71.6349561290027
"hmgu","neg",74.7001406406498,72.2253791597729
"hmgu","neg",75.2595305305397,72.8087627134911
"hmgu","neg",75.8189204204295,73.3852151853135
"hmgu","neg",76.3783103103194,73.9548449703965
"hmgu","neg",76.9377002002093,74.5177604638964
"hmgu","neg",77.4970900900992,75.0740700609694
"hmgu","neg",78.0564799799891,75.6238821567719
"hmgu","neg",78.6158698698789,76.1673051464601
"hmgu","neg",79.1752597597688,76.7044474251903
"hmgu","neg",79.7346496496587,77.2354173881187
"hmgu","neg",80.2940395395486,77.7603234304017
"hmgu","neg",80.8534294294385,78.2792739471956
"hmgu","neg",81.4128193193283,78.7923773336566
"hmgu","neg",81.9722092092182,79.299741984941
"hmgu","neg",82.5315990991081,79.8014762962052
"hmgu","neg",83.090988988998,80.2976886626053
"hmgu","neg",83.6503788788879,80.7884874792976
"hmgu","neg",84.2097687687777,81.2739811414386
"hmgu","neg",84.7691586586676,81.7542780441844
"hmgu","neg",85.3285485485575,82.2294865826912
"hmgu","neg",85.8879384384474,82.6997151521155
"hmgu","neg",86.4473283283373,83.1650721476135
"hmgu","neg",87.0067182182271,83.6256659643415
"hmgu","neg",87.566108108117,84.0816049974557
"hmgu","neg",88.1254979980069,84.5329976421125
"hmgu","neg",88.6848878878968,84.979952293468
"hmgu","neg",89.2442777777867,85.4225773466787
"hmgu","neg",89.8036676676765,85.8609811969008
"hmgu","neg",90.3630575575664,86.2952722392906
"hmgu","neg",90.9224474474563,86.7255588690043
"hmgu","neg",91.4818373373462,87.1519494811982
"hmgu","neg",92.0412272272361,87.5745524710288
"hmgu","neg",92.6006171171259,87.993476233652
"hmgu","neg",93.1600070070158,88.4088291642244
"hmgu","neg",93.7193968969057,88.8207196579022
"hmgu","neg",94.2787867867956,89.2292561098417
"hmgu","neg",94.8381766766855,89.6345469151991
"hmgu","neg",95.3975665665753,90.0367004691307
"hmgu","neg",95.9569564564652,90.4358251667928
"hmgu","neg",96.5163463463551,90.8320294033418
"hmgu","neg",97.075736236245,91.2254215739338
"hmgu","neg",97.6351261261349,91.6161100737252
"hmgu","neg",98.1945160160247,92.0042032978722
"hmgu","neg",98.7539059059146,92.3898096415312
"hmgu","neg",99.3132957958045,92.7730374998584
"hmgu","neg",99.8726856856944,93.1539952680101
"hmgu","neg",100.432075575584,93.5327913411426
"hmgu","neg",100.991465465474,93.9095341144121
"hmgu","neg",101.550855355364,94.2843319829751
"hmgu","neg",102.110245245254,94.6572933419876
"hmgu","neg",102.669635135144,95.0285265866061
"hmgu","neg",103.229025025034,95.3981401119868
"hmgu","neg",103.788414914924,95.766242313286
"hmgu","neg",104.347804804813,96.1329415856599
"hmgu","neg",104.907194694703,96.4983463242649
"hmgu","neg",105.466584584593,96.8625649242573
"hmgu","neg",106.025974474483,97.2257057807932
"hmgu","neg",106.585364364373,97.5878772890291
"hmgu","neg",107.144754254263,97.9491878441212
"hmgu","neg",107.704144144153,98.3097458412258
"hmgu","neg",108.263534034043,98.6696596754991
"hmgu","neg",108.822923923932,99.0290377420975
"hmgu","neg",109.382313813822,99.3879884361772
"hmgu","neg",109.941703703712,99.7466201528945
"hmgu","neg",110.501093593602,100.105041287406
"hmgu","neg",111.060483483492,100.463360234867
"hmgu","neg",111.619873373382,100.821685390435
"hmgu","neg",112.179263263272,101.180125149266
"hmgu","neg",112.738653153162,101.538787906515
"hmgu","neg",113.298043043052,101.89778205734
"hmgu","neg",113.857432932941,102.257215996897
"hmgu","neg",114.416822822831,102.617198120341
"hmgu","neg",114.976212712721,102.97783682283
"hmgu","neg",115.535602602611,103.339240499519
"hmgu","neg",116.094992492501,103.701517545565
"hmgu","neg",116.654382382391,104.064776356123
"hmgu","neg",117.213772272281,104.429125326352
"hmgu","neg",117.773162162171,104.794672851405
"hmgu","neg",118.33255205206,105.161527326441
"hmgu","neg",118.89194194195,105.529797146615
"hmgu","neg",119.45133183184,105.899590707083
"hmgu","neg",120.01072172173,106.271016403002
"hmgu","neg",120.57011161162,106.644182629528
"hmgu","neg",121.12950150151,107.019197781817
"hmgu","neg",121.6888913914,107.396170255026
"hmgu","neg",122.24828128129,107.77520844431
"hmgu","neg",122.807671171179,108.156420744827
"hmgu","neg",123.367061061069,108.539915551732
"hmgu","neg",123.926450950959,108.925801260182
"hmgu","neg",124.485840840849,109.314186265333
"hmgu","neg",125.045230730739,109.705178962341
"hmgu","neg",125.604620620629,110.098887746363
"hmgu","neg",126.164010510519,110.495421012555
"hmgu","neg",126.723400400409,110.894887156073
"hmgu","neg",127.282790290298,111.297394572073
"hmgu","neg",127.842180180188,111.703051655712
"hmgu","neg",128.401570070078,112.111966802146
"hmgu","neg",128.960959959968,112.524248406531
"hmgu","neg",129.520349849858,112.940004864023
"hmgu","neg",130.079739739748,113.35934456978
"hmgu","neg",130.639129629638,113.782375918957
"hmgu","neg",131.198519519528,114.20920730671
"hmgu","neg",131.757909409418,114.639947128195
"hmgu","neg",132.317299299307,115.07470377857
"hmgu","neg",132.876689189197,115.51358565299
"hmgu","neg",133.436079079087,115.956701146611
"hmgu","neg",133.995468968977,116.404158654591
"hmgu","neg",134.554858858867,116.856066572084
"hmgu","neg",135.114248748757,117.312533294248
"hmgu","neg",135.673638638647,117.773667216238
"hmgu","neg",136.233028528537,118.239576733212
"hmgu","neg",136.792418418426,118.710370240325
"hmgu","neg",137.351808308316,119.186156132733
"hmgu","neg",137.911198198206,119.667042805593
"hmgu","neg",138.470588088096,120.153138654061
"hmgu","neg",139.029977977986,120.644547756048
"hmgu","neg",139.589367867876,121.141272159118
"hmgu","neg",140.148757757766,121.643210338251
"hmgu","neg",140.708147647656,122.150256142714
"hmgu","neg",141.267537537546,122.662303421775
"hmgu","neg",141.826927427435,123.179246024699
"hmgu","neg",142.386317317325,123.700977800754
"hmgu","neg",142.945707207215,124.227392599206
"hmgu","neg",143.505097097105,124.758384269321
"hmgu","neg",144.064486986995,125.293846660367
"hmgu","neg",144.623876876885,125.833673621611
"hmgu","neg",145.183266766775,126.377759002318
"hmgu","neg",145.742656656665,126.925996651755
"hmgu","neg",146.302046546554,127.47828041919
"hmgu","neg",146.861436436444,128.034504153889
"hmgu","neg",147.420826326334,128.594561705119
"hmgu","neg",147.980216216224,129.158346922145
"hmgu","neg",148.539606106114,129.725753654236
"hmgu","neg",149.098995996004,130.296675750658
"hmgu","neg",149.658385885894,130.871007060677
"hmgu","neg",150.217775775784,131.44864143356
"hmgu","neg",150.777165665673,132.029472718573
"hmgu","neg",151.336555555563,132.613394764985
"hmgu","neg",151.895945445453,133.20030142206
"hmgu","neg",152.455335335343,133.790086539067
"hmgu","neg",153.014725225233,134.38264396527
"hmgu","neg",153.574115115123,134.977867549939
"hmgu","neg",154.133505005013,135.575651142338
"hmgu","neg",154.692894894903,136.175888591734
"hmgu","neg",155.252284784792,136.778473747396
"hmgu","neg",155.811674674682,137.383300458588
"hmgu","neg",156.371064564572,137.990262574577
"hmgu","neg",156.930454454462,138.599253944632
"hmgu","neg",157.489844344352,139.210168418017
"hmgu","neg",158.049234234242,139.822899844
"hmgu","neg",158.608624124132,140.437342071848
"hmgu","neg",159.168014014022,141.053388950826
"hmgu","neg",159.727403903912,141.670934330203
"hmgu","neg",160.286793793801,142.289872059244
"hmgu","neg",160.846183683691,142.910095987217
"hmgu","neg",161.405573573581,143.531499963387
"hmgu","neg",161.964963463471,144.153977837022
"hmgu","neg",162.524353353361,144.777423457389
"hmgu","neg",163.083743243251,145.401730673753
"hmgu","neg",163.643133133141,146.026793335382
"hmgu","neg",164.202523023031,146.652505291543
"hmgu","neg",164.76191291292,147.278760391501
"hmgu","neg",165.32130280281,147.905452484525
"hmgu","neg",165.8806926927,148.53247541988
"hmgu","neg",166.44008258259,149.159723046833
"hmgu","neg",166.99947247248,149.787089214651
"hmgu","neg",167.55886236237,150.4144677726
"hmgu","neg",168.11825225226,151.041752569948
"hmgu","neg",168.67764214215,151.668837455961
"hmgu","neg",169.237032032039,152.295616279905
"hmgu","neg",169.796421921929,152.921982891048
"hmgu","neg",170.355811811819,153.547831138656
"hmgu","neg",170.915201701709,154.173054871995
"hmgu","neg",171.474591591599,154.797547940333
"hmgu","neg",172.033981481489,155.421204192936
"hmgu","neg",172.593371371379,156.043917479071
"hmgu","neg",173.152761261269,156.665581648004
"hmgu","neg",173.712151151159,157.286090549003
"hmgu","neg",174.271541041048,157.905338031333
"hmgu","neg",174.830930930938,158.523217944262
"hmgu","neg",175.390320820828,159.139624137056
"hmgu","neg",175.949710710718,159.754450458982
"hmgu","neg",176.509100600608,160.367590759307
"hmgu","neg",177.068490490498,160.978938887297
"hmgu","neg",177.627880380388,161.588388692219
"hmgu","neg",178.187270270278,162.19583402334
"hmgu","neg",178.746660160167,162.801168729926
"hmgu","neg",179.306050050057,163.404286661245
"hmgu","neg",179.865439939947,164.005081666562
"hmgu","neg",180.424829829837,164.603447595145
"hmgu","neg",180.984219719727,165.19927829626
"hmgu","neg",181.543609609617,165.792467619173
"hmgu","neg",182.102999499507,166.382909413153
"hmgu","neg",182.662389389397,166.970497527464
"hmgu","neg",183.221779279286,167.555125811375
"hmgu","neg",183.781169169176,168.136688114151
"hmgu","neg",184.340559059066,168.71507828506
"hmgu","neg",184.899948948956,169.290190173367
"hmgu","neg",185.459338838846,169.861917628341
"hmgu","neg",186.018728728736,170.430176223908
"hmgu","neg",186.578118618626,170.995013207615
"hmgu","neg",187.137508508516,171.556525174746
"hmgu","neg",187.696898398406,172.114808807595
"hmgu","neg",188.256288288295,172.669960788458
"hmgu","neg",188.815678178185,173.222077799628
"hmgu","neg",189.375068068075,173.771256523402
"hmgu","neg",189.934457957965,174.317593642072
"hmgu","neg",190.493847847855,174.861185837934
"hmgu","neg",191.053237737745,175.402129793282
"hmgu","neg",191.612627627635,175.940522190412
"hmgu","neg",192.172017517525,176.476459711617
"hmgu","neg",192.731407407414,177.010039039193
"hmgu","neg",193.290797297304,177.541356855434
"hmgu","neg",193.850187187194,178.070509842634
"hmgu","neg",194.409577077084,178.597594683089
"hmgu","neg",194.968966966974,179.122708059092
"hmgu","neg",195.528356856864,179.64594665294
"hmgu","neg",196.087746746754,180.167407146925
"hmgu","neg",196.647136636644,180.687186223343
"hmgu","neg",197.206526526533,181.205380564489
"hmgu","neg",197.765916416423,181.722086852657
"hmgu","neg",198.325306306313,182.237401770142
"hmgu","neg",198.884696196203,182.751421999238
"hmgu","neg",199.444086086093,183.26424422224
"hmgu","neg",200.003475975983,183.775965121443
"hmgu","neg",200.562865865873,184.286681379141
"hmgu","neg",201.122255755763,184.79648967763
"hmgu","neg",201.681645645653,185.305486699203
"hmgu","neg",202.241035535542,185.813769126155
"hmgu","neg",202.800425425432,186.321433640781
"hmgu","neg",203.359815315322,186.828576925376
"hmgu","neg",203.919205205212,187.335295662233
"hmgu","neg",204.478595095102,187.841686533649
"hmgu","neg",205.037984984992,188.347846221917
"hmgu","neg",205.597374874882,188.853871409333
"hmgu","neg",206.156764764772,189.35985877819
"hmgu","neg",206.716154654661,189.865905010783
"hmgu","neg",207.275544544551,190.372106789408
"hmgu","neg",207.834934434441,190.878560796358
"hmgu","neg",208.394324324331,191.385363713929
"hmgu","neg",208.953714214221,191.892612224415
"hmgu","neg",209.513104104111,192.40040301011
"hmgu","neg",210.072493994001,192.908832753309
"hmgu","neg",210.631883883891,193.417998136308
"hmgu","neg",211.19127377378,193.9279958414
"hmgu","neg",211.75066366367,194.43892255088
"hmgu","neg",212.31005355356,194.950874947043
"hmgu","neg",212.86944344345,195.463949712183
"hmgu","neg",213.42883333334,195.978243528596
"hmgu","neg",213.98822322323,196.493853078575
"hmgu","neg",214.54761311312,197.010875044416
"hmgu","neg",215.10700300301,197.529406108412
"hmgu","neg",215.6663928929,198.04954295286
"hmgu","neg",216.225782782789,198.571382260052
"hmgu","neg",216.785172672679,199.095020712285
"hmgu","neg",217.344562562569,199.620554991852
"hmgu","neg",217.903952452459,200.148081781049
"hmgu","neg",218.463342342349,200.677697762169
"hmgu","neg",219.022732232239,201.209499617508
"hmgu","neg",219.582122122129,201.74358402936
"hmgu","neg",220.141512012019,202.28004768002
"hmgu","neg",220.700901901908,202.818985147531
"hmgu","neg",221.260291791798,203.360429417964
"hmgu","neg",221.819681681688,203.9043435191
"hmgu","neg",222.379071571578,204.450686692693
"hmgu","neg",222.938461461468,204.999418180494
"hmgu","neg",223.497851351358,205.550497224256
"hmgu","neg",224.057241241248,206.103883065732
"hmgu","neg",224.616631131138,206.659534946675
"hmgu","neg",225.176021021027,207.217412108836
"hmgu","neg",225.735410910917,207.777473793969
"hmgu","neg",226.294800800807,208.339679243825
"hmgu","neg",226.854190690697,208.903987700159
"hmgu","neg",227.413580580587,209.470358404721
"hmgu","neg",227.972970470477,210.038750599266
"hmgu","neg",228.532360360367,210.609123525544
"hmgu","neg",229.091750250257,211.18143642531
"hmgu","neg",229.651140140147,211.755648540314
"hmgu","neg",230.210530030036,212.331719112311
"hmgu","neg",230.769919919926,212.909607383053
"hmgu","neg",231.329309809816,213.489272594291
"hmgu","neg",231.888699699706,214.07067398778
"hmgu","neg",232.448089589596,214.65377080527
"hmgu","neg",233.007479479486,215.238522288516
"hmgu","neg",233.566869369376,215.824887679269
"hmgu","neg",234.126259259266,216.412826219282
"hmgu","neg",234.685649149155,217.002297150307
"hmgu","neg",235.245039039045,217.593259714098
"hmgu","neg",235.804428928935,218.185673152406
"hmgu","neg",236.363818818825,218.779496706985
"hmgu","neg",236.923208708715,219.374689619586
"hmgu","neg",237.482598598605,219.971211131963
"hmgu","neg",238.041988488495,220.569020485867
"hmgu","neg",238.601378378385,221.168076923053
"hmgu","neg",239.160768268274,221.768339685271
"hmgu","neg",239.720158158164,222.369768014275
"hmgu","neg",240.279548048054,222.972321151818
"hmgu","neg",240.838937937944,223.575958339651
"hmgu","neg",241.398327827834,224.180638819527
"hmgu","neg",241.957717717724,224.7863218332
"hmgu","neg",242.517107607614,225.392966622421
"hmgu","neg",243.076497497504,226.000532428943
"hmgu","neg",243.635887387394,226.608978494519
"hmgu","neg",244.195277277283,227.218264060901
"hmgu","neg",244.754667167173,227.828348369841
"hmgu","neg",245.314057057063,228.439190663094
"hmgu","neg",245.873446946953,229.05075018241
"hmgu","neg",246.432836836843,229.662986169542
"hmgu","neg",246.992226726733,230.275857866244
"hmgu","neg",247.551616616623,230.889324514267
"hmgu","neg",248.111006506513,231.503345355365
"hmgu","neg",248.670396396402,232.117879631289
"hmgu","neg",249.229786286292,232.732886583792
"hmgu","neg",249.789176176182,233.348325454628
"hmgu","neg",250.348566066072,233.964155485548
"hmgu","neg",250.907955955962,234.580335918305
"hmgu","neg",251.467345845852,235.196825994652
"hmgu","neg",252.026735735742,235.813584956341
"hmgu","neg",252.586125625632,236.430572045124
"hmgu","neg",253.145515515521,237.047746502755
"hmgu","neg",253.704905405411,237.665067570986
"hmgu","neg",254.264295295301,238.282494491569
"hmgu","neg",254.823685185191,238.899986506258
"hmgu","neg",255.383075075081,239.517502856803
"hmgu","neg",255.942464964971,240.13500278496
"hmgu","neg",256.501854854861,240.752445532478
"hmgu","neg",257.061244744751,241.369790341112
"hmgu","neg",257.620634634641,241.986996452615
"hmgu","neg",258.18002452453,242.604023108737
"hmgu","neg",258.73941441442,243.220829551232
"hmgu","neg",259.29880430431,243.837375021853
"hmgu","neg",259.8581941942,244.453618762353
"hmgu","neg",260.41758408409,245.069520014483
"hmgu","neg",260.97697397398,245.685038019996
"hmgu","neg",261.53636386387,246.300132020645
"hmgu","neg",262.09575375376,246.914761953852
"hmgu","neg",262.655143643649,247.528909334723
"hmgu","neg",263.214533533539,248.142580901767
"hmgu","neg",263.773923423429,248.755784823881
"hmgu","neg",264.333313313319,249.368529269965
"hmgu","neg",264.892703203209,249.980822408917
"hmgu","neg",265.452093093099,250.592672409635
"hmgu","neg",266.011482982989,251.204087441019
"hmgu","neg",266.570872872879,251.815075671967
"hmgu","neg",267.130262762768,252.425645271378
"hmgu","neg",267.689652652658,253.03580440815
"hmgu","neg",268.249042542548,253.645561251182
"hmgu","neg",268.808432432438,254.254923969372
"hmgu","neg",269.367822322328,254.863900731619
"hmgu","neg",269.927212212218,255.472499706823
"hmgu","neg",270.486602102108,256.08072906388
"hmgu","neg",271.045991991998,256.68859697169
"hmgu","neg",271.605381881888,257.296111599152
"hmgu","neg",272.164771771777,257.903281115164
"hmgu","neg",272.724161661667,258.510113688625
"hmgu","neg",273.283551551557,259.116617488433
"hmgu","neg",273.842941441447,259.722800683488
"hmgu","neg",274.402331331337,260.328671442686
"hmgu","neg",274.961721221227,260.934237934929
"hmgu","neg",275.521111111117,261.539508329113
"hmgu","neg",276.080501001007,262.144490794137
"hmgu","neg",276.639890890896,262.749193498901
"hmgu","neg",277.199280780786,263.353624612302
"hmgu","neg",277.758670670676,263.95779230324
"hmgu","neg",278.318060560566,264.561704740612
"hmgu","neg",278.877450450456,265.165370093319
"hmgu","neg",279.436840340346,265.768796530257
"hmgu","neg",279.996230230236,266.371992220326
"hmgu","neg",280.555620120126,266.974965332425
"hmgu","neg",281.115010010016,267.577724035451
"hmgu","neg",281.674399899905,268.180276498304
"hmgu","neg",282.233789789795,268.782630889883
"hmgu","neg",282.793179679685,269.384795379085
"hmgu","neg",283.352569569575,269.98677813481
"hmgu","neg",283.911959459465,270.588587325956
"hmgu","neg",284.471349349355,271.190231121422
"hmgu","neg",285.030739239245,271.791717690106
"hmgu","neg",285.590129129135,272.393055200907
"hmgu","neg",286.149519019024,272.994251822724
"hmgu","neg",286.708908908914,273.595315724455
"hmgu","neg",287.268298798804,274.196255074998
"hmgu","neg",287.827688688694,274.797078043253
"hmgu","neg",288.387078578584,275.397792798118
"hmgu","neg",288.946468468474,275.998407508492
"hmgu","neg",289.505858358364,276.598930343273
"hmgu","neg",290.065248248254,277.19936947136
"hmgu","neg",290.624638138143,277.799733061651
"hmgu","neg",291.184028028033,278.400029283046
"hmgu","neg",291.743417917923,279.000266304442
"hmgu","neg",292.302807807813,279.600452294739
"hmgu","neg",292.862197697703,280.200595422835
"hmgu","neg",293.421587587593,280.800703857628
"hmgu","neg",293.980977477483,281.400785649076
"hmgu","neg",294.540367367373,282.000843502378
"hmgu","neg",295.099757257262,282.600872731206
"hmgu","neg",295.659147147152,283.200868107402
"hmgu","neg",296.218537037042,283.800824402808
"hmgu","neg",296.777926926932,284.400736389266
"hmgu","neg",297.337316816822,285.000598838619
"hmgu","neg",297.896706706712,285.600406522708
"hmgu","neg",298.456096596602,286.200154213376
"hmgu","neg",299.015486486492,286.799836682464
"hmgu","neg",299.574876376381,287.399448701815
"hmgu","neg",300.134266266271,287.998985043271
"hmgu","neg",300.693656156161,288.598440478674
"hmgu","neg",301.253046046051,289.197809779866
"hmgu","neg",301.812435935941,289.797087718689
"hmgu","neg",302.371825825831,290.396269066986
"hmgu","neg",302.931215715721,290.995348596597
"hmgu","neg",303.490605605611,291.594321079366
"hmgu","neg",304.049995495501,292.193181287135
"hmgu","neg",304.60938538539,292.791923991745
"hmgu","neg",305.16877527528,293.390543965039
"hmgu","neg",305.72816516517,293.989035978859
"hmgu","neg",306.28755505506,294.587394805046
"hmgu","neg",306.84694494495,295.185615215443
"hmgu","neg",307.40633483484,295.783691981893
"hmgu","neg",307.96572472473,296.381619876237
"hmgu","neg",308.52511461462,296.979393670317
"hmgu","neg",309.084504504509,297.577008135975
"hmgu","neg",309.643894394399,298.174458045053
"hmgu","neg",310.203284284289,298.771738169395
"hmgu","neg",310.762674174179,299.368843280841
"hmgu","neg",311.322064064069,299.965768151233
"hmgu","neg",311.881453953959,300.562507552414
"hmgu","neg",312.440843843849,301.159056256227
"hmgu","neg",313.000233733739,301.755409034512
"hmgu","neg",313.559623623629,302.351560659112
"hmgu","neg",314.119013513518,302.94750590187
"hmgu","neg",314.678403403408,303.543239534627
"hmgu","neg",315.237793293298,304.138756329225
"hmgu","neg",315.797183183188,304.734051057507
"hmgu","neg",316.356573073078,305.329118491314
"hmgu","neg",316.915962962968,305.923953402489
"hmgu","neg",317.475352852858,306.518550562873
"hmgu","neg",318.034742742748,307.11290474431
"hmgu","neg",318.594132632637,307.70701071864
"hmgu","neg",319.153522522527,308.300863257706
"hmgu","neg",319.712912412417,308.894457133351
"hmgu","neg",320.272302302307,309.487787117416
"hmgu","neg",320.831692192197,310.080847981743
"hmgu","neg",321.391082082087,310.673634498174
"hmgu","neg",321.950471971977,311.266141442229
"hmgu","neg",322.509861861867,311.85836381434
"hmgu","neg",323.069251751756,312.450296966046
"hmgu","neg",323.628641641646,313.041936279383
"hmgu","neg",324.188031531536,313.633277136388
"hmgu","neg",324.747421421426,314.224314919095
"hmgu","neg",325.306811311316,314.81504500954
"hmgu","neg",325.866201201206,315.40546278976
"hmgu","neg",326.425591091096,315.99556364179
"hmgu","neg",326.984980980986,316.585342947666
"hmgu","neg",327.544370870876,317.174796089423
"hmgu","neg",328.103760760765,317.763918449098
"hmgu","neg",328.663150650655,318.352705408725
"hmgu","neg",329.222540540545,318.941152350342
"hmgu","neg",329.781930430435,319.529254655983
"hmgu","neg",330.341320320325,320.117007707684
"hmgu","neg",330.900710210215,320.704406887482
"hmgu","neg",331.460100100105,321.291447577411
"hmgu","neg",332.019489989995,321.878125159508
"hmgu","neg",332.578879879884,322.464435015809
"hmgu","neg",333.138269769774,323.050372528348
"hmgu","neg",333.697659659664,323.635933079163
"hmgu","neg",334.257049549554,324.221112050288
"hmgu","neg",334.816439439444,324.80590482376
"hmgu","neg",335.375829329334,325.390306781614
"hmgu","neg",335.935219219224,325.974313305886
"hmgu","neg",336.494609109114,326.557919778611
"hmgu","neg",337.053998999003,327.141121581826
"hmgu","neg",337.613388888893,327.723914097567
"hmgu","neg",338.172778778783,328.306292707868
"hmgu","neg",338.732168668673,328.888252794766
"hmgu","neg",339.291558558563,329.469789740297
"hmgu","neg",339.850948448453,330.050898926496
"hmgu","neg",340.410338338343,330.631575735399
"hmgu","neg",340.969728228233,331.211815549042
"hmgu","neg",341.529118118122,331.79161374946
"hmgu","neg",342.088508008012,332.37096571869
"hmgu","neg",342.647897897902,332.949866838767
"hmgu","neg",343.207287787792,333.528312491726
"hmgu","neg",343.766677677682,334.106298059605
"hmgu","neg",344.326067567572,334.683818924437
"hmgu","neg",344.885457457462,335.26087046826
"hmgu","neg",345.444847347352,335.837448073109
"hmgu","neg",346.004237237242,336.413547121019
"hmgu","neg",346.563627127131,336.989162994027
"hmgu","neg",347.123017017021,337.564291074168
"hmgu","neg",347.682406906911,338.138926743478
"hmgu","neg",348.241796796801,338.713066209636
"hmgu","neg",348.801186686691,339.286717307317
"hmgu","neg",349.360576576581,339.859896463807
"hmgu","neg",349.919966466471,340.432620307706
"hmgu","neg",350.479356356361,341.004905467615
"hmgu","neg",351.03874624625,341.576768572134
"hmgu","neg",351.59813613614,342.148226249863
"hmgu","neg",352.15752602603,342.719295129401
"hmgu","neg",352.71691591592,343.28999183935
"hmgu","neg",353.27630580581,343.860333008309
"hmgu","neg",353.8356956957,344.430335264879
"hmgu","neg",354.39508558559,345.000015237659
"hmgu","neg",354.95447547548,345.56938955525
"hmgu","neg",355.513865365369,346.138474846252
"hmgu","neg",356.073255255259,346.707287739264
"hmgu","neg",356.632645145149,347.275844862888
"hmgu","neg",357.192035035039,347.844162845724
"hmgu","neg",357.751424924929,348.412258316371
"hmgu","neg",358.310814814819,348.980147903429
"hmgu","neg",358.870204704709,349.547848235499
"hmgu","neg",359.429594594599,350.115375941181
"hmgu","neg",359.988984484489,350.682747649076
"hmgu","neg",360.548374374378,351.249979987782
"hmgu","neg",361.107764264268,351.817089585901
"hmgu","neg",361.667154154158,352.384093072032
"hmgu","neg",362.226544044048,352.951007074776
"hmgu","neg",362.785933933938,353.517848222733
"hmgu","neg",363.345323823828,354.084633144502
"hmgu","neg",363.904713713718,354.651378468685
"hmgu","neg",364.464103603608,355.218100823881
"hmgu","neg",365.023493493497,355.784816838691
"hmgu","neg",365.582883383387,356.351543141714
"hmgu","neg",366.142273273277,356.91829636155
"hmgu","neg",366.701663163167,357.485093126801
"hmgu","neg",367.261053053057,358.051950066065
"hmgu","neg",367.820442942947,358.618883807944
"hmgu","neg",368.379832832837,359.185910981037
"hmgu","neg",368.939222722727,359.753048213944
"hmgu","neg",369.498612612617,360.320312135266
"hmgu","neg",370.058002502506,360.887719373602
"hmgu","neg",370.617392392396,361.455286557554
"hmgu","neg",371.176782282286,362.02303031572
"hmgu","neg",371.736172172176,362.590967276702
"hmgu","neg",372.295562062066,363.159114069099
"hmgu","neg",372.854951951956,363.727487321511
"hmgu","neg",373.414341841846,364.296102075358
"hmgu","neg",373.973731731736,364.864949060654
"hmgu","neg",374.533121621625,365.434000000526
"hmgu","neg",375.092511511515,366.003226112017
"hmgu","neg",375.651901401405,366.572598612168
"hmgu","neg",376.211291291295,367.142088718023
"hmgu","neg",376.770681181185,367.711667646622
"hmgu","neg",377.330071071075,368.281306615009
"hmgu","neg",377.889460960965,368.850976840224
"hmgu","neg",378.448850850855,369.420649539311
"hmgu","neg",379.008240740744,369.990295929311
"hmgu","neg",379.567630630634,370.559887227266
"hmgu","neg",380.127020520524,371.129394650218
"hmgu","neg",380.686410410414,371.698789415209
"hmgu","neg",381.245800300304,372.268042739282
"hmgu","neg",381.805190190194,372.837125839479
"hmgu","neg",382.364580080084,373.406009932841
"hmgu","neg",382.923969969974,373.97466623641
"hmgu","neg",383.483359859864,374.543065967229
"hmgu","neg",384.042749749753,375.11118034234
"hmgu","neg",384.602139639643,375.678980578785
"hmgu","neg",385.161529529533,376.246437893605
"hmgu","neg",385.720919419423,376.813523503843
"hmgu","neg",386.280309309313,377.380208626542
"hmgu","neg",386.839699199203,377.946464478742
"hmgu","neg",387.399089089093,378.512262277486
"hmgu","neg",387.958478978983,379.077573239817
"hmgu","neg",388.517868868872,379.642368582775
"hmgu","neg",389.077258758762,380.206619523404
"hmgu","neg",389.636648648652,380.770297278745
"hmgu","neg",390.196038538542,381.33337306584
"hmgu","neg",390.755428428432,381.895818101732
"hmgu","neg",391.314818318322,382.457603603463
"hmgu","neg",391.874208208212,383.018700788074
"hmgu","neg",392.433598098102,383.579080872607
"hmgu","neg",392.992987987991,384.138715074105
"hmgu","neg",393.552377877881,384.69757460961
"hmgu","neg",394.111767767771,385.255630696164
"hmgu","neg",394.671157657661,385.812854550808
"hmgu","neg",395.230547547551,386.369217390586
"hmgu","neg",395.789937437441,386.924690432538
"hmgu","neg",396.349327327331,387.479244893707
"hmgu","neg",396.908717217221,388.032851991136
"hmgu","neg",397.46810710711,388.585482983186
"hmgu","neg",398.027496997,389.137125606682
"hmgu","neg",398.58688688689,389.687809167072
"hmgu","neg",399.14627677678,390.237569422937
"hmgu","neg",399.70566666667,390.786442132856
"hmgu","neg",400.26505655656,391.334463055408
"hmgu","neg",400.82444644645,391.881667949173
"hmgu","neg",401.38383633634,392.42809257273
"hmgu","neg",401.94322622623,392.973772684659
"hmgu","neg",402.502616116119,393.518744043539
"hmgu","neg",403.062006006009,394.06304240795
"hmgu","neg",403.621395895899,394.606703536471
"hmgu","neg",404.180785785789,395.149763187682
"hmgu","neg",404.740175675679,395.692257120162
"hmgu","neg",405.299565565569,396.23422109249
"hmgu","neg",405.858955455459,396.775690863247
"hmgu","neg",406.418345345349,397.316702191012
"hmgu","neg",406.977735235238,397.857290834364
"hmgu","neg",407.537125125128,398.397492551883
"hmgu","neg",408.096515015018,398.937343102148
"hmgu","neg",408.655904904908,399.476878243738
"hmgu","neg",409.215294794798,400.016133735234
"hmgu","neg",409.774684684688,400.555145335215
"hmgu","neg",410.334074574578,401.093948802259
"hmgu","neg",410.893464464468,401.632579894948
"hmgu","neg",411.452854354357,402.171074371859
"hmgu","neg",412.012244244247,402.709467991574
"hmgu","neg",412.571634134137,403.24779651267
"hmgu","neg",413.131024024027,403.786095693728
"hmgu","neg",413.690413913917,404.324401293328
"hmgu","neg",414.249803803807,404.862749070048
"hmgu","neg",414.809193693697,405.401174782468
"hmgu","neg",415.368583583587,405.939714189168
"hmgu","neg",415.927973473477,406.478403048727
"hmgu","neg",416.487363363366,407.017277119725
"hmgu","neg",417.046753253256,407.556372160741
"hmgu","neg",417.606143143146,408.095723930354
"hmgu","neg",418.165533033036,408.635368187145
"hmgu","neg",418.724922922926,409.175340689693
"hmgu","neg",419.284312812816,409.715677196576
"hmgu","neg",419.843702702706,410.256413466375
"hmgu","neg",420.403092592596,410.79758525767
"hmgu","neg",420.962482482485,411.339228329039
"hmgu","neg",421.521872372375,411.881378439062
"hmgu","neg",422.081262262265,412.424071346319
"hmgu","neg",422.640652152155,412.967340250977
"hmgu","neg",423.200042042045,413.511186004738
"hmgu","neg",423.759431931935,414.055587280823
"hmgu","neg",424.318821821825,414.600522319313
"hmgu","neg",424.878211711715,415.145969360292
"hmgu","neg",425.437601601605,415.691906643839
"hmgu","neg",425.996991491494,416.238312410038
"hmgu","neg",426.556381381384,416.78516489897
"hmgu","neg",427.115771271274,417.332442350718
"hmgu","neg",427.675161161164,417.880123005362
"hmgu","neg",428.234551051054,418.428185102986
"hmgu","neg",428.793940940944,418.97660688367
"hmgu","neg",429.353330830834,419.525366587497
"hmgu","neg",429.912720720724,420.074442454548
"hmgu","neg",430.472110610613,420.623812724906
"hmgu","neg",431.031500500503,421.173455638653
"hmgu","neg",431.590890390393,421.723349435869
"hmgu","neg",432.150280280283,422.273472356638
"hmgu","neg",432.709670170173,422.823802641041
"hmgu","neg",433.269060060063,423.374318529159
"hmgu","neg",433.828449949953,423.924998261076
"hmgu","neg",434.387839839843,424.475820076872
"hmgu","neg",434.947229729732,425.02676221663
"hmgu","neg",435.506619619622,425.577802920431
"hmgu","neg",436.066009509512,426.128920428358
"hmgu","neg",436.625399399402,426.680092980492
"hmgu","neg",437.184789289292,427.231298816915
"hmgu","neg",437.744179179182,427.782516177709
"hmgu","neg",438.303569069072,428.333723302956
"hmgu","neg",438.862958958962,428.884898432737
"hmgu","neg",439.422348848851,429.436019807136
"hmgu","neg",439.981738738741,429.987065666233
"hmgu","neg",440.541128628631,430.53801425011
"hmgu","neg",441.100518518521,431.08884379885
"hmgu","neg",441.659908408411,431.639532552534
"hmgu","neg",442.219298298301,432.190058751244
"hmgu","neg",442.778688188191,432.740400635062
"hmgu","neg",443.338078078081,433.290536444071
"hmgu","neg",443.897467967971,433.840444418351
"hmgu","neg",444.45685785786,434.390102797984
"hmgu","neg",445.01624774775,434.939489823053
"hmgu","neg",445.57563763764,435.48858373364
"hmgu","neg",446.13502752753,436.037362769826
"hmgu","neg",446.69441741742,436.585805174088
"hmgu","neg",447.25380730731,437.133895590605
"hmgu","neg",447.8131971972,437.681638978916
"hmgu","neg",448.37258708709,438.229044319144
"hmgu","neg",448.931976976979,438.776120591413
"hmgu","neg",449.491366866869,439.322876775843
"hmgu","neg",450.050756756759,439.869321852559
"hmgu","neg",450.610146646649,440.415464801683
"hmgu","neg",451.169536536539,440.961314603338
"hmgu","neg",451.728926426429,441.506880237646
"hmgu","neg",452.288316316319,442.05217068473
"hmgu","neg",452.847706206209,442.597194924712
"hmgu","neg",453.407096096098,443.141961937717
"hmgu","neg",453.966485985988,443.686480703865
"hmgu","neg",454.525875875878,444.23076020328
"hmgu","neg",455.085265765768,444.774809416085
"hmgu","neg",455.644655655658,445.318637322401
"hmgu","neg",456.204045545548,445.862252902353
"hmgu","neg",456.763435435438,446.405665136063
"hmgu","neg",457.322825325328,446.948883003652
"hmgu","neg",457.882215215218,447.491915485245
"hmgu","neg",458.441605105107,448.034771560963
"hmgu","neg",459.000994994997,448.57746021093
"hmgu","neg",459.560384884887,449.119990415268
"hmgu","neg",460.119774774777,449.662371154099
"hmgu","neg",460.679164664667,450.204611407547
"hmgu","neg",461.238554554557,450.746720155735
"hmgu","neg",461.797944444447,451.288706378784
"hmgu","neg",462.357334334337,451.830579056817
"hmgu","neg",462.916724224226,452.372347169958
"hmgu","neg",463.476114114116,452.914019698329
"hmgu","neg",464.035504004006,453.455605622053
"hmgu","neg",464.594893893896,453.997113921251
"hmgu","neg",465.154283783786,454.538553576048
"hmgu","neg",465.713673673676,455.079933566566
"hmgu","neg",466.273063563566,455.621262872927
"hmgu","neg",466.832453453456,456.162550475254
"hmgu","neg",467.391843343345,456.70380535367
"hmgu","neg",467.951233233235,457.245036488298
"hmgu","neg",468.510623123125,457.78625285926
"hmgu","neg",469.070013013015,458.327463446678
"hmgu","neg",469.629402902905,458.868677230676
"hmgu","neg",470.188792792795,459.409903191377
"hmgu","neg",470.748182682685,459.951150308903
"hmgu","neg",471.307572572575,460.492427358
"hmgu","neg",471.866962462465,461.03373414908
"hmgu","neg",472.426352352354,461.575058246351
"hmgu","neg",472.985742242244,462.116386332186
"hmgu","neg",473.545132132134,462.657705088958
"hmgu","neg",474.104522022024,463.199001199041
"hmgu","neg",474.663911911914,463.740261344805
"hmgu","neg",475.223301801804,464.281472208625
"hmgu","neg",475.782691691694,464.822620472873
"hmgu","neg",476.342081581584,465.363692819921
"hmgu","neg",476.901471471473,465.904675932142
"hmgu","neg",477.460861361363,466.445556491909
"hmgu","neg",478.020251251253,466.986321181595
"hmgu","neg",478.579641141143,467.526956683573
"hmgu","neg",479.139031031033,468.067449680214
"hmgu","neg",479.698420920923,468.607786853892
"hmgu","neg",480.257810810813,469.147954886979
"hmgu","neg",480.817200700703,469.687940461848
"hmgu","neg",481.376590590593,470.227730260872
"hmgu","neg",481.935980480482,470.767310966424
"hmgu","neg",482.495370370372,471.306669260875
"hmgu","neg",483.054760260262,471.8457918266
"hmgu","neg",483.614150150152,472.384665345969
"hmgu","neg",484.173540040042,472.923276501358
"hmgu","neg",484.732929929932,473.461611975137
"hmgu","neg",485.292319819822,473.999658449679
"hmgu","neg",485.851709709712,474.537402607358
"hmgu","neg",486.411099599601,475.074831130546
"hmgu","neg",486.970489489491,475.611930701616
"hmgu","neg",487.529879379381,476.148688002939
"hmgu","neg",488.089269269271,476.68508971689
"hmgu","neg",488.648659159161,477.221122525841
"hmgu","neg",489.208049049051,477.756773112164
"hmgu","neg",489.767438938941,478.292028158232
"hmgu","neg",490.326828828831,478.826874346418
"hmgu","neg",490.88621871872,479.361298359095
"hmgu","neg",491.44560860861,479.895286878634
"hmgu","neg",492.0049984985,480.42882658741
"hmgu","neg",492.56438838839,480.961904167794
"hmgu","neg",493.12377827828,481.494506302159
"hmgu","neg",493.68316816817,482.026619672878
"hmgu","neg",494.24255805806,482.558230962324
"hmgu","neg",494.80194794795,483.08932685287
"hmgu","neg",495.361337837839,483.619894026887
"hmgu","neg",495.920727727729,484.14992113278
"hmgu","neg",496.480117617619,484.679426743649
"hmgu","neg",497.039507507509,485.208452730801
"hmgu","neg",497.598897397399,485.737041580187
"hmgu","neg",498.158287287289,486.265235777764
"hmgu","neg",498.717677177179,486.793077809483
"hmgu","neg",499.277067067069,487.320610161299
"hmgu","neg",499.836456956959,487.847875319167
"hmgu","neg",500.395846846848,488.374915769039
"hmgu","neg",500.955236736738,488.901773996869
"hmgu","neg",501.514626626628,489.428492488612
"hmgu","neg",502.074016516518,489.955113730221
"hmgu","neg",502.633406406408,490.481680207651
"hmgu","neg",503.192796296298,491.008234406854
"hmgu","neg",503.752186186188,491.534818813784
"hmgu","neg",504.311576076078,492.061475914396
"hmgu","neg",504.870965965967,492.588248194644
"hmgu","neg",505.430355855857,493.115178140481
"hmgu","neg",505.989745745747,493.64230823786
"hmgu","neg",506.549135635637,494.169680972737
"hmgu","neg",507.108525525527,494.697338831064
"hmgu","neg",507.667915415417,495.225324298795
"hmgu","neg",508.227305305307,495.753679861885
"hmgu","neg",508.786695195197,496.282448006287
"hmgu","neg",509.346085085086,496.811671217955
"hmgu","neg",509.905474974976,497.341391982842
"hmgu","neg",510.464864864866,497.871652786903
"hmgu","neg",511.024254754756,498.402496116092
"hmgu","neg",511.583644644646,498.933964456362
"hmgu","neg",512.143034534536,499.466100293667
"hmgu","neg",512.702424424426,499.998946113961
"hmgu","neg",513.261814314316,500.532544403197
"hmgu","neg",513.821204204206,501.066937647331
"hmgu","neg",514.380594094095,501.602168332314
"hmgu","neg",514.939983983985,502.138278944102
"hmgu","neg",515.499373873875,502.675311968648
"hmgu","neg",516.058763763765,503.213309891905
"hmgu","neg",516.618153653655,503.752315199829
"hmgu","neg",517.177543543545,504.292370378372
"hmgu","neg",517.736933433435,504.833517913488
"hmgu","neg",518.296323323325,505.375800291131
"hmgu","neg",518.855713213214,505.919259997255
"hmgu","neg",519.415103103104,506.463939517815
"hmgu","neg",519.974492992994,507.009880309434
"hmgu","neg",520.533882882884,507.557081724629
"hmgu","neg",521.093272772774,508.105487181049
"hmgu","neg",521.652662662664,508.655036230712
"hmgu","neg",522.212052552554,509.205668425637
"hmgu","neg",522.771442442444,509.757323317842
"hmgu","neg",523.330832332334,510.309940459345
"hmgu","neg",523.890222222223,510.863459402164
"hmgu","neg",524.449612112113,511.417819698319
"hmgu","neg",525.009002002003,511.972960899828
"hmgu","neg",525.568391891893,512.528822558708
"hmgu","neg",526.127781781783,513.085344226979
"hmgu","neg",526.687171671673,513.642465456659
"hmgu","neg",527.246561561563,514.200125799765
"hmgu","neg",527.805951451453,514.758264808318
"hmgu","neg",528.365341341342,515.316822034335
"hmgu","neg",528.924731231232,515.875737029834
"hmgu","neg",529.484121121122,516.434949346834
"hmgu","neg",530.043511011012,516.994398537353
"hmgu","neg",530.602900900902,517.55402415341
"hmgu","neg",531.162290790792,518.113765747023
"hmgu","neg",531.721680680682,518.673562870211
"hmgu","neg",532.281070570572,519.233355074992
"hmgu","neg",532.840460460461,519.793081913384
"hmgu","neg",533.399850350351,520.352682937406
"hmgu","neg",533.959240240241,520.912097699076
"hmgu","neg",534.518630130131,521.471265750413
"hmgu","neg",535.078020020021,522.030126643434
"hmgu","neg",535.637409909911,522.58861993016
"hmgu","neg",536.196799799801,523.146685162607
"hmgu","neg",536.756189689691,523.704261892794
"hmgu","neg",537.31557957958,524.26128967274
"hmgu","neg",537.87496946947,524.817708054464
"hmgu","neg",538.43435935936,525.373456589983
"hmgu","neg",538.99374924925,525.928474831315
"hmgu","neg",539.55313913914,526.482702330481
"hmgu","neg",540.11252902903,527.036078639497
"hmgu","neg",540.67191891892,527.588543310382
"hmgu","neg",541.23130880881,528.140035895154
"hmgu","neg",541.7906986987,528.690495945833
"hmgu","neg",542.350088588589,529.239863014437
"hmgu","neg",542.909478478479,529.788078520036
"hmgu","neg",543.468868368369,530.335128382893
"hmgu","neg",544.028258258259,530.881043908177
"hmgu","neg",544.587648148149,531.425858444872
"hmgu","neg",545.147038038039,531.969605341966
"hmgu","neg",545.706427927929,532.512317948444
"hmgu","neg",546.265817817819,533.054029613294
"hmgu","neg",546.825207707709,533.594773685501
"hmgu","neg",547.384597597598,534.134583514051
"hmgu","neg",547.943987487488,534.673492447931
"hmgu","neg",548.503377377378,535.211533836127
"hmgu","neg",549.062767267268,535.748741027625
"hmgu","neg",549.622157157158,536.285147371412
"hmgu","neg",550.181547047048,536.820786216474
"hmgu","neg",550.740936936938,537.355690911797
"hmgu","neg",551.300326826828,537.889894806367
"hmgu","neg",551.859716716717,538.423431249171
"hmgu","neg",552.419106606607,538.956333589195
"hmgu","neg",552.978496496497,539.488635175425
"hmgu","neg",553.537886386387,540.020369356848
"hmgu","neg",554.097276276277,540.551569482449
"hmgu","neg",554.656666166167,541.082268901215
"hmgu","neg",555.216056056057,541.612500962133
"hmgu","neg",555.775445945947,542.142299014188
"hmgu","neg",556.334835835836,542.671696406366
"hmgu","neg",556.894225725726,543.200726487655
"hmgu","neg",557.453615615616,543.72942260704
"hmgu","neg",558.013005505506,544.257818113508
"hmgu","neg",558.572395395396,544.785946356045
"hmgu","neg",559.131785285286,545.313840683637
"hmgu","neg",559.691175175176,545.84153444527
"hmgu","neg",560.250565065066,546.369060989931
"hmgu","neg",560.809954954956,546.896453666605
"hmgu","neg",561.369344844845,547.42374582428
"hmgu","neg",561.928734734735,547.950970811942
"hmgu","neg",562.488124624625,548.478161978576
"hmgu","neg",563.047514514515,549.005352673169
"hmgu","neg",563.606904404405,549.532576244708
"hmgu","neg",564.166294294295,550.059866042178
"hmgu","neg",564.725684184185,550.587255414565
"hmgu","neg",565.285074074074,551.114777702969
"hmgu","neg",565.844463963964,551.642461601303
"hmgu","neg",566.403853853854,552.170323333838
"hmgu","neg",566.963243743744,552.698377055075
"hmgu","neg",567.522633633634,553.226636919517
"hmgu","neg",568.082023523524,553.755117081666
"hmgu","neg",568.641413413414,554.283831696023
"hmgu","neg",569.200803303304,554.812794917091
"hmgu","neg",569.760193193194,555.342020899372
"hmgu","neg",570.319583083083,555.871523797368
"hmgu","neg",570.878972972973,556.401317765581
"hmgu","neg",571.438362862863,556.931416958514
"hmgu","neg",571.997752752753,557.461835530667
"hmgu","neg",572.557142642643,557.992587636544
"hmgu","neg",573.116532532533,558.523687430647
"hmgu","neg",573.675922422423,559.055149067477
"hmgu","neg",574.235312312313,559.586986701536
"hmgu","neg",574.794702202203,560.119214487327
"hmgu","neg",575.354092092092,560.651846579352
"hmgu","neg",575.913481981982,561.184897132112
"hmgu","neg",576.472871871872,561.718380300111
"hmgu","neg",577.032261761762,562.252310237849
"hmgu","neg",577.591651651652,562.78670109983
"hmgu","neg",578.151041541542,563.321567040554
"hmgu","neg",578.710431431432,563.856922214525
"hmgu","neg",579.269821321322,564.392780776244
"hmgu","neg",579.829211211211,564.929156880213
"hmgu","neg",580.388601101101,565.466064680935
"hmgu","neg",580.947990990991,566.003518332912
"hmgu","neg",581.507380880881,566.541531990645
"hmgu","neg",582.066770770771,567.080119808636
"hmgu","neg",582.626160660661,567.619295941389
"hmgu","neg",583.185550550551,568.159074543404
"hmgu","neg",583.744940440441,568.699469769184
"hmgu","neg",584.30433033033,569.240495773231
"hmgu","neg",584.86372022022,569.782166710047
"hmgu","neg",585.42311011011,570.324496734134
"hmgu","neg",585.9825,570.867499999995
"hmgu","pos",27.19449999999,26.914750000005
"hmgu","pos",27.7545255255156,27.5004760068217
"hmgu","pos",28.3145510510411,27.9714781919095
"hmgu","pos",28.8745765765667,28.3385023473863
"hmgu","pos",29.4346021020922,28.6159179119194
"hmgu","pos",29.9946276276178,28.8177881288473
"hmgu","pos",30.5546531531433,28.9581295499473
"hmgu","pos",31.1146786786689,29.0509587269967
"hmgu","pos",31.6747042041944,29.110292211773
"hmgu","pos",32.23472972972,29.1501465560536
"hmgu","pos",32.7947552552456,29.1845383116157
"hmgu","pos",33.3547807807711,29.2274840302369
"hmgu","pos",33.9148063062967,29.2930002636945
"hmgu","pos",34.4748318318222,29.3951035637659
"hmgu","pos",35.0348573573478,29.5478104822284
"hmgu","pos",35.5948828828733,29.7651375708594
"hmgu","pos",36.1549084083989,30.0611013814364
"hmgu","pos",36.7149339339244,30.4497184657366
"hmgu","pos",37.27495945945,30.9450528205477
"hmgu","pos",37.8349849849756,31.5605113528983
"hmgu","pos",38.3950105105011,32.2821946865079
"hmgu","pos",38.9550360360267,33.0859857437248
"hmgu","pos",39.5150615615522,33.9477674468971
"hmgu","pos",40.0750870870778,34.843422718373
"hmgu","pos",40.6351126126033,35.7488344805006
"hmgu","pos",41.1951381381289,36.6398856556283
"hmgu","pos",41.7551636636544,37.4924591661041
"hmgu","pos",42.31518918918,38.2824379342763
"hmgu","pos",42.8752147147056,38.9882789861998
"hmgu","pos",43.4352402402311,39.6093253186449
"hmgu","pos",43.9952657657567,40.1542060520496
"hmgu","pos",44.5552912912822,40.6315233019638
"hmgu","pos",45.1153168168078,41.0498791839372
"hmgu","pos",45.6753423423333,41.4178758135195
"hmgu","pos",46.2353678678589,41.7441153062604
"hmgu","pos",46.7953933933844,42.0371997777096
"hmgu","pos",47.35541891891,42.305731343417
"hmgu","pos",47.9154444444356,42.5583121189322
"hmgu","pos",48.4754699699611,42.803544219805
"hmgu","pos",49.0354954954867,43.050029761585
"hmgu","pos",49.5955210210122,43.3063708598221
"hmgu","pos",50.1555465465378,43.581169630066
"hmgu","pos",50.7155720720633,43.8830281878664
"hmgu","pos",51.2755975975889,44.2205486487729
"hmgu","pos",51.8356231231144,44.6023331283355
"hmgu","pos",52.39564864864,45.0369837421038
"hmgu","pos",52.9556741741656,45.5331026056274
"hmgu","pos",53.5156996996911,46.0992918344563
"hmgu","pos",54.0757252252167,46.74415354414
"hmgu","pos",54.6357507507422,47.4762898502284
"hmgu","pos",55.1957762762678,48.3035684519604
"hmgu","pos",55.7558018017933,49.2235567176812
"hmgu","pos",56.3158273273189,50.226230910518
"hmgu","pos",56.8758528528444,51.3013905933906
"hmgu","pos",57.43587837837,52.4388353292193
"hmgu","pos",57.9959039038956,53.6283646809239
"hmgu","pos",58.5559294294211,54.8597782114246
"hmgu","pos",59.1159549549467,56.1228754836414
"hmgu","pos",59.6759804804722,57.4074560604943
"hmgu","pos",60.2360060059978,58.7033195049032
"hmgu","pos",60.7960315315233,60.0002653797884
"hmgu","pos",61.3560570570489,61.2880932480697
"hmgu","pos",61.9160825825744,62.5578879011389
"hmgu","pos",62.4761081081,63.8075708085362
"hmgu","pos",63.0361336336256,65.0373277602928
"hmgu","pos",63.5961591591511,66.2473460091841
"hmgu","pos",64.1561846846767,67.4378128079861
"hmgu","pos",64.7162102102022,68.6089154094744
"hmgu","pos",65.2762357357278,69.7608410664246
"hmgu","pos",65.8362612612533,70.8937770316125
"hmgu","pos",66.3962867867789,72.0079105578137
"hmgu","pos",66.9563123123044,73.103428897804
"hmgu","pos",67.51633783783,74.180519304359
"hmgu","pos",68.0763633633556,75.2393690302545
"hmgu","pos",68.6363888888811,76.280165328266
"hmgu","pos",69.1964144144067,77.3030954511694
"hmgu","pos",69.7564399399322,78.3083466517402
"hmgu","pos",70.3164654654578,79.2961061827543
"hmgu","pos",70.8764909909833,80.2665612969872
"hmgu","pos",71.4365165165089,81.2198992472148
"hmgu","pos",71.9965420420344,82.1563072862126
"hmgu","pos",72.55656756756,83.0759726667563
"hmgu","pos",73.1165930930856,83.9790826416217
"hmgu","pos",73.6766186186111,84.8658244635845
"hmgu","pos",74.2366441441367,85.7363853854203
"hmgu","pos",74.7966696696622,86.5909526599048
"hmgu","pos",75.3566951951878,87.4297135398137
"hmgu","pos",75.9167207207133,88.2528552779227
"hmgu","pos",76.4767462462389,89.0605651270076
"hmgu","pos",77.0367717717644,89.8530303398439
"hmgu","pos",77.59679729729,90.6304381692075
"hmgu","pos",78.1568228228156,91.3929758678739
"hmgu","pos",78.7168483483411,92.1408306886189
"hmgu","pos",79.2768738738667,92.8741898842181
"hmgu","pos",79.8368993993922,93.5932407074473
"hmgu","pos",80.3969249249178,94.2981704110822
"hmgu","pos",80.9569504504433,94.9891662478984
"hmgu","pos",81.5169759759689,95.6664154706716
"hmgu","pos",82.0770015014945,96.3301053321775
"hmgu","pos",82.63702702702,96.9804230851918
"hmgu","pos",83.1970525525456,97.6175559824903
"hmgu","pos",83.7570780780711,98.2416912768486
"hmgu","pos",84.3171036035967,98.8530162210423
"hmgu","pos",84.8771291291222,99.4517180678472
"hmgu","pos",85.4371546546478,100.037984070039
"hmgu","pos",85.9971801801733,100.612001480393
"hmgu","pos",86.5572057056989,101.173957551686
"hmgu","pos",87.1172312312245,101.724039536693
"hmgu","pos",87.67725675675,102.262434688189
"hmgu","pos",88.2372822822756,102.78933025895
"hmgu","pos",88.7973078078011,103.304913501753
"hmgu","pos",89.3573333333267,103.809371669372
"hmgu","pos",89.9173588588522,104.302892014584
"hmgu","pos",90.4773843843778,104.785661790164
"hmgu","pos",91.0374099099033,105.257868248887
"hmgu","pos",91.5974354354289,105.71969864353
"hmgu","pos",92.1574609609545,106.171340226868
"hmgu","pos",92.71748648648,106.612980251678
"hmgu","pos",93.2775120120056,107.044805970733
"hmgu","pos",93.8375375375311,107.467004636811
"hmgu","pos",94.3975630630567,107.879763502687
"hmgu","pos",94.9575885885822,108.283269821136
"hmgu","pos",95.5176141141078,108.677710844935
"hmgu","pos",96.0776396396333,109.063273826859
"hmgu","pos",96.6376651651589,109.440146019684
"hmgu","pos",97.1976906906845,109.808514676185
"hmgu","pos",97.75771621621,110.168567049138
"hmgu","pos",98.3177417417356,110.520490391318
"hmgu","pos",98.8777672672611,110.864471955503
"hmgu","pos",99.4377927927867,111.200698994466
"hmgu","pos",99.9978183183122,111.529358760985
"hmgu","pos",100.557843843838,111.850638507833
"hmgu","pos",101.117869369363,112.164725487789
"hmgu","pos",101.677894894889,112.471806953626
"hmgu","pos",102.237920420414,112.77207015812
"hmgu","pos",102.79794594594,113.065702354048
"hmgu","pos",103.357971471466,113.352890794185
"hmgu","pos",103.917996996991,113.633822731307
"hmgu","pos",104.478022522517,113.908685418189
"hmgu","pos",105.038048048042,114.177666107607
"hmgu","pos",105.598073573568,114.440952052337
"hmgu","pos",106.158099099093,114.698730505155
"hmgu","pos",106.718124624619,114.951188718835
"hmgu","pos",107.278150150144,115.198513946155
"hmgu","pos",107.83817567567,115.440893439889
"hmgu","pos",108.398201201196,115.678514452813
"hmgu","pos",108.958226726721,115.911564237703
"hmgu","pos",109.518252252247,116.140230047335
"hmgu","pos",110.078277777772,116.364699134484
"hmgu","pos",110.638303303298,116.585158751926
"hmgu","pos",111.198328828823,116.801796152437
"hmgu","pos",111.758354354349,117.014798588792
"hmgu","pos",112.318379879874,117.224353313768
"hmgu","pos",112.8784054054,117.430647580139
"hmgu","pos",113.438430930926,117.633868640681
"hmgu","pos",113.998456456451,117.834203748171
"hmgu","pos",114.558481981977,118.031840155383
"hmgu","pos",115.118507507502,118.226965115094
"hmgu","pos",115.678533033028,118.41976588008
"hmgu","pos",116.238558558553,118.610429703115
"hmgu","pos",116.798584084079,118.799143836976
"hmgu","pos",117.358609609604,118.986095534438
"hmgu","pos",117.91863513513,119.171472048277
"hmgu","pos",118.478660660656,119.355460631269
"hmgu","pos",119.038686186181,119.538248536189
"hmgu","pos",119.598711711707,119.720023015813
"hmgu","pos",120.158737237232,119.900971322917
"hmgu","pos",120.718762762758,120.081280710277
"hmgu","pos",121.278788288283,120.261138430668
"hmgu","pos",121.838813813809,120.440731736865
"hmgu","pos",122.398839339334,120.620247881645
"hmgu","pos",122.95886486486,120.799874117783
"hmgu","pos",123.518890390386,120.979797698056
"hmgu","pos",124.078915915911,121.160205875237
"hmgu","pos",124.638941441437,121.341285902104
"hmgu","pos",125.198966966962,121.523225031433
"hmgu","pos",125.758992492488,121.706210515997
"hmgu","pos",126.319018018013,121.890429608574
"hmgu","pos",126.879043543539,122.07606956194
"hmgu","pos",127.439069069064,122.263317628869
"hmgu","pos",127.99909459459,122.452361062137
"hmgu","pos",128.559120120116,122.643387114521
"hmgu","pos",129.119145645641,122.836583038795
"hmgu","pos",129.679171171167,123.032136087736
"hmgu","pos",130.239196696692,123.230233514119
"hmgu","pos",130.799222222218,123.43106257072
"hmgu","pos",131.359247747743,123.634810510315
"hmgu","pos",131.919273273269,123.841664585679
"hmgu","pos",132.479298798794,124.051812049588
"hmgu","pos",133.03932432432,124.265440154817
"hmgu","pos",133.599349849846,124.482736154143
"hmgu","pos",134.159375375371,124.703887300341
"hmgu","pos",134.719400900897,124.929080846187
"hmgu","pos",135.279426426422,125.158504044456
"hmgu","pos",135.839451951948,125.392344147925
"hmgu","pos",136.399477477473,125.630788409368
"hmgu","pos",136.959503002999,125.874024081562
"hmgu","pos",137.519528528524,126.122238417282
"hmgu","pos",138.07955405405,126.375618669304
"hmgu","pos",138.639579579576,126.634352090403
"hmgu","pos",139.199605105101,126.898625933356
"hmgu","pos",139.759630630627,127.168627450937
"hmgu","pos",140.319656156152,127.44454368193
"hmgu","pos",140.879681681678,127.726498002393
"hmgu","pos",141.439707207203,128.014461495947
"hmgu","pos",141.999732732729,128.308382951306
"hmgu","pos",142.559758258254,128.608211157183
"hmgu","pos",143.11978378378,128.91389490229
"hmgu","pos",143.679809309306,129.225382975342
"hmgu","pos",144.239834834831,129.542624165051
"hmgu","pos",144.799860360357,129.865567260129
"hmgu","pos",145.359885885882,130.194161049291
"hmgu","pos",145.919911411408,130.528354321249
"hmgu","pos",146.479936936933,130.868095864716
"hmgu","pos",147.039962462459,131.213334468405
"hmgu","pos",147.599987987984,131.564018921029
"hmgu","pos",148.16001351351,131.920098011302
"hmgu","pos",148.720039039036,132.281520527936
"hmgu","pos",149.280064564561,132.648235259644
"hmgu","pos",149.840090090087,133.020190995139
"hmgu","pos",150.400115615612,133.397336523135
"hmgu","pos",150.960141141138,133.779620632344
"hmgu","pos",151.520166666663,134.16699211148
"hmgu","pos",152.080192192189,134.559399749255
"hmgu","pos",152.640217717714,134.956792334383
"hmgu","pos",153.20024324324,135.359118655576
"hmgu","pos",153.760268768766,135.766327501548
"hmgu","pos",154.320294294291,136.178367661012
"hmgu","pos",154.880319819817,136.59518792268
"hmgu","pos",155.440345345342,137.016737075267
"hmgu","pos",156.000370870868,137.442963907483
"hmgu","pos",156.560396396393,137.873817208044
"hmgu","pos",157.120421921919,138.309245765662
"hmgu","pos",157.680447447444,138.749198369049
"hmgu","pos",158.24047297297,139.19362380692
"hmgu","pos",158.800498498496,139.642470867986
"hmgu","pos",159.360524024021,140.095688340961
"hmgu","pos",159.920549549547,140.553225014559
"hmgu","pos",160.480575075072,141.015029677491
"hmgu","pos",161.040600600598,141.481051118472
"hmgu","pos",161.600626126123,141.951238126213
"hmgu","pos",162.160651651649,142.425539489429
"hmgu","pos",162.720677177174,142.903903996833
"hmgu","pos",163.2807027027,143.386280437136
"hmgu","pos",163.840728228226,143.872617599053
"hmgu","pos",164.400753753751,144.362864271296
"hmgu","pos",164.960779279277,144.856969242578
"hmgu","pos",165.520804804802,145.354881301613
"hmgu","pos",166.080830330328,145.856549237114
"hmgu","pos",166.640855855853,146.361921837793
"hmgu","pos",167.200881381379,146.870947892363
"hmgu","pos",167.760906906904,147.383576189538
"hmgu","pos",168.32093243243,147.899755518031
"hmgu","pos",168.880957957956,148.419434666554
"hmgu","pos",169.440983483481,148.942562423821
"hmgu","pos",170.001009009007,149.469087578545
"hmgu","pos",170.561034534532,149.998958919439
"hmgu","pos",171.121060060058,150.532125235215
"hmgu","pos",171.681085585583,151.068535314587
"hmgu","pos",172.241111111109,151.608137946269
"hmgu","pos",172.801136636634,152.150881918972
"hmgu","pos",173.36116216216,152.69671602141
"hmgu","pos",173.921187687686,153.245589042296
"hmgu","pos",174.481213213211,153.797449770343
"hmgu","pos",175.041238738737,154.352246994264
"hmgu","pos",175.601264264262,154.909929502772
"hmgu","pos",176.161289789788,155.470446084581
"hmgu","pos",176.721315315313,156.033745528402
"hmgu","pos",177.281340840839,156.59977662295
"hmgu","pos",177.841366366364,157.168488156937
"hmgu","pos",178.40139189189,157.739828919077
"hmgu","pos",178.961417417416,158.313747698082
"hmgu","pos",179.521442942941,158.890193282665
"hmgu","pos",180.081468468467,159.46911446154
"hmgu","pos",180.641493993992,160.050460023419
"hmgu","pos",181.201519519518,160.634178757015
"hmgu","pos",181.761545045043,161.220219451043
"hmgu","pos",182.321570570569,161.808530894213
"hmgu","pos",182.881596096094,162.399061875241
"hmgu","pos",183.44162162162,162.991761182838
"hmgu","pos",184.001647147146,163.586577605717
"hmgu","pos",184.561672672671,164.183459932593
"hmgu","pos",185.121698198197,164.782356952177
"hmgu","pos",185.681723723722,165.383217453183
"hmgu","pos",186.241749249248,165.985990224324
"hmgu","pos",186.801774774773,166.590624054313
"hmgu","pos",187.361800300299,167.197067731863
"hmgu","pos",187.921825825824,167.805270045687
"hmgu","pos",188.48185135135,168.415179784497
"hmgu","pos",189.041876876876,169.026745737008
"hmgu","pos",189.601902402401,169.639916691932
"hmgu","pos",190.161927927927,170.254641437982
"hmgu","pos",190.721953453452,170.870868763871
"hmgu","pos",191.281978978978,171.488547458312
"hmgu","pos",191.842004504503,172.107626310019
"hmgu","pos",192.402030030029,172.728054107704
"hmgu","pos",192.962055555554,173.34977964008
"hmgu","pos",193.52208108108,173.972751695861
"hmgu","pos",194.082106606606,174.596919063759
"hmgu","pos",194.642132132131,175.222230532487
"hmgu","pos",195.202157657657,175.848634890759
"hmgu","pos",195.762183183182,176.476080927287
"hmgu","pos",196.322208708708,177.104517430785
"hmgu","pos",196.882234234233,177.733893189965
"hmgu","pos",197.442259759759,178.364156993541
"hmgu","pos",198.002285285284,178.995257630226
"hmgu","pos",198.56231081081,179.627143888733
"hmgu","pos",199.122336336336,180.259764557774
"hmgu","pos",199.682361861861,180.893068426063
"hmgu","pos",200.242387387387,181.527004282313
"hmgu","pos",200.802412912912,182.161520915236
"hmgu","pos",201.362438438438,182.796567113547
"hmgu","pos",201.922463963963,183.432091665957
"hmgu","pos",202.482489489489,184.068043361181
"hmgu","pos",203.042515015014,184.70437098793
"hmgu","pos",203.60254054054,185.341023334919
"hmgu","pos",204.162566066066,185.977949190859
"hmgu","pos",204.722591591591,186.615097344465
"hmgu","pos",205.282617117117,187.252416584449
"hmgu","pos",205.842642642642,187.889855699524
"hmgu","pos",206.402668168168,188.527363478403
"hmgu","pos",206.962693693693,189.1648887098
"hmgu","pos",207.522719219219,189.802380182427
"hmgu","pos",208.082744744744,190.439786684997
"hmgu","pos",208.64277027027,191.077057006223
"hmgu","pos",209.202795795796,191.71413993482
"hmgu","pos",209.762821321321,192.350984259498
"hmgu","pos",210.322846846847,192.987538768972
"hmgu","pos",210.882872372372,193.623752251955
"hmgu","pos",211.442897897898,194.259573497159
"hmgu","pos",212.002923423423,194.894951293298
"hmgu","pos",212.562948948949,195.529834429084
"hmgu","pos",213.122974474474,196.164171693231
"hmgu","pos",213.683,196.797911874452
"hmgu","pos",214.243025525526,197.43100376146
"hmgu","pos",214.803051051051,198.063396142967
"hmgu","pos",215.363076576577,198.695037807688
"hmgu","pos",215.923102102102,199.325877544334
"hmgu","pos",216.483127627628,199.955864141619
"hmgu","pos",217.043153153153,200.584946388256
"hmgu","pos",217.603178678679,201.213073072959
"hmgu","pos",218.163204204204,201.840192984439
"hmgu","pos",218.72322972973,202.46625491141
"hmgu","pos",219.283255255256,203.091207642585
"hmgu","pos",219.843280780781,203.714999966678
"hmgu","pos",220.403306306307,204.337580672401
"hmgu","pos",220.963331831832,204.958898548467
"hmgu","pos",221.523357357358,205.578902383589
"hmgu","pos",222.083382882883,206.197545641689
"hmgu","pos",222.643408408409,206.814827896033
"hmgu","pos",223.203433933934,207.430774971663
"hmgu","pos",223.76345945946,208.045412997864
"hmgu","pos",224.323484984986,208.658768103918
"hmgu","pos",224.883510510511,209.270866419109
"hmgu","pos",225.443536036037,209.881734072721
"hmgu","pos",226.003561561562,210.491397194036
"hmgu","pos",226.563587087088,211.099881912338
"hmgu","pos",227.123612612613,211.707214356909
"hmgu","pos",227.683638138139,212.313420657034
"hmgu","pos",228.243663663664,212.918526941996
"hmgu","pos",228.80368918919,213.522559341077
"hmgu","pos",229.363714714716,214.125543983561
"hmgu","pos",229.923740240241,214.727506998732
"hmgu","pos",230.483765765767,215.328474515872
"hmgu","pos",231.043791291292,215.928472664265
"hmgu","pos",231.603816816818,216.527527573195
"hmgu","pos",232.163842342343,217.125665371944
"hmgu","pos",232.723867867869,217.722912189795
"hmgu","pos",233.283893393394,218.319294156032
"hmgu","pos",233.84391891892,218.914837399939
"hmgu","pos",234.403944444446,219.509568050798
"hmgu","pos",234.963969969971,220.103512237893
"hmgu","pos",235.523995495497,220.696696090507
"hmgu","pos",236.084021021022,221.289145737924
"hmgu","pos",236.644046546548,221.880887309425
"hmgu","pos",237.204072072073,222.471946934296
"hmgu","pos",237.764097597599,223.062350741819
"hmgu","pos",238.324123123124,223.652124861277
"hmgu","pos",238.88414864865,224.241295421954
"hmgu","pos",239.444174174176,224.829888553133
"hmgu","pos",240.004199699701,225.417930384097
"hmgu","pos",240.564225225227,226.00544704413
"hmgu","pos",241.124250750752,226.592464662514
"hmgu","pos",241.684276276278,227.179009368534
"hmgu","pos",242.244301801803,227.765107291471
"hmgu","pos",242.804327327329,228.35078456061
"hmgu","pos",243.364352852854,228.936067305234
"hmgu","pos",243.92437837838,229.520981654626
"hmgu","pos",244.484403903906,230.10555373807
"hmgu","pos",245.044429429431,230.689809684848
"hmgu","pos",245.604454954957,231.273775624244
"hmgu","pos",246.164480480482,231.857477685541
"hmgu","pos",246.724506006008,232.440941998023
"hmgu","pos",247.284531531533,233.024194690972
"hmgu","pos",247.844557057059,233.607261893673
"hmgu","pos",248.404582582584,234.190169735407
"hmgu","pos",248.96460810811,234.772944345459
"hmgu","pos",249.524633633636,235.355611853112
"hmgu","pos",250.084659159161,235.938198387649
"hmgu","pos",250.644684684687,236.520730078354
"hmgu","pos",251.204710210212,237.103233054509
"hmgu","pos",251.764735735738,237.685733445398
"hmgu","pos",252.324761261263,238.268257380304
"hmgu","pos",252.884786786789,238.85083098851
"hmgu","pos",253.444812312314,239.4334803993
"hmgu","pos",254.00483783784,240.016231741957
"hmgu","pos",254.564863363366,240.599111145764
"hmgu","pos",255.124888888891,241.182144740005
"hmgu","pos",255.684914414417,241.765358653963
"hmgu","pos",256.244939939942,242.34877901692
"hmgu","pos",256.804965465468,242.932431958161
"hmgu","pos",257.364990990993,243.516343606969
"hmgu","pos",257.925016516519,244.100540092626
"hmgu","pos",258.485042042044,244.685047544417
"hmgu","pos",259.04506756757,245.269892091623
"hmgu","pos",259.605093093096,245.85509986353
"hmgu","pos",260.165118618621,246.440696989419
"hmgu","pos",260.725144144147,247.026709598575
"hmgu","pos",261.285169669672,247.61316382028
"hmgu","pos",261.845195195198,248.200085783818
"hmgu","pos",262.405220720723,248.787501618472
"hmgu","pos",262.965246246249,249.375437238347
"hmgu","pos",263.525271771774,249.963907377395
"hmgu","pos",264.0852972973,250.552910368279
"hmgu","pos",264.645322822826,251.142443235943
"hmgu","pos",265.205348348351,251.732503005329
"hmgu","pos",265.765373873877,252.323086701383
"hmgu","pos",266.325399399402,252.914191349048
"hmgu","pos",266.885424924928,253.505813973269
"hmgu","pos",267.445450450453,254.097951598988
"hmgu","pos",268.005475975979,254.690601251151
"hmgu","pos",268.565501501505,255.283759954701
"hmgu","pos",269.12552702703,255.877424734581
"hmgu","pos",269.685552552556,256.471592615737
"hmgu","pos",270.245578078081,257.066260623112
"hmgu","pos",270.805603603607,257.66142578165
"hmgu","pos",271.365629129132,258.257085116294
"hmgu","pos",271.925654654658,258.85323565199
"hmgu","pos",272.485680180183,259.449874413681
"hmgu","pos",273.045705705709,260.04699842631
"hmgu","pos",273.605731231234,260.644604714822
"hmgu","pos",274.16575675676,261.242690304161
"hmgu","pos",274.725782282286,261.84125221927
"hmgu","pos",275.285807807811,262.440287485094
"hmgu","pos",275.845833333337,263.039793126577
"hmgu","pos",276.405858858862,263.639766168663
"hmgu","pos",276.965884384388,264.240203636295
"hmgu","pos",277.525909909913,264.841102554417
"hmgu","pos",278.085935435439,265.442459947974
"hmgu","pos",278.645960960964,266.04427284191
"hmgu","pos",279.20598648649,266.646538261168
"hmgu","pos",279.766012012016,267.249253230692
"hmgu","pos",280.326037537541,267.852414775426
"hmgu","pos",280.886063063067,268.456019920315
"hmgu","pos",281.446088588592,269.060065690303
"hmgu","pos",282.006114114118,269.664549110332
"hmgu","pos",282.566139639643,270.269467205348
"hmgu","pos",283.126165165169,270.874817000294
"hmgu","pos",283.686190690695,271.480595520114
"hmgu","pos",284.24621621622,272.086799789752
"hmgu","pos",284.806241741746,272.693426834152
"hmgu","pos",285.366267267271,273.300473678258
"hmgu","pos",285.926292792797,273.907937347015
"hmgu","pos",286.486318318322,274.515814865365
"hmgu","pos",287.046343843848,275.124103258253
"hmgu","pos",287.606369369373,275.732799550623
"hmgu","pos",288.166394894899,276.341900767419
"hmgu","pos",288.726420420424,276.951403933585
"hmgu","pos",289.28644594595,277.561306074064
"hmgu","pos",289.846471471476,278.171604213801
"hmgu","pos",290.406496997001,278.78229537774
"hmgu","pos",290.966522522527,279.393376590825
"hmgu","pos",291.526548048052,280.004844877999
"hmgu","pos",292.086573573578,280.616697264207
"hmgu","pos",292.646599099103,281.228930774393
"hmgu","pos",293.206624624629,281.8415424335
"hmgu","pos",293.766650150154,282.454529266472
"hmgu","pos",294.32667567568,283.067888298254
"hmgu","pos",294.886701201206,283.681616551923
"hmgu","pos",295.446726726731,284.295705057318
"hmgu","pos",296.006752252257,284.910125545661
"hmgu","pos",296.566777777782,285.524845871248
"hmgu","pos",297.126803303308,286.139833888376
"hmgu","pos",297.686828828833,286.755057451343
"hmgu","pos",298.246854354359,287.370484414445
"hmgu","pos",298.806879879884,287.986082631979
"hmgu","pos",299.36690540541,288.601819958243
"hmgu","pos",299.926930930936,289.217664247533
"hmgu","pos",300.486956456461,289.833583354146
"hmgu","pos",301.046981981987,290.449545132379
"hmgu","pos",301.607007507512,291.065517436529
"hmgu","pos",302.167033033038,291.681468120894
"hmgu","pos",302.727058558563,292.297365039769
"hmgu","pos",303.287084084089,292.913176047453
"hmgu","pos",303.847109609615,293.528868998241
"hmgu","pos",304.40713513514,294.144411746431
"hmgu","pos",304.967160660666,294.759772146321
"hmgu","pos",305.527186186191,295.374918052206
"hmgu","pos",306.087211711717,295.989817318384
"hmgu","pos",306.647237237242,296.604437799151
"hmgu","pos",307.207262762768,297.218747348806
"hmgu","pos",307.767288288293,297.832713821644
"hmgu","pos",308.327313813819,298.446305071963
"hmgu","pos",308.887339339344,299.059488954059
"hmgu","pos",309.44736486487,299.672233322231
"hmgu","pos",310.007390390396,300.284506030773
"hmgu","pos",310.567415915921,300.896274933985
"hmgu","pos",311.127441441447,301.507507886162
"hmgu","pos",311.687466966972,302.118172741601
"hmgu","pos",312.247492492498,302.7282373546
"hmgu","pos",312.807518018023,303.337669579455
"hmgu","pos",313.367543543549,303.946437270463
"hmgu","pos",313.927569069074,304.554508281922
"hmgu","pos",314.4875945946,305.161850468128
"hmgu","pos",315.047620120126,305.768431683379
"hmgu","pos",315.607645645651,306.37421978197
"hmgu","pos",316.167671171177,306.9791826182
"hmgu","pos",316.727696696702,307.583288046365
"hmgu","pos",317.287722222228,308.186503920762
"hmgu","pos",317.847747747753,308.788798095688
"hmgu","pos",318.407773273279,309.39013842544
"hmgu","pos",318.967798798804,309.990492764316
"hmgu","pos",319.52782432433,310.589828966611
"hmgu","pos",320.087849849856,311.188114886623
"hmgu","pos",320.647875375381,311.785318378649
"hmgu","pos",321.207900900907,312.381407296986
"hmgu","pos",321.767926426432,312.976349495931
"hmgu","pos",322.327951951958,313.570112850596
"hmgu","pos",322.887977477483,314.162682951514
"hmgu","pos",323.448003003009,314.754095370581
"hmgu","pos",324.008028528534,315.344394431275
"hmgu","pos",324.56805405406,315.933624457078
"hmgu","pos",325.128079579586,316.521829771468
"hmgu","pos",325.688105105111,317.109054697924
"hmgu","pos",326.248130630637,317.695343559926
"hmgu","pos",326.808156156162,318.280740680953
"hmgu","pos",327.368181681688,318.865290384484
"hmgu","pos",327.928207207213,319.449036993999
"hmgu","pos",328.488232732739,320.032024832978
"hmgu","pos",329.048258258264,320.614298224899
"hmgu","pos",329.60828378379,321.195901493242
"hmgu","pos",330.168309309316,321.776878961486
"hmgu","pos",330.728334834841,322.357274953111
"hmgu","pos",331.288360360367,322.937133791596
"hmgu","pos",331.848385885892,323.51649980042
"hmgu","pos",332.408411411418,324.095417303063
"hmgu","pos",332.968436936943,324.673930623003
"hmgu","pos",333.528462462469,325.252084083722
"hmgu","pos",334.088487987994,325.829922008697
"hmgu","pos",334.64851351352,326.407488721408
"hmgu","pos",335.208539039046,326.984828545335
"hmgu","pos",335.768564564571,327.561985803957
"hmgu","pos",336.328590090097,328.139004820753
"hmgu","pos",336.888615615622,328.715929919203
"hmgu","pos",337.448641141148,329.292805422785
"hmgu","pos",338.008666666673,329.86967565498
"hmgu","pos",338.568692192199,330.446584939267
"hmgu","pos",339.128717717724,331.023577599124
"hmgu","pos",339.68874324325,331.600697958032
"hmgu","pos",340.248768768776,332.17799033947
"hmgu","pos",340.808794294301,332.755499066917
"hmgu","pos",341.368819819827,333.333268463853
"hmgu","pos",341.928845345352,333.911342853756
"hmgu","pos",342.488870870878,334.489766560106
"hmgu","pos",343.048896396403,335.068583906384
"hmgu","pos",343.608921921929,335.647839216067
"hmgu","pos",344.168947447454,336.227576812635
"hmgu","pos",344.72897297298,336.807841019568
"hmgu","pos",345.288998498506,337.388676160345
"hmgu","pos",345.849024024031,337.970126558446
"hmgu","pos",346.409049549557,338.552236537349
"hmgu","pos",346.969075075082,339.135050420534
"hmgu","pos",347.529100600608,339.718612531481
"hmgu","pos",348.089126126133,340.302967193668
"hmgu","pos",348.649151651659,340.888155161382
"hmgu","pos",349.209177177184,341.474162099688
"hmgu","pos",349.76920270271,342.060930388003
"hmgu","pos",350.329228228236,342.648401240376
"hmgu","pos",350.889253753761,343.236515870856
"hmgu","pos",351.449279279287,343.825215493493
"hmgu","pos",352.009304804812,344.414441322334
"hmgu","pos",352.569330330338,345.00413457143
"hmgu","pos",353.129355855863,345.59423645483
"hmgu","pos",353.689381381389,346.184688186582
"hmgu","pos",354.249406906914,346.775430980735
"hmgu","pos",354.80943243244,347.36640605134
"hmgu","pos",355.369457957966,347.957554612444
"hmgu","pos",355.929483483491,348.548817878096
"hmgu","pos",356.489509009017,349.140137062347
"hmgu","pos",357.049534534542,349.731453379245
"hmgu","pos",357.609560060068,350.322708042839
"hmgu","pos",358.169585585593,350.913842267178
"hmgu","pos",358.729611111119,351.504797266311
"hmgu","pos",359.289636636645,352.095514254288
"hmgu","pos",359.84966216217,352.685934445156
"hmgu","pos",360.409687687696,353.275999052967
"hmgu","pos",360.969713213221,353.865649291768
"hmgu","pos",361.529738738747,354.454826375608
"hmgu","pos",362.089764264272,355.043471518537
"hmgu","pos",362.649789789798,355.631525934604
"hmgu","pos",363.209815315323,356.218930837858
"hmgu","pos",363.769840840849,356.805627442348
"hmgu","pos",364.329866366374,357.391556962123
"hmgu","pos",364.8898918919,357.976660611232
"hmgu","pos",365.449917417426,358.560879603724
"hmgu","pos",366.009942942951,359.144155153648
"hmgu","pos",366.569968468477,359.726428475054
"hmgu","pos",367.129993994002,360.30764078199
"hmgu","pos",367.690019519528,360.887733288505
"hmgu","pos",368.250045045053,361.466647208649
"hmgu","pos",368.810070570579,362.044323756471
"hmgu","pos",369.370096096104,362.620704146019
"hmgu","pos",369.93012162163,363.195729591344
"hmgu","pos",370.490147147156,363.769341306493
"hmgu","pos",371.050172672681,364.341480505516
"hmgu","pos",371.610198198207,364.912088402462
"hmgu","pos",372.170223723732,365.48110621138
"hmgu","pos",372.730249249258,366.04847514632
"hmgu","pos",373.290274774783,366.614154699715
"hmgu","pos",373.850300300309,367.178187408491
"hmgu","pos",374.410325825834,367.740639381659
"hmgu","pos",374.97035135136,368.301576729821
"hmgu","pos",375.530376876886,368.861065563577
"hmgu","pos",376.090402402411,369.419171993526
"hmgu","pos",376.650427927937,369.975962130269
"hmgu","pos",377.210453453462,370.531502084407
"hmgu","pos",377.770478978988,371.08585796654
"hmgu","pos",378.330504504513,371.639095887267
"hmgu","pos",378.890530030039,372.19128195719
"hmgu","pos",379.450555555565,372.742482286909
"hmgu","pos",380.01058108109,373.292762987023
"hmgu","pos",380.570606606616,373.842190168133
"hmgu","pos",381.130632132141,374.39082994084
"hmgu","pos",381.690657657667,374.938748415744
"hmgu","pos",382.250683183192,375.486011703445
"hmgu","pos",382.810708708718,376.032685914544
"hmgu","pos",383.370734234243,376.57883715964
"hmgu","pos",383.930759759769,377.124531549334
"hmgu","pos",384.490785285294,377.669835194226
"hmgu","pos",385.05081081082,378.214814204917
"hmgu","pos",385.610836336346,378.759534692007
"hmgu","pos",386.170861861871,379.304062766097
"hmgu","pos",386.730887387397,379.848464537785
"hmgu","pos",387.290912912922,380.392806117674
"hmgu","pos",387.850938438448,380.937153616362
"hmgu","pos",388.410963963973,381.481573144451
"hmgu","pos",388.970989489499,382.026130812541
"hmgu","pos",389.531015015024,382.570892731232
"hmgu","pos",390.09104054055,383.115925011124
"hmgu","pos",390.651066066076,383.661293762817
"hmgu","pos",391.211091591601,384.207065096913
"hmgu","pos",391.771117117127,384.75330512401
"hmgu","pos",392.331142642652,385.300079954711
"hmgu","pos",392.891168168178,385.847455699614
"hmgu","pos",393.451193693703,386.39549846932
"hmgu","pos",394.011219219229,386.944274374429
"hmgu","pos",394.571244744754,387.493849525542
"hmgu","pos",395.13127027028,388.04429003326
"hmgu","pos",395.691295795806,388.595662008181
"hmgu","pos",396.251321321331,389.148031560907
"hmgu","pos",396.811346846857,389.701464802038
"hmgu","pos",397.371372372382,390.256027842174
"hmgu","pos",397.931397897908,390.81178466551
"hmgu","pos",398.491423423433,391.368743296981
"hmgu","pos",399.051448948959,391.926851579302
"hmgu","pos",399.611474474485,392.486054382791
"hmgu","pos",400.17150000001,393.046296577761
"hmgu","pos",400.731525525536,393.607523034528
"hmgu","pos",401.291551051061,394.169678623408
"hmgu","pos",401.851576576587,394.732708214716
"hmgu","pos",402.411602102112,395.296556678768
"hmgu","pos",402.971627627638,395.861168885878
"hmgu","pos",403.531653153163,396.426489706364
"hmgu","pos",404.091678678689,396.992464010539
"hmgu","pos",404.651704204214,397.55903666872
"hmgu","pos",405.21172972974,398.126152551222
"hmgu","pos",405.771755255266,398.69375652836
"hmgu","pos",406.331780780791,399.26179347045
"hmgu","pos",406.891806306317,399.830208247807
"hmgu","pos",407.451831831842,400.398945730747
"hmgu","pos",408.011857357368,400.967950789585
"hmgu","pos",408.571882882893,401.537168294637
"hmgu","pos",409.131908408419,402.106543116218
"hmgu","pos",409.691933933944,402.676020124643
"hmgu","pos",410.25195945947,403.245544190228
"hmgu","pos",410.811984984996,403.815060183289
"hmgu","pos",411.372010510521,404.384512974141
"hmgu","pos",411.932036036047,404.953847433099
"hmgu","pos",412.492061561572,405.523008430478
"hmgu","pos",413.052087087098,406.091940836595
"hmgu","pos",413.612112612623,406.660589521765
"hmgu","pos",414.172138138149,407.228899356303
"hmgu","pos",414.732163663674,407.796815210524
"hmgu","pos",415.2921891892,408.364281954745
"hmgu","pos",415.852214714726,408.93124445928
"hmgu","pos",416.412240240251,409.497647594444
"hmgu","pos",416.972265765777,410.063436230555
"hmgu","pos",417.532291291302,410.628555237926
"hmgu","pos",418.092316816828,411.192949486873
"hmgu","pos",418.652342342353,411.756563847713
"hmgu","pos",419.212367867879,412.319343190759
"hmgu","pos",419.772393393405,412.881232386328
"hmgu","pos",420.33241891893,413.442176304736
"hmgu","pos",420.892444444456,414.002119816296
"hmgu","pos",421.452469969981,414.561007791326
"hmgu","pos",422.012495495507,415.118787841033
"hmgu","pos",422.572521021032,415.67545054079
"hmgu","pos",423.132546546558,416.231020567699
"hmgu","pos",423.692572072083,416.785523537561
"hmgu","pos",424.252597597609,417.338985066176
"hmgu","pos",424.812623123134,417.891430769345
"hmgu","pos",425.37264864866,418.442886262869
"hmgu","pos",425.932674174186,418.993377162549
"hmgu","pos",426.492699699711,419.542929084184
"hmgu","pos",427.052725225237,420.091567643575
"hmgu","pos",427.612750750762,420.639318456524
"hmgu","pos",428.172776276288,421.18620713883
"hmgu","pos",428.732801801813,421.732259306294
"hmgu","pos",429.292827327339,422.277500574717
"hmgu","pos",429.852852852864,422.821956559899
"hmgu","pos",430.41287837839,423.365652877641
"hmgu","pos",430.972903903916,423.908615143744
"hmgu","pos",431.532929429441,424.450868974008
"hmgu","pos",432.092954954967,424.992439984233
"hmgu","pos",432.652980480492,425.533353790221
"hmgu","pos",433.213006006018,426.073636007772
"hmgu","pos",433.773031531543,426.613312252686
"hmgu","pos",434.333057057069,427.152408140764
"hmgu","pos",434.893082582595,427.690949287807
"hmgu","pos",435.45310810812,428.228961309615
"hmgu","pos",436.013133633646,428.766469821988
"hmgu","pos",436.573159159171,429.303500440729
"hmgu","pos",437.133184684697,429.840078781636
"hmgu","pos",437.693210210222,430.37623046051
"hmgu","pos",438.253235735748,430.911981093153
"hmgu","pos",438.813261261273,431.447356295365
"hmgu","pos",439.373286786799,431.982381682946
"hmgu","pos",439.933312312325,432.517082871697
"hmgu","pos",440.49333783785,433.051485477418
"hmgu","pos",441.053363363376,433.585615115911
"hmgu","pos",441.613388888901,434.119497402975
"hmgu","pos",442.173414414427,434.653157954411
"hmgu","pos",442.733439939952,435.18662238602
"hmgu","pos",443.293465465478,435.719916313603
"hmgu","pos",443.853490991003,436.25306535296
"hmgu","pos",444.413516516529,436.786095119891
"hmgu","pos",444.973542042054,437.319031230198
"hmgu","pos",445.53356756758,437.85189929968
"hmgu","pos",446.093593093106,438.384724944139
"hmgu","pos",446.653618618631,438.917533773331
"hmgu","pos",447.213644144157,439.450346773875
"hmgu","pos",447.773669669682,439.983172067937
"hmgu","pos",448.333695195208,440.516015557896
"hmgu","pos",448.893720720733,441.048883146132
"hmgu","pos",449.453746246259,441.581780735025
"hmgu","pos",450.013771771784,442.114714226953
"hmgu","pos",450.57379729731,442.647689524296
"hmgu","pos",451.133822822836,443.180712529434
"hmgu","pos",451.693848348361,443.713789144747
"hmgu","pos",452.253873873887,444.246925272613
"hmgu","pos",452.813899399412,444.780126815413
"hmgu","pos",453.373924924938,445.313399675527
"hmgu","pos",453.933950450463,445.846749755332
"hmgu","pos",454.493975975989,446.38018295721
"hmgu","pos",455.054001501515,446.913705183539
"hmgu","pos",455.61402702704,447.447322336699
"hmgu","pos",456.174052552566,447.98104031907
"hmgu","pos",456.734078078091,448.514865033031
"hmgu","pos",457.294103603617,449.048802380961
"hmgu","pos",457.854129129142,449.582858265241
"hmgu","pos",458.414154654668,450.11703858825
"hmgu","pos",458.974180180193,450.651349252367
"hmgu","pos",459.534205705719,451.185796159972
"hmgu","pos",460.094231231245,451.720385213444
"hmgu","pos",460.65425675677,452.255122315163
"hmgu","pos",461.214282282296,452.790013367508
"hmgu","pos",461.774307807821,453.32506427286
"hmgu","pos",462.334333333347,453.860280933596
"hmgu","pos",462.894358858872,454.395669252098
"hmgu","pos",463.454384384398,454.931235130744
"hmgu","pos",464.014409909923,455.466984471915
"hmgu","pos",464.574435435449,456.002923177989
"hmgu","pos",465.134460960974,456.539057151346
"hmgu","pos",465.6944864865,457.075392294365
"hmgu","pos",466.254512012026,457.611934509427
"hmgu","pos",466.814537537551,458.14868969891
"hmgu","pos",467.374563063077,458.685663765195
"hmgu","pos",467.934588588602,459.222862610661
"hmgu","pos",468.494614114128,459.760292137686
"hmgu","pos",469.054639639653,460.297958248652
"hmgu","pos",469.614665165179,460.835866845937
"hmgu","pos",470.174690690704,461.374023831921
"hmgu","pos",470.73471621623,461.912435108983
"hmgu","pos",471.294741741756,462.451106569174
"hmgu","pos",471.854767267281,462.99004016805
"hmgu","pos",472.414792792807,463.52922800837
"hmgu","pos",472.974818318332,464.068660676409
"hmgu","pos",473.534843843858,464.608328758441
"hmgu","pos",474.094869369383,465.14822284074
"hmgu","pos",474.654894894909,465.68833350958
"hmgu","pos",475.214920420435,466.228651351236
"hmgu","pos",475.77494594596,466.769166951981
"hmgu","pos",476.334971471486,467.30987089809
"hmgu","pos",476.894996997011,467.850753775837
"hmgu","pos",477.455022522537,468.391806171496
"hmgu","pos",478.015048048062,468.933018671342
"hmgu","pos",478.575073573588,469.474381861648
"hmgu","pos",479.135099099113,470.015886328689
"hmgu","pos",479.695124624639,470.557522658738
"hmgu","pos",480.255150150165,471.099281438071
"hmgu","pos",480.81517567569,471.641153252961
"hmgu","pos",481.375201201216,472.183128689682
"hmgu","pos",481.935226726741,472.72519833451
"hmgu","pos",482.495252252267,473.267352773717
"hmgu","pos",483.055277777792,473.809582593578
"hmgu","pos",483.615303303318,474.351878380367
"hmgu","pos",484.175328828843,474.894230720358
"hmgu","pos",484.735354354369,475.436630199827
"hmgu","pos",485.295379879894,475.979067405045
"hmgu","pos",485.85540540542,476.52153292229
"hmgu","pos",486.415430930946,477.064017337833
"hmgu","pos",486.975456456471,477.606511237949
"hmgu","pos",487.535481981997,478.149005208913
"hmgu","pos",488.095507507522,478.691489836999
"hmgu","pos",488.655533033048,479.23395570848
"hmgu","pos",489.215558558573,479.776393409632
"hmgu","pos",489.775584084099,480.318793526728
"hmgu","pos",490.335609609624,480.861146646042
"hmgu","pos",490.89563513515,481.403443353849
"hmgu","pos",491.455660660676,481.945674236423
"hmgu","pos",492.015686186201,482.487829880038
"hmgu","pos",492.575711711727,483.029900870968
"hmgu","pos",493.135737237252,483.571877795487
"hmgu","pos",493.695762762778,484.11375123987
"hmgu","pos",494.255788288303,484.655511790391
"hmgu","pos",494.815813813829,485.197150033323
"hmgu","pos",495.375839339355,485.738656554942
"hmgu","pos",495.93586486488,486.280022060072
"hmgu","pos",496.495890390406,486.821243478994
"hmgu","pos",497.055915915931,487.362326913013
"hmgu","pos",497.615941441457,487.90327919895
"hmgu","pos",498.175966966982,488.444107173631
"hmgu","pos",498.735992492508,488.984817673878
"hmgu","pos",499.296018018033,489.525417536515
"hmgu","pos",499.856043543559,490.065913598365
"hmgu","pos",500.416069069085,490.606312696252
"hmgu","pos",500.97609459461,491.146621667
"hmgu","pos",501.536120120136,491.686847347431
"hmgu","pos",502.096145645661,492.226996574369
"hmgu","pos",502.656171171187,492.767076184638
"hmgu","pos",503.216196696712,493.307093015061
"hmgu","pos",503.776222222238,493.847053902461
"hmgu","pos",504.336247747763,494.386965683663
"hmgu","pos",504.896273273289,494.926835195489
"hmgu","pos",505.456298798814,495.466669274764
"hmgu","pos",506.01632432434,496.006474758309
"hmgu","pos",506.576349849866,496.54625848295
"hmgu","pos",507.136375375391,497.086027285509
"hmgu","pos",507.696400900917,497.62578800281
"hmgu","pos",508.256426426442,498.165547471676
"hmgu","pos",508.816451951968,498.705312528931
"hmgu","pos",509.376477477493,499.245090011399
"hmgu","pos",509.936503003019,499.784886755902
"hmgu","pos",510.496528528545,500.324709599264
"hmgu","pos",511.05655405407,500.86456537831
"hmgu","pos",511.616579579596,501.404460929861
"hmgu","pos",512.176605105121,501.944403090742
"hmgu","pos",512.736630630647,502.484398697776
"hmgu","pos",513.296656156172,503.024454587786
"hmgu","pos",513.856681681698,503.564577597597
"hmgu","pos",514.416707207223,504.104774564031
"hmgu","pos",514.976732732749,504.645052323912
"hmgu","pos",515.536758258275,505.185417714064
"hmgu","pos",516.0967837838,505.725877571309
"hmgu","pos",516.656809309326,506.266438732472
"hmgu","pos",517.216834834851,506.807108034376
"hmgu","pos",517.776860360377,507.347892313844
"hmgu","pos",518.336885885902,507.8887984077
"hmgu","pos",518.896911411428,508.429833152767
"hmgu","pos",519.456936936953,508.971003385869
"hmgu","pos",520.016962462479,509.512315883188
"hmgu","pos",520.576987988004,510.053770912246
"hmgu","pos",521.13701351353,510.595356522743
"hmgu","pos",521.697039039056,511.137059417914
"hmgu","pos",522.257064564581,511.678866300994
"hmgu","pos",522.817090090107,512.220763875217
"hmgu","pos",523.377115615632,512.762738843819
"hmgu","pos",523.937141141158,513.304777910032
"hmgu","pos",524.497166666683,513.846867777093
"hmgu","pos",525.057192192209,514.388995148235
"hmgu","pos",525.617217717735,514.931146726694
"hmgu","pos",526.17724324326,515.473309215703
"hmgu","pos",526.737268768786,516.015469318497
"hmgu","pos",527.297294294311,516.557613738312
"hmgu","pos",527.857319819837,517.09972917838
"hmgu","pos",528.417345345362,517.641802341938
"hmgu","pos",528.977370870888,518.18381993222
"hmgu","pos",529.537396396413,518.725768652459
"hmgu","pos",530.097421921939,519.267635205892
"hmgu","pos",530.657447447465,519.809406295752
"hmgu","pos",531.21747297299,520.351068625273
"hmgu","pos",531.777498498516,520.892608897691
"hmgu","pos",532.337524024041,521.434013816241
"hmgu","pos",532.897549549567,521.975270084156
"hmgu","pos",533.457575075092,522.516364404671
"hmgu","pos",534.017600600618,523.05728348102
"hmgu","pos",534.577626126143,523.59801401644
"hmgu","pos",535.137651651669,524.138542714163
"hmgu","pos",535.697677177194,524.678856277425
"hmgu","pos",536.25770270272,525.218941409459
"hmgu","pos",536.817728228246,525.758784813502
"hmgu","pos",537.377753753771,526.298373192787
"hmgu","pos",537.937779279297,526.837693250548
"hmgu","pos",538.497804804822,527.376731690021
"hmgu","pos",539.057830330348,527.91547521444
"hmgu","pos",539.617855855873,528.453910527039
"hmgu","pos",540.177881381399,528.992024331054
"hmgu","pos",540.737906906925,529.529803329718
"hmgu","pos",541.29793243245,530.067234226267
"hmgu","pos",541.857957957976,530.604303723934
"hmgu","pos",542.417983483501,531.140998525955
"hmgu","pos",542.978009009027,531.677305335563
"hmgu","pos",543.538034534552,532.213214663355
"hmgu","pos",544.098060060078,532.748734386918
"hmgu","pos",544.658085585603,533.283877332916
"hmgu","pos",545.218111111129,533.818656328378
"hmgu","pos",545.778136636655,534.353084200331
"hmgu","pos",546.33816216218,534.887173775805
"hmgu","pos",546.898187687706,535.420937881826
"hmgu","pos",547.458213213231,535.954389345424
"hmgu","pos",548.018238738757,536.487540993627
"hmgu","pos",548.578264264282,537.020405653463
"hmgu","pos",549.138289789808,537.552996151959
"hmgu","pos",549.698315315334,538.085325316145
"hmgu","pos",550.258340840859,538.617405973048
"hmgu","pos",550.818366366384,539.149250949696
"hmgu","pos",551.37839189191,539.680873073119
"hmgu","pos",551.938417417436,540.212285170344
"hmgu","pos",552.498442942961,540.743500068399
"hmgu","pos",553.058468468487,541.274530594312
"hmgu","pos",553.618493994012,541.805389575112
"hmgu","pos",554.178519519538,542.336089837827
"hmgu","pos",554.738545045063,542.866644209485
"hmgu","pos",555.298570570589,543.397065517114
"hmgu","pos",555.858596096115,543.927366587743
"hmgu","pos",556.41862162164,544.457560248399
"hmgu","pos",556.978647147166,544.987659326111
"hmgu","pos",557.538672672691,545.517676647908
"hmgu","pos",558.098698198217,546.047625040817
"hmgu","pos",558.658723723742,546.577517331866
"hmgu","pos",559.218749249268,547.107366348084
"hmgu","pos",559.778774774793,547.637184916499
"hmgu","pos",560.338800300319,548.166985864139
"hmgu","pos",560.898825825845,548.696782018033
"hmgu","pos",561.45885135137,549.226586205208
"hmgu","pos",562.018876876896,549.756411252692
"hmgu","pos",562.578902402421,550.286269987515
"hmgu","pos",563.138927927947,550.816175236704
"hmgu","pos",563.698953453472,551.346139827288
"hmgu","pos",564.258978978998,551.876176586294
"hmgu","pos",564.819004504523,552.406298340751
"hmgu","pos",565.379030030049,552.936517917687
"hmgu","pos",565.939055555574,553.466848089053
"hmgu","pos",566.4990810811,553.997299417412
"hmgu","pos",567.059106606626,554.527879555113
"hmgu","pos",567.619132132151,555.058595955919
"hmgu","pos",568.179157657677,555.589456073593
"hmgu","pos",568.739183183202,556.120467361898
"hmgu","pos",569.299208708728,556.651637274598
"hmgu","pos",569.859234234253,557.182973265455
"hmgu","pos",570.419259759779,557.714482788233
"hmgu","pos",570.979285285305,558.246173296695
"hmgu","pos",571.53931081083,558.778052244605
"hmgu","pos",572.099336336356,559.310127085725
"hmgu","pos",572.659361861881,559.842405273818
"hmgu","pos",573.219387387407,560.374894262648
"hmgu","pos",573.779412912932,560.907601505979
"hmgu","pos",574.339438438458,561.440534457573
"hmgu","pos",574.899463963983,561.973700571193
"hmgu","pos",575.459489489509,562.507107300604
"hmgu","pos",576.019515015035,563.040762099567
"hmgu","pos",576.57954054056,563.574672421846
"hmgu","pos",577.139566066086,564.108845721204
"hmgu","pos",577.699591591611,564.643289451405
"hmgu","pos",578.259617117137,565.178011066212
"hmgu","pos",578.819642642662,565.713018019388
"hmgu","pos",579.379668168188,566.248317764696
"hmgu","pos",579.939693693713,566.7839177559
"hmgu","pos",580.499719219239,567.319825446762
"hmgu","pos",581.059744744764,567.856048291046
"hmgu","pos",581.61977027029,568.392593742515
"hmgu","pos",582.179795795816,568.929469254932
"hmgu","pos",582.739821321341,569.46668228206
"hmgu","pos",583.299846846867,570.004240277664
"hmgu","pos",583.859872372392,570.542150695505
"hmgu","pos",584.419897897918,571.080420989347
"hmgu","pos",584.979923423443,571.619058612953
"hmgu","pos",585.539948948969,572.158071020087
"hmgu","pos",586.099974474495,572.697465664512
"hmgu","pos",586.66000000002,573.23724999999
"icl","neg",25.41499972344,26.208499999995
"icl","neg",25.9468956323055,26.3630245295711
"icl","neg",26.478791541171,26.6865786984612
"icl","neg",27.0106874500365,27.1766340693649
"icl","neg",27.542583358902,27.830662204982
"icl","neg",28.0744792677675,28.6461346680121
"icl","neg",28.606375176633,29.6205230211549
"icl","neg",29.1382710854985,30.7591686086408
"icl","neg",29.670166994364,32.0529938375416
"icl","neg",30.2020629032295,33.4776957864701
"icl","neg",30.733958812095,35.0089714824749
"icl","neg",31.2658547209605,36.6225179526044
"icl","neg",31.7977506298259,38.2940322239072
"icl","neg",32.3296465386914,39.9992113234316
"icl","neg",32.8615424475569,41.7137522782262
"icl","neg",33.3934383564224,43.4133521153395
"icl","neg",33.9253342652879,45.0737078618198
"icl","neg",34.4572301741534,46.6760668713064
"icl","neg",34.9891260830189,48.2446841111364
"icl","neg",35.5210219918844,49.7864841927821
"icl","neg",36.0529179007499,51.3017244293793
"icl","neg",36.5848138096154,52.7906621340636
"icl","neg",37.1167097184809,54.2535546199708
"icl","neg",37.6486056273464,55.6906592002366
"icl","neg",38.1805015362119,57.1022331879966
"icl","neg",38.7123974450774,58.4885338963867
"icl","neg",39.2442933539429,59.8498186385425
"icl","neg",39.7761892628084,61.1863447275997
"icl","neg",40.3080851716739,62.4983694766942
"icl","neg",40.8399810805394,63.7861501989614
"icl","neg",41.3718769894049,65.0499442075373
"icl","neg",41.9037728982704,66.2900088155575
"icl","neg",42.4356688071359,67.5066013361576
"icl","neg",42.9675647160014,68.6999790824736
"icl","neg",43.4994606248668,69.870399367641
"icl","neg",44.0313565337323,71.0181195047955
"icl","neg",44.5632524425978,72.1433968070729
"icl","neg",45.0951483514633,73.2464885876089
"icl","neg",45.6270442603288,74.3276521595392
"icl","neg",46.1589401691943,75.3871448359996
"icl","neg",46.6908360780598,76.4252239301257
"icl","neg",47.2227319869253,77.4421467550532
"icl","neg",47.7546278957908,78.4381706239179
"icl","neg",48.2865238046563,79.4135528498555
"icl","neg",48.8184197135218,80.3685507460017
"icl","neg",49.3503156223873,81.3034216254922
"icl","neg",49.8822115312528,82.2184228014627
"icl","neg",50.4141074401183,83.113811587049
"icl","neg",50.9460033489838,83.9898452953867
"icl","neg",51.4778992578493,84.8467812396117
"icl","neg",52.0097951667148,85.6848767328595
"icl","neg",52.5416910755803,86.5043890882659
"icl","neg",53.0735869844458,87.3055756189666
"icl","neg",53.6054828933113,88.0886936380973
"icl","neg",54.1373788021768,88.8540004587938
"icl","neg",54.6692747110423,89.6017533941918
"icl","neg",55.2011706199078,90.332209757427
"icl","neg",55.7330665287733,91.045626861635
"icl","neg",56.2649624376387,91.7422620199517
"icl","neg",56.7968583465042,92.4223725455126
"icl","neg",57.3287542553697,93.0862157514537
"icl","neg",57.8606501642352,93.7340489509104
"icl","neg",58.3925460731007,94.3661294570187
"icl","neg",58.9244419819662,94.9827145829141
"icl","neg",59.4563378908317,95.5840616417325
"icl","neg",59.9882337996972,96.1704279466094
"icl","neg",60.5201297085627,96.7420708106807
"icl","neg",61.0520256174282,97.299247547082
"icl","neg",61.5839215262937,97.842215468949
"icl","neg",62.1158174351592,98.3712318894176
"icl","neg",62.6477133440247,98.8865541216233
"icl","neg",63.1796092528902,99.388439478702
"icl","neg",63.7115051617557,99.8771452737892
"icl","neg",64.2434010706212,100.352928820021
"icl","neg",64.7752969794867,100.816047430532
"icl","neg",65.3071928883522,101.26675841846
"icl","neg",65.8390887972177,101.705319096939
"icl","neg",66.3709847060832,102.131986779105
"icl","neg",66.9028806149487,102.547018778094
"icl","neg",67.4347765238142,102.950672407042
"icl","neg",67.9666724326796,103.343204979083
"icl","neg",68.4985683415451,103.724873807355
"icl","neg",69.0304642504106,104.095936204993
"icl","neg",69.5623601592761,104.456649485133
"icl","neg",70.0942560681416,104.807270960909
"icl","neg",70.6261519770071,105.148057945458
"icl","neg",71.1580478858726,105.479267751916
"icl","neg",71.6899437947381,105.801157693419
"icl","neg",72.2218397036036,106.113985083101
"icl","neg",72.7537356124691,106.418007234099
"icl","neg",73.2856315213346,106.713481459549
"icl","neg",73.8175274302001,107.000665072586
"icl","neg",74.3494233390656,107.279815386346
"icl","neg",74.8813192479311,107.551189713964
"icl","neg",75.4132151567966,107.815045368577
"icl","neg",75.9451110656621,108.07163966332
"icl","neg",76.4770069745276,108.321229911329
"icl","neg",77.0089028833931,108.564073425739
"icl","neg",77.5407987922586,108.800427519686
"icl","neg",78.0726947011241,109.030549506306
"icl","neg",78.6045906099896,109.254696698735
"icl","neg",79.1364865188551,109.473126410109
"icl","neg",79.6683824277205,109.686095953562
"icl","neg",80.200278336586,109.893862642231
"icl","neg",80.7321742454515,110.096683789252
"icl","neg",81.264070154317,110.294816707759
"icl","neg",81.7959660631825,110.48851871089
"icl","neg",82.327861972048,110.67804711178
"icl","neg",82.8597578809135,110.863659223563
"icl","neg",83.391653789779,111.045612359377
"icl","neg",83.9235496986445,111.224163832357
"icl","neg",84.45544560751,111.399570955638
"icl","neg",84.9873415163755,111.572091042356
"icl","neg",85.519237425241,111.741981405648
"icl","neg",86.0511333341065,111.909499358648
"icl","neg",86.583029242972,112.074902214492
"icl","neg",87.1149251518375,112.238447286316
"icl","neg",87.646821060703,112.400391887257
"icl","neg",88.1787169695685,112.560993330448
"icl","neg",88.710612878434,112.720508929027
"icl","neg",89.2425087872995,112.879195996129
"icl","neg",89.774404696165,113.03731184489
"icl","neg",90.3063006050305,113.195113788445
"icl","neg",90.838196513896,113.35285913993
"icl","neg",91.3700924227614,113.51080521248
"icl","neg",91.901988331627,113.669209319233
"icl","neg",92.4338842404924,113.828328773322
"icl","neg",92.9657801493579,113.988420887885
"icl","neg",93.4976760582234,114.149742976056
"icl","neg",94.0295719670889,114.312552350971
"icl","neg",94.5614678759544,114.477106325767
"icl","neg",95.0933637848199,114.643662213578
"icl","neg",95.6252596936854,114.812477327541
"icl","neg",96.1571556025509,114.983808980791
"icl","neg",96.6890515114164,115.157914486465
"icl","neg",97.2209474202819,115.335051157696
"icl","neg",97.7528433291474,115.515476307623
"icl","neg",98.2847392380129,115.699447249379
"icl","neg",98.8166351468784,115.887221296101
"icl","neg",99.3485310557439,116.079055760924
"icl","neg",99.8804269646094,116.275207956985
"icl","neg",100.412322873475,116.475935197419
"icl","neg",100.94421878234,116.681494795362
"icl","neg",101.476114691206,116.892144063948
"icl","neg",102.008010600071,117.108140316315
"icl","neg",102.539906508937,117.329740865598
"icl","neg",103.071802417802,117.557203024933
"icl","neg",103.603698326668,117.790784107454
"icl","neg",104.135594235533,118.030741426299
"icl","neg",104.667490144399,118.277332294602
"icl","neg",105.199386053264,118.530814025499
"icl","neg",105.73128196213,118.791443932127
"icl","neg",106.263177870995,119.059479327621
"icl","neg",106.795073779861,119.335177525116
"icl","neg",107.326969688726,119.618795837748
"icl","neg",107.858865597592,119.910591578653
"icl","neg",108.390761506457,120.210822060967
"icl","neg",108.922657415323,120.519866602793
"icl","neg",109.454553324188,120.839084859937
"icl","neg",109.986449233054,121.168660038605
"icl","neg",110.518345141919,121.508426318661
"icl","neg",111.050241050785,121.858217879972
"icl","neg",111.58213695965,122.217868902403
"icl","neg",112.114032868516,122.58721356582
"icl","neg",112.645928777381,122.966086050087
"icl","neg",113.177824686247,123.354320535072
"icl","neg",113.709720595112,123.751751200639
"icl","neg",114.241616503978,124.158212226653
"icl","neg",114.773512412843,124.573537792981
"icl","neg",115.305408321709,124.997562079488
"icl","neg",115.837304230574,125.43011926604
"icl","neg",116.36920013944,125.871043532502
"icl","neg",116.901096048305,126.320169058739
"icl","neg",117.432991957171,126.777330024618
"icl","neg",117.964887866036,127.242360610004
"icl","neg",118.496783774902,127.715094994762
"icl","neg",119.028679683767,128.195367358758
"icl","neg",119.560575592633,128.683011881858
"icl","neg",120.092471501498,129.177862743927
"icl","neg",120.624367410364,129.67975412483
"icl","neg",121.156263319229,130.188520204434
"icl","neg",121.688159228095,130.703995162604
"icl","neg",122.22005513696,131.226013179206
"icl","neg",122.751951045826,131.754408434104
"icl","neg",123.283846954691,132.289015107165
"icl","neg",123.815742863557,132.829667378254
"icl","neg",124.347638772422,133.376199427237
"icl","neg",124.879534681288,133.928445433979
"icl","neg",125.411430590153,134.486239578347
"icl","neg",125.943326499019,135.049416040204
"icl","neg",126.475222407884,135.617808999418
"icl","neg",127.00711831675,136.191252635853
"icl","neg",127.539014225615,136.769581129376
"icl","neg",128.070910134481,137.352628659851
"icl","neg",128.602806043346,137.940229407144
"icl","neg",129.134701952212,138.532217551122
"icl","neg",129.666597861077,139.128427271649
"icl","neg",130.198493769943,139.728692748591
"icl","neg",130.730389678808,140.332848161813
"icl","neg",131.262285587674,140.940727691182
"icl","neg",131.794181496539,141.552165516562
"icl","neg",132.326077405405,142.16699581782
"icl","neg",132.85797331427,142.785052774821
"icl","neg",133.389869223136,143.40617056743
"icl","neg",133.921765132001,144.030183375514
"icl","neg",134.453661040867,144.656925378937
"icl","neg",134.985556949732,145.286230757565
"icl","neg",135.517452858598,145.917933691264
"icl","neg",136.049348767463,146.551868359899
"icl","neg",136.581244676329,147.187868943336
"icl","neg",137.113140585194,147.825769621441
"icl","neg",137.64503649406,148.465404574079
"icl","neg",138.176932402925,149.106607981115
"icl","neg",138.708828311791,149.749214022416
"icl","neg",139.240724220656,150.393056877846
"icl","neg",139.772620129522,151.037970727272
"icl","neg",140.304516038387,151.683789750559
"icl","neg",140.836411947253,152.330348127572
"icl","neg",141.368307856118,152.977480038177
"icl","neg",141.900203764984,153.62501966224
"icl","neg",142.432099673849,154.272801179626
"icl","neg",142.963995582715,154.920658770201
"icl","neg",143.49589149158,155.56842661383
"icl","neg",144.027787400446,156.215938890379
"icl","neg",144.559683309311,156.863029779714
"icl","neg",145.091579218176,157.5095334617
"icl","neg",145.623475127042,158.155284116202
"icl","neg",146.155371035907,158.800115923087
"icl","neg",146.687266944773,159.44386306222
"icl","neg",147.219162853638,160.086359713465
"icl","neg",147.751058762504,160.72744005669
"icl","neg",148.282954671369,161.36693827176
"icl","neg",148.814850580235,162.004688538539
"icl","neg",149.3467464891,162.640525036894
"icl","neg",149.878642397966,163.27428194669
"icl","neg",150.410538306831,163.905793447793
"icl","neg",150.942434215697,164.534893720069
"icl","neg",151.474330124562,165.161416943382
"icl","neg",152.006226033428,165.785197297599
"icl","neg",152.538121942293,166.406068962585
"icl","neg",153.070017851159,167.023866118206
"icl","neg",153.601913760024,167.638422944327
"icl","neg",154.13380966889,168.249573620814
"icl","neg",154.665705577755,168.857152327532
"icl","neg",155.197601486621,169.460993244347
"icl","neg",155.729497395486,170.060930898794
"icl","neg",156.261393304352,170.656871581274
"icl","neg",156.793289213217,171.248880750809
"icl","neg",157.325185122083,171.837045257459
"icl","neg",157.857081030948,172.421451951284
"icl","neg",158.388976939814,173.002187682343
"icl","neg",158.920872848679,173.579339300697
"icl","neg",159.452768757545,174.152993656405
"icl","neg",159.98466466641,174.723237599527
"icl","neg",160.516560575276,175.290157980123
"icl","neg",161.048456484141,175.853841648252
"icl","neg",161.580352393007,176.414375453975
"icl","neg",162.112248301872,176.971846247352
"icl","neg",162.644144210738,177.526340878442
"icl","neg",163.176040119603,178.077946197305
"icl","neg",163.707936028469,178.626749054002
"icl","neg",164.239831937334,179.172836298591
"icl","neg",164.7717278462,179.716294781133
"icl","neg",165.303623755065,180.257211351687
"icl","neg",165.835519663931,180.795672860314
"icl","neg",166.367415572796,181.331766157073
"icl","neg",166.899311481662,181.865578092024
"icl","neg",167.431207390527,182.397195515228
"icl","neg",167.963103299393,182.926705276743
"icl","neg",168.494999208258,183.45419422663
"icl","neg",169.026895117124,183.979749214948
"icl","neg",169.558791025989,184.503457091758
"icl","neg",170.090686934855,185.025404707119
"icl","neg",170.62258284372,185.545678911091
"icl","neg",171.154478752586,186.064366553734
"icl","neg",171.686374661451,186.581554485107
"icl","neg",172.218270570317,187.097329555272
"icl","neg",172.750166479182,187.611778614287
"icl","neg",173.282062388048,188.124988512212
"icl","neg",173.813958296913,188.637046099107
"icl","neg",174.345854205779,189.148038225033
"icl","neg",174.877750114644,189.658051740048
"icl","neg",175.40964602351,190.167173494213
"icl","neg",175.941541932375,190.675490337588
"icl","neg",176.473437841241,191.183089120232
"icl","neg",177.005333750106,191.690056692206
"icl","neg",177.537229658972,192.196479903568
"icl","neg",178.069125567837,192.70244560438
"icl","neg",178.601021476703,193.2080406447
"icl","neg",179.132917385568,193.713351874589
"icl","neg",179.664813294434,194.218466144107
"icl","neg",180.196709203299,194.723470303313
"icl","neg",180.728605112165,195.228451202268
"icl","neg",181.26050102103,195.73349569103
"icl","neg",181.792396929896,196.238690619661
"icl","neg",182.324292838761,196.744122838219
"icl","neg",182.856188747627,197.249879196765
"icl","neg",183.388084656492,197.756046545358
"icl","neg",183.919980565358,198.262711734059
"icl","neg",184.451876474223,198.769961612927
"icl","neg",184.983772383089,199.277883032022
"icl","neg",185.515668291954,199.786562841404
"icl","neg",186.04756420082,200.296087891133
"icl","neg",186.579460109685,200.806545031268
"icl","neg",187.111356018551,201.31802111187
"icl","neg",187.643251927416,201.830602982998
"icl","neg",188.175147836282,202.344377494712
"icl","neg",188.707043745147,202.859428441943
"icl","neg",189.238939654013,203.375783686462
"icl","neg",189.770835562878,203.893422122888
"icl","neg",190.302731471744,204.412320991647
"icl","neg",190.834627380609,204.932457533164
"icl","neg",191.366523289475,205.453808987862
"icl","neg",191.89841919834,205.976352596165
"icl","neg",192.430315107206,206.500065598499
"icl","neg",192.962211016071,207.024925235288
"icl","neg",193.494106924937,207.550908746955
"icl","neg",194.026002833802,208.077993373927
"icl","neg",194.557898742668,208.606156356626
"icl","neg",195.089794651533,209.135374935478
"icl","neg",195.621690560399,209.665626350906
"icl","neg",196.153586469264,210.196887843336
"icl","neg",196.68548237813,210.729136653191
"icl","neg",197.217378286995,211.262350020896
"icl","neg",197.749274195861,211.796505186876
"icl","neg",198.281170104726,212.331579391555
"icl","neg",198.813066013592,212.867549875357
"icl","neg",199.344961922457,213.404393878706
"icl","neg",199.876857831323,213.942088642028
"icl","neg",200.408753740188,214.480611405746
"icl","neg",200.940649649054,215.019939410286
"icl","neg",201.472545557919,215.560049896071
"icl","neg",202.004441466784,216.100920103525
"icl","neg",202.53633737565,216.642527273074
"icl","neg",203.068233284515,217.184848645141
"icl","neg",203.600129193381,217.727861460152
"icl","neg",204.132025102247,218.27154295853
"icl","neg",204.663921011112,218.8158703807
"icl","neg",205.195816919977,219.360820967086
"icl","neg",205.727712828843,219.906371958113
"icl","neg",206.259608737708,220.452500594206
"icl","neg",206.791504646574,220.999184115787
"icl","neg",207.323400555439,221.546399763283
"icl","neg",207.855296464305,222.094124777117
"icl","neg",208.38719237317,222.642336397714
"icl","neg",208.919088282036,223.191011865498
"icl","neg",209.450984190901,223.740128420894
"icl","neg",209.982880099767,224.289663304326
"icl","neg",210.514776008632,224.839593756219
"icl","neg",211.046671917498,225.389897016997
"icl","neg",211.578567826363,225.940550327083
"icl","neg",212.110463735229,226.491530926904
"icl","neg",212.642359644094,227.042816056883
"icl","neg",213.17425555296,227.594382957444
"icl","neg",213.706151461825,228.146208869012
"icl","neg",214.238047370691,228.698271032012
"icl","neg",214.769943279556,229.250546686868
"icl","neg",215.301839188422,229.803013074004
"icl","neg",215.833735097287,230.355647433845
"icl","neg",216.365631006153,230.908427006814
"icl","neg",216.897526915018,231.461329033338
"icl","neg",217.429422823884,232.014330753839
"icl","neg",217.961318732749,232.567409408743
"icl","neg",218.493214641615,233.120542238473
"icl","neg",219.02511055048,233.673706483455
"icl","neg",219.557006459346,234.226879384112
"icl","neg",220.088902368211,234.780038180869
"icl","neg",220.620798277077,235.333160114151
"icl","neg",221.152694185942,235.886222424381
"icl","neg",221.684590094808,236.439202351985
"icl","neg",222.216486003673,236.992077137387
"icl","neg",222.748381912539,237.544824021011
"icl","neg",223.280277821404,238.097420243281
"icl","neg",223.81217373027,238.649843044622
"icl","neg",224.344069639135,239.202069665459
"icl","neg",224.875965548001,239.754077346215
"icl","neg",225.407861456866,240.305843327316
"icl","neg",225.939757365732,240.857344849185
"icl","neg",226.471653274597,241.408559152248
"icl","neg",227.003549183463,241.959463476928
"icl","neg",227.535445092328,242.510035063649
"icl","neg",228.067341001194,243.060251152837
"icl","neg",228.599236910059,243.610088984916
"icl","neg",229.131132818925,244.15952580031
"icl","neg",229.66302872779,244.708538839444
"icl","neg",230.194924636656,245.257105342741
"icl","neg",230.726820545521,245.805202550627
"icl","neg",231.258716454387,246.352807703526
"icl","neg",231.790612363252,246.899898606933
"icl","neg",232.322508272118,247.446468291245
"icl","neg",232.854404180983,247.99252636334
"icl","neg",233.386300089849,248.538083266097
"icl","neg",233.918195998714,249.083149442395
"icl","neg",234.45009190758,249.627735335114
"icl","neg",234.981987816445,250.171851387133
"icl","neg",235.513883725311,250.71550804133
"icl","neg",236.045779634176,251.258715740585
"icl","neg",236.577675543042,251.801484927776
"icl","neg",237.109571451907,252.343826045784
"icl","neg",237.641467360773,252.885749537487
"icl","neg",238.173363269638,253.427265845764
"icl","neg",238.705259178504,253.968385413494
"icl","neg",239.237155087369,254.509118683556
"icl","neg",239.769050996235,255.04947609883
"icl","neg",240.3009469051,255.589468102195
"icl","neg",240.832842813966,256.129105136529
"icl","neg",241.364738722831,256.668397644713
"icl","neg",241.896634631697,257.207356069624
"icl","neg",242.428530540562,257.745990854142
"icl","neg",242.960426449428,258.284312441146
"icl","neg",243.492322358293,258.822331273515
"icl","neg",244.024218267159,259.360057794129
"icl","neg",244.556114176024,259.897502445866
"icl","neg",245.08801008489,260.434675671605
"icl","neg",245.619905993755,260.971587914227
"icl","neg",246.151801902621,261.508249616609
"icl","neg",246.683697811486,262.04467122163
"icl","neg",247.215593720352,262.580863172171
"icl","neg",247.747489629217,263.11683591111
"icl","neg",248.279385538083,263.652599881326
"icl","neg",248.811281446948,264.188165525698
"icl","neg",249.343177355814,264.723543287106
"icl","neg",249.875073264679,265.258743608428
"icl","neg",250.406969173545,265.793776932543
"icl","neg",250.93886508241,266.328653702332
"icl","neg",251.470760991276,266.863384360672
"icl","neg",252.002656900141,267.397979350443
"icl","neg",252.534552809007,267.932449114524
"icl","neg",253.066448717872,268.466804095794
"icl","neg",253.598344626738,269.001054737132
"icl","neg",254.130240535603,269.535211481417
"icl","neg",254.662136444469,270.069284771529
"icl","neg",255.194032353334,270.603285050347
"icl","neg",255.7259282622,271.137222760749
"icl","neg",256.257824171065,271.671108345615
"icl","neg",256.789720079931,272.204952247823
"icl","neg",257.321615988796,272.738764910254
"icl","neg",257.853511897662,273.272556775785
"icl","neg",258.385407806527,273.806338287297
"icl","neg",258.917303715393,274.340119887668
"icl","neg",259.449199624258,274.873912019777
"icl","neg",259.981095533124,275.407725126504
"icl","neg",260.512991441989,275.941569650727
"icl","neg",261.044887350855,276.475456035326
"icl","neg",261.57678325972,277.00939472318
"icl","neg",262.108679168586,277.543396157167
"icl","neg",262.640575077451,278.077470780168
"icl","neg",263.172470986317,278.61162903506
"icl","neg",263.704366895182,279.145881364724
"icl","neg",264.236262804047,279.680238212038
"icl","neg",264.768158712913,280.214710019882
"icl","neg",265.300054621778,280.749307231134
"icl","neg",265.831950530644,281.284040269632
"icl","neg",266.363846439509,281.818915715849
"icl","neg",266.895742348375,282.353931668207
"icl","neg",267.42763825724,282.889085091732
"icl","neg",267.959534166106,283.42437295145
"icl","neg",268.491430074971,283.959792212385
"icl","neg",269.023325983837,284.495339839564
"icl","neg",269.555221892702,285.031012798013
"icl","neg",270.087117801568,285.566808052755
"icl","neg",270.619013710433,286.102722568818
"icl","neg",271.150909619299,286.638753311227
"icl","neg",271.682805528164,287.174897245007
"icl","neg",272.21470143703,287.711151335184
"icl","neg",272.746597345895,288.247512546783
"icl","neg",273.278493254761,288.78397784483
"icl","neg",273.810389163626,289.32054419435
"icl","neg",274.342285072492,289.85720856037
"icl","neg",274.874180981357,290.393967907913
"icl","neg",275.406076890223,290.930819202007
"icl","neg",275.937972799088,291.467759407676
"icl","neg",276.469868707954,292.004785489946
"icl","neg",277.001764616819,292.541894413843
"icl","neg",277.533660525685,293.079083144392
"icl","neg",278.06555643455,293.616348646619
"icl","neg",278.597452343416,294.153687885549
"icl","neg",279.129348252281,294.691097826207
"icl","neg",279.661244161147,295.22857543362
"icl","neg",280.193140070012,295.766117672813
"icl","neg",280.725035978878,296.303721508811
"icl","neg",281.256931887743,296.841383906639
"icl","neg",281.788827796609,297.379101831325
"icl","neg",282.320723705474,297.916872247892
"icl","neg",282.85261961434,298.454692121366
"icl","neg",283.384515523205,298.992558416774
"icl","neg",283.916411432071,299.53046809914
"icl","neg",284.448307340936,300.06841813349
"icl","neg",284.980203249802,300.60640548485
"icl","neg",285.512099158667,301.144427118245
"icl","neg",286.043995067533,301.682479998701
"icl","neg",286.575890976398,302.220561091243
"icl","neg",287.107786885264,302.758667360896
"icl","neg",287.639682794129,303.296795772687
"icl","neg",288.171578702995,303.834943291641
"icl","neg",288.70347461186,304.373106882783
"icl","neg",289.235370520726,304.911283511139
"icl","neg",289.767266429591,305.449470141734
"icl","neg",290.299162338457,305.987663739594
"icl","neg",290.831058247322,306.525861269745
"icl","neg",291.362954156188,307.064059697212
"icl","neg",291.894850065053,307.60225598702
"icl","neg",292.426745973919,308.140447104196
"icl","neg",292.958641882784,308.678630013764
"icl","neg",293.49053779165,309.21680168075
"icl","neg",294.022433700515,309.75495907018
"icl","neg",294.554329609381,310.293099147079
"icl","neg",295.086225518246,310.831218876473
"icl","neg",295.618121427112,311.36931543257
"icl","neg",296.150017335977,311.907389741096
"icl","neg",296.681913244843,312.445445970759
"icl","neg",297.213809153708,312.98348839706
"icl","neg",297.745705062574,313.521521295504
"icl","neg",298.277600971439,314.059548941594
"icl","neg",298.809496880305,314.597575610833
"icl","neg",299.34139278917,315.135605578724
"icl","neg",299.873288698036,315.673643120771
"icl","neg",300.405184606901,316.211692512476
"icl","neg",300.937080515767,316.749758029344
"icl","neg",301.468976424632,317.287843946877
"icl","neg",302.000872333498,317.825954540579
"icl","neg",302.532768242363,318.364094085954
"icl","neg",303.064664151229,318.902266858503
"icl","neg",303.596560060094,319.440477133732
"icl","neg",304.12845596896,319.978729187142
"icl","neg",304.660351877825,320.517027294238
"icl","neg",305.192247786691,321.055375730522
"icl","neg",305.724143695556,321.593778771499
"icl","neg",306.256039604422,322.13224069267
"icl","neg",306.787935513287,322.67076576954
"icl","neg",307.319831422153,323.209358277612
"icl","neg",307.851727331018,323.74802249239
"icl","neg",308.383623239884,324.286762689375
"icl","neg",308.915519148749,324.825583144073
"icl","neg",309.447415057615,325.364488131985
"icl","neg",309.97931096648,325.903481928616
"icl","neg",310.511206875346,326.442568809469
"icl","neg",311.043102784211,326.981753050046
"icl","neg",311.574998693077,327.521038925852
"icl","neg",312.106894601942,328.060430712389
"icl","neg",312.638790510808,328.599932685162
"icl","neg",313.170686419673,329.139549119672
"icl","neg",313.702582328539,329.679284291424
"icl","neg",314.234478237404,330.219142475921
"icl","neg",314.76637414627,330.759127948666
"icl","neg",315.298270055135,331.299244985162
"icl","neg",315.830165964001,331.839497860913
"icl","neg",316.362061872866,332.379890851422
"icl","neg",316.893957781732,332.920428232193
"icl","neg",317.425853690597,333.461114278728
"icl","neg",317.957749599463,334.001953266531
"icl","neg",318.489645508328,334.542949471105
"icl","neg",319.021541417194,335.084107167953
"icl","neg",319.553437326059,335.62543063258
"icl","neg",320.085333234925,336.166924140488
"icl","neg",320.61722914379,336.70859196718
"icl","neg",321.149125052656,337.25043838816
"icl","neg",321.681020961521,337.79246767893
"icl","neg",322.212916870387,338.334684114996
"icl","neg",322.744812779252,338.87708918155
"icl","neg",323.276708688118,339.419671540302
"icl","neg",323.808604596983,339.962416171441
"icl","neg",324.340500505849,340.505308054839
"icl","neg",324.872396414714,341.048332170368
"icl","neg",325.40429232358,341.591473497901
"icl","neg",325.936188232445,342.134717017308
"icl","neg",326.46808414131,342.678047708462
"icl","neg",326.999980050176,343.221450551235
"icl","neg",327.531875959041,343.764910525499
"icl","neg",328.063771867907,344.308412611125
"icl","neg",328.595667776772,344.851941787986
"icl","neg",329.127563685638,345.395483035954
"icl","neg",329.659459594503,345.9390213349
"icl","neg",330.191355503369,346.482541664696
"icl","neg",330.723251412234,347.026029005214
"icl","neg",331.2551473211,347.569468336327
"icl","neg",331.787043229965,348.112844637906
"icl","neg",332.318939138831,348.656142889822
"icl","neg",332.850835047696,349.199348071949
"icl","neg",333.382730956562,349.742445164158
"icl","neg",333.914626865427,350.28541914632
"icl","neg",334.446522774293,350.828254998309
"icl","neg",334.978418683158,351.370937699995
"icl","neg",335.510314592024,351.913452231251
"icl","neg",336.042210500889,352.455783571948
"icl","neg",336.574106409755,352.997916701958
"icl","neg",337.10600231862,353.539836601154
"icl","neg",337.637898227486,354.081528249408
"icl","neg",338.169794136351,354.62297662659
"icl","neg",338.701690045217,355.164166712574
"icl","neg",339.233585954082,355.705083487231
"icl","neg",339.765481862948,356.245711930433
"icl","neg",340.297377771813,356.786037022052
"icl","neg",340.829273680679,357.32604374196
"icl","neg",341.361169589544,357.865717070028
"icl","neg",341.89306549841,358.40504198613
"icl","neg",342.424961407275,358.944003470136
"icl","neg",342.956857316141,359.482586501918
"icl","neg",343.488753225006,360.020776061349
"icl","neg",344.020649133872,360.558557128301
"icl","neg",344.552545042737,361.095914682645
"icl","neg",345.084440951603,361.632833704253
"icl","neg",345.616336860468,362.169299172998
"icl","neg",346.148232769334,362.70529606875
"icl","neg",346.680128678199,363.240809371383
"icl","neg",347.212024587065,363.775824060768
"icl","neg",347.74392049593,364.31032656196
"icl","neg",348.275816404796,364.844320588606
"icl","neg",348.807712313661,365.377821244618
"icl","neg",349.339608222527,365.910843834655
"icl","neg",349.871504131392,366.443403663374
"icl","neg",350.403400040258,366.975516035434
"icl","neg",350.935295949123,367.50719625549
"icl","neg",351.467191857989,368.038459628203
"icl","neg",351.999087766854,368.569321458228
"icl","neg",352.53098367572,369.099797050225
"icl","neg",353.062879584585,369.62990170885
"icl","neg",353.594775493451,370.159650738762
"icl","neg",354.126671402316,370.689059444619
"icl","neg",354.658567311182,371.218143131078
"icl","neg",355.190463220047,371.746917102796
"icl","neg",355.722359128913,372.275396664432
"icl","neg",356.254255037778,372.803597120644
"icl","neg",356.786150946644,373.331533776088
"icl","neg",357.318046855509,373.859221935424
"icl","neg",357.849942764375,374.386676903309
"icl","neg",358.38183867324,374.9139139844
"icl","neg",358.913734582106,375.440948483355
"icl","neg",359.445630490971,375.967795704832
"icl","neg",359.977526399837,376.494470953489
"icl","neg",360.509422308702,377.020989533984
"icl","neg",361.041318217568,377.547366750974
"icl","neg",361.573214126433,378.073617909117
"icl","neg",362.105110035299,378.599758313071
"icl","neg",362.637005944164,379.125803267494
"icl","neg",363.16890185303,379.651768077043
"icl","neg",363.700797761895,380.177668046376
"icl","neg",364.232693670761,380.703518480152
"icl","neg",364.764589579626,381.229334683027
"icl","neg",365.296485488492,381.755131959659
"icl","neg",365.828381397357,382.280925614707
"icl","neg",366.360277306223,382.806730952828
"icl","neg",366.892173215088,383.332563278679
"icl","neg",367.424069123954,383.858437896919
"icl","neg",367.955965032819,384.384370112206
"icl","neg",368.487860941685,384.910375229197
"icl","neg",369.01975685055,385.436468552549
"icl","neg",369.551652759416,385.962665386921
"icl","neg",370.083548668281,386.488981036971
"icl","neg",370.615444577147,387.015430807356
"icl","neg",371.147340486012,387.542030002733
"icl","neg",371.679236394878,388.068793927762
"icl","neg",372.211132303743,388.595737865279
"icl","neg",372.743028212609,389.122871336065
"icl","neg",373.274924121474,389.650190396287
"icl","neg",373.80682003034,390.177689182033
"icl","neg",374.338715939205,390.705361829391
"icl","neg",374.870611848071,391.233202474449
"icl","neg",375.402507756936,391.761205253293
"icl","neg",375.934403665802,392.289364302011
"icl","neg",376.466299574667,392.817673756692
"icl","neg",376.998195483533,393.346127753421
"icl","neg",377.530091392398,393.874720428288
"icl","neg",378.061987301264,394.403445917379
"icl","neg",378.593883210129,394.932298356783
"icl","neg",379.125779118995,395.461271882586
"icl","neg",379.65767502786,395.990360630876
"icl","neg",380.189570936726,396.51955873774
"icl","neg",380.721466845591,397.048860339267
"icl","neg",381.253362754457,397.578259571544
"icl","neg",381.785258663322,398.107750570658
"icl","neg",382.317154572188,398.637327472697
"icl","neg",382.849050481053,399.166984413748
"icl","neg",383.380946389919,399.696715529899
"icl","neg",383.912842298784,400.226514957237
"icl","neg",384.444738207649,400.756376831851
"icl","neg",384.976634116515,401.286295289827
"icl","neg",385.50853002538,401.816264467253
"icl","neg",386.040425934246,402.346278500217
"icl","neg",386.572321843111,402.876331524805
"icl","neg",387.104217751977,403.406417677107
"icl","neg",387.636113660842,403.936531093209
"icl","neg",388.168009569708,404.466665909198
"icl","neg",388.699905478573,404.996816261163
"icl","neg",389.231801387439,405.526976285191
"icl","neg",389.763697296304,406.057140117369
"icl","neg",390.29559320517,406.587301893785
"icl","neg",390.827489114035,407.117455750527
"icl","neg",391.359385022901,407.647595823681
"icl","neg",391.891280931766,408.177716249336
"icl","neg",392.423176840632,408.707811163579
"icl","neg",392.955072749497,409.237874702498
"icl","neg",393.486968658363,409.76790100218
"icl","neg",394.018864567228,410.297884198713
"icl","neg",394.550760476094,410.827818428184
"icl","neg",395.082656384959,411.357697826681
"icl","neg",395.614552293825,411.887516530291
"icl","neg",396.14644820269,412.417268675102
"icl","neg",396.678344111556,412.946948673108
"icl","neg",397.210240020421,413.476554725428
"icl","neg",397.742135929287,414.006087785724
"icl","neg",398.274031838152,414.53554886959
"icl","neg",398.805927747018,415.06493899262
"icl","neg",399.337823655883,415.594259170407
"icl","neg",399.869719564749,416.123510418545
"icl","neg",400.401615473614,416.652693752628
"icl","neg",400.93351138248,417.18181018825
"icl","neg",401.465407291345,417.710860741004
"icl","neg",401.997303200211,418.239846426484
"icl","neg",402.529199109076,418.768768260284
"icl","neg",403.061095017942,419.297627257997
"icl","neg",403.592990926807,419.826424435218
"icl","neg",404.124886835673,420.355160807539
"icl","neg",404.656782744538,420.883837390555
"icl","neg",405.188678653404,421.412455199859
"icl","neg",405.720574562269,421.941015251046
"icl","neg",406.252470471135,422.469518559708
"icl","neg",406.78436638,422.997966141439
"icl","neg",407.316262288866,423.526359011834
"icl","neg",407.848158197731,424.054698186486
"icl","neg",408.380054106597,424.582984680988
"icl","neg",408.911950015462,425.111219510934
"icl","neg",409.443845924328,425.639403691919
"icl","neg",409.975741833193,426.167538239536
"icl","neg",410.507637742059,426.695624169377
"icl","neg",411.039533650924,427.223662497039
"icl","neg",411.57142955979,427.751654238113
"icl","neg",412.103325468655,428.279600408193
"icl","neg",412.635221377521,428.807502022874
"icl","neg",413.167117286386,429.33536009775
"icl","neg",413.699013195252,429.863175648412
"icl","neg",414.230909104117,430.390949690457
"icl","neg",414.762805012983,430.918683239477
"icl","neg",415.294700921848,431.446377311065
"icl","neg",415.826596830714,431.974032920816
"icl","neg",416.358492739579,432.501651084324
"icl","neg",416.890388648445,433.029232817182
"icl","neg",417.42228455731,433.556779134983
"icl","neg",417.954180466176,434.084291053322
"icl","neg",418.486076375041,434.611769587793
"icl","neg",419.017972283907,435.139215753988
"icl","neg",419.549868192772,435.666630567502
"icl","neg",420.081764101638,436.194015043928
"icl","neg",420.613660010503,436.721370198805
"icl","neg",421.145555919369,437.24869704445
"icl","neg",421.677451828234,437.775996588242
"icl","neg",422.2093477371,438.303269837147
"icl","neg",422.741243645965,438.830517798128
"icl","neg",423.273139554831,439.357741478148
"icl","neg",423.805035463696,439.884941884172
"icl","neg",424.336931372562,440.412120023163
"icl","neg",424.868827281427,440.939276902084
"icl","neg",425.400723190293,441.466413527899
"icl","neg",425.932619099158,441.993530907572
"icl","neg",426.464515008024,442.520630048067
"icl","neg",426.996410916889,443.047711956347
"icl","neg",427.528306825755,443.574777639376
"icl","neg",428.06020273462,444.101828104118
"icl","neg",428.592098643486,444.628864357535
"icl","neg",429.123994552351,445.155887406593
"icl","neg",429.655890461217,445.682898258254
"icl","neg",430.187786370082,446.209897919483
"icl","neg",430.719682278948,446.736887397243
"icl","neg",431.251578187813,447.263867698497
"icl","neg",431.783474096679,447.790839830209
"icl","neg",432.315370005544,448.317804799343
"icl","neg",432.84726591441,448.844763612863
"icl","neg",433.379161823275,449.371717277732
"icl","neg",433.911057732141,449.898666800915
"icl","neg",434.442953641006,450.425613189373
"icl","neg",434.974849549872,450.952557450072
"icl","neg",435.506745458737,451.479500589975
"icl","neg",436.038641367603,452.006443616046
"icl","neg",436.570537276468,452.533387535248
"icl","neg",437.102433185334,453.060333354545
"icl","neg",437.634329094199,453.5872820809
"icl","neg",438.166225003065,454.114234721278
"icl","neg",438.69812091193,454.641192282642
"icl","neg",439.230016820796,455.168155771955
"icl","neg",439.761912729661,455.695126196182
"icl","neg",440.293808638527,456.222104562286
"icl","neg",440.825704547392,456.74909187723
"icl","neg",441.357600456258,457.276089147979
"icl","neg",441.889496365123,457.803097381496
"icl","neg",442.421392273989,458.330117584744
"icl","neg",442.953288182854,458.857150764688
"icl","neg",443.48518409172,459.38419792829
"icl","neg",444.017080000585,459.911260082516
"icl","neg",444.548975909451,460.438338221699
"icl","neg",445.080871818316,460.965432266103
"icl","neg",445.612767727182,461.492540258111
"icl","neg",446.144663636047,462.019660050817
"icl","neg",446.676559544912,462.546789497315
"icl","neg",447.208455453778,463.073926450696
"icl","neg",447.740351362643,463.601068764055
"icl","neg",448.272247271509,464.128214290484
"icl","neg",448.804143180374,464.655360883076
"icl","neg",449.33603908924,465.182506394925
"icl","neg",449.867934998105,465.709648679123
"icl","neg",450.399830906971,466.236785588765
"icl","neg",450.931726815836,466.763914976941
"icl","neg",451.463622724702,467.291034696747
"icl","neg",451.995518633567,467.818142601274
"icl","neg",452.527414542433,468.345236543617
"icl","neg",453.059310451298,468.872314376867
"icl","neg",453.591206360164,469.399373954119
"icl","neg",454.123102269029,469.926413128465
"icl","neg",454.654998177895,470.453429752998
"icl","neg",455.18689408676,470.980421680811
"icl","neg",455.718789995626,471.507386764998
"icl","neg",456.250685904491,472.034322858651
"icl","neg",456.782581813357,472.561227814865
"icl","neg",457.314477722222,473.08809948673
"icl","neg",457.846373631088,473.614935727342
"icl","neg",458.378269539953,474.141734389792
"icl","neg",458.910165448819,474.668493327174
"icl","neg",459.442061357684,475.195210392582
"icl","neg",459.97395726655,475.721883439107
"icl","neg",460.505853175415,476.248510319844
"icl","neg",461.037749084281,476.775088887885
"icl","neg",461.569644993146,477.301616996323
"icl","neg",462.101540902012,477.828092498251
"icl","neg",462.633436810877,478.354513246764
"icl","neg",463.165332719743,478.880877094952
"icl","neg",463.697228628608,479.407181895911
"icl","neg",464.229124537474,479.933425502732
"icl","neg",464.761020446339,480.459605768509
"icl","neg",465.292916355205,480.985720546335
"icl","neg",465.82481226407,481.511767689302
"icl","neg",466.356708172936,482.037745050505
"icl","neg",466.888604081801,482.563650483036
"icl","neg",467.420499990667,483.089481839989
"icl","neg",467.952395899532,483.615236974455
"icl","neg",468.484291808398,484.14091403001
"icl","neg",469.016187717263,484.666515796037
"icl","neg",469.548083626129,485.192048797852
"icl","neg",470.079979534994,485.717519666558
"icl","neg",470.61187544386,486.242935033257
"icl","neg",471.143771352725,486.768301529053
"icl","neg",471.675667261591,487.29362578505
"icl","neg",472.207563170456,487.81891443235
"icl","neg",472.739459079322,488.344174102057
"icl","neg",473.271354988187,488.869411425274
"icl","neg",473.803250897053,489.394633033105
"icl","neg",474.335146805918,489.919845556652
"icl","neg",474.867042714784,490.445055627018
"icl","neg",475.398938623649,490.970269875308
"icl","neg",475.930834532515,491.495494932624
"icl","neg",476.46273044138,492.020737430069
"icl","neg",476.994626350246,492.546003998747
"icl","neg",477.526522259111,493.071301269761
"icl","neg",478.058418167977,493.596635874214
"icl","neg",478.590314076842,494.12201444321
"icl","neg",479.122209985708,494.647443607851
"icl","neg",479.654105894573,495.172929999241
"icl","neg",480.186001803439,495.698480248484
"icl","neg",480.717897712304,496.224100986682
"icl","neg",481.24979362117,496.749798844938
"icl","neg",481.781689530035,497.275580454357
"icl","neg",482.313585438901,497.80145244604
"icl","neg",482.845481347766,498.327421451092
"icl","neg",483.377377256632,498.853494100616
"icl","neg",483.909273165497,499.379677025714
"icl","neg",484.441169074363,499.905976857491
"icl","neg",484.973064983228,500.432400227049
"icl","neg",485.504960892094,500.958953765491
"icl","neg",486.036856800959,501.485644103922
"icl","neg",486.568752709825,502.012477873443
"icl","neg",487.10064861869,502.539461705159
"icl","neg",487.632544527556,503.066602230172
"icl","neg",488.164440436421,503.593906079586
"icl","neg",488.696336345287,504.121379884505
"icl","neg",489.228232254152,504.64903027603
"icl","neg",489.760128163018,505.176863885266
"icl","neg",490.292024071883,505.704887343316
"icl","neg",490.823919980749,506.233107281282
"icl","neg",491.355815889614,506.761530330269
"icl","neg",491.88771179848,507.290160932339
"icl","neg",492.419607707345,507.818992876022
"icl","neg",492.951503616211,508.34801671363
"icl","neg",493.483399525076,508.877222996727
"icl","neg",494.015295433942,509.406602276882
"icl","neg",494.547191342807,509.936145105658
"icl","neg",495.079087251673,510.465842034624
"icl","neg",495.610983160538,510.995683615345
"icl","neg",496.142879069404,511.525660399387
"icl","neg",496.674774978269,512.055762938317
"icl","neg",497.206670887135,512.585981783701
"icl","neg",497.738566796,513.116307487105
"icl","neg",498.270462704866,513.646730600095
"icl","neg",498.802358613731,514.177241674237
"icl","neg",499.334254522597,514.707831261099
"icl","neg",499.866150431462,515.238489912245
"icl","neg",500.398046340328,515.769208179243
"icl","neg",500.929942249193,516.299976613658
"icl","neg",501.461838158059,516.830785767057
"icl","neg",501.993734066924,517.361626191006
"icl","neg",502.52562997579,517.892488437071
"icl","neg",503.057525884655,518.423363056818
"icl","neg",503.589421793521,518.954240601814
"icl","neg",504.121317702386,519.485111623626
"icl","neg",504.653213611251,520.015966673818
"icl","neg",505.185109520117,520.546796303957
"icl","neg",505.717005428982,521.077591065611
"icl","neg",506.248901337848,521.608341510344
"icl","neg",506.780797246713,522.139038189723
"icl","neg",507.312693155579,522.669671655314
"icl","neg",507.844589064444,523.200232458684
"icl","neg",508.37648497331,523.730711151399
"icl","neg",508.908380882175,524.261098285025
"icl","neg",509.440276791041,524.791384411128
"icl","neg",509.972172699906,525.321560081275
"icl","neg",510.504068608772,525.851615847031
"icl","neg",511.035964517637,526.381542259964
"icl","neg",511.567860426503,526.911329871638
"icl","neg",512.099756335368,527.440969233621
"icl","neg",512.631652244234,527.970450897479
"icl","neg",513.163548153099,528.499765414778
"icl","neg",513.695444061965,529.028903337083
"icl","neg",514.22733997083,529.557855216325
"icl","neg",514.759235879696,530.086612676427
"icl","neg",515.291131788561,530.615170770728
"icl","neg",515.823027697427,531.143525236913
"icl","neg",516.354923606292,531.671671812665
"icl","neg",516.886819515158,532.19960623567
"icl","neg",517.418715424023,532.727324243612
"icl","neg",517.950611332889,533.254821574175
"icl","neg",518.482507241754,533.782093965044
"icl","neg",519.01440315062,534.309137153902
"icl","neg",519.546299059485,534.835946878435
"icl","neg",520.078194968351,535.362518876326
"icl","neg",520.610090877216,535.88884888526
"icl","neg",521.141986786082,536.414932642922
"icl","neg",521.673882694947,536.940765886995
"icl","neg",522.205778603813,537.466344355165
"icl","neg",522.737674512678,537.991663785114
"icl","neg",523.269570421544,538.516719914529
"icl","neg",523.801466330409,539.041508481093
"icl","neg",524.333362239275,539.566025222491
"icl","neg",524.86525814814,540.090265876407
"icl","neg",525.397154057006,540.614226180525
"icl","neg",525.929049965871,541.137901872529
"icl","neg",526.460945874737,541.661288690105
"icl","neg",526.992841783602,542.184382370936
"icl","neg",527.524737692468,542.707178652707
"icl","neg",528.056633601333,543.229673273103
"icl","neg",528.588529510199,543.751861969806
"icl","neg",529.120425419064,544.273740480503
"icl","neg",529.65232132793,544.795304542877
"icl","neg",530.184217236795,545.316549894613
"icl","neg",530.716113145661,545.837472273395
"icl","neg",531.248009054526,546.358067416907
"icl","neg",531.779904963392,546.878331062834
"icl","neg",532.311800872257,547.398258948861
"icl","neg",532.843696781123,547.91784681267
"icl","neg",533.375592689988,548.437090391948
"icl","neg",533.907488598854,548.955985424378
"icl","neg",534.439384507719,549.474527647645
"icl","neg",534.971280416585,549.992712799432
"icl","neg",535.50317632545,550.510536617425
"icl","neg",536.035072234316,551.027994839308
"icl","neg",536.566968143181,551.545083036753
"icl","neg",537.098864052047,552.061796054867
"icl","neg",537.630759960912,552.578128540043
"icl","neg",538.162655869778,553.094075138669
"icl","neg",538.694551778643,553.609630497134
"icl","neg",539.226447687509,554.124789261824
"icl","neg",539.758343596374,554.63954607913
"icl","neg",540.29023950524,555.153895595438
"icl","neg",540.822135414105,555.667832457138
"icl","neg",541.354031322971,556.181351310616
"icl","neg",541.885927231836,556.694446802261
"icl","neg",542.417823140702,557.207113578462
"icl","neg",542.949719049567,557.719346285606
"icl","neg",543.481614958433,558.231139570081
"icl","neg",544.013510867298,558.742488078276
"icl","neg",544.545406776164,559.253386456579
"icl","neg",545.077302685029,559.763829351378
"icl","neg",545.609198593895,560.273811409061
"icl","neg",546.14109450276,560.783327276016
"icl","neg",546.672990411626,561.292371598632
"icl","neg",547.204886320491,561.800939023295
"icl","neg",547.736782229357,562.309024196396
"icl","neg",548.268678138222,562.816621764321
"icl","neg",548.800574047088,563.323726373459
"icl","neg",549.332469955953,563.830332670198
"icl","neg",549.864365864819,564.336435300926
"icl","neg",550.396261773684,564.842028912031
"icl","neg",550.92815768255,565.347108149901
"icl","neg",551.460053591415,565.851667660925
"icl","neg",551.991949500281,566.355702091491
"icl","neg",552.523845409146,566.859206087986
"icl","neg",553.055741318012,567.362174296799
"icl","neg",553.587637226877,567.864601364319
"icl","neg",554.119533135743,568.366481936932
"icl","neg",554.651429044608,568.867810661027
"icl","neg",555.183324953474,569.368582182993
"icl","neg",555.715220862339,569.868791149218
"icl","neg",556.247116771205,570.368432206089
"icl","neg",556.77901268007,570.867499999995
"icl","pos",24.15549963711,26.914750000005
"icl","pos",24.688793945224,27.2138656282934
"icl","pos",25.222088253338,27.7986005856205
"icl","pos",25.755382561452,28.6429667271703
"icl","pos",26.288676869566,29.686082170638
"icl","pos",26.82197117768,30.844309707596
"icl","pos",27.355265485794,32.0336217948435
"icl","pos",27.888559793908,33.1776604228798
"icl","pos",28.421854102022,34.2554301101497
"icl","pos",28.9551484101359,35.270241709149
"icl","pos",29.4884427182499,36.2255102632989
"icl","pos",30.0217370263639,37.1246508160211
"icl","pos",30.5550313344779,37.9710784107368
"icl","pos",31.0883256425919,38.7682080908674
"icl","pos",31.6216199507059,39.5194548998345
"icl","pos",32.1549142588199,40.2282338810594
"icl","pos",32.6882085669339,40.8979600779635
"icl","pos",33.2215028750479,41.5320485339682
"icl","pos",33.7547971831619,42.133914292495
"icl","pos",34.2880914912759,42.7069723969652
"icl","pos",34.8213857993899,43.2546378908004
"icl","pos",35.3546801075039,43.7803258174217
"icl","pos",35.8879744156179,44.2874512202508
"icl","pos",36.4212687237319,44.779429142709
"icl","pos",36.9545630318459,45.2596746282177
"icl","pos",37.4878573399599,45.7316027201983
"icl","pos",38.0211516480738,46.1986284620723
"icl","pos",38.5544459561878,46.664166897261
"icl","pos",39.0877402643018,47.1316330691859
"icl","pos",39.6210345724158,47.6044420212684
"icl","pos",40.1543288805298,48.0858595754699
"icl","pos",40.6876231886438,48.5771548021568
"icl","pos",41.2209174967578,49.0781721001082
"icl","pos",41.7542118048718,49.588725165758
"icl","pos",42.2875061129858,50.1086276955401
"icl","pos",42.8208004210998,50.6376933858882
"icl","pos",43.3540947292138,51.1757359332364
"icl","pos",43.8873890373278,51.7225690340184
"icl","pos",44.4206833454418,52.2780063846682
"icl","pos",44.9539776535558,52.8418616816195
"icl","pos",45.4872719616698,53.4139486213063
"icl","pos",46.0205662697838,53.9940809001624
"icl","pos",46.5538605778978,54.5820722146217
"icl","pos",47.0871548860117,55.1777362611181
"icl","pos",47.6204491941257,55.7808867360854
"icl","pos",48.1537435022397,56.3913373359575
"icl","pos",48.6870378103537,57.0089017571682
"icl","pos",49.2203321184677,57.6333936961515
"icl","pos",49.7536264265817,58.2646268493411
"icl","pos",50.2869207346957,58.902414913171
"icl","pos",50.8202150428097,59.5465715840751
"icl","pos",51.3535093509237,60.1969105584871
"icl","pos",51.8868036590377,60.853245532841
"icl","pos",52.4200979671517,61.5153902035706
"icl","pos",52.9533922752657,62.1831582671098
"icl","pos",53.4866865833797,62.8563634198925
"icl","pos",54.0199808914937,63.5348193583525
"icl","pos",54.5532751996077,64.2183397789236
"icl","pos",55.0865695077217,64.9067383780399
"icl","pos",55.6198638158357,65.5998288521351
"icl","pos",56.1531581239496,66.297424897643
"icl","pos",56.6864524320636,66.9993402109977
"icl","pos",57.2197467401776,67.7053884886328
"icl","pos",57.7530410482916,68.4153834269824
"icl","pos",58.2863353564056,69.1291387224802
"icl","pos",58.8196296645196,69.8464680715601
"icl","pos",59.3529239726336,70.5671851706561
"icl","pos",59.8862182807476,71.2911037162019
"icl","pos",60.4195125888616,72.0180374046314
"icl","pos",60.9528068969756,72.7477999323786
"icl","pos",61.4861012050896,73.4802049958771
"icl","pos",62.0193955132036,74.2150662915611
"icl","pos",62.5526898213176,74.9521975158642
"icl","pos",63.0859841294316,75.6914123652204
"icl","pos",63.6192784375456,76.4325245360635
"icl","pos",64.1525727456596,77.1753477248274
"icl","pos",64.6858670537735,77.919695627946
"icl","pos",65.2191613618875,78.6653819418531
"icl","pos",65.7524556700015,79.4122203629826
"icl","pos",66.2857499781155,80.1600245877684
"icl","pos",66.8190442862295,80.9086083126443
"icl","pos",67.3523385943435,81.6577852340442
"icl","pos",67.8856329024575,82.4073690484019
"icl","pos",68.4189272105715,83.1571734521514
"icl","pos",68.9522215186855,83.9070121417265
"icl","pos",69.4855158267995,84.6566988135611
"icl","pos",70.0188101349135,85.406047164089
"icl","pos",70.5521044430275,86.1548708897441
"icl","pos",71.0853987511415,86.9029836869603
"icl","pos",71.6186930592555,87.6501992521714
"icl","pos",72.1519873673695,88.3963312818113
"icl","pos",72.6852816754835,89.1411934723138
"icl","pos",73.2185759835974,89.8845995201129
"icl","pos",73.7518702917114,90.6263631216425
"icl","pos",74.2851645998254,91.3662979733362
"icl","pos",74.8184589079394,92.1042177716281
"icl","pos",75.3517532160534,92.8399362129521
"icl","pos",75.8850475241674,93.5732669937418
"icl","pos",76.4183418322814,94.3040238104313
"icl","pos",76.9516361403954,95.0320203594545
"icl","pos",77.4849304485094,95.7570703372451
"icl","pos",78.0182247566234,96.478987440237
"icl","pos",78.5515190647374,97.1975853648641
"icl","pos",79.0848133728514,97.9126778075603
"icl","pos",79.6181076809654,98.6240784647595
"icl","pos",80.1514019890794,99.3316010328954
"icl","pos",80.6846962971934,100.035059208402
"icl","pos",81.2179906053074,100.734266687713
"icl","pos",81.7512849134214,101.429037167263
"icl","pos",82.2845792215354,102.119184343485
"icl","pos",82.8178735296493,102.804521912813
"icl","pos",83.3511678377633,103.484863571681
"icl","pos",83.8844621458773,104.160023016522
"icl","pos",84.4177564539913,104.829813943772
"icl","pos",84.9510507621053,105.494050049863
"icl","pos",85.4843450702193,106.15254503123
"icl","pos",86.0176393783333,106.805112584306
"icl","pos",86.5509336864473,107.451566405525
"icl","pos",87.0842279945613,108.091720191321
"icl","pos",87.6175223026753,108.725387638129
"icl","pos",88.1508166107893,109.352382442381
"icl","pos",88.6841109189033,109.972518300511
"icl","pos",89.2174052270173,110.585608908954
"icl","pos",89.7506995351313,111.191467964144
"icl","pos",90.2839938432453,111.789909162514
"icl","pos",90.8172881513593,112.380746200498
"icl","pos",91.3505824594732,112.96379277453
"icl","pos",91.8838767675872,113.538862581044
"icl","pos",92.4171710757012,114.105769316474
"icl","pos",92.9504653838152,114.664326677253
"icl","pos",93.4837596919292,115.214348359816
"icl","pos",94.0170540000432,115.755648060596
"icl","pos",94.5503483081572,116.288039476027
"icl","pos",95.0836426162712,116.811336302544
"icl","pos",95.6169369243852,117.325352236579
"icl","pos",96.1502312324992,117.829900974567
"icl","pos",96.6835255406132,118.324796212942
"icl","pos",97.2168198487272,118.809851648138
"icl","pos",97.7501141568412,119.284880976587
"icl","pos",98.2834084649552,119.749697894726
"icl","pos",98.8167027730692,120.204116098986
"icl","pos",99.3499970811832,120.647949285802
"icl","pos",99.8832913892972,121.081011151608
"icl","pos",100.416585697411,121.503115392838
"icl","pos",100.949880005525,121.914075705925
"icl","pos",101.483174313639,122.313705787304
"icl","pos",102.016468621753,122.701819333409
"icl","pos",102.549762929867,123.078230040672
"icl","pos",103.083057237981,123.442751605529
"icl","pos",103.616351546095,123.795197724412
"icl","pos",104.149645854209,124.135382093757
"icl","pos",104.682940162323,124.463118409996
"icl","pos",105.216234470437,124.778220369563
"icl","pos",105.749528778551,125.080501668893
"icl","pos",106.282823086665,125.36977600442
"icl","pos",106.816117394779,125.645857072576
"icl","pos",107.349411702893,125.908558569797
"icl","pos",107.882706011007,126.157694192515
"icl","pos",108.416000319121,126.393077637165
"icl","pos",108.949294627235,126.614522600181
"icl","pos",109.482588935349,126.821842777996
"icl","pos",110.015883243463,127.014851867044
"icl","pos",110.549177551577,127.19336356376
"icl","pos",111.082471859691,127.357191564577
"icl","pos",111.615766167805,127.506233861255
"icl","pos",112.149060475919,127.641120776494
"icl","pos",112.682354784033,127.762859133793
"icl","pos",113.215649092147,127.872458851206
"icl","pos",113.748943400261,127.970929846785
"icl","pos",114.282237708375,128.059282038584
"icl","pos",114.815532016489,128.138525344657
"icl","pos",115.348826324603,128.209669683057
"icl","pos",115.882120632717,128.273724971837
"icl","pos",116.415414940831,128.331701129052
"icl","pos",116.948709248945,128.384608072754
"icl","pos",117.482003557059,128.433455720997
"icl","pos",118.015297865173,128.479253991835
"icl","pos",118.548592173287,128.52301280332
"icl","pos",119.081886481401,128.565742073507
"icl","pos",119.615180789515,128.608451720449
"icl","pos",120.148475097629,128.652151662199
"icl","pos",120.681769405743,128.697851816811
"icl","pos",121.215063713857,128.746562102338
"icl","pos",121.748358021971,128.799292436834
"icl","pos",122.281652330085,128.857052738352
"icl","pos",122.814946638199,128.920852924945
"icl","pos",123.348240946313,128.991702914668
"icl","pos",123.881535254427,129.070612625573
"icl","pos",124.414829562541,129.158591975715
"icl","pos",124.948123870655,129.256650883146
"icl","pos",125.481418178769,129.36579926592
"icl","pos",126.014712486883,129.48704704209
"icl","pos",126.548006794997,129.621404129711
"icl","pos",127.081301103111,129.769880446835
"icl","pos",127.614595411225,129.933484753238
"icl","pos",128.147889719339,130.112900686117
"icl","pos",128.681184027453,130.308042865818
"icl","pos",129.214478335567,130.518714744386
"icl","pos",129.747772643681,130.744719773862
"icl","pos",130.281066951795,130.985861406288
"icl","pos",130.814361259909,131.241943093706
"icl","pos",131.347655568023,131.512768288157
"icl","pos",131.880949876137,131.798140441685
"icl","pos",132.414244184251,132.09786300633
"icl","pos",132.947538492365,132.411739434135
"icl","pos",133.480832800479,132.739573177142
"icl","pos",134.014127108593,133.081167687393
"icl","pos",134.547421416707,133.436326416929
"icl","pos",135.080715724821,133.804852817794
"icl","pos",135.614010032935,134.186550342028
"icl","pos",136.147304341049,134.581222441674
"icl","pos",136.680598649163,134.988672568774
"icl","pos",137.213892957277,135.40870417537
"icl","pos",137.747187265391,135.841120713503
"icl","pos",138.280481573505,136.285725635216
"icl","pos",138.813775881619,136.742322392551
"icl","pos",139.347070189733,137.21071443755
"icl","pos",139.880364497847,137.690705222254
"icl","pos",140.413658805961,138.182098198706
"icl","pos",140.946953114075,138.684696818948
"icl","pos",141.480247422189,139.198304535022
"icl","pos",142.013541730303,139.722724798969
"icl","pos",142.546836038417,140.257761062832
"icl","pos",143.080130346531,140.803216778652
"icl","pos",143.613424654645,141.358895398473
"icl","pos",144.146718962759,141.924600374334
"icl","pos",144.680013270873,142.50013515828
"icl","pos",145.213307578987,143.085303202351
"icl","pos",145.746601887101,143.67990795859
"icl","pos",146.279896195215,144.283752879038
"icl","pos",146.813190503329,144.896641415738
"icl","pos",147.346484811443,145.518377020731
"icl","pos",147.879779119557,146.14876314606
"icl","pos",148.413073427671,146.787603243767
"icl","pos",148.946367735785,147.434700765893
"icl","pos",149.479662043899,148.089859164481
"icl","pos",150.012956352013,148.752881891572
"icl","pos",150.546250660127,149.423572399209
"icl","pos",151.079544968241,150.101734139433
"icl","pos",151.612839276355,150.787170564287
"icl","pos",152.146133584469,151.479685125812
"icl","pos",152.679427892583,152.179081276051
"icl","pos",153.212722200697,152.885162467045
"icl","pos",153.746016508811,153.597732150837
"icl","pos",154.279310816925,154.316593779468
"icl","pos",154.812605125039,155.04155080498
"icl","pos",155.345899433153,155.772406679416
"icl","pos",155.879193741267,156.508964854818
"icl","pos",156.412488049381,157.251028783227
"icl","pos",156.945782357495,157.998401916685
"icl","pos",157.479076665609,158.750887707234
"icl","pos",158.012370973723,159.508289606917
"icl","pos",158.545665281837,160.270411067776
"icl","pos",159.078959589951,161.037055541851
"icl","pos",159.612253898064,161.808026481186
"icl","pos",160.145548206178,162.583127337823
"icl","pos",160.678842514292,163.362161563802
"icl","pos",161.212136822406,164.144932611167
"icl","pos",161.74543113052,164.93124393196
"icl","pos",162.278725438634,165.720898978221
"icl","pos",162.812019746748,166.513701201994
"icl","pos",163.345314054862,167.30945405532
"icl","pos",163.878608362976,168.107960990242
"icl","pos",164.41190267109,168.909025458801
"icl","pos",164.945196979204,169.712450913038
"icl","pos",165.478491287318,170.518040804998
"icl","pos",166.011785595432,171.32559858672
"icl","pos",166.545079903546,172.134927710248
"icl","pos",167.07837421166,172.945831627622
"icl","pos",167.611668519774,173.758113790886
"icl","pos",168.144962827888,174.571577652081
"icl","pos",168.678257136002,175.38602666325
"icl","pos",169.211551444116,176.201264276433
"icl","pos",169.74484575223,177.017093943674
"icl","pos",170.278140060344,177.833319117014
"icl","pos",170.811434368458,178.649743248495
"icl","pos",171.344728676572,179.466169790159
"icl","pos",171.878022984686,180.282402194048
"icl","pos",172.4113172928,181.098243912204
"icl","pos",172.944611600914,181.913498396669
"icl","pos",173.477905909028,182.727969099486
"icl","pos",174.011200217142,183.541459472695
"icl","pos",174.544494525256,184.35377296834
"icl","pos",175.07778883337,185.164713038461
"icl","pos",175.611083141484,185.974083135102
"icl","pos",176.144377449598,186.781686710304
"icl","pos",176.677671757712,187.587327216108
"icl","pos",177.210966065826,188.390808104558
"icl","pos",177.74426037394,189.191932827695
"icl","pos",178.277554682054,189.99050483756
"icl","pos",178.810848990168,190.786327586197
"icl","pos",179.344143298282,191.579204525646
"icl","pos",179.877437606396,192.368939107951
"icl","pos",180.41073191451,193.155334785152
"icl","pos",180.944026222624,193.938195009293
"icl","pos",181.477320530738,194.717323232414
"icl","pos",182.010614838852,195.492522906558
"icl","pos",182.543909146966,196.263597483768
"icl","pos",183.07720345508,197.030350416084
"icl","pos",183.610497763194,197.792585155549
"icl","pos",184.143792071308,198.550105154204
"icl","pos",184.677086379422,199.302713864093
"icl","pos",185.210380687536,200.050214737257
"icl","pos",185.74367499565,200.792411225737
"icl","pos",186.276969303764,201.529106781576
"icl","pos",186.810263611878,202.260104856816
"icl","pos",187.343557919992,202.985208903499
"icl","pos",187.876852228106,203.704222373667
"icl","pos",188.41014653622,204.416948719361
"icl","pos",188.943440844334,205.123191392624
"icl","pos",189.476735152448,205.822753889666
"icl","pos",190.010029460562,206.515506920178
"icl","pos",190.543323768676,207.201523781421
"icl","pos",191.07661807679,207.880915786791
"icl","pos",191.609912384904,208.553794249682
"icl","pos",192.143206693018,209.220270483491
"icl","pos",192.676501001132,209.880455801611
"icl","pos",193.209795309246,210.534461517438
"icl","pos",193.74308961736,211.182398944368
"icl","pos",194.276383925474,211.824379395795
"icl","pos",194.809678233588,212.460514185115
"icl","pos",195.342972541702,213.090914625722
"icl","pos",195.876266849816,213.715692031012
"icl","pos",196.40956115793,214.334957714381
"icl","pos",196.942855466044,214.948822989222
"icl","pos",197.476149774158,215.557399168932
"icl","pos",198.009444082272,216.160797566906
"icl","pos",198.542738390386,216.759129496538
"icl","pos",199.0760326985,217.352506271224
"icl","pos",199.609327006614,217.941039204359
"icl","pos",200.142621314728,218.524839609338
"icl","pos",200.675915622842,219.104018799557
"icl","pos",201.209209930956,219.67868808841
"icl","pos",201.74250423907,220.248958789293
"icl","pos",202.275798547184,220.8149422156
"icl","pos",202.809092855298,221.376749680728
"icl","pos",203.342387163412,221.93449249807
"icl","pos",203.875681471526,222.488281981023
"icl","pos",204.40897577964,223.038229442981
"icl","pos",204.942270087754,223.58444619734
"icl","pos",205.475564395868,224.127043557494
"icl","pos",206.008858703982,224.66613283684
"icl","pos",206.542153012096,225.201825348771
"icl","pos",207.07544732021,225.734232406684
"icl","pos",207.608741628324,226.263465323973
"icl","pos",208.142035936438,226.789635414033
"icl","pos",208.675330244552,227.31285399026
"icl","pos",209.208624552666,227.833232366049
"icl","pos",209.74191886078,228.350881854796
"icl","pos",210.275213168894,228.865913769894
"icl","pos",210.808507477008,229.378439424739
"icl","pos",211.341801785122,229.888570132727
"icl","pos",211.875096093236,230.396417207253
"icl","pos",212.40839040135,230.902091961711
"icl","pos",212.941684709464,231.405705709497
"icl","pos",213.474979017578,231.907369764006
"icl","pos",214.008273325692,232.407195438634
"icl","pos",214.541567633806,232.905294046775
"icl","pos",215.07486194192,233.401776901825
"icl","pos",215.608156250034,233.896755317178
"icl","pos",216.141450558148,234.39034060623
"icl","pos",216.674744866262,234.882644082376
"icl","pos",217.208039174376,235.373777059011
"icl","pos",217.74133348249,235.863850849531
"icl","pos",218.274627790604,236.35297676733
"icl","pos",218.807922098718,236.841266125804
"icl","pos",219.341216406832,237.328830238348
"icl","pos",219.874510714946,237.815780418356
"icl","pos",220.40780502306,238.302227979225
"icl","pos",220.941099331174,238.788284234349
"icl","pos",221.474393639288,239.274060497124
"icl","pos",222.007687947402,239.759668080944
"icl","pos",222.540982255516,240.245218299205
"icl","pos",223.07427656363,240.730822465301
"icl","pos",223.607570871744,241.216591892629
"icl","pos",224.140865179858,241.702637894583
"icl","pos",224.674159487972,242.189071784559
"icl","pos",225.207453796086,242.676004875951
"icl","pos",225.7407481042,243.163548482154
"icl","pos",226.274042412314,243.651813916565
"icl","pos",226.807336720428,244.140912492577
"icl","pos",227.340631028542,244.630955523587
"icl","pos",227.873925336656,245.122054322989
"icl","pos",228.40721964477,245.614320204178
"icl","pos",228.940513952884,246.107864480551
"icl","pos",229.473808260998,246.602798465501
"icl","pos",230.007102569112,247.099233472423
"icl","pos",230.540396877226,247.597280814714
"icl","pos",231.07369118534,248.097051805769
"icl","pos",231.606985493454,248.598657758981
"icl","pos",232.140279801568,249.102209987748
"icl","pos",232.673574109682,249.607802880136
"icl","pos",233.206868417796,250.115430799706
"icl","pos",233.74016272591,250.625051497687
"icl","pos",234.273457034024,251.136622670513
"icl","pos",234.806751342138,251.650102014618
"icl","pos",235.340045650252,252.165447226438
"icl","pos",235.873339958366,252.682616002405
"icl","pos",236.40663426648,253.201566038954
"icl","pos",236.939928574594,253.72225503252
"icl","pos",237.473222882708,254.244640679536
"icl","pos",238.006517190822,254.768680676438
"icl","pos",238.539811498936,255.294332719658
"icl","pos",239.07310580705,255.821554505632
"icl","pos",239.606400115164,256.350303730793
"icl","pos",240.139694423278,256.880538091577
"icl","pos",240.672988731392,257.412215284416
"icl","pos",241.206283039506,257.945293005746
"icl","pos",241.73957734762,258.479728952
"icl","pos",242.272871655734,259.015480819613
"icl","pos",242.806165963848,259.552506305019
"icl","pos",243.339460271962,260.090763104652
"icl","pos",243.872754580076,260.630208914947
"icl","pos",244.40604888819,261.170801432337
"icl","pos",244.939343196304,261.712498353258
"icl","pos",245.472637504418,262.255257374142
"icl","pos",246.005931812532,262.799036191425
"icl","pos",246.539226120646,263.343792501541
"icl","pos",247.07252042876,263.889484000924
"icl","pos",247.605814736873,264.436068386008
"icl","pos",248.139109044987,264.983503353227
"icl","pos",248.672403353101,265.531746599015
"icl","pos",249.205697661215,266.080755819808
"icl","pos",249.738991969329,266.630488712039
"icl","pos",250.272286277443,267.180902972142
"icl","pos",250.805580585557,267.731956296552
"icl","pos",251.338874893671,268.283606381702
"icl","pos",251.872169201785,268.835810924028
"icl","pos",252.405463509899,269.388527619962
"icl","pos",252.938757818013,269.941714165941
"icl","pos",253.472052126127,270.495328258397
"icl","pos",254.005346434241,271.049327593765
"icl","pos",254.538640742355,271.603669868479
"icl","pos",255.071935050469,272.158312778974
"icl","pos",255.605229358583,272.713214021683
"icl","pos",256.138523666697,273.268331293041
"icl","pos",256.671817974811,273.823622289483
"icl","pos",257.205112282925,274.379044707442
"icl","pos",257.738406591039,274.934556243352
"icl","pos",258.271700899153,275.490114593649
"icl","pos",258.804995207267,276.045677454765
"icl","pos",259.338289515381,276.601202523136
"icl","pos",259.871583823495,277.156647495196
"icl","pos",260.404878131609,277.711970067378
"icl","pos",260.938172439723,278.267127936118
"icl","pos",261.471466747837,278.822078797848
"icl","pos",262.004761055951,279.376780349005
"icl","pos",262.538055364065,279.931190286021
"icl","pos",263.071349672179,280.485266305331
"icl","pos",263.604643980293,281.038966103369
"icl","pos",264.137938288407,281.59224737657
"icl","pos",264.671232596521,282.145067821367
"icl","pos",265.204526904635,282.697385134196
"icl","pos",265.737821212749,283.249157011489
"icl","pos",266.271115520863,283.800341386933
"icl","pos",266.804409828977,284.350915087038
"icl","pos",267.337704137091,284.900887270321
"icl","pos",267.870998445205,285.450270266077
"icl","pos",268.404292753319,285.999076403605
"icl","pos",268.937587061433,286.5473180122
"icl","pos",269.470881369547,287.095007421159
"icl","pos",270.004175677661,287.642156959778
"icl","pos",270.537469985775,288.188778957354
"icl","pos",271.070764293889,288.734885743184
"icl","pos",271.604058602003,289.280489646565
"icl","pos",272.137352910117,289.825602996792
"icl","pos",272.670647218231,290.370238123162
"icl","pos",273.203941526345,290.914407354972
"icl","pos",273.737235834459,291.458123021519
"icl","pos",274.270530142573,292.001397452099
"icl","pos",274.803824450687,292.544242976009
"icl","pos",275.337118758801,293.086671922544
"icl","pos",275.870413066915,293.628696621003
"icl","pos",276.403707375029,294.170329400681
"icl","pos",276.937001683143,294.711582590875
"icl","pos",277.470295991257,295.252468520881
"icl","pos",278.003590299371,295.792999519997
"icl","pos",278.536884607485,296.333187917518
"icl","pos",279.070178915599,296.873046042742
"icl","pos",279.603473223713,297.412586224964
"icl","pos",280.136767531827,297.951820793481
"icl","pos",280.670061839941,298.490762077591
"icl","pos",281.203356148055,299.029422406589
"icl","pos",281.736650456169,299.567814109772
"icl","pos",282.269944764283,300.105949516437
"icl","pos",282.803239072397,300.64384095588
"icl","pos",283.336533380511,301.181500757398
"icl","pos",283.869827688625,301.718941250287
"icl","pos",284.403121996739,302.256174763844
"icl","pos",284.936416304853,302.793213627366
"icl","pos",285.469710612967,303.330070170149
"icl","pos",286.003004921081,303.866756721489
"icl","pos",286.536299229195,304.403285610684
"icl","pos",287.069593537309,304.93966916703
"icl","pos",287.602887845423,305.475919719823
"icl","pos",288.136182153537,306.01204959836
"icl","pos",288.669476461651,306.548071131937
"icl","pos",289.202770769765,307.083996649852
"icl","pos",289.736065077879,307.6198384814
"icl","pos",290.269359385993,308.155608955879
"icl","pos",290.802653694107,308.691320402584
"icl","pos",291.335948002221,309.226985150813
"icl","pos",291.869242310335,309.762615529861
"icl","pos",292.402536618449,310.298223869027
"icl","pos",292.935830926563,310.833822497605
"icl","pos",293.469125234677,311.369423744893
"icl","pos",294.002419542791,311.905039940188
"icl","pos",294.535713850905,312.440683412785
"icl","pos",295.069008159019,312.976366491981
"icl","pos",295.602302467133,313.512101507056
"icl","pos",296.135596775247,314.04789897152
"icl","pos",296.668891083361,314.583762601918
"icl","pos",297.202185391475,315.119694524685
"icl","pos",297.735479699589,315.655696866255
"icl","pos",298.268774007703,316.191771753066
"icl","pos",298.802068315817,316.727921311553
"icl","pos",299.335362623931,317.26414766815
"icl","pos",299.868656932045,317.800452949294
"icl","pos",300.401951240159,318.33683928142
"icl","pos",300.935245548273,318.873308790964
"icl","pos",301.468539856387,319.409863604362
"icl","pos",302.001834164501,319.946505848048
"icl","pos",302.535128472615,320.483237648458
"icl","pos",303.068422780729,321.020061132029
"icl","pos",303.601717088843,321.556978425195
"icl","pos",304.135011396957,322.093991654392
"icl","pos",304.668305705071,322.631102946056
"icl","pos",305.201600013185,323.168314426622
"icl","pos",305.734894321299,323.705628222525
"icl","pos",306.268188629413,324.243046460203
"icl","pos",306.801482937527,324.780571266089
"icl","pos",307.334777245641,325.318204766619
"icl","pos",307.868071553755,325.85594908823
"icl","pos",308.401365861869,326.393806357356
"icl","pos",308.934660169983,326.931778700434
"icl","pos",309.467954478097,327.469868243898
"icl","pos",310.001248786211,328.008077114184
"icl","pos",310.534543094325,328.546407437729
"icl","pos",311.067837402439,329.084861340966
"icl","pos",311.601131710553,329.623440950333
"icl","pos",312.134426018667,330.162148392264
"icl","pos",312.667720326781,330.700985793196
"icl","pos",313.201014634895,331.239955279563
"icl","pos",313.734308943009,331.779058977801
"icl","pos",314.267603251123,332.318299014346
"icl","pos",314.800897559237,332.857677515633
"icl","pos",315.334191867351,333.397196608099
"icl","pos",315.867486175465,333.936858418178
"icl","pos",316.400780483579,334.476665072305
"icl","pos",316.934074791693,335.016618696918
"icl","pos",317.467369099807,335.556721418451
"icl","pos",318.000663407921,336.096975363339
"icl","pos",318.533957716035,336.637382658019
"icl","pos",319.067252024149,337.177945428925
"icl","pos",319.600546332263,337.718665802494
"icl","pos",320.133840640377,338.259545905161
"icl","pos",320.667134948491,338.800587863362
"icl","pos",321.200429256605,339.341793803531
"icl","pos",321.733723564719,339.883165852105
"icl","pos",322.267017872833,340.42470613552
"icl","pos",322.800312180947,340.966415681873
"icl","pos",323.333606489061,341.50828698179
"icl","pos",323.866900797175,342.050308528584
"icl","pos",324.400195105289,342.592468792747
"icl","pos",324.933489413403,343.134756244774
"icl","pos",325.466783721517,343.677159355158
"icl","pos",326.000078029631,344.219666594395
"icl","pos",326.533372337745,344.762266432977
"icl","pos",327.066666645859,345.304947341398
"icl","pos",327.599960953973,345.847697790153
"icl","pos",328.133255262087,346.390506249735
"icl","pos",328.666549570201,346.933361190639
"icl","pos",329.199843878315,347.476251083357
"icl","pos",329.733138186429,348.019164398384
"icl","pos",330.266432494543,348.562089606214
"icl","pos",330.799726802657,349.105015177341
"icl","pos",331.333021110771,349.647929582259
"icl","pos",331.866315418885,350.190821291461
"icl","pos",332.399609726999,350.733678775442
"icl","pos",332.932904035113,351.276490504695
"icl","pos",333.466198343226,351.819244949714
"icl","pos",333.999492651341,352.361930580993
"icl","pos",334.532786959454,352.904535869027
"icl","pos",335.066081267569,353.447049284308
"icl","pos",335.599375575682,353.989459297331
"icl","pos",336.132669883796,354.53175437859
"icl","pos",336.66596419191,355.073922998578
"icl","pos",337.199258500024,355.615953627791
"icl","pos",337.732552808138,356.15783473672
"icl","pos",338.265847116252,356.699554795861
"icl","pos",338.799141424366,357.241102275707
"icl","pos",339.33243573248,357.782465646752
"icl","pos",339.865730040594,358.32363337949
"icl","pos",340.399024348708,358.864593944415
"icl","pos",340.932318656822,359.405335812021
"icl","pos",341.465612964936,359.945847452802
"icl","pos",341.99890727305,360.486117337251
"icl","pos",342.532201581164,361.026133935863
"icl","pos",343.065495889278,361.565885719131
"icl","pos",343.598790197392,362.105361157549
"icl","pos",344.132084505506,362.644548721612
"icl","pos",344.66537881362,363.183436881813
"icl","pos",345.198673121734,363.722014108645
"icl","pos",345.731967429848,364.260268872604
"icl","pos",346.265261737962,364.798189644182
"icl","pos",346.798556046076,365.335764893874
"icl","pos",347.33185035419,365.872983092174
"icl","pos",347.865144662304,366.409833645356
"icl","pos",348.398438970418,366.946318498334
"icl","pos",348.931733278532,367.48244855063
"icl","pos",349.465027586646,368.018234895182
"icl","pos",349.99832189476,368.553688624923
"icl","pos",350.531616202874,369.088820832791
"icl","pos",351.064910510988,369.623642611721
"icl","pos",351.598204819102,370.158165054649
"icl","pos",352.131499127216,370.692399254511
"icl","pos",352.66479343533,371.226356304242
"icl","pos",353.198087743444,371.760047296778
"icl","pos",353.731382051558,372.293483325056
"icl","pos",354.264676359672,372.82667548201
"icl","pos",354.797970667786,373.359634860577
"icl","pos",355.3312649759,373.892372553692
"icl","pos",355.864559284014,374.424899654291
"icl","pos",356.397853592128,374.957227255311
"icl","pos",356.931147900242,375.489366449686
"icl","pos",357.464442208356,376.021328330353
"icl","pos",357.99773651647,376.553123990248
"icl","pos",358.531030824584,377.084764522305
"icl","pos",359.064325132698,377.616261019462
"icl","pos",359.597619440812,378.147624574653
"icl","pos",360.130913748926,378.678866280815
"icl","pos",360.66420805704,379.209997230883
"icl","pos",361.197502365154,379.741028517794
"icl","pos",361.730796673268,380.271971234482
"icl","pos",362.264090981382,380.802836473885
"icl","pos",362.797385289496,381.333635328936
"icl","pos",363.33067959761,381.864378892574
"icl","pos",363.863973905724,382.395078257732
"icl","pos",364.397268213838,382.925744517347
"icl","pos",364.930562521952,383.456388764355
"icl","pos",365.463856830066,383.987022091692
"icl","pos",365.99715113818,384.517655592293
"icl","pos",366.530445446294,385.048300359094
"icl","pos",367.063739754408,385.578967485031
"icl","pos",367.597034062522,386.109668063039
"icl","pos",368.130328370636,386.640413186055
"icl","pos",368.66362267875,387.171213947015
"icl","pos",369.196916986864,387.702081438854
"icl","pos",369.730211294978,388.233026754507
"icl","pos",370.263505603092,388.764060986911
"icl","pos",370.796799911206,389.295195229002
"icl","pos",371.33009421932,389.826440573715
"icl","pos",371.863388527434,390.357808113986
"icl","pos",372.396682835548,390.889308265069
"icl","pos",372.929977143662,391.420942742781
"icl","pos",373.463271451776,391.952707234027
"icl","pos",373.99656575989,392.484597304753
"icl","pos",374.529860068004,393.016608520903
"icl","pos",375.063154376118,393.548736448423
"icl","pos",375.596448684232,394.080976653257
"icl","pos",376.129742992346,394.613324701353
"icl","pos",376.66303730046,395.145776158653
"icl","pos",377.196331608574,395.678326591104
"icl","pos",377.729625916688,396.210971564651
"icl","pos",378.262920224802,396.743706645238
"icl","pos",378.796214532916,397.276527398812
"icl","pos",379.32950884103,397.809429391317
"icl","pos",379.862803149144,398.342408188699
"icl","pos",380.396097457258,398.875459356903
"icl","pos",380.929391765372,399.408578461873
"icl","pos",381.462686073486,399.941761069555
"icl","pos",381.9959803816,400.475002745895
"icl","pos",382.529274689714,401.008299056837
"icl","pos",383.062568997828,401.541645568327
"icl","pos",383.595863305942,402.07503784631
"icl","pos",384.129157614056,402.60847145673
"icl","pos",384.66245192217,403.141941965534
"icl","pos",385.195746230284,403.675444938667
"icl","pos",385.729040538398,404.208975942073
"icl","pos",386.262334846512,404.742530541698
"icl","pos",386.795629154626,405.276104303487
"icl","pos",387.32892346274,405.809692793385
"icl","pos",387.862217770854,406.343291577337
"icl","pos",388.395512078968,406.876896221289
"icl","pos",388.928806387082,407.410502291186
"icl","pos",389.462100695196,407.944105352973
"icl","pos",389.99539500331,408.477700972595
"icl","pos",390.528689311424,409.011284715997
"icl","pos",391.061983619538,409.544852149125
"icl","pos",391.595277927652,410.078398837924
"icl","pos",392.128572235766,410.611920348338
"icl","pos",392.66186654388,411.145412246314
"icl","pos",393.195160851994,411.678870097796
"icl","pos",393.728455160108,412.212289468729
"icl","pos",394.261749468222,412.745665925059
"icl","pos",394.795043776336,413.278995032731
"icl","pos",395.32833808445,413.81227235769
"icl","pos",395.861632392564,414.345493465882
"icl","pos",396.394926700678,414.878653922821
"icl","pos",396.928221008792,415.411749144383
"icl","pos",397.461515316906,415.94477417775
"icl","pos",397.99480962502,416.477724014336
"icl","pos",398.528103933134,417.010593645553
"icl","pos",399.061398241248,417.543378062815
"icl","pos",399.594692549362,418.076072257533
"icl","pos",400.127986857476,418.608671221122
"icl","pos",400.66128116559,419.141169944993
"icl","pos",401.194575473704,419.67356342056
"icl","pos",401.727869781818,420.205846639235
"icl","pos",402.261164089932,420.738014592432
"icl","pos",402.794458398046,421.270062271563
"icl","pos",403.32775270616,421.80198466804
"icl","pos",403.861047014274,422.333776773278
"icl","pos",404.394341322388,422.865433578688
"icl","pos",404.927635630502,423.396950075683
"icl","pos",405.460929938616,423.928321255677
"icl","pos",405.99422424673,424.459542110082
"icl","pos",406.527518554844,424.990607630311
"icl","pos",407.060812862958,425.521512807777
"icl","pos",407.594107171072,426.052252633893
"icl","pos",408.127401479186,426.582822100071
"icl","pos",408.6606957873,427.113216197724
"icl","pos",409.193990095414,427.643429918265
"icl","pos",409.727284403528,428.173458253108
"icl","pos",410.260578711642,428.703296193664
"icl","pos",410.793873019756,429.232938731347
"icl","pos",411.32716732787,429.762380857569
"icl","pos",411.860461635984,430.291617563744
"icl","pos",412.393755944098,430.820643841284
"icl","pos",412.927050252212,431.349454681602
"icl","pos",413.460344560326,431.878045076111
"icl","pos",413.99363886844,432.406410016224
"icl","pos",414.526933176554,432.934544493353
"icl","pos",415.060227484668,433.462443498912
"icl","pos",415.593521792782,433.990102024312
"icl","pos",416.126816100896,434.517515060968
"icl","pos",416.66011040901,435.044677600292
"icl","pos",417.193404717124,435.571584633696
"icl","pos",417.726699025238,436.098231152594
"icl","pos",418.259993333352,436.624612148399
"icl","pos",418.793287641466,437.150722612522
"icl","pos",419.32658194958,437.676557536378
"icl","pos",419.859876257694,438.202111911379
"icl","pos",420.393170565808,438.727380728937
"icl","pos",420.926464873922,439.252360285298
"icl","pos",421.459759182036,439.777057783083
"icl","pos",421.99305349015,440.301485855142
"icl","pos",422.526347798264,440.825657173956
"icl","pos",423.059642106378,441.349584412003
"icl","pos",423.592936414492,441.873280241763
"icl","pos",424.126230722605,442.396757335718
"icl","pos",424.65952503072,442.920028366345
"icl","pos",425.192819338833,443.443106006126
"icl","pos",425.726113646948,443.96600292754
"icl","pos",426.259407955061,444.488731803067
"icl","pos",426.792702263175,445.011305305187
"icl","pos",427.325996571289,445.53373610638
"icl","pos",427.859290879403,446.056036879125
"icl","pos",428.392585187517,446.578220295902
"icl","pos",428.925879495631,447.100299029192
"icl","pos",429.459173803745,447.622285751473
"icl","pos",429.992468111859,448.144193135227
"icl","pos",430.525762419973,448.666033852932
"icl","pos",431.059056728087,449.187820577069
"icl","pos",431.592351036201,449.709565980118
"icl","pos",432.125645344315,450.231282734558
"icl","pos",432.658939652429,450.752983512869
"icl","pos",433.192233960543,451.274680987531
"icl","pos",433.725528268657,451.796387831024
"icl","pos",434.258822576771,452.318116715827
"icl","pos",434.792116884885,452.839880314422
"icl","pos",435.325411192999,453.361691299287
"icl","pos",435.858705501113,453.883562342902
"icl","pos",436.391999809227,454.405506117747
"icl","pos",436.925294117341,454.927535296302
"icl","pos",437.458588425455,455.449662551047
"icl","pos",437.991882733569,455.971900554462
"icl","pos",438.525177041683,456.494261979027
"icl","pos",439.058471349797,457.016759497221
"icl","pos",439.591765657911,457.539405781524
"icl","pos",440.125059966025,458.062213504416
"icl","pos",440.658354274139,458.585195338377
"icl","pos",441.191648582253,459.108363955888
"icl","pos",441.724942890367,459.631732029426
"icl","pos",442.258237198481,460.155312231474
"icl","pos",442.791531506595,460.679117234509
"icl","pos",443.324825814709,461.203159711014
"icl","pos",443.858120122823,461.727452333466
"icl","pos",444.391414430937,462.252007774346
"icl","pos",444.924708739051,462.776837627836
"icl","pos",445.458003047165,463.301945101361
"icl","pos",445.991297355279,463.827329473569
"icl","pos",446.524591663393,464.352990000634
"icl","pos",447.057885971507,464.878925938729
"icl","pos",447.591180279621,465.405136544027
"icl","pos",448.124474587735,465.931621072702
"icl","pos",448.657768895849,466.458378780925
"icl","pos",449.191063203963,466.985408924871
"icl","pos",449.724357512077,467.512710760713
"icl","pos",450.257651820191,468.040283544623
"icl","pos",450.790946128305,468.568126532775
"icl","pos",451.324240436419,469.096238981342
"icl","pos",451.857534744533,469.624620146497
"icl","pos",452.390829052647,470.153269284413
"icl","pos",452.924123360761,470.682185651264
"icl","pos",453.457417668875,471.211368503222
"icl","pos",453.990711976989,471.74081709646
"icl","pos",454.524006285103,472.270530687152
"icl","pos",455.057300593217,472.800508531471
"icl","pos",455.590594901331,473.33074988559
"icl","pos",456.123889209445,473.861254005682
"icl","pos",456.657183517559,474.39202014792
"icl","pos",457.190477825673,474.923047568477
"icl","pos",457.723772133787,475.454335523527
"icl","pos",458.257066441901,475.985883269242
"icl","pos",458.790360750015,476.517690061796
"icl","pos",459.323655058129,477.049755157362
"icl","pos",459.856949366243,477.582077812113
"icl","pos",460.390243674357,478.114657282221
"icl","pos",460.923537982471,478.647492823861
"icl","pos",461.456832290585,479.180583693205
"icl","pos",461.990126598699,479.713929146427
"icl","pos",462.523420906813,480.247528439699
"icl","pos",463.056715214927,480.781380829195
"icl","pos",463.590009523041,481.315485571088
"icl","pos",464.123303831155,481.84984192155
"icl","pos",464.656598139269,482.384449136756
"icl","pos",465.189892447383,482.919306472877
"icl","pos",465.723186755497,483.454413186089
"icl","pos",466.256481063611,483.989768532562
"icl","pos",466.789775371725,484.525371768471
"icl","pos",467.323069679839,485.061222149989
"icl","pos",467.856363987953,485.597318933288
"icl","pos",468.389658296067,486.133661372742
"icl","pos",468.922952604181,486.670244700711
"icl","pos",469.456246912295,487.207051579126
"icl","pos",469.989541220409,487.744062220839
"icl","pos",470.522835528523,488.281256838701
"icl","pos",471.056129836637,488.818615645566
"icl","pos",471.589424144751,489.356118854285
"icl","pos",472.122718452865,489.893746677711
"icl","pos",472.656012760979,490.431479328697
"icl","pos",473.189307069093,490.969297020094
"icl","pos",473.722601377207,491.507179964756
"icl","pos",474.255895685321,492.045108375533
"icl","pos",474.789189993435,492.58306246528
"icl","pos",475.322484301549,493.121022446848
"icl","pos",475.855778609663,493.65896853309
"icl","pos",476.389072917777,494.196880936857
"icl","pos",476.922367225891,494.734739871003
"icl","pos",477.455661534005,495.27252554838
"icl","pos",477.988955842119,495.810218181839
"icl","pos",478.522250150233,496.347797984235
"icl","pos",479.055544458347,496.885245168418
"icl","pos",479.588838766461,497.422539947241
"icl","pos",480.122133074575,497.959662533556
"icl","pos",480.655427382689,498.496593140217
"icl","pos",481.188721690803,499.033311980075
"icl","pos",481.722015998917,499.569799265983
"icl","pos",482.255310307031,500.106035210792
"icl","pos",482.788604615145,500.642000027356
"icl","pos",483.321898923259,501.177673928527
"icl","pos",483.855193231373,501.713037127157
"icl","pos",484.388487539487,502.248069836099
"icl","pos",484.921781847601,502.782752268205
"icl","pos",485.455076155715,503.317064636327
"icl","pos",485.988370463829,503.850987153317
"icl","pos",486.521664771943,504.384500032029
"icl","pos",487.054959080057,504.917583485313
"icl","pos",487.588253388171,505.450217726024
"icl","pos",488.121547696285,505.982382967013
"icl","pos",488.654842004399,506.514059421132
"icl","pos",489.188136312513,507.045227301235
"icl","pos",489.721430620627,507.575866820172
"icl","pos",490.254724928741,508.105958190797
"icl","pos",490.788019236855,508.635481625962
"icl","pos",491.321313544969,509.16441733852
"icl","pos",491.854607853083,509.692747099166
"icl","pos",492.387902161197,510.220475042068
"icl","pos",492.921196469311,510.747622045241
"icl","pos",493.454490777425,511.27420939103
"icl","pos",493.987785085539,511.800258361781
"icl","pos",494.521079393653,512.325790239837
"icl","pos",495.054373701767,512.850826307544
"icl","pos",495.587668009881,513.375387847247
"icl","pos",496.120962317995,513.899496141291
"icl","pos",496.654256626109,514.42317247202
"icl","pos",497.187550934223,514.946438121781
"icl","pos",497.720845242337,515.469314372918
"icl","pos",498.254139550451,515.991822507776
"icl","pos",498.787433858565,516.513983808699
"icl","pos",499.320728166679,517.035819558033
"icl","pos",499.854022474793,517.557351038123
"icl","pos",500.387316782907,518.078599531314
"icl","pos",500.920611091021,518.599586319951
"icl","pos",501.453905399135,519.120332686378
"icl","pos",501.987199707249,519.640859912942
"icl","pos",502.520494015363,520.161189281986
"icl","pos",503.053788323477,520.681342075855
"icl","pos",503.587082631591,521.201339576896
"icl","pos",504.120376939705,521.721203067452
"icl","pos",504.653671247819,522.240953829869
"icl","pos",505.186965555933,522.760613146491
"icl","pos",505.720259864047,523.280202299664
"icl","pos",506.253554172161,523.799742571733
"icl","pos",506.786848480275,524.319255245042
"icl","pos",507.320142788389,524.838761601937
"icl","pos",507.853437096503,525.358282924762
"icl","pos",508.386731404617,525.877840495863
"icl","pos",508.920025712731,526.397455597585
"icl","pos",509.453320020845,526.917149512272
"icl","pos",509.986614328959,527.436943522269
"icl","pos",510.519908637073,527.956858909922
"icl","pos",511.053202945187,528.476916957576
"icl","pos",511.586497253301,528.997138947575
"icl","pos",512.119791561415,529.517546162264
"icl","pos",512.653085869529,530.038159883989
"icl","pos",513.186380177642,530.559001395094
"icl","pos",513.719674485757,531.080091977925
"icl","pos",514.252968793871,531.601452914826
"icl","pos",514.786263101985,532.123102457563
"icl","pos",515.319557410098,532.645037138087
"icl","pos",515.852851718212,533.167244012599
"icl","pos",516.386146026327,533.689710097885
"icl","pos",516.919440334441,534.212422410729
"icl","pos",517.452734642554,534.735367967916
"icl","pos",517.986028950668,535.258533786232
"icl","pos",518.519323258782,535.781906882462
"icl","pos",519.052617566897,536.305474273391
"icl","pos",519.58591187501,536.829222975804
"icl","pos",520.119206183124,537.353140006486
"icl","pos",520.652500491238,537.877212382223
"icl","pos",521.185794799352,538.401427119799
"icl","pos",521.719089107466,538.925771235999
"icl","pos",522.25238341558,539.450231747609
"icl","pos",522.785677723694,539.974795671414
"icl","pos",523.318972031808,540.499450024199
"icl","pos",523.852266339922,541.024181822749
"icl","pos",524.385560648036,541.54897808385
"icl","pos",524.91885495615,542.073825824286
"icl","pos",525.452149264264,542.598712060842
"icl","pos",525.985443572378,543.123623810304
"icl","pos",526.518737880492,543.648548089456
"icl","pos",527.052032188606,544.173471915085
"icl","pos",527.58532649672,544.698382303975
"icl","pos",528.118620804834,545.22326627291
"icl","pos",528.651915112948,545.748110838677
"icl","pos",529.185209421062,546.272903018061
"icl","pos",529.718503729176,546.797629827846
"icl","pos",530.25179803729,547.322278284817
"icl","pos",530.785092345404,547.846835405761
"icl","pos",531.318386653518,548.371288207461
"icl","pos",531.851680961632,548.895623706704
"icl","pos",532.384975269746,549.419828920274
"icl","pos",532.91826957786,549.943890864956
"icl","pos",533.451563885974,550.467796557536
"icl","pos",533.984858194088,550.991533014798
"icl","pos",534.518152502202,551.515087253528
"icl","pos",535.051446810316,552.03844629051
"icl","pos",535.58474111843,552.561597142531
"icl","pos",536.118035426544,553.084526826375
"icl","pos",536.651329734658,553.607222718287
"icl","pos",537.184624042772,554.129676336159
"icl","pos",537.717918350886,554.651881852416
"icl","pos",538.251212659,555.173833482949
"icl","pos",538.784506967114,555.695525443645
"icl","pos",539.317801275228,556.216951950393
"icl","pos",539.851095583342,556.738107219081
"icl","pos",540.384389891456,557.2589854656
"icl","pos",540.91768419957,557.779580905837
"icl","pos",541.450978507684,558.29988775568
"icl","pos",541.984272815798,558.81990023102
"icl","pos",542.517567123912,559.339612547744
"icl","pos",543.050861432026,559.859018921741
"icl","pos",543.58415574014,560.3781135689
"icl","pos",544.117450048254,560.89689070511
"icl","pos",544.650744356368,561.415344546259
"icl","pos",545.184038664482,561.933469308236
"icl","pos",545.717332972596,562.45125920693
"icl","pos",546.25062728071,562.968708458229
"icl","pos",546.783921588824,563.485811278022
"icl","pos",547.317215896938,564.002561882199
"icl","pos",547.850510205052,564.518954486647
"icl","pos",548.383804513166,565.034983307255
"icl","pos",548.91709882128,565.550642559912
"icl","pos",549.450393129394,566.065926460508
"icl","pos",549.983687437508,566.580829224929
"icl","pos",550.516981745622,567.095345069066
"icl","pos",551.050276053736,567.609468208807
"icl","pos",551.58357036185,568.123192860041
"icl","pos",552.116864669964,568.636513238656
"icl","pos",552.650158978078,569.149423560541
"icl","pos",553.183453286192,569.661918041584
"icl","pos",553.716747594306,570.173990897676
"icl","pos",554.25004190242,570.685636344703
"icl","pos",554.783336210534,571.196848598556
"icl","pos",555.316630518648,571.707621875122
"icl","pos",555.849924826762,572.217950390291
"icl","pos",556.383219134876,572.727828359951
"icl","pos",556.91651344299,573.23724999999
